{"type":"FeatureCollection","district_id":"ad-27","district_code":"AD-27","schema_version":1,"source":{"boundaries":"UC Berkeley Statewide Database SR precinct shapefiles (g22/g24 v01)","results":"SWDB SOV by SR precinct \u2014 Assembly contest (ASSDEM* vs ASSREP*)","assembly_boundary":"CRC 2020 (ca-assembly-crc-2020.geojson)","built_at":"2026-10-07","races":{"g22_asm":{"label":"2022 General \u00b7 Assembly","election":"2022-11-08"},"g24_asm":{"label":"2024 General \u00b7 Assembly","election":"2024-11-05"}}},"features":[{"type":"Feature","properties":{"county_fips":19,"srprec":"0000001","precinct_id":"019-0000001","g22_asm":{"dem_pct":25.7,"margin_dem":-48.7,"votes_two_party":152},"g24_asm":{"dem_pct":37.2,"margin_dem":-25.5,"votes_two_party":298}},"geometry":{"type":"Polygon","coordinates":[[[-120.58536,37.00949],[-120.55817,37.03115],[-120.54278,37.04361],[-120.53819,37.03834],[-120.53914,37.03279],[-120.54417,37.02951],[-120.53735,37.02059],[-120.52963,37.01686],[-120.52224,37.01362],[-120.50862,37.00227],[-120.50594,36.99971],[-120.50268,36.99989],[-120.50063,36.99591],[-120.50042,36.98966],[-120.49977,36.98501],[-120.49123,36.97578],[-120.48913,36.96682],[-120.47753,36.94588],[-120.46388,36.93098],[-120.47201,36.92303],[-120.50957,36.92336],[-120.5584,36.92353],[-120.6273,36.92481],[-120.65614,36.92527],[-120.67275,36.93938],[-120.64846,36.95277],[-120.62758,36.9528],[-120.5905,36.95762],[-120.59048,36.98164],[-120.58641,36.98887],[-120.58863,36.9927],[-120.59243,36.99466],[-120.59672,36.99815],[-120.58536,37.00949]]]}},{"type":"Feature","properties":{"county_fips":19,"srprec":"0000002","precinct_id":"019-0000002","g22_asm":{"dem_pct":36.5,"margin_dem":-27.0,"votes_two_party":126},"g24_asm":{"dem_pct":71.4,"margin_dem":42.9,"votes_two_party":14}},"geometry":{"type":"Polygon","coordinates":[[[-120.90837,36.73181],[-120.86333,36.7854],[-120.7991,36.83723],[-120.75845,36.87036],[-120.71524,36.90523],[-120.65437,36.92508],[-120.5584,36.92353],[-120.48186,36.92311],[-120.45968,36.90613],[-120.45399,36.87953],[-120.46213,36.87633],[-120.47398,36.87802],[-120.47774,36.87434],[-120.46516,36.85957],[-120.45579,36.85209],[-120.45774,36.83246],[-120.43871,36.82569],[-120.42893,36.83266],[-120.41317,36.83713],[-120.39746,36.82245],[-120.37695,36.80872],[-120.37257,36.79013],[-120.3537,36.78701],[-120.34623,36.79552],[-120.3231,36.78322],[-120.36946,36.7787],[-120.38782,36.77842],[-120.47701,36.77818],[-120.60313,36.76674],[-120.62157,36.70629],[-120.63961,36.6408],[-120.65838,36.63373],[-120.72871,36.58861],[-120.90837,36.73181]]]}},{"type":"Feature","properties":{"county_fips":19,"srprec":"0000003","precinct_id":"019-0000003","g22_asm":{"dem_pct":0.0,"margin_dem":-100.0,"votes_two_party":2},"g24_asm":{"dem_pct":28.1,"margin_dem":-43.8,"votes_two_party":96}},"geometry":{"type":"Polygon","coordinates":[[[-120.44343,36.82961],[-120.44493,36.83178],[-120.44642,36.83446],[-120.4475,36.83691],[-120.44769,36.83742],[-120.44775,36.83759],[-120.44595,36.84001],[-120.44459,36.83998],[-120.43895,36.83795],[-120.43647,36.83754],[-120.43531,36.83719],[-120.43485,36.83773],[-120.43261,36.84084],[-120.43172,36.84155],[-120.42833,36.84187],[-120.42627,36.8399],[-120.42464,36.83999],[-120.4229,36.84021],[-120.42257,36.83963],[-120.42475,36.83741],[-120.42673,36.83509],[-120.42878,36.83281],[-120.42917,36.83241],[-120.4293,36.83228],[-120.42966,36.83195],[-120.43231,36.8297],[-120.43272,36.82941],[-120.43417,36.82851],[-120.43494,36.82805],[-120.43593,36.82742],[-120.4404,36.826],[-120.44173,36.82758],[-120.44279,36.82881],[-120.44343,36.82961]]]}},{"type":"Feature","properties":{"county_fips":19,"srprec":"0000004","precinct_id":"019-0000004","g22_asm":{"dem_pct":70.4,"margin_dem":40.8,"votes_two_party":213},"g24_asm":{"dem_pct":71.4,"margin_dem":42.7,"votes_two_party":775}},"geometry":{"type":"Polygon","coordinates":[[[-120.46095,36.87216],[-120.45897,36.87319],[-120.4598,36.87504],[-120.45968,36.87594],[-120.45943,36.87657],[-120.45932,36.87495],[-120.45083,36.87154],[-120.45343,36.86583],[-120.4556,36.86202],[-120.45224,36.86001],[-120.44853,36.85952],[-120.44922,36.85834],[-120.4475,36.85633],[-120.4438,36.85549],[-120.44293,36.85409],[-120.44236,36.85193],[-120.44421,36.85129],[-120.447,36.85249],[-120.44901,36.85522],[-120.45118,36.85729],[-120.45187,36.85796],[-120.45391,36.85819],[-120.45628,36.86041],[-120.45877,36.86276],[-120.45908,36.86443],[-120.45703,36.86588],[-120.45659,36.86672],[-120.45758,36.86797],[-120.45887,36.86799],[-120.4606,36.86729],[-120.46344,36.86749],[-120.46344,36.86853],[-120.4634,36.87139],[-120.46095,36.87216]]]}},{"type":"Feature","properties":{"county_fips":19,"srprec":"0000005","precinct_id":"019-0000005","g22_asm":{"dem_pct":68.7,"margin_dem":37.4,"votes_two_party":454},"g24_asm":{"dem_pct":66.9,"margin_dem":33.8,"votes_two_party":429}},"geometry":{"type":"Polygon","coordinates":[[[-120.45901,36.85543],[-120.4635,36.85256],[-120.46911,36.85409],[-120.469,36.86521],[-120.47173,36.87054],[-120.47774,36.87434],[-120.48922,36.8816],[-120.47548,36.87682],[-120.47545,36.8804],[-120.46578,36.87764],[-120.46332,36.87704],[-120.46149,36.8754],[-120.45982,36.87497],[-120.46095,36.87138],[-120.46345,36.8678],[-120.45939,36.86802],[-120.45659,36.86673],[-120.45908,36.86443],[-120.45562,36.85981],[-120.45154,36.85764],[-120.45244,36.85508],[-120.45191,36.85238],[-120.45033,36.84693],[-120.4486,36.84047],[-120.44751,36.83694],[-120.44357,36.82981],[-120.44002,36.82556],[-120.43997,36.82163],[-120.44818,36.82761],[-120.45675,36.83716],[-120.45442,36.84058],[-120.45282,36.84861],[-120.45901,36.85543]]]}},{"type":"Feature","properties":{"county_fips":19,"srprec":"0000006","precinct_id":"019-0000006","g22_asm":{"dem_pct":56.7,"margin_dem":13.4,"votes_two_party":374},"g24_asm":{"dem_pct":58.9,"margin_dem":17.7,"votes_two_party":474}},"geometry":{"type":"Polygon","coordinates":[[[-120.43582,36.83739],[-120.43716,36.83772],[-120.44404,36.83978],[-120.44595,36.84001],[-120.4482,36.83906],[-120.44961,36.84415],[-120.4501,36.84598],[-120.45042,36.84723],[-120.45063,36.84797],[-120.45191,36.85238],[-120.45321,36.85415],[-120.45348,36.85575],[-120.45119,36.85558],[-120.44901,36.85522],[-120.44714,36.8527],[-120.4453,36.85162],[-120.443,36.85164],[-120.44198,36.85262],[-120.44381,36.85479],[-120.44477,36.85565],[-120.44776,36.85651],[-120.44922,36.85834],[-120.44612,36.85615],[-120.44077,36.8561],[-120.43911,36.85259],[-120.44034,36.85001],[-120.43707,36.85033],[-120.43363,36.85009],[-120.43154,36.84654],[-120.42939,36.84445],[-120.42983,36.84308],[-120.43261,36.84084],[-120.43514,36.83729],[-120.43549,36.83732],[-120.43582,36.83739]]]}},{"type":"Feature","properties":{"county_fips":19,"srprec":"0000007","precinct_id":"019-0000007","g22_asm":{"dem_pct":59.1,"margin_dem":18.2,"votes_two_party":66},"g24_asm":null},"geometry":{"type":"Polygon","coordinates":[[[-120.56674,36.77816],[-120.46797,36.77814],[-120.39963,36.77842],[-120.37056,36.7776],[-120.36881,36.76105],[-120.38378,36.77193],[-120.39159,36.76391],[-120.3885,36.74614],[-120.3782,36.72411],[-120.37311,36.74915],[-120.35904,36.76381],[-120.32292,36.77831],[-120.30814,36.7799],[-120.30466,36.77361],[-120.2934,36.77227],[-120.28853,36.76356],[-120.2855,36.7735],[-120.27796,36.74912],[-120.27851,36.70135],[-120.31501,36.67075],[-120.34245,36.64828],[-120.38845,36.614],[-120.3997,36.57432],[-120.45373,36.5745],[-120.49563,36.57469],[-120.49705,36.53056],[-120.626,36.50595],[-120.70879,36.58768],[-120.65152,36.63392],[-120.6396,36.6407],[-120.63962,36.70629],[-120.60356,36.72759],[-120.58473,36.77827],[-120.56674,36.77816]],[[-120.37387,36.77614],[-120.37559,36.77549],[-120.37614,36.77529],[-120.37708,36.77495],[-120.3759,36.77275],[-120.37585,36.77283],[-120.3756,36.77318],[-120.3756,36.77318],[-120.37557,36.77323],[-120.375,36.77405],[-120.37488,36.77423],[-120.3747,36.77449],[-120.37376,36.77581],[-120.3736,36.77603],[-120.37353,36.77614],[-120.37345,36.77625],[-120.37387,36.77614]]]}},{"type":"Feature","properties":{"county_fips":19,"srprec":"0000008","precinct_id":"019-0000008","g22_asm":null,"g24_asm":{"dem_pct":50.9,"margin_dem":1.9,"votes_two_party":53}},"geometry":{"type":"MultiPolygon","coordinates":[[[[-120.44708,36.40668],[-120.44715,36.40669],[-120.44719,36.40672],[-120.44736,36.40685],[-120.44739,36.40701],[-120.44728,36.40713],[-120.44707,36.4073],[-120.44702,36.40735],[-120.44699,36.40738],[-120.44701,36.40695],[-120.44702,36.40687],[-120.44703,36.40664],[-120.44708,36.40668]]],[[[-120.55794,36.39991],[-120.51019,36.48823],[-120.44727,36.46323],[-120.44822,36.41061],[-120.451,36.41256],[-120.45409,36.4123],[-120.45708,36.41369],[-120.45999,36.41627],[-120.46398,36.41755],[-120.46715,36.41888],[-120.47078,36.41809],[-120.47454,36.41405],[-120.47896,36.41512],[-120.48261,36.41214],[-120.48582,36.4102],[-120.48927,36.40843],[-120.49178,36.4062],[-120.49559,36.40518],[-120.50126,36.40551],[-120.50315,36.40287],[-120.50679,36.40184],[-120.50936,36.39874],[-120.51296,36.3971],[-120.51754,36.39767],[-120.52004,36.39705],[-120.52243,36.3982],[-120.52766,36.39699],[-120.53127,36.39678],[-120.53508,36.39628],[-120.53839,36.3957],[-120.54223,36.39565],[-120.54436,36.3971],[-120.55691,36.39991],[-120.55794,36.39991]]]]}},{"type":"Feature","properties":{"county_fips":19,"srprec":"0000011","precinct_id":"019-0000011","g22_asm":{"dem_pct":47.7,"margin_dem":-4.6,"votes_two_party":346},"g24_asm":{"dem_pct":53.5,"margin_dem":7.0,"votes_two_party":43}},"geometry":{"type":"Polygon","coordinates":[[[-120.06187,36.51353],[-120.06726,36.48137],[-120.121,36.45886],[-120.2624,36.44307],[-120.3364,36.42861],[-120.36215,36.44314],[-120.39336,36.42645],[-120.43273,36.39946],[-120.43747,36.40289],[-120.44097,36.40472],[-120.44545,36.40454],[-120.44701,36.40695],[-120.47916,36.48826],[-120.49563,36.57469],[-120.43433,36.5744],[-120.38849,36.60946],[-120.33529,36.66114],[-120.27856,36.70085],[-120.25959,36.74898],[-120.20614,36.71983],[-120.20607,36.66918],[-120.16776,36.66173],[-120.08393,36.66194],[-120.02516,36.65409],[-120.02541,36.63977],[-120.06853,36.5834],[-120.09204,36.56206],[-120.08527,36.55721],[-120.07885,36.5517],[-120.07422,36.54595],[-120.07027,36.54018],[-120.06568,36.53543],[-120.06186,36.52852],[-120.06187,36.51353]],[[-120.20014,36.60293],[-120.20014,36.60284],[-120.20013,36.60242],[-120.20013,36.60227],[-120.20013,36.60207],[-120.20013,36.60144],[-120.20013,36.60123],[-120.20013,36.6011],[-120.20013,36.60072],[-120.20013,36.60059],[-120.20013,36.60041],[-120.20012,36.59986],[-120.20012,36.59967],[-120.20012,36.5996],[-120.20012,36.59938],[-120.20012,36.59931],[-120.19989,36.59931],[-120.19984,36.59931],[-120.19959,36.59932],[-120.19799,36.59936],[-120.19755,36.59937],[-120.19745,36.59938],[-120.19745,36.59943],[-120.19745,36.59957],[-120.19745,36.59961],[-120.19745,36.59967],[-120.19745,36.59981],[-120.19745,36.60021],[-120.19745,36.60035],[-120.19745,36.6004],[-120.19745,36.60055],[-120.19745,36.60061],[-120.19745,36.60079],[-120.19745,36.60116],[-120.19745,36.60133],[-120.19745,36.60152],[-120.19745,36.60168],[-120.19745,36.60181],[-120.19745,36.60216],[-120.19745,36.60233],[-120.19745,36.60239],[-120.19745,36.60248],[-120.19745,36.60295],[-120.19745,36.60299],[-120.19745,36.60311],[-120.1975,36.6031],[-120.19781,36.60308],[-120.19846,36.60304],[-120.19849,36.60304],[-120.19888,36.60303],[-120.19924,36.60302],[-120.19942,36.60301],[-120.19949,36.60301],[-120.1997,36.603],[-120.19992,36.60299],[-120.19996,36.60299],[-120.19999,36.60299],[-120.20014,36.60298],[-120.20014,36.60293]],[[-120.19745,36.60311],[-120.19075,36.6027],[-120.18807,36.6013],[-120.18803,36.59947],[-120.1833,36.59846],[-120.18327,36.59604],[-120.17442,36.59626],[-120.17334,36.59641],[-120.17857,36.6001],[-120.18073,36.60172],[-120.18272,36.60316],[-120.18243,36.60342],[-120.17932,36.60348],[-120.17866,36.60516],[-120.17867,36.60747],[-120.17867,36.611],[-120.17865,36.61277],[-120.1787,36.61426],[-120.17891,36.6146],[-120.17901,36.61446],[-120.18127,36.61442],[-120.18481,36.61435],[-120.18773,36.61429],[-120.19106,36.61421],[-120.19253,36.61418],[-120.195,36.61414],[-120.19723,36.61347],[-120.19746,36.61324],[-120.19749,36.61092],[-120.19744,36.60943],[-120.19745,36.60796],[-120.19746,36.60588],[-120.19746,36.60481],[-120.19745,36.60311]],[[-120.21916,36.60245],[-120.21907,36.60202],[-120.21887,36.60126],[-120.21837,36.59998],[-120.21825,36.59956],[-120.21805,36.59917],[-120.21787,36.59856],[-120.21776,36.59829],[-120.21751,36.59761],[-120.21733,36.59708],[-120.21727,36.59694],[-120.21709,36.59646],[-120.21689,36.59586],[-120.21672,36.59551],[-120.21666,36.59531],[-120.21647,36.59448],[-120.21627,36.59413],[-120.21607,36.59365],[-120.21584,36.59286],[-120.21573,36.59264],[-120.21567,36.59249],[-120.21556,36.59233],[-120.21534,36.59189],[-120.21558,36.5915],[-120.21493,36.59089],[-120.21382,36.59008],[-120.21233,36.58924],[-120.21286,36.591],[-120.21405,36.59425],[-120.2145,36.59543],[-120.21501,36.59685],[-120.21643,36.60108],[-120.21764,36.6025],[-120.21916,36.60245]]]}},{"type":"Feature","properties":{"county_fips":19,"srprec":"0000012","precinct_id":"019-0000012","g22_asm":{"dem_pct":81.2,"margin_dem":62.5,"votes_two_party":272},"g24_asm":{"dem_pct":68.3,"margin_dem":36.7,"votes_two_party":802}},"geometry":{"type":"MultiPolygon","coordinates":[[[[-120.19745,36.60339],[-120.19746,36.60489],[-120.19745,36.60699],[-120.19744,36.60878],[-120.19746,36.61044],[-120.19749,36.61206],[-120.19746,36.61345],[-120.19564,36.61407],[-120.19369,36.61416],[-120.19147,36.6142],[-120.18861,36.61427],[-120.1866,36.61432],[-120.18351,36.61438],[-120.18058,36.61443],[-120.17897,36.61452],[-120.17886,36.61451],[-120.17865,36.61338],[-120.17866,36.61212],[-120.17867,36.6089],[-120.17867,36.60686],[-120.1787,36.60348],[-120.18056,36.60345],[-120.183,36.60341],[-120.18164,36.60237],[-120.1787,36.60018],[-120.17449,36.59722],[-120.17323,36.5963],[-120.17955,36.59612],[-120.18326,36.59619],[-120.18709,36.59898],[-120.18804,36.59994],[-120.18997,36.6013],[-120.19097,36.60324],[-120.19745,36.60339]]],[[[-120.19745,36.60311],[-120.19745,36.60299],[-120.19745,36.60295],[-120.19745,36.60248],[-120.19745,36.60239],[-120.19745,36.60233],[-120.19745,36.60216],[-120.19745,36.60181],[-120.19745,36.60168],[-120.19745,36.60152],[-120.19745,36.60133],[-120.19745,36.60116],[-120.19745,36.60079],[-120.19745,36.60061],[-120.19745,36.60055],[-120.19745,36.6004],[-120.19745,36.60035],[-120.19745,36.60021],[-120.19745,36.59981],[-120.19745,36.59967],[-120.19745,36.59961],[-120.19745,36.59957],[-120.19745,36.59943],[-120.19745,36.59938],[-120.19755,36.59937],[-120.19799,36.59936],[-120.19959,36.59932],[-120.19984,36.59931],[-120.19989,36.59931],[-120.20012,36.59931],[-120.20012,36.59938],[-120.20012,36.5996],[-120.20012,36.59967],[-120.20012,36.59986],[-120.20013,36.60041],[-120.20013,36.60059],[-120.20013,36.60072],[-120.20013,36.6011],[-120.20013,36.60123],[-120.20013,36.60144],[-120.20013,36.60207],[-120.20013,36.60227],[-120.20013,36.60242],[-120.20014,36.60284],[-120.20014,36.60293],[-120.20014,36.60298],[-120.19999,36.60299],[-120.19996,36.60299],[-120.19992,36.60299],[-120.1997,36.603],[-120.19949,36.60301],[-120.19942,36.60301],[-120.19924,36.60302],[-120.19888,36.60303],[-120.19849,36.60304],[-120.19846,36.60304],[-120.19781,36.60308],[-120.1975,36.6031],[-120.19745,36.60311]]],[[[-120.21902,36.6025],[-120.21709,36.6025],[-120.21581,36.5994],[-120.2146,36.59581],[-120.21444,36.59531],[-120.21354,36.59301],[-120.21269,36.59056],[-120.21286,36.58933],[-120.21439,36.59046],[-120.21538,36.59116],[-120.21547,36.59164],[-120.21539,36.59208],[-120.21563,36.59242],[-120.21568,36.59255],[-120.21577,36.5927],[-120.2159,36.59307],[-120.21614,36.59384],[-120.21636,36.59426],[-120.21653,36.59475],[-120.21666,36.5954],[-120.21676,36.59562],[-120.21692,36.59593],[-120.21718,36.59676],[-120.21728,36.59701],[-120.21745,36.59743],[-120.21769,36.5981],[-120.21781,36.5984],[-120.21792,36.59882],[-120.21815,36.59936],[-120.21832,36.59978],[-120.21843,36.6001],[-120.21898,36.60155],[-120.21901,36.60216],[-120.21902,36.6025]]]]}},{"type":"Feature","properties":{"county_fips":19,"srprec":"0000013","precinct_id":"019-0000013","g22_asm":{"dem_pct":43.1,"margin_dem":-13.9,"votes_two_party":137},"g24_asm":{"dem_pct":68.3,"margin_dem":36.5,"votes_two_party":665}},"geometry":{"type":"Polygon","coordinates":[[[-120.13306,36.69967],[-120.13239,36.71548],[-120.1399,36.7199],[-120.1325,36.72724],[-120.13228,36.74885],[-120.11401,36.74949],[-120.09429,36.7495],[-120.08709,36.74711],[-120.08713,36.7448],[-120.07821,36.742],[-120.07822,36.73761],[-120.08256,36.73474],[-120.083,36.72746],[-120.08291,36.72044],[-120.0785,36.71979],[-120.0694,36.71977],[-120.07353,36.71149],[-120.06957,36.70616],[-120.06793,36.70572],[-120.0625,36.71305],[-120.06052,36.70577],[-120.06055,36.70115],[-120.06075,36.68535],[-120.06098,36.66789],[-120.07724,36.66198],[-120.0899,36.66193],[-120.10788,36.66187],[-120.12616,36.66179],[-120.14392,36.66175],[-120.14022,36.66898],[-120.13327,36.67632],[-120.13324,36.68889],[-120.13306,36.69967]]]}},{"type":"Feature","properties":{"county_fips":19,"srprec":"0000014","precinct_id":"019-0000014","g22_asm":{"dem_pct":30.4,"margin_dem":-39.1,"votes_two_party":946},"g24_asm":null},"geometry":{"type":"Polygon","coordinates":[[[-119.93437,36.68987],[-119.95243,36.64846],[-119.9097,36.61918],[-120.00107,36.6187],[-120.02539,36.64047],[-120.0252,36.65226],[-120.05003,36.66208],[-120.05205,36.71305],[-120.04203,36.72041],[-120.05141,36.7364],[-120.07821,36.742],[-120.13229,36.7494],[-120.13324,36.68921],[-120.1656,36.66172],[-120.2038,36.66144],[-120.20559,36.69835],[-120.20472,36.74149],[-120.27793,36.75631],[-120.25962,36.77109],[-120.24626,36.77229],[-120.23071,36.78264],[-120.20112,36.78643],[-120.18288,36.78153],[-120.1669,36.80257],[-120.14021,36.80657],[-120.12321,36.81209],[-120.09712,36.81686],[-120.07368,36.82026],[-120.05669,36.81693],[-120.04265,36.79266],[-120.0063,36.77],[-119.99703,36.73391],[-119.93438,36.71624],[-119.93437,36.68987]]]}},{"type":"Feature","properties":{"county_fips":19,"srprec":"0000015","precinct_id":"019-0000015","g22_asm":{"dem_pct":50.8,"margin_dem":1.6,"votes_two_party":122},"g24_asm":{"dem_pct":56.4,"margin_dem":12.8,"votes_two_party":514}},"geometry":{"type":"Polygon","coordinates":[[[-120.083,36.72746],[-120.083,36.72752],[-120.083,36.72754],[-120.083,36.72978],[-120.08301,36.73202],[-120.08302,36.73325],[-120.08304,36.73474],[-120.08288,36.73474],[-120.08284,36.73474],[-120.08256,36.73474],[-120.08195,36.73474],[-120.08012,36.73475],[-120.07951,36.73475],[-120.07926,36.73475],[-120.07851,36.73475],[-120.07826,36.73475],[-120.07829,36.73404],[-120.0783,36.73379],[-120.0783,36.73332],[-120.0783,36.73313],[-120.07831,36.73273],[-120.07831,36.73227],[-120.07831,36.73221],[-120.07831,36.73195],[-120.07831,36.73192],[-120.07831,36.73163],[-120.07831,36.73148],[-120.07831,36.73121],[-120.0783,36.7307],[-120.0783,36.7305],[-120.07832,36.72866],[-120.07832,36.72858],[-120.07833,36.72834],[-120.07834,36.72763],[-120.07834,36.72759],[-120.07835,36.72747],[-120.07835,36.72743],[-120.07928,36.72743],[-120.07963,36.72744],[-120.08207,36.72744],[-120.08244,36.72744],[-120.0825,36.72744],[-120.08288,36.72744],[-120.083,36.72744],[-120.083,36.72746]]]}},{"type":"Feature","properties":{"county_fips":19,"srprec":"0000016","precinct_id":"019-0000016","g22_asm":{"dem_pct":48.8,"margin_dem":-2.5,"votes_two_party":605},"g24_asm":{"dem_pct":78.7,"margin_dem":57.5,"votes_two_party":555}},"geometry":{"type":"Polygon","coordinates":[[[-120.07831,36.73163],[-120.07831,36.73227],[-120.0783,36.73379],[-120.07825,36.73546],[-120.0782,36.73844],[-120.07011,36.73483],[-120.06691,36.73487],[-120.06689,36.73783],[-120.06011,36.73868],[-120.06012,36.73709],[-120.06012,36.7366],[-120.06011,36.73519],[-120.06012,36.73391],[-120.06013,36.73282],[-120.06014,36.73234],[-120.06014,36.73143],[-120.06018,36.72984],[-120.06019,36.7284],[-120.0602,36.72764],[-120.06152,36.7276],[-120.063,36.7276],[-120.06436,36.72757],[-120.06522,36.72756],[-120.06698,36.72755],[-120.06929,36.72756],[-120.07042,36.72756],[-120.07228,36.72753],[-120.07383,36.7275],[-120.07677,36.72746],[-120.07834,36.72743],[-120.07834,36.72763],[-120.0783,36.7305],[-120.07831,36.73163]]]}},{"type":"Feature","properties":{"county_fips":19,"srprec":"0000017","precinct_id":"019-0000017","g22_asm":{"dem_pct":62.1,"margin_dem":24.3,"votes_two_party":647},"g24_asm":null},"geometry":{"type":"Polygon","coordinates":[[[-120.06022,36.7258],[-120.06022,36.72686],[-120.0602,36.72764],[-120.06019,36.7284],[-120.06018,36.72984],[-120.06014,36.73143],[-120.06014,36.73234],[-120.06013,36.73282],[-120.06012,36.73391],[-120.06011,36.73519],[-120.06012,36.7366],[-120.05813,36.73669],[-120.05334,36.73672],[-120.0518,36.73493],[-120.0514,36.73529],[-120.05142,36.73676],[-120.04668,36.7351],[-120.04233,36.73422],[-120.04238,36.7312],[-120.04238,36.72993],[-120.04238,36.72773],[-120.04341,36.7267],[-120.04472,36.72555],[-120.04636,36.72554],[-120.04754,36.72525],[-120.04761,36.72475],[-120.04851,36.72547],[-120.04901,36.72546],[-120.04997,36.72546],[-120.05062,36.72553],[-120.0513,36.72553],[-120.05378,36.72555],[-120.05522,36.72556],[-120.05624,36.72557],[-120.05771,36.72558],[-120.0592,36.72559],[-120.06022,36.7258]]]}},{"type":"Feature","properties":{"county_fips":19,"srprec":"0000018","precinct_id":"019-0000018","g22_asm":{"dem_pct":36.2,"margin_dem":-27.6,"votes_two_party":185},"g24_asm":null},"geometry":{"type":"Polygon","coordinates":[[[-120.07834,36.72743],[-120.07764,36.72745],[-120.07677,36.72746],[-120.07403,36.7275],[-120.07383,36.7275],[-120.0734,36.72751],[-120.07228,36.72753],[-120.07161,36.72754],[-120.07042,36.72756],[-120.06988,36.72755],[-120.06929,36.72756],[-120.06883,36.72755],[-120.06698,36.72755],[-120.06618,36.72756],[-120.06522,36.72756],[-120.06521,36.72681],[-120.06522,36.72643],[-120.06524,36.72564],[-120.06524,36.72485],[-120.06525,36.72466],[-120.06675,36.72469],[-120.06756,36.7247],[-120.06932,36.7247],[-120.06982,36.72469],[-120.07031,36.72475],[-120.07079,36.72481],[-120.07143,36.72481],[-120.0722,36.7248],[-120.0738,36.72478],[-120.07381,36.72515],[-120.07474,36.72524],[-120.07612,36.72523],[-120.07671,36.72518],[-120.07731,36.72516],[-120.07825,36.72514],[-120.07844,36.72516],[-120.07844,36.72536],[-120.07839,36.72581],[-120.07836,36.72599],[-120.07837,36.72635],[-120.07836,36.72661],[-120.07835,36.72743],[-120.07834,36.72743]]]}},{"type":"Feature","properties":{"county_fips":19,"srprec":"0000019","precinct_id":"019-0000019","g22_asm":{"dem_pct":54.2,"margin_dem":8.3,"votes_two_party":24},"g24_asm":null},"geometry":{"type":"Polygon","coordinates":[[[-120.06185,36.72062],[-120.06258,36.72064],[-120.06283,36.72064],[-120.06307,36.72065],[-120.06381,36.72065],[-120.06406,36.72065],[-120.0643,36.72065],[-120.06505,36.72065],[-120.06528,36.72064],[-120.0653,36.72064],[-120.0653,36.72084],[-120.06528,36.72144],[-120.06527,36.72163],[-120.06527,36.72184],[-120.06526,36.72245],[-120.06526,36.72265],[-120.06523,36.72265],[-120.06502,36.72265],[-120.06429,36.72263],[-120.06404,36.72263],[-120.0638,36.72263],[-120.06306,36.72262],[-120.06281,36.72262],[-120.06256,36.72262],[-120.06181,36.72261],[-120.06156,36.72261],[-120.06131,36.72261],[-120.06087,36.72261],[-120.06054,36.72261],[-120.06028,36.72262],[-120.06028,36.72241],[-120.06029,36.7218],[-120.06029,36.72159],[-120.06029,36.7214],[-120.0603,36.72081],[-120.0603,36.72063],[-120.0603,36.72062],[-120.06037,36.72062],[-120.06056,36.72062],[-120.0607,36.72062],[-120.06134,36.72062],[-120.06136,36.72062],[-120.06161,36.72062],[-120.06185,36.72062]]]}},{"type":"Feature","properties":{"county_fips":19,"srprec":"0000020","precinct_id":"019-0000020","g22_asm":{"dem_pct":68.4,"margin_dem":36.7,"votes_two_party":455},"g24_asm":{"dem_pct":26.5,"margin_dem":-47.0,"votes_two_party":185}},"geometry":{"type":"Polygon","coordinates":[[[-120.06181,36.72261],[-120.06429,36.72263],[-120.06523,36.72367],[-120.06524,36.72485],[-120.06521,36.72681],[-120.06436,36.72757],[-120.0625,36.7276],[-120.0602,36.72764],[-120.06023,36.7266],[-120.0592,36.72559],[-120.05674,36.72558],[-120.05522,36.72556],[-120.05146,36.72554],[-120.05062,36.72553],[-120.04971,36.72545],[-120.04851,36.72547],[-120.0476,36.72517],[-120.04636,36.72554],[-120.04347,36.72626],[-120.04239,36.72404],[-120.04204,36.72117],[-120.04066,36.72149],[-120.04203,36.72041],[-120.04242,36.72008],[-120.04751,36.71967],[-120.04888,36.71973],[-120.05058,36.71963],[-120.05087,36.71892],[-120.05153,36.71735],[-120.05165,36.7131],[-120.0604,36.71305],[-120.06032,36.71736],[-120.06029,36.7197],[-120.0603,36.7205],[-120.06029,36.7218],[-120.06156,36.72261],[-120.06181,36.72261]]]}},{"type":"Feature","properties":{"county_fips":19,"srprec":"0000021","precinct_id":"019-0000021","g22_asm":{"dem_pct":47.0,"margin_dem":-6.1,"votes_two_party":611},"g24_asm":{"dem_pct":41.2,"margin_dem":-17.6,"votes_two_party":478}},"geometry":{"type":"Polygon","coordinates":[[[-120.08288,36.72744],[-120.08207,36.72744],[-120.07835,36.72743],[-120.07837,36.72642],[-120.07836,36.72599],[-120.07843,36.72573],[-120.07844,36.72516],[-120.07751,36.72515],[-120.07671,36.72518],[-120.07585,36.72523],[-120.07381,36.72515],[-120.0734,36.72478],[-120.07143,36.72481],[-120.0704,36.72476],[-120.06982,36.72469],[-120.06888,36.7247],[-120.06675,36.72469],[-120.06524,36.72446],[-120.06523,36.72367],[-120.06526,36.72265],[-120.06527,36.72163],[-120.0653,36.72064],[-120.0643,36.72065],[-120.06307,36.72065],[-120.06185,36.72062],[-120.06134,36.72062],[-120.06037,36.72062],[-120.0603,36.72014],[-120.06244,36.71999],[-120.06427,36.72],[-120.0694,36.71997],[-120.0694,36.71981],[-120.07326,36.71981],[-120.07508,36.71981],[-120.07942,36.71979],[-120.08293,36.71984],[-120.08291,36.72014],[-120.08292,36.72122],[-120.08294,36.72268],[-120.08298,36.72625],[-120.08288,36.72744]]]}},{"type":"Feature","properties":{"county_fips":19,"srprec":"0000022","precinct_id":"019-0000022","g22_asm":null,"g24_asm":{"dem_pct":46.7,"margin_dem":-6.6,"votes_two_party":274}},"geometry":{"type":"Polygon","coordinates":[[[-120.06042,36.71305],[-120.0625,36.71305],[-120.06388,36.71306],[-120.06436,36.71301],[-120.06441,36.70637],[-120.0673,36.70573],[-120.06792,36.70579],[-120.0681,36.70627],[-120.06832,36.70627],[-120.06957,36.70627],[-120.06957,36.70616],[-120.06957,36.70611],[-120.06954,36.7057],[-120.07275,36.70567],[-120.07355,36.70713],[-120.07353,36.71295],[-120.07028,36.71298],[-120.06945,36.71432],[-120.0694,36.71962],[-120.0694,36.71977],[-120.0694,36.71984],[-120.0694,36.71997],[-120.06812,36.71999],[-120.06405,36.72],[-120.06244,36.71999],[-120.0603,36.72001],[-120.06029,36.71981],[-120.06029,36.7197],[-120.06029,36.71949],[-120.06029,36.71896],[-120.06032,36.71736],[-120.06033,36.71682],[-120.06036,36.71453],[-120.0604,36.71305],[-120.06042,36.71305]]]}},{"type":"Feature","properties":{"county_fips":19,"srprec":"0000023","precinct_id":"019-0000023","g22_asm":{"dem_pct":46.2,"margin_dem":-7.6,"votes_two_party":223},"g24_asm":{"dem_pct":50.0,"margin_dem":0.0,"votes_two_party":236}},"geometry":{"type":"Polygon","coordinates":[[[-119.86295,36.57594],[-119.86322,36.56887],[-119.88109,36.56158],[-119.89729,36.56154],[-119.91713,36.5615],[-119.93543,36.55383],[-119.95353,36.56145],[-119.97504,36.54679],[-119.99927,36.54665],[-120.01472,36.54656],[-120.03615,36.54642],[-120.06141,36.54615],[-120.06141,36.55946],[-120.05964,36.57466],[-120.03906,36.57472],[-120.02635,36.57482],[-120.02555,36.58929],[-120.02551,36.60249],[-120.02566,36.61671],[-120.01291,36.61837],[-120.00229,36.61859],[-120.00044,36.61871],[-119.97888,36.61885],[-119.95177,36.61902],[-119.93741,36.61899],[-119.92265,36.61897],[-119.9097,36.61918],[-119.8942,36.61926],[-119.88623,36.61205],[-119.88084,36.61147],[-119.86464,36.60496],[-119.86289,36.59186],[-119.86291,36.58078],[-119.86295,36.57594]]]}},{"type":"Feature","properties":{"county_fips":19,"srprec":"0000024","precinct_id":"019-0000024","g22_asm":{"dem_pct":35.1,"margin_dem":-29.8,"votes_two_party":593},"g24_asm":{"dem_pct":46.4,"margin_dem":-7.2,"votes_two_party":153}},"geometry":{"type":"Polygon","coordinates":[[[-119.82681,36.54675],[-119.83786,36.53269],[-119.84525,36.53265],[-119.85791,36.5326],[-119.86505,36.53258],[-119.87641,36.53253],[-119.88121,36.53743],[-119.88116,36.54422],[-119.88112,36.55287],[-119.88109,36.56158],[-119.87748,36.56887],[-119.86308,36.56875],[-119.86294,36.57572],[-119.86291,36.58176],[-119.86289,36.58932],[-119.86285,36.59895],[-119.86464,36.60496],[-119.88085,36.60484],[-119.88084,36.61149],[-119.88083,36.61206],[-119.88982,36.61928],[-119.8808,36.61935],[-119.8718,36.61942],[-119.86098,36.6195],[-119.84577,36.61958],[-119.84468,36.61751],[-119.84473,36.61244],[-119.84473,36.60968],[-119.84475,36.60588],[-119.84486,36.58914],[-119.84489,36.58317],[-119.84477,36.5761],[-119.83542,36.57613],[-119.82681,36.54675]]]}},{"type":"Feature","properties":{"county_fips":19,"srprec":"0000025","precinct_id":"019-0000025","g22_asm":{"dem_pct":35.6,"margin_dem":-28.7,"votes_two_party":87},"g24_asm":{"dem_pct":38.1,"margin_dem":-23.8,"votes_two_party":21}},"geometry":{"type":"Polygon","coordinates":[[[-119.86114,36.48907],[-119.86354,36.48994],[-119.8635,36.49485],[-119.86348,36.49641],[-119.86343,36.50248],[-119.87305,36.50352],[-119.88139,36.50414],[-119.88131,36.51523],[-119.8829,36.518],[-119.89593,36.5179],[-119.90757,36.51785],[-119.91769,36.51784],[-119.93782,36.51772],[-119.95386,36.52142],[-119.95378,36.53512],[-119.9536,36.54647],[-119.95362,36.54686],[-119.95357,36.55456],[-119.93931,36.56145],[-119.93575,36.55535],[-119.92088,36.55386],[-119.91715,36.5564],[-119.90993,36.56152],[-119.8991,36.56153],[-119.89009,36.56155],[-119.88289,36.56157],[-119.88109,36.56013],[-119.88114,36.5485],[-119.88116,36.54422],[-119.8812,36.53866],[-119.88087,36.53254],[-119.87223,36.53256],[-119.86326,36.53258],[-119.85791,36.5326],[-119.84657,36.53265],[-119.84526,36.5312],[-119.84531,36.5254],[-119.84537,36.51806],[-119.86114,36.48907]]]}},{"type":"Feature","properties":{"county_fips":19,"srprec":"0000026","precinct_id":"019-0000026","g22_asm":null,"g24_asm":{"dem_pct":42.8,"margin_dem":-14.5,"votes_two_party":552}},"geometry":{"type":"Polygon","coordinates":[[[-119.83277,36.57608],[-119.83295,36.57608],[-119.83354,36.5761],[-119.83401,36.57611],[-119.83542,36.57613],[-119.83589,36.57613],[-119.8377,36.57612],[-119.84121,36.57611],[-119.84311,36.5761],[-119.84477,36.5761],[-119.84492,36.5761],[-119.84492,36.57613],[-119.84491,36.57751],[-119.8449,36.58176],[-119.84489,36.58317],[-119.84489,36.58321],[-119.84489,36.58331],[-119.84489,36.58335],[-119.84488,36.5848],[-119.84486,36.58914],[-119.84485,36.59059],[-119.84483,36.59349],[-119.84477,36.6022],[-119.84475,36.6051],[-119.84475,36.60588],[-119.84474,36.60822],[-119.84474,36.609],[-119.84474,36.60913],[-119.84473,36.60954],[-119.84473,36.60968],[-119.84473,36.61021],[-119.84473,36.61136],[-119.84473,36.61182],[-119.84473,36.61235],[-119.84473,36.61244],[-119.84471,36.6138],[-119.84471,36.61419],[-119.84471,36.61419],[-119.84471,36.6142],[-119.84468,36.61751],[-119.84467,36.61814],[-119.84465,36.61958],[-119.84465,36.61959],[-119.84453,36.61959],[-119.84289,36.61959],[-119.84162,36.6196],[-119.83277,36.57608]]]}},{"type":"Feature","properties":{"county_fips":19,"srprec":"0000027","precinct_id":"019-0000027","g22_asm":null,"g24_asm":{"dem_pct":40.6,"margin_dem":-18.9,"votes_two_party":217}},"geometry":{"type":"Polygon","coordinates":[[[-119.84538,36.51555],[-119.84538,36.51667],[-119.84537,36.51806],[-119.84537,36.51812],[-119.84535,36.51958],[-119.84532,36.52394],[-119.84531,36.5254],[-119.84529,36.52685],[-119.84529,36.52732],[-119.84529,36.52824],[-119.84526,36.5312],[-119.84525,36.53196],[-119.84525,36.53257],[-119.84525,36.53265],[-119.84341,36.53266],[-119.84063,36.53268],[-119.83848,36.53268],[-119.83836,36.53268],[-119.83786,36.53269],[-119.83726,36.5327],[-119.83602,36.53269],[-119.83566,36.5327],[-119.83517,36.5327],[-119.84538,36.51555]]]}},{"type":"Feature","properties":{"county_fips":19,"srprec":"0000031","precinct_id":"019-0000031","g22_asm":{"dem_pct":28.3,"margin_dem":-43.5,"votes_two_party":46},"g24_asm":{"dem_pct":60.6,"margin_dem":21.2,"votes_two_party":312}},"geometry":{"type":"Polygon","coordinates":[[[-120.00326,36.48627],[-120.0233,36.49488],[-120.03477,36.4996],[-120.04498,36.50558],[-120.0465,36.50605],[-120.04791,36.50663],[-120.05107,36.51098],[-120.05361,36.51407],[-120.05461,36.51498],[-120.05605,36.51581],[-120.05645,36.51655],[-120.05708,36.51754],[-120.05835,36.51893],[-120.05968,36.52048],[-120.06107,36.52108],[-120.06159,36.52296],[-120.06159,36.52446],[-120.06159,36.52592],[-120.06158,36.52681],[-120.06159,36.52801],[-120.06182,36.53004],[-120.06163,36.5378],[-120.03256,36.54645],[-119.99926,36.54665],[-119.95372,36.53931],[-119.9174,36.51784],[-119.88131,36.51523],[-119.86347,36.49689],[-119.8815,36.48901],[-119.9296,36.48873],[-119.95377,36.48859],[-119.9817,36.48845],[-119.99891,36.48837],[-120.00324,36.48627],[-120.00326,36.48627]]]}},{"type":"Feature","properties":{"county_fips":19,"srprec":"0000032","precinct_id":"019-0000032","g22_asm":{"dem_pct":42.9,"margin_dem":-14.3,"votes_two_party":7},"g24_asm":null},"geometry":{"type":"Polygon","coordinates":[[[-120.02395,36.46212],[-120.03127,36.45902],[-120.0313,36.44082],[-120.04278,36.42984],[-120.08482,36.42967],[-120.10442,36.42963],[-120.1212,36.42962],[-120.14269,36.4295],[-120.17905,36.42946],[-120.21872,36.42911],[-120.27132,36.42886],[-120.28437,36.44289],[-120.20813,36.45779],[-120.14629,36.45837],[-120.11603,36.47318],[-120.06722,36.47429],[-120.06726,36.487],[-120.06199,36.49223],[-120.06195,36.51751],[-120.06173,36.52839],[-120.06158,36.52654],[-120.06159,36.52446],[-120.06161,36.52202],[-120.05942,36.52034],[-120.05726,36.51774],[-120.0563,36.51629],[-120.05461,36.51498],[-120.05327,36.51362],[-120.04772,36.50653],[-120.04516,36.50563],[-120.02905,36.49813],[-120.0034,36.48618],[-120.01074,36.48077],[-120.02395,36.46212]]]}},{"type":"Feature","properties":{"county_fips":19,"srprec":"0000033","precinct_id":"019-0000033","g22_asm":{"dem_pct":50.0,"margin_dem":0.0,"votes_two_party":42},"g24_asm":{"dem_pct":72.7,"margin_dem":45.4,"votes_two_party":648}},"geometry":{"type":"Polygon","coordinates":[[[-120.01324,36.42993],[-120.01327,36.41554],[-119.99806,36.41542],[-119.96325,36.40095],[-119.95978,36.36094],[-119.95954,36.33166],[-119.95896,36.30647],[-120.03405,36.25542],[-120.04878,36.29888],[-120.10353,36.31359],[-120.13963,36.29387],[-120.16001,36.29855],[-120.21192,36.32096],[-120.22965,36.32547],[-120.24608,36.31248],[-120.27093,36.32697],[-120.31022,36.32686],[-120.34397,36.32704],[-120.36854,36.3268],[-120.39333,36.336],[-120.39334,36.39695],[-120.36113,36.39925],[-120.32411,36.39925],[-120.29339,36.426],[-120.26557,36.42891],[-120.21872,36.42911],[-120.18024,36.42945],[-120.15351,36.42948],[-120.12546,36.42959],[-120.10591,36.42959],[-120.09884,36.42964],[-120.05553,36.42981],[-120.02737,36.42988],[-120.01324,36.42993]]]}},{"type":"Feature","properties":{"county_fips":19,"srprec":"0000034","precinct_id":"019-0000034","g22_asm":{"dem_pct":31.8,"margin_dem":-36.4,"votes_two_party":44},"g24_asm":{"dem_pct":65.7,"margin_dem":31.3,"votes_two_party":67}},"geometry":{"type":"Polygon","coordinates":[[[-120.3729,36.17988],[-120.39099,36.18045],[-120.39117,36.19443],[-120.39131,36.20879],[-120.37669,36.20884],[-120.37293,36.22258],[-120.37301,36.23263],[-120.35861,36.29593],[-120.3084,36.32686],[-120.26494,36.31768],[-120.23447,36.31245],[-120.21192,36.32129],[-120.15944,36.29819],[-120.13936,36.31348],[-120.04872,36.31265],[-120.03716,36.25543],[-119.99349,36.24483],[-120.05224,36.22252],[-120.08563,36.20982],[-120.09368,36.21033],[-120.10357,36.2119],[-120.11843,36.19733],[-120.16127,36.1822],[-120.19589,36.17853],[-120.21789,36.17173],[-120.24722,36.1616],[-120.25826,36.15493],[-120.2909,36.15162],[-120.29541,36.15209],[-120.32048,36.15099],[-120.34558,36.156],[-120.35455,36.16666],[-120.36406,36.17992],[-120.3729,36.17988]]]}},{"type":"Feature","properties":{"county_fips":19,"srprec":"0000035","precinct_id":"019-0000035","g22_asm":{"dem_pct":100.0,"margin_dem":100.0,"votes_two_party":1},"g24_asm":{"dem_pct":38.5,"margin_dem":-23.1,"votes_two_party":13}},"geometry":{"type":"Polygon","coordinates":[[[-120.30294,36.1674],[-120.30241,36.16783],[-120.29972,36.17001],[-120.29815,36.16874],[-120.29807,36.17013],[-120.29485,36.17013],[-120.29482,36.16927],[-120.29469,36.16561],[-120.29265,36.16381],[-120.29163,36.16465],[-120.29059,36.16392],[-120.29037,36.16377],[-120.29148,36.16295],[-120.28579,36.15838],[-120.28984,36.15517],[-120.29126,36.15632],[-120.29156,36.15656],[-120.29158,36.15209],[-120.29158,36.15162],[-120.29235,36.15162],[-120.29464,36.15161],[-120.29541,36.15161],[-120.29541,36.15209],[-120.29541,36.1573],[-120.29541,36.15936],[-120.29666,36.16015],[-120.298,36.15502],[-120.30074,36.15561],[-120.29946,36.16086],[-120.2987,36.164],[-120.30062,36.16553],[-120.30294,36.1674]]]}},{"type":"Feature","properties":{"county_fips":19,"srprec":"0000036","precinct_id":"019-0000036","g22_asm":{"dem_pct":12.3,"margin_dem":-75.5,"votes_two_party":106},"g24_asm":null},"geometry":{"type":"Polygon","coordinates":[[[-119.96794,36.17494],[-120.18766,36.00631],[-120.36242,35.95928],[-120.48045,36.00593],[-120.51351,36.0257],[-120.59798,36.09923],[-120.66917,36.16456],[-120.64064,36.18984],[-120.67425,36.27273],[-120.61906,36.31924],[-120.59726,36.37495],[-120.54164,36.39569],[-120.53274,36.39489],[-120.52237,36.39824],[-120.51617,36.39628],[-120.50702,36.40171],[-120.49948,36.40511],[-120.49005,36.40857],[-120.48131,36.41259],[-120.47175,36.41794],[-120.46261,36.41779],[-120.45492,36.413],[-120.44832,36.40935],[-120.35849,36.32693],[-120.3729,36.22155],[-120.39107,36.18633],[-120.36658,36.16558],[-120.37024,36.12924],[-120.34555,36.13734],[-120.32834,36.15097],[-120.24353,36.16386],[-120.12751,36.19392],[-120.01632,36.23614],[-119.96794,36.17494]],[[-120.07391,36.21088],[-120.07314,36.21088],[-120.06947,36.21093],[-120.06825,36.21095],[-120.06825,36.211],[-120.06828,36.21183],[-120.06834,36.21448],[-120.06837,36.21536],[-120.07123,36.21434],[-120.07195,36.21408],[-120.07554,36.21281],[-120.0756,36.21279],[-120.07567,36.21277],[-120.07918,36.21152],[-120.07983,36.21129],[-120.08178,36.2106],[-120.0827,36.21027],[-120.08216,36.21035],[-120.08094,36.21036],[-120.08009,36.21037],[-120.07567,36.21041],[-120.07391,36.21043],[-120.07391,36.21088]],[[-120.23798,36.13724],[-120.23851,36.13723],[-120.24015,36.13722],[-120.24017,36.13722],[-120.24025,36.13722],[-120.24055,36.13722],[-120.24065,36.13722],[-120.24159,36.13721],[-120.24251,36.13719],[-120.24426,36.13718],[-120.24441,36.13718],[-120.24535,36.13717],[-120.2457,36.13716],[-120.24675,36.13715],[-120.2471,36.13715],[-120.24742,36.13714],[-120.2478,36.13714],[-120.24977,36.13713],[-120.24989,36.13713],[-120.25059,36.13712],[-120.2513,36.13711],[-120.252,36.1371],[-120.25335,36.13708],[-120.25344,36.13708],[-120.25415,36.13708],[-120.25414,36.13422],[-120.25411,36.12562],[-120.25411,36.12497],[-120.2541,36.12275],[-120.25339,36.12277],[-120.25127,36.12281],[-120.25098,36.12282],[-120.25057,36.12283],[-120.24685,36.12295],[-120.2466,36.12296],[-120.23584,36.12298],[-120.23568,36.12298],[-120.23576,36.13727],[-120.23798,36.13724]],[[-120.27198,36.13698],[-120.27257,36.13697],[-120.27277,36.13697],[-120.2746,36.13697],[-120.27732,36.13695],[-120.27741,36.13695],[-120.27767,36.13694],[-120.27776,36.13694],[-120.27882,36.13694],[-120.28152,36.13692],[-120.28201,36.13691],[-120.28201,36.12911],[-120.28201,36.12708],[-120.28201,36.12251],[-120.28146,36.12251],[-120.28144,36.12251],[-120.2749,36.1226],[-120.27183,36.12263],[-120.27183,36.12417],[-120.27182,36.12846],[-120.27182,36.12879],[-120.27181,36.13032],[-120.27181,36.13145],[-120.27179,36.13483],[-120.27179,36.13596],[-120.27179,36.13616],[-120.27178,36.13677],[-120.27178,36.13698],[-120.27198,36.13698]]]}},{"type":"Feature","properties":{"county_fips":19,"srprec":"0000037","precinct_id":"019-0000037","g22_asm":{"dem_pct":65.7,"margin_dem":31.4,"votes_two_party":277},"g24_asm":null},"geometry":{"type":"Polygon","coordinates":[[[-120.25411,36.12497],[-120.25411,36.12562],[-120.25414,36.13422],[-120.25415,36.13708],[-120.25344,36.13708],[-120.25335,36.13708],[-120.252,36.1371],[-120.2513,36.13711],[-120.25059,36.13712],[-120.24989,36.13713],[-120.24977,36.13713],[-120.2478,36.13714],[-120.24742,36.13714],[-120.2471,36.13715],[-120.24675,36.13715],[-120.2457,36.13716],[-120.24535,36.13717],[-120.24441,36.13718],[-120.24426,36.13718],[-120.24251,36.13719],[-120.24159,36.13721],[-120.24065,36.13722],[-120.24055,36.13722],[-120.24025,36.13722],[-120.24017,36.13722],[-120.24015,36.13722],[-120.23851,36.13723],[-120.23798,36.13724],[-120.23576,36.13727],[-120.23568,36.12298],[-120.23584,36.12298],[-120.2466,36.12296],[-120.24685,36.12295],[-120.25057,36.12283],[-120.25098,36.12282],[-120.25127,36.12281],[-120.25339,36.12277],[-120.2541,36.12275],[-120.25411,36.12497]]]}},{"type":"Feature","properties":{"county_fips":19,"srprec":"0000039","precinct_id":"019-0000039","g22_asm":{"dem_pct":38.9,"margin_dem":-22.1,"votes_two_party":321},"g24_asm":null},"geometry":{"type":"Polygon","coordinates":[[[-120.34312,36.15153],[-120.34447,36.15215],[-120.34735,36.15235],[-120.35111,36.15248],[-120.35308,36.15385],[-120.35443,36.15452],[-120.35449,36.15681],[-120.35449,36.15834],[-120.34558,36.15623],[-120.34557,36.15361],[-120.33956,36.15106],[-120.33967,36.14766],[-120.33666,36.14463],[-120.33203,36.14383],[-120.32929,36.14336],[-120.33173,36.1418],[-120.33457,36.14224],[-120.33702,36.14321],[-120.34004,36.14229],[-120.34053,36.14164],[-120.34513,36.13789],[-120.34622,36.13684],[-120.34605,36.13739],[-120.34502,36.13842],[-120.34306,36.14003],[-120.34143,36.14147],[-120.34058,36.1425],[-120.34045,36.1452],[-120.34021,36.14656],[-120.34158,36.14714],[-120.3427,36.14809],[-120.34349,36.14915],[-120.34296,36.15061],[-120.34312,36.15153]]]}},{"type":"Feature","properties":{"county_fips":19,"srprec":"0000040","precinct_id":"019-0000040","g22_asm":{"dem_pct":37.9,"margin_dem":-24.3,"votes_two_party":671},"g24_asm":null},"geometry":{"type":"Polygon","coordinates":[[[-120.35446,36.14755],[-120.35519,36.1451],[-120.35728,36.14508],[-120.35902,36.14383],[-120.3606,36.14383],[-120.364,36.14345],[-120.36397,36.13958],[-120.3671,36.13956],[-120.36707,36.13702],[-120.36975,36.13645],[-120.37212,36.13646],[-120.37562,36.13715],[-120.37239,36.14373],[-120.37241,36.14979],[-120.37089,36.15107],[-120.37054,36.15254],[-120.36363,36.1545],[-120.3676,36.16564],[-120.35757,36.16551],[-120.36126,36.17279],[-120.36378,36.17493],[-120.36377,36.17902],[-120.35618,36.17994],[-120.35444,36.17826],[-120.35454,36.16759],[-120.35455,36.16615],[-120.35449,36.15889],[-120.3545,36.15716],[-120.35444,36.15469],[-120.3533,36.15401],[-120.35111,36.15248],[-120.3473,36.15234],[-120.34395,36.15187],[-120.34328,36.15053],[-120.35323,36.14897],[-120.35446,36.14755]]]}},{"type":"Feature","properties":{"county_fips":19,"srprec":"0000041","precinct_id":"019-0000041","g22_asm":{"dem_pct":49.9,"margin_dem":-0.3,"votes_two_party":345},"g24_asm":null},"geometry":{"type":"Polygon","coordinates":[[[-120.35448,36.13776],[-120.35573,36.13855],[-120.35757,36.13967],[-120.35909,36.14064],[-120.36018,36.14134],[-120.35919,36.1427],[-120.35829,36.14368],[-120.35829,36.14508],[-120.35599,36.14508],[-120.35494,36.1454],[-120.35446,36.14724],[-120.35322,36.1491],[-120.34329,36.15067],[-120.34363,36.14946],[-120.34329,36.14886],[-120.34263,36.14801],[-120.34196,36.14739],[-120.3407,36.14677],[-120.34005,36.14652],[-120.34046,36.14476],[-120.34046,36.14272],[-120.34081,36.14208],[-120.34183,36.14112],[-120.34314,36.13995],[-120.3448,36.1386],[-120.34596,36.13753],[-120.34612,36.13719],[-120.34624,36.13678],[-120.3463,36.13588],[-120.34652,36.13542],[-120.34678,36.13541],[-120.34769,36.13568],[-120.34959,36.13479],[-120.35322,36.13502],[-120.35375,36.13636],[-120.35438,36.13671],[-120.35438,36.13755],[-120.35448,36.13776]]]}},{"type":"Feature","properties":{"county_fips":19,"srprec":"0000042","precinct_id":"019-0000042","g22_asm":{"dem_pct":36.2,"margin_dem":-27.5,"votes_two_party":436},"g24_asm":null},"geometry":{"type":"Polygon","coordinates":[[[-120.37214,36.13646],[-120.3708,36.13645],[-120.36738,36.13646],[-120.36709,36.1375],[-120.3671,36.13956],[-120.36555,36.1406],[-120.36399,36.14204],[-120.36346,36.14379],[-120.35982,36.14383],[-120.35913,36.14383],[-120.35835,36.14358],[-120.35959,36.14228],[-120.35954,36.14094],[-120.35782,36.13982],[-120.35594,36.13869],[-120.35448,36.13776],[-120.35437,36.13725],[-120.35388,36.13653],[-120.35374,36.13502],[-120.35436,36.13441],[-120.35539,36.13404],[-120.36134,36.13402],[-120.36181,36.13535],[-120.36153,36.13587],[-120.36134,36.1365],[-120.36203,36.13643],[-120.3628,36.13622],[-120.36408,36.13572],[-120.36663,36.13306],[-120.3694,36.13014],[-120.37022,36.12925],[-120.37203,36.12924],[-120.37229,36.13073],[-120.37228,36.13423],[-120.37228,36.13486],[-120.37214,36.13646]]]}},{"type":"Feature","properties":{"county_fips":19,"srprec":"0000043","precinct_id":"019-0000043","g22_asm":{"dem_pct":45.2,"margin_dem":-9.7,"votes_two_party":465},"g24_asm":null},"geometry":{"type":"Polygon","coordinates":[[[-120.33509,36.1366],[-120.33118,36.13663],[-120.32613,36.13667],[-120.33026,36.12971],[-120.33226,36.12973],[-120.34209,36.12936],[-120.34986,36.1293],[-120.35819,36.12914],[-120.36167,36.12902],[-120.36556,36.12923],[-120.36995,36.12643],[-120.37244,36.12249],[-120.372,36.12638],[-120.37053,36.12892],[-120.36977,36.12975],[-120.36695,36.13271],[-120.36591,36.13382],[-120.3635,36.13633],[-120.3628,36.13622],[-120.36221,36.13635],[-120.36156,36.13651],[-120.3613,36.13621],[-120.36167,36.1357],[-120.36181,36.13495],[-120.36033,36.13403],[-120.35539,36.13404],[-120.35437,36.1344],[-120.35375,36.13445],[-120.35117,36.13478],[-120.34959,36.13522],[-120.34668,36.13565],[-120.34664,36.13533],[-120.34639,36.13569],[-120.34625,36.13623],[-120.34486,36.13665],[-120.34225,36.13658],[-120.33509,36.1366]]]}},{"type":"Feature","properties":{"county_fips":19,"srprec":"0000044","precinct_id":"019-0000044","g22_asm":{"dem_pct":81.8,"margin_dem":63.6,"votes_two_party":242},"g24_asm":null},"geometry":{"type":"Polygon","coordinates":[[[-120.10363,36.19585],[-120.10479,36.19583],[-120.10644,36.19583],[-120.1121,36.19579],[-120.11258,36.19951],[-120.11244,36.19964],[-120.11229,36.20307],[-120.10788,36.20316],[-120.10795,36.20946],[-120.10355,36.21039],[-120.10357,36.21163],[-120.1036,36.21431],[-120.10182,36.21384],[-120.09458,36.2128],[-120.09451,36.21202],[-120.09455,36.21114],[-120.09459,36.21032],[-120.09458,36.20933],[-120.09458,36.20896],[-120.09583,36.20785],[-120.09616,36.20839],[-120.09664,36.20821],[-120.09781,36.20751],[-120.0977,36.20732],[-120.09881,36.20677],[-120.0987,36.20597],[-120.09882,36.20555],[-120.09971,36.20468],[-120.0996,36.20452],[-120.09932,36.204],[-120.09884,36.20312],[-120.09856,36.20262],[-120.09814,36.2019],[-120.09778,36.20118],[-120.09776,36.20057],[-120.09776,36.19996],[-120.09911,36.19953],[-120.09943,36.19701],[-120.10209,36.19585],[-120.10363,36.19585]]]}},{"type":"Feature","properties":{"county_fips":19,"srprec":"0000045","precinct_id":"019-0000045","g22_asm":{"dem_pct":77.8,"margin_dem":55.6,"votes_two_party":225},"g24_asm":null},"geometry":{"type":"MultiPolygon","coordinates":[[[[-120.08178,36.2106],[-120.07983,36.21129],[-120.07918,36.21152],[-120.07567,36.21277],[-120.0756,36.21279],[-120.07554,36.21281],[-120.07195,36.21408],[-120.07123,36.21434],[-120.06837,36.21536],[-120.06834,36.21448],[-120.06828,36.21183],[-120.06825,36.211],[-120.06825,36.21095],[-120.06947,36.21093],[-120.07314,36.21088],[-120.07391,36.21088],[-120.07391,36.21043],[-120.07567,36.21041],[-120.08009,36.21037],[-120.08094,36.21036],[-120.08216,36.21035],[-120.0827,36.21027],[-120.08178,36.2106]]],[[[-120.08563,36.20978],[-120.08561,36.20934],[-120.08555,36.19596],[-120.09943,36.19701],[-120.09911,36.19953],[-120.09776,36.19996],[-120.09776,36.20057],[-120.09778,36.20118],[-120.09814,36.2019],[-120.09856,36.20262],[-120.09884,36.20312],[-120.09932,36.204],[-120.0996,36.20452],[-120.09971,36.20468],[-120.09882,36.20555],[-120.0987,36.20597],[-120.09881,36.20677],[-120.0977,36.20732],[-120.09781,36.20751],[-120.09664,36.20821],[-120.09616,36.20839],[-120.09583,36.20785],[-120.09458,36.20896],[-120.09458,36.20933],[-120.09459,36.21032],[-120.09405,36.21033],[-120.09344,36.21033],[-120.09272,36.21034],[-120.09212,36.21034],[-120.09179,36.21034],[-120.09124,36.21034],[-120.08566,36.21037],[-120.08566,36.2101],[-120.08563,36.20978]]]]}},{"type":"Feature","properties":{"county_fips":19,"srprec":"0000046","precinct_id":"019-0000046","g22_asm":{"dem_pct":0.0,"margin_dem":-100.0,"votes_two_party":1},"g24_asm":null},"geometry":{"type":"Polygon","coordinates":[[[-120.37246,36.78018],[-120.3723,36.77947],[-120.37229,36.77943],[-120.37229,36.77942],[-120.37224,36.77921],[-120.37213,36.77865],[-120.37213,36.77847],[-120.37214,36.77845],[-120.37214,36.77845],[-120.37215,36.7784],[-120.37216,36.77833],[-120.37218,36.77827],[-120.3722,36.77822],[-120.37232,36.77797],[-120.37243,36.77781],[-120.37246,36.77776],[-120.3725,36.7777],[-120.37332,36.7781],[-120.37353,36.77833],[-120.37358,36.77838],[-120.37377,36.77858],[-120.37403,36.77887],[-120.37408,36.77893],[-120.37448,36.77937],[-120.37514,36.77976],[-120.37272,36.78019],[-120.37247,36.78023],[-120.37246,36.78018]]]}},{"type":"Feature","properties":{"county_fips":19,"srprec":"0000047","precinct_id":"019-0000047","g22_asm":{"dem_pct":74.4,"margin_dem":48.9,"votes_two_party":884},"g24_asm":null},"geometry":{"type":"MultiPolygon","coordinates":[[[[-120.39574,36.76389],[-120.38887,36.76391],[-120.38867,36.76532],[-120.39233,36.76968],[-120.38625,36.77188],[-120.38266,36.7704],[-120.37593,36.76392],[-120.37598,36.76486],[-120.37577,36.76589],[-120.3718,36.76425],[-120.36883,36.75888],[-120.36871,36.75725],[-120.36841,36.76447],[-120.37316,36.77594],[-120.37002,36.77794],[-120.3691,36.77838],[-120.3645,36.77892],[-120.36447,36.77571],[-120.35904,36.76381],[-120.36355,36.75725],[-120.36513,36.74584],[-120.36865,36.74767],[-120.37235,36.7485],[-120.37382,36.7493],[-120.3778,36.74569],[-120.38416,36.73476],[-120.37803,36.73365],[-120.3782,36.72411],[-120.38075,36.72307],[-120.3871,36.72663],[-120.38692,36.74035],[-120.38685,36.74596],[-120.38845,36.74787],[-120.38988,36.74929],[-120.39147,36.75253],[-120.39426,36.75648],[-120.39574,36.76389]]],[[[-120.37708,36.77495],[-120.37614,36.77529],[-120.37559,36.77549],[-120.37387,36.77614],[-120.37345,36.77625],[-120.37353,36.77614],[-120.3736,36.77603],[-120.37376,36.77581],[-120.3747,36.77449],[-120.37488,36.77423],[-120.375,36.77405],[-120.37557,36.77323],[-120.3756,36.77318],[-120.3756,36.77318],[-120.37585,36.77283],[-120.3759,36.77275],[-120.37708,36.77495]]]]}},{"type":"Feature","properties":{"county_fips":19,"srprec":"0000316","precinct_id":"019-0000316","g22_asm":{"dem_pct":21.3,"margin_dem":-57.4,"votes_two_party":94},"g24_asm":null},"geometry":{"type":"Polygon","coordinates":[[[-119.86252,36.64526],[-119.86258,36.64111],[-119.86267,36.634],[-119.85363,36.63404],[-119.84913,36.63408],[-119.84467,36.63412],[-119.84457,36.63267],[-119.8446,36.62817],[-119.84461,36.62679],[-119.8446,36.62629],[-119.84464,36.62104],[-119.84577,36.61958],[-119.85374,36.61955],[-119.86279,36.61949],[-119.86999,36.61943],[-119.87623,36.61939],[-119.8808,36.61935],[-119.88072,36.62663],[-119.89517,36.62654],[-119.89876,36.62934],[-119.90067,36.62876],[-119.90824,36.63245],[-119.90858,36.64824],[-119.92187,36.64814],[-119.94367,36.648],[-119.95243,36.64846],[-119.95224,36.66249],[-119.93529,36.66257],[-119.92086,36.66266],[-119.90964,36.66265],[-119.90668,36.66216],[-119.90063,36.66285],[-119.90021,36.66295],[-119.89717,36.66294],[-119.89191,36.66286],[-119.86252,36.64526]]]}},{"type":"Feature","properties":{"county_fips":19,"srprec":"0000343","precinct_id":"019-0000343","g22_asm":{"dem_pct":37.5,"margin_dem":-25.0,"votes_two_party":8},"g24_asm":null},"geometry":{"type":"Polygon","coordinates":[[[-119.87609,36.80096],[-119.88072,36.80409],[-119.88653,36.80808],[-119.88618,36.80808],[-119.88593,36.80809],[-119.88523,36.8081],[-119.88402,36.80814],[-119.88298,36.80817],[-119.88086,36.80821],[-119.87757,36.80823],[-119.87709,36.80823],[-119.87508,36.80823],[-119.87226,36.80824],[-119.87033,36.80825],[-119.86851,36.80825],[-119.86681,36.80825],[-119.86419,36.80825],[-119.86382,36.80826],[-119.86352,36.80826],[-119.86172,36.80828],[-119.859,36.80828],[-119.85812,36.80734],[-119.85808,36.80629],[-119.85805,36.80573],[-119.85791,36.80394],[-119.85712,36.80308],[-119.85647,36.80276],[-119.85663,36.80215],[-119.85657,36.80045],[-119.85334,36.79757],[-119.8533,36.79371],[-119.85482,36.79367],[-119.85642,36.79345],[-119.85783,36.79331],[-119.8601,36.79342],[-119.86043,36.79344],[-119.86089,36.79346],[-119.86181,36.79352],[-119.86385,36.79365],[-119.8688,36.79605],[-119.87609,36.80096]]]}},{"type":"Feature","properties":{"county_fips":19,"srprec":"0000391","precinct_id":"019-0000391","g22_asm":{"dem_pct":4.7,"margin_dem":-90.6,"votes_two_party":64},"g24_asm":null},"geometry":{"type":"Polygon","coordinates":[[[-119.96281,36.72053],[-119.96476,36.72051],[-119.96823,36.7205],[-119.97003,36.7205],[-119.97002,36.72194],[-119.96998,36.72628],[-119.96996,36.72773],[-119.96996,36.72918],[-119.96996,36.73356],[-119.96997,36.73502],[-119.96814,36.73503],[-119.96267,36.73505],[-119.96085,36.73506],[-119.95976,36.73507],[-119.95972,36.73507],[-119.95703,36.73509],[-119.95648,36.7351],[-119.95549,36.73511],[-119.95538,36.73511],[-119.95467,36.73511],[-119.95253,36.73512],[-119.95208,36.73512],[-119.95195,36.73512],[-119.95181,36.73512],[-119.9501,36.73513],[-119.94495,36.73516],[-119.94324,36.73517],[-119.94146,36.73518],[-119.93613,36.7352],[-119.93435,36.73521],[-119.93433,36.73475],[-119.93434,36.73376],[-119.93434,36.73104],[-119.93436,36.7294],[-119.93437,36.72816],[-119.93436,36.72795],[-119.93438,36.72655],[-119.93437,36.7265],[-119.93436,36.72309],[-119.93438,36.72232],[-119.93438,36.72215],[-119.93438,36.72106],[-119.93439,36.7207],[-119.93617,36.72069],[-119.94152,36.72064],[-119.94167,36.72064],[-119.9433,36.72065],[-119.94503,36.72063],[-119.94659,36.72061],[-119.95019,36.7206],[-119.95192,36.7206],[-119.95232,36.72059],[-119.95373,36.72058],[-119.95919,36.72055],[-119.96085,36.72054],[-119.96101,36.72054],[-119.96281,36.72053]]]}},{"type":"Feature","properties":{"county_fips":19,"srprec":"0000398","precinct_id":"019-0000398","g22_asm":{"dem_pct":44.4,"margin_dem":-11.1,"votes_two_party":9},"g24_asm":null},"geometry":{"type":"Polygon","coordinates":[[[-119.8492,36.77918],[-119.84913,36.77917],[-119.84912,36.77917],[-119.84892,36.77914],[-119.84894,36.77887],[-119.84894,36.77883],[-119.84894,36.77881],[-119.84896,36.77877],[-119.84899,36.77874],[-119.849,36.77872],[-119.84901,36.77868],[-119.849,36.77815],[-119.84959,36.77815],[-119.84983,36.77815],[-119.84986,36.77816],[-119.84989,36.77818],[-119.84989,36.77821],[-119.84991,36.77917],[-119.8492,36.77918]]]}},{"type":"Feature","properties":{"county_fips":19,"srprec":"0000402","precinct_id":"019-0000402","g22_asm":{"dem_pct":75.0,"margin_dem":50.0,"votes_two_party":12},"g24_asm":null},"geometry":{"type":"Polygon","coordinates":[[[-119.85691,36.77799],[-119.85722,36.77797],[-119.85729,36.77797],[-119.85739,36.77797],[-119.85748,36.77797],[-119.85773,36.77797],[-119.85781,36.77797],[-119.85781,36.7782],[-119.85781,36.77891],[-119.85781,36.77915],[-119.85763,36.77915],[-119.8571,36.77914],[-119.85692,36.77914],[-119.85673,36.77914],[-119.85618,36.77914],[-119.856,36.77914],[-119.85599,36.77891],[-119.85599,36.77883],[-119.85599,36.77821],[-119.85599,36.77798],[-119.85617,36.77798],[-119.85672,36.77798],[-119.85686,36.77798],[-119.85691,36.77799]]]}},{"type":"Feature","properties":{"county_fips":19,"srprec":"0000412","precinct_id":"019-0000412","g22_asm":null,"g24_asm":{"dem_pct":54.5,"margin_dem":9.1,"votes_two_party":11}},"geometry":{"type":"Polygon","coordinates":[[[-119.87548,36.77725],[-119.87575,36.77726],[-119.8803,36.77725],[-119.8803,36.77739],[-119.8803,36.7786],[-119.8803,36.77907],[-119.87941,36.77906],[-119.87839,36.77906],[-119.87672,36.77907],[-119.87583,36.77907],[-119.87492,36.77907],[-119.8722,36.77908],[-119.8713,36.77908],[-119.87127,36.77908],[-119.87078,36.77909],[-119.87001,36.77909],[-119.86991,36.77909],[-119.86922,36.77909],[-119.86883,36.7791],[-119.86883,36.77744],[-119.87127,36.77743],[-119.87127,36.77743],[-119.87128,36.77765],[-119.8713,36.77816],[-119.8713,36.77817],[-119.8713,36.77822],[-119.87243,36.77776],[-119.87283,36.7776],[-119.87319,36.77754],[-119.87336,36.77753],[-119.87345,36.77753],[-119.87348,36.77753],[-119.87381,36.77758],[-119.87485,36.77813],[-119.87525,36.77835],[-119.87526,36.77725],[-119.87526,36.77724],[-119.87548,36.77725]]]}},{"type":"Feature","properties":{"county_fips":19,"srprec":"0000413","precinct_id":"019-0000413","g22_asm":null,"g24_asm":{"dem_pct":60.1,"margin_dem":20.3,"votes_two_party":3318}},"geometry":{"type":"Polygon","coordinates":[[[-119.88471,36.77638],[-119.88474,36.77704],[-119.88474,36.77705],[-119.88479,36.77705],[-119.88482,36.77705],[-119.88483,36.77904],[-119.88481,36.77904],[-119.8846,36.77904],[-119.88435,36.77904],[-119.88374,36.77904],[-119.88131,36.77905],[-119.88116,36.77905],[-119.88061,36.77906],[-119.88032,36.77907],[-119.8803,36.77907],[-119.8803,36.7786],[-119.8803,36.77739],[-119.8803,36.77725],[-119.8803,36.7772],[-119.8803,36.77688],[-119.8803,36.77674],[-119.8803,36.77664],[-119.88471,36.77638]]]}},{"type":"Feature","properties":{"county_fips":19,"srprec":"0000418","precinct_id":"019-0000418","g22_asm":{"dem_pct":25.0,"margin_dem":-50.0,"votes_two_party":16},"g24_asm":null},"geometry":{"type":"Polygon","coordinates":[[[-119.92157,36.74984],[-119.92338,36.74984],[-119.92385,36.74984],[-119.9249,36.74983],[-119.92514,36.74984],[-119.92514,36.74984],[-119.92518,36.74985],[-119.92519,36.75],[-119.92518,36.75168],[-119.92517,36.75451],[-119.92519,36.75611],[-119.92516,36.75705],[-119.92488,36.75704],[-119.92127,36.75707],[-119.92002,36.75709],[-119.92157,36.74984]]]}},{"type":"Feature","properties":{"county_fips":19,"srprec":"0000419","precinct_id":"019-0000419","g22_asm":{"dem_pct":30.6,"margin_dem":-38.9,"votes_two_party":36},"g24_asm":null},"geometry":{"type":"Polygon","coordinates":[[[-119.92002,36.75709],[-119.92127,36.75707],[-119.92488,36.75704],[-119.92516,36.75705],[-119.92519,36.75611],[-119.92517,36.75451],[-119.92518,36.75168],[-119.92519,36.75],[-119.92518,36.74985],[-119.92535,36.74984],[-119.92538,36.74984],[-119.92698,36.74983],[-119.92755,36.74982],[-119.93239,36.7498],[-119.93405,36.7498],[-119.9342,36.7498],[-119.9342,36.74983],[-119.93418,36.75117],[-119.93418,36.75124],[-119.93416,36.75557],[-119.93415,36.75702],[-119.93414,36.75846],[-119.93411,36.76279],[-119.93411,36.76412],[-119.9341,36.76423],[-119.93385,36.76424],[-119.93232,36.76425],[-119.93072,36.76425],[-119.93071,36.76425],[-119.92696,36.76428],[-119.92669,36.76428],[-119.92517,36.76429],[-119.92476,36.7643],[-119.91847,36.76433],[-119.92002,36.75709]]]}},{"type":"Feature","properties":{"county_fips":19,"srprec":"0000420","precinct_id":"019-0000420","g22_asm":{"dem_pct":13.3,"margin_dem":-73.3,"votes_two_party":15},"g24_asm":null},"geometry":{"type":"Polygon","coordinates":[[[-119.92312,36.74255],[-119.93069,36.74251],[-119.93427,36.74249],[-119.93428,36.74103],[-119.93433,36.73666],[-119.93435,36.73521],[-119.93613,36.7352],[-119.94146,36.73518],[-119.94324,36.73517],[-119.94495,36.73516],[-119.9501,36.73513],[-119.95181,36.73512],[-119.9518,36.73657],[-119.95179,36.73841],[-119.95179,36.74091],[-119.95178,36.74236],[-119.95178,36.74245],[-119.95179,36.74307],[-119.95179,36.7444],[-119.95178,36.74519],[-119.95178,36.7459],[-119.95178,36.74597],[-119.95177,36.74666],[-119.95177,36.74894],[-119.95176,36.74954],[-119.95176,36.74957],[-119.95176,36.7497],[-119.95174,36.7497],[-119.95004,36.7497],[-119.94534,36.74973],[-119.9449,36.74974],[-119.94328,36.74976],[-119.94318,36.74976],[-119.94138,36.74977],[-119.936,36.74979],[-119.9342,36.7498],[-119.93405,36.7498],[-119.93239,36.7498],[-119.92755,36.74982],[-119.92698,36.74983],[-119.92538,36.74984],[-119.92535,36.74984],[-119.92518,36.74985],[-119.92514,36.74984],[-119.92514,36.74984],[-119.9249,36.74983],[-119.92385,36.74984],[-119.92338,36.74984],[-119.92157,36.74984],[-119.92312,36.74255]]]}},{"type":"Feature","properties":{"county_fips":19,"srprec":"0000421","precinct_id":"019-0000421","g22_asm":{"dem_pct":37.0,"margin_dem":-25.9,"votes_two_party":27},"g24_asm":null},"geometry":{"type":"Polygon","coordinates":[[[-119.95178,36.74519],[-119.95179,36.7444],[-119.95179,36.74307],[-119.95178,36.74245],[-119.95178,36.74236],[-119.95179,36.74091],[-119.95179,36.73841],[-119.9518,36.73657],[-119.95181,36.73512],[-119.95195,36.73512],[-119.95208,36.73512],[-119.95253,36.73512],[-119.95467,36.73511],[-119.95538,36.73511],[-119.95549,36.73511],[-119.95648,36.7351],[-119.95703,36.73509],[-119.95972,36.73507],[-119.95976,36.73507],[-119.96085,36.73506],[-119.96267,36.73505],[-119.96814,36.73503],[-119.96997,36.73502],[-119.96995,36.73636],[-119.96991,36.7404],[-119.9699,36.74156],[-119.9699,36.74162],[-119.9699,36.74175],[-119.9699,36.74182],[-119.96991,36.74207],[-119.96991,36.74215],[-119.96991,36.74217],[-119.96991,36.74223],[-119.96991,36.74225],[-119.96991,36.74372],[-119.9699,36.74465],[-119.9699,36.74814],[-119.9699,36.74929],[-119.9699,36.74961],[-119.96809,36.74961],[-119.96458,36.74961],[-119.96264,36.74962],[-119.96083,36.74963],[-119.95901,36.74964],[-119.95658,36.74965],[-119.95427,36.74969],[-119.95357,36.74969],[-119.95176,36.7497],[-119.95176,36.74957],[-119.95176,36.74954],[-119.95177,36.74894],[-119.95177,36.74666],[-119.95178,36.74597],[-119.95178,36.7459],[-119.95178,36.74519]]]}},{"type":"Feature","properties":{"county_fips":19,"srprec":"0000422","precinct_id":"019-0000422","g22_asm":{"dem_pct":11.1,"margin_dem":-77.8,"votes_two_party":63},"g24_asm":null},"geometry":{"type":"Polygon","coordinates":[[[-119.96992,36.76058],[-119.96994,36.76361],[-119.96998,36.76704],[-119.97005,36.77509],[-119.97006,36.77579],[-119.97009,36.7785],[-119.96902,36.7787],[-119.96558,36.77871],[-119.964,36.77871],[-119.96104,36.77871],[-119.95692,36.7787],[-119.95511,36.7787],[-119.95217,36.7787],[-119.95024,36.7787],[-119.94329,36.77872],[-119.94323,36.77872],[-119.94306,36.77873],[-119.93605,36.77875],[-119.93425,36.77586],[-119.93418,36.77036],[-119.93412,36.76442],[-119.93411,36.76412],[-119.93414,36.75846],[-119.93416,36.75557],[-119.93418,36.75117],[-119.9342,36.7498],[-119.94138,36.74977],[-119.94328,36.74976],[-119.94534,36.74973],[-119.95174,36.7497],[-119.95357,36.74969],[-119.95658,36.74965],[-119.96083,36.74963],[-119.96458,36.74961],[-119.9699,36.74961],[-119.9699,36.75107],[-119.9699,36.75466],[-119.9699,36.75545],[-119.96991,36.75691],[-119.96992,36.76047],[-119.96992,36.76058]]]}},{"type":"Feature","properties":{"county_fips":19,"srprec":"0000423","precinct_id":"019-0000423","g22_asm":{"dem_pct":5.5,"margin_dem":-89.1,"votes_two_party":110},"g24_asm":null},"geometry":{"type":"Polygon","coordinates":[[[-120.00611,36.77867],[-119.99871,36.77865],[-119.99674,36.77866],[-119.97917,36.77868],[-119.97009,36.7787],[-119.97006,36.77568],[-119.96995,36.76412],[-119.96992,36.76047],[-119.96991,36.7569],[-119.96989,36.7526],[-119.9699,36.74929],[-119.96991,36.74225],[-119.96991,36.74207],[-119.9699,36.74156],[-119.96996,36.73356],[-119.97002,36.72194],[-119.97977,36.72042],[-119.98819,36.72186],[-119.98992,36.72767],[-119.997,36.72767],[-119.99706,36.73056],[-119.99703,36.73371],[-119.99703,36.73416],[-119.99746,36.73496],[-120.00602,36.73544],[-120.00606,36.73652],[-120.00604,36.73924],[-120.00607,36.74222],[-120.00613,36.74855],[-120.00619,36.7554],[-120.0062,36.75686],[-120.00624,36.76261],[-120.00625,36.76411],[-120.00631,36.77171],[-120.00632,36.77388],[-120.00611,36.77867]]]}},{"type":"Feature","properties":{"county_fips":19,"srprec":"0000424","precinct_id":"019-0000424","g22_asm":{"dem_pct":12.5,"margin_dem":-75.0,"votes_two_party":48},"g24_asm":null},"geometry":{"type":"Polygon","coordinates":[[[-120.03336,36.81515],[-120.03383,36.81356],[-120.03374,36.81153],[-120.03374,36.81137],[-120.03375,36.80774],[-120.03365,36.79323],[-120.0291,36.79324],[-120.0288,36.79136],[-120.02437,36.78955],[-120.01548,36.78957],[-120.01547,36.78673],[-120.01087,36.78609],[-120.00639,36.78462],[-120.00996,36.77866],[-120.01722,36.77865],[-120.02886,36.77866],[-120.03326,36.77866],[-120.04076,36.77865],[-120.04261,36.78593],[-120.04263,36.78856],[-120.04265,36.7932],[-120.0427,36.79982],[-120.04276,36.80774],[-120.04281,36.81023],[-120.04285,36.81425],[-120.04299,36.81502],[-120.05177,36.81498],[-120.05672,36.81498],[-120.05743,36.81609],[-120.05626,36.8176],[-120.05605,36.82286],[-120.05086,36.82186],[-120.04781,36.8189],[-120.04076,36.81526],[-120.03694,36.81559],[-120.03418,36.81549],[-120.03322,36.81533],[-120.03336,36.81515]]]}},{"type":"Feature","properties":{"county_fips":19,"srprec":"0000425","precinct_id":"019-0000425","g22_asm":{"dem_pct":19.1,"margin_dem":-61.8,"votes_two_party":157},"g24_asm":null},"geometry":{"type":"Polygon","coordinates":[[[-120.0012,36.8273],[-119.99984,36.8273],[-119.99567,36.82817],[-119.9916,36.82955],[-119.99095,36.83029],[-119.99087,36.83152],[-119.99123,36.83216],[-119.97361,36.83391],[-119.97108,36.83306],[-119.97047,36.83031],[-119.97044,36.82688],[-119.9704,36.81853],[-119.9704,36.81791],[-119.97038,36.8151],[-119.97034,36.80774],[-119.97028,36.80036],[-119.97015,36.78596],[-119.97735,36.77869],[-119.99674,36.77866],[-120.00144,36.77867],[-120.00639,36.78462],[-120.01179,36.78609],[-120.01548,36.78929],[-120.02,36.78955],[-120.0288,36.79128],[-120.0291,36.79324],[-120.03367,36.79612],[-120.03375,36.80789],[-120.03374,36.8114],[-120.03374,36.81333],[-120.03336,36.81515],[-120.02814,36.81448],[-120.02535,36.81545],[-120.0012,36.8273]],[[-120.02174,36.79963],[-120.02174,36.79987],[-120.01645,36.79986],[-120.01642,36.79983],[-120.01641,36.79982],[-120.01636,36.7998],[-120.01623,36.79975],[-120.01582,36.79975],[-120.01577,36.79975],[-120.01557,36.79975],[-120.01542,36.79975],[-120.01539,36.79975],[-120.01533,36.79975],[-120.01518,36.79975],[-120.01484,36.79976],[-120.0148,36.79977],[-120.01466,36.79982],[-120.01463,36.79985],[-120.01463,36.79985],[-120.01459,36.79988],[-120.01433,36.79965],[-120.01315,36.79965],[-120.01315,36.80043],[-120.0135,36.80043],[-120.0135,36.80065],[-120.0135,36.80773],[-120.01457,36.80773],[-120.01477,36.80773],[-120.01537,36.80773],[-120.01557,36.80773],[-120.01577,36.80772],[-120.01638,36.80771],[-120.01658,36.80771],[-120.01727,36.80771],[-120.01813,36.80771],[-120.01935,36.80771],[-120.02004,36.80771],[-120.0203,36.80771],[-120.02109,36.80771],[-120.02135,36.80771],[-120.02201,36.80771],[-120.024,36.80771],[-120.02467,36.80771],[-120.02581,36.80771],[-120.02581,36.80044],[-120.02581,36.79973],[-120.0246,36.79977],[-120.0246,36.79963],[-120.02174,36.79963]]]}},{"type":"Feature","properties":{"county_fips":19,"srprec":"0000426","precinct_id":"019-0000426","g22_asm":{"dem_pct":86.1,"margin_dem":72.3,"votes_two_party":166},"g24_asm":{"dem_pct":28.6,"margin_dem":-42.9,"votes_two_party":28}},"geometry":{"type":"Polygon","coordinates":[[[-120.02581,36.80771],[-120.02467,36.80771],[-120.024,36.80771],[-120.02201,36.80771],[-120.02135,36.80771],[-120.02109,36.80771],[-120.0203,36.80771],[-120.02004,36.80771],[-120.01935,36.80771],[-120.01813,36.80771],[-120.01727,36.80771],[-120.01658,36.80771],[-120.01638,36.80771],[-120.01577,36.80772],[-120.01557,36.80773],[-120.01537,36.80773],[-120.01477,36.80773],[-120.01457,36.80773],[-120.0135,36.80773],[-120.0135,36.80065],[-120.0135,36.80043],[-120.01315,36.80043],[-120.01315,36.79965],[-120.01433,36.79965],[-120.01459,36.79988],[-120.01463,36.79985],[-120.01463,36.79985],[-120.01466,36.79982],[-120.0148,36.79977],[-120.01484,36.79976],[-120.01518,36.79975],[-120.01533,36.79975],[-120.01539,36.79975],[-120.01542,36.79975],[-120.01557,36.79975],[-120.01577,36.79975],[-120.01582,36.79975],[-120.01623,36.79975],[-120.01636,36.7998],[-120.01641,36.79982],[-120.01642,36.79983],[-120.01645,36.79986],[-120.02174,36.79987],[-120.02174,36.79963],[-120.0246,36.79963],[-120.0246,36.79977],[-120.02581,36.79973],[-120.02581,36.80044],[-120.02581,36.80771]]]}},{"type":"Feature","properties":{"county_fips":19,"srprec":"0000427","precinct_id":"019-0000427","g22_asm":{"dem_pct":25.6,"margin_dem":-48.8,"votes_two_party":410},"g24_asm":{"dem_pct":58.1,"margin_dem":16.2,"votes_two_party":74}},"geometry":{"type":"Polygon","coordinates":[[[-119.91629,36.77456],[-119.93412,36.76442],[-119.94324,36.77872],[-119.96104,36.77871],[-119.97015,36.78596],[-119.97033,36.80631],[-119.9704,36.81788],[-119.97042,36.82065],[-119.97049,36.83123],[-119.96971,36.83221],[-119.96589,36.83167],[-119.96143,36.83256],[-119.95632,36.83262],[-119.95313,36.83304],[-119.95079,36.83211],[-119.94473,36.83372],[-119.94377,36.83405],[-119.93449,36.83696],[-119.9314,36.84239],[-119.92776,36.8402],[-119.92343,36.83682],[-119.91759,36.83226],[-119.90718,36.82389],[-119.913,36.82588],[-119.91655,36.821],[-119.91992,36.82237],[-119.92329,36.81787],[-119.92556,36.81437],[-119.92327,36.81167],[-119.91546,36.80793],[-119.90741,36.80325],[-119.91213,36.8007],[-119.92531,36.78251],[-119.91628,36.77456],[-119.91629,36.77456]]]}},{"type":"Feature","properties":{"county_fips":19,"srprec":"0000428","precinct_id":"019-0000428","g22_asm":{"dem_pct":100.0,"margin_dem":100.0,"votes_two_party":1},"g24_asm":null},"geometry":{"type":"Polygon","coordinates":[[[-119.96664,36.83248],[-119.96185,36.83462],[-119.95912,36.83532],[-119.95684,36.83552],[-119.9521,36.83478],[-119.94737,36.83451],[-119.94351,36.83403],[-119.94388,36.83401],[-119.94379,36.83394],[-119.94373,36.83364],[-119.94473,36.83372],[-119.9456,36.83371],[-119.94679,36.83333],[-119.94962,36.83238],[-119.95104,36.83208],[-119.95171,36.83221],[-119.95236,36.83268],[-119.95288,36.83296],[-119.95369,36.83317],[-119.95433,36.83314],[-119.95512,36.83298],[-119.95632,36.83262],[-119.95729,36.8326],[-119.95883,36.83249],[-119.96046,36.83254],[-119.96162,36.83255],[-119.96251,36.83227],[-119.96334,36.83201],[-119.96542,36.8317],[-119.96677,36.83159],[-119.96731,36.83159],[-119.96847,36.83186],[-119.96971,36.83221],[-119.97,36.83219],[-119.9704,36.83192],[-119.97046,36.8318],[-119.96664,36.83248]]]}},{"type":"Feature","properties":{"county_fips":19,"srprec":"0000429","precinct_id":"019-0000429","g22_asm":null,"g24_asm":{"dem_pct":57.8,"margin_dem":15.5,"votes_two_party":1470}},"geometry":{"type":"Polygon","coordinates":[[[-119.93689,36.8368],[-119.93609,36.8373],[-119.93577,36.83788],[-119.93448,36.84039],[-119.9337,36.84013],[-119.93272,36.84258],[-119.93249,36.84247],[-119.93142,36.84197],[-119.93257,36.84043],[-119.93292,36.83909],[-119.93449,36.83696],[-119.93533,36.83668],[-119.9356,36.8367],[-119.93625,36.83675],[-119.93689,36.8368]]]}},{"type":"Feature","properties":{"county_fips":19,"srprec":"0000430","precinct_id":"019-0000430","g22_asm":{"dem_pct":53.3,"margin_dem":6.6,"votes_two_party":1253},"g24_asm":{"dem_pct":56.3,"margin_dem":12.7,"votes_two_party":1438}},"geometry":{"type":"Polygon","coordinates":[[[-119.92559,36.81507],[-119.92329,36.81787],[-119.9211,36.82236],[-119.91835,36.82239],[-119.9178,36.82049],[-119.91656,36.82208],[-119.91655,36.82535],[-119.91258,36.82516],[-119.91236,36.82369],[-119.91299,36.82243],[-119.91125,36.81991],[-119.91003,36.81773],[-119.90738,36.81682],[-119.90534,36.81553],[-119.90298,36.81529],[-119.89817,36.81538],[-119.89625,36.81536],[-119.8907,36.81111],[-119.89096,36.8109],[-119.89119,36.81073],[-119.89162,36.81048],[-119.89219,36.81021],[-119.89267,36.80995],[-119.89452,36.80902],[-119.89486,36.80885],[-119.89589,36.80835],[-119.89666,36.80821],[-119.89834,36.80822],[-119.89848,36.80798],[-119.90744,36.80794],[-119.91546,36.80793],[-119.921,36.8108],[-119.92327,36.81168],[-119.92556,36.81231],[-119.92556,36.81478],[-119.92559,36.81507]]]}},{"type":"Feature","properties":{"county_fips":19,"srprec":"0000431","precinct_id":"019-0000431","g22_asm":{"dem_pct":55.2,"margin_dem":10.4,"votes_two_party":337},"g24_asm":null},"geometry":{"type":"Polygon","coordinates":[[[-119.93172,36.84301],[-119.92081,36.83733],[-119.91295,36.83281],[-119.89946,36.8237],[-119.89507,36.82072],[-119.89459,36.82041],[-119.89345,36.81966],[-119.89099,36.81798],[-119.88715,36.81539],[-119.88685,36.81492],[-119.88778,36.81547],[-119.88946,36.81539],[-119.89347,36.81538],[-119.89537,36.81537],[-119.89625,36.81536],[-119.89817,36.81538],[-119.90298,36.81529],[-119.90534,36.81553],[-119.90738,36.81682],[-119.91003,36.81773],[-119.91125,36.81991],[-119.91299,36.82243],[-119.91236,36.82369],[-119.91258,36.82516],[-119.91159,36.82533],[-119.91234,36.82796],[-119.90533,36.82246],[-119.91748,36.83236],[-119.92154,36.83529],[-119.92343,36.83682],[-119.92507,36.83812],[-119.92833,36.84058],[-119.92904,36.84106],[-119.93226,36.84284],[-119.93249,36.84304],[-119.93172,36.84301]]]}},{"type":"Feature","properties":{"county_fips":19,"srprec":"0000432","precinct_id":"019-0000432","g22_asm":{"dem_pct":16.7,"margin_dem":-66.7,"votes_two_party":6},"g24_asm":null},"geometry":{"type":"Polygon","coordinates":[[[-119.88971,36.81539],[-119.88898,36.81539],[-119.88838,36.81541],[-119.888,36.81562],[-119.88764,36.81538],[-119.88711,36.81502],[-119.88688,36.81488],[-119.88712,36.81465],[-119.88725,36.81452],[-119.88735,36.81439],[-119.88769,36.81354],[-119.88779,36.81343],[-119.88808,36.81321],[-119.88815,36.81316],[-119.88827,36.81307],[-119.88838,36.81296],[-119.88844,36.81293],[-119.88851,36.81286],[-119.88862,36.8128],[-119.88885,36.81258],[-119.88901,36.81246],[-119.88932,36.81222],[-119.88944,36.81211],[-119.88972,36.81189],[-119.89006,36.81162],[-119.89018,36.81152],[-119.89043,36.81132],[-119.89055,36.81122],[-119.89065,36.81114],[-119.8907,36.81111],[-119.89075,36.81115],[-119.89607,36.81536],[-119.89544,36.81537],[-119.89537,36.81537],[-119.89508,36.81538],[-119.89468,36.81538],[-119.89347,36.81538],[-119.89248,36.81538],[-119.89015,36.81538],[-119.88971,36.81539]]]}},{"type":"Feature","properties":{"county_fips":19,"srprec":"0000433","precinct_id":"019-0000433","g22_asm":{"dem_pct":53.7,"margin_dem":7.3,"votes_two_party":41},"g24_asm":{"dem_pct":36.4,"margin_dem":-27.3,"votes_two_party":11}},"geometry":{"type":"Polygon","coordinates":[[[-119.88948,36.80796],[-119.88948,36.80681],[-119.88946,36.80632],[-119.88946,36.80548],[-119.88944,36.80481],[-119.88952,36.80406],[-119.89244,36.80426],[-119.89317,36.80438],[-119.89573,36.80436],[-119.89841,36.80433],[-119.89844,36.80793],[-119.89844,36.80817],[-119.89834,36.80822],[-119.89774,36.80821],[-119.89666,36.80821],[-119.89609,36.80829],[-119.89589,36.80835],[-119.89536,36.8086],[-119.89486,36.80885],[-119.89467,36.80894],[-119.89452,36.80902],[-119.89366,36.80946],[-119.89267,36.80995],[-119.89244,36.81007],[-119.89219,36.81021],[-119.89189,36.81036],[-119.89162,36.81048],[-119.8914,36.8106],[-119.89119,36.81073],[-119.89107,36.81083],[-119.89096,36.8109],[-119.89092,36.81094],[-119.8907,36.81111],[-119.88875,36.80956],[-119.88684,36.80807],[-119.88725,36.80807],[-119.88745,36.80806],[-119.88797,36.80806],[-119.88948,36.80796]]]}},{"type":"Feature","properties":{"county_fips":19,"srprec":"0000434","precinct_id":"019-0000434","g22_asm":null,"g24_asm":{"dem_pct":47.8,"margin_dem":-4.4,"votes_two_party":523}},"geometry":{"type":"Polygon","coordinates":[[[-119.91809,36.77889],[-119.92126,36.77887],[-119.92176,36.77886],[-119.92192,36.77886],[-119.92192,36.77886],[-119.92191,36.78248],[-119.92531,36.78251],[-119.92531,36.78255],[-119.92531,36.78276],[-119.92532,36.78322],[-119.92538,36.78946],[-119.92539,36.78954],[-119.92546,36.79636],[-119.92547,36.79793],[-119.9255,36.80056],[-119.9255,36.80074],[-119.91642,36.80072],[-119.91642,36.80064],[-119.91642,36.80063],[-119.91642,36.80045],[-119.91641,36.79924],[-119.9164,36.79884],[-119.9164,36.79846],[-119.91639,36.79734],[-119.91639,36.79696],[-119.91637,36.79469],[-119.91637,36.79424],[-119.91637,36.79343],[-119.91638,36.79309],[-119.91635,36.79099],[-119.91634,36.78645],[-119.91634,36.78599],[-119.91628,36.77909],[-119.91629,36.7789],[-119.91809,36.77889]]]}},{"type":"Feature","properties":{"county_fips":19,"srprec":"0000435","precinct_id":"019-0000435","g22_asm":{"dem_pct":80.0,"margin_dem":60.0,"votes_two_party":35},"g24_asm":{"dem_pct":50.2,"margin_dem":0.3,"votes_two_party":323}},"geometry":{"type":"Polygon","coordinates":[[[-119.89068,36.81112],[-119.89055,36.81122],[-119.89037,36.81137],[-119.89006,36.81162],[-119.88964,36.81195],[-119.88932,36.81222],[-119.88891,36.81254],[-119.88862,36.8128],[-119.88845,36.81291],[-119.88838,36.81296],[-119.88817,36.81314],[-119.88808,36.81321],[-119.88774,36.81349],[-119.88735,36.81439],[-119.8872,36.81456],[-119.88688,36.81488],[-119.88658,36.81467],[-119.88495,36.81356],[-119.88199,36.81157],[-119.8791,36.80952],[-119.87753,36.80823],[-119.87992,36.80822],[-119.88097,36.80821],[-119.88298,36.80817],[-119.88378,36.80815],[-119.88501,36.80811],[-119.88587,36.80809],[-119.88593,36.80809],[-119.88617,36.80808],[-119.88644,36.80808],[-119.88655,36.80808],[-119.88683,36.80821],[-119.89065,36.81106],[-119.89068,36.81112]]]}},{"type":"Feature","properties":{"county_fips":19,"srprec":"0000436","precinct_id":"019-0000436","g22_asm":{"dem_pct":64.8,"margin_dem":29.6,"votes_two_party":1187},"g24_asm":{"dem_pct":51.5,"margin_dem":3.0,"votes_two_party":837}},"geometry":{"type":"Polygon","coordinates":[[[-119.8805,36.80394],[-119.8688,36.79605],[-119.86615,36.79362],[-119.86697,36.7936],[-119.87134,36.79362],[-119.87306,36.79363],[-119.87633,36.79362],[-119.87679,36.7929],[-119.87614,36.7929],[-119.87805,36.79247],[-119.8769,36.79173],[-119.87628,36.79123],[-119.87627,36.79046],[-119.87585,36.79031],[-119.87585,36.78963],[-119.87584,36.78879],[-119.87583,36.78672],[-119.87717,36.78633],[-119.87947,36.78632],[-119.88038,36.78779],[-119.88037,36.78995],[-119.88037,36.79058],[-119.88037,36.79187],[-119.88037,36.79337],[-119.8811,36.79357],[-119.88396,36.79355],[-119.88776,36.79355],[-119.88884,36.79354],[-119.88938,36.79392],[-119.88947,36.79598],[-119.88942,36.798],[-119.88945,36.79962],[-119.88952,36.80406],[-119.88945,36.80508],[-119.88946,36.80602],[-119.88948,36.80681],[-119.88948,36.80806],[-119.88753,36.80806],[-119.88725,36.80807],[-119.88664,36.80808],[-119.8805,36.80394]],[[-119.87696,36.79332],[-119.87701,36.79335],[-119.87705,36.79336],[-119.87739,36.79336],[-119.87742,36.79334],[-119.87745,36.79328],[-119.87744,36.7929],[-119.87734,36.7929],[-119.87696,36.7929],[-119.87696,36.79332]]]}},{"type":"Feature","properties":{"county_fips":19,"srprec":"0000437","precinct_id":"019-0000437","g22_asm":{"dem_pct":61.3,"margin_dem":22.7,"votes_two_party":799},"g24_asm":null},"geometry":{"type":"Polygon","coordinates":[[[-119.90731,36.78266],[-119.90732,36.78615],[-119.90734,36.78884],[-119.90736,36.79162],[-119.89836,36.78988],[-119.8971,36.79006],[-119.89386,36.78989],[-119.89162,36.79353],[-119.88981,36.79354],[-119.88923,36.79354],[-119.8881,36.79355],[-119.88493,36.79357],[-119.88396,36.79355],[-119.88118,36.79357],[-119.88038,36.79355],[-119.88038,36.79272],[-119.88037,36.79187],[-119.88037,36.79117],[-119.88036,36.79023],[-119.88037,36.78922],[-119.88038,36.78779],[-119.88038,36.7863],[-119.88036,36.78393],[-119.88254,36.78358],[-119.88259,36.78282],[-119.88371,36.78265],[-119.88644,36.78003],[-119.88707,36.7812],[-119.8886,36.77903],[-119.88931,36.77903],[-119.88931,36.77976],[-119.88939,36.78174],[-119.89169,36.78173],[-119.89269,36.78173],[-119.89429,36.7826],[-119.90731,36.78266]]]}},{"type":"Feature","properties":{"county_fips":19,"srprec":"0000438","precinct_id":"019-0000438","g22_asm":{"dem_pct":58.2,"margin_dem":16.4,"votes_two_party":926},"g24_asm":{"dem_pct":51.8,"margin_dem":3.5,"votes_two_party":1988}},"geometry":{"type":"Polygon","coordinates":[[[-119.91637,36.79424],[-119.91639,36.79734],[-119.91641,36.79924],[-119.91642,36.80064],[-119.90943,36.80069],[-119.90744,36.80073],[-119.90741,36.80193],[-119.9074,36.80244],[-119.90745,36.80352],[-119.91149,36.8034],[-119.91194,36.8037],[-119.91065,36.80794],[-119.90739,36.80794],[-119.90442,36.80796],[-119.89844,36.80798],[-119.89843,36.80443],[-119.89661,36.80435],[-119.89398,36.80437],[-119.89246,36.80433],[-119.88974,36.80406],[-119.88948,36.80094],[-119.88943,36.79895],[-119.88942,36.798],[-119.8894,36.79613],[-119.88947,36.79544],[-119.88936,36.79354],[-119.8915,36.79353],[-119.89389,36.79533],[-119.89442,36.79353],[-119.89838,36.79506],[-119.90063,36.79531],[-119.90074,36.79439],[-119.90164,36.7936],[-119.90739,36.79346],[-119.91637,36.79343],[-119.91637,36.79424]]]}},{"type":"Feature","properties":{"county_fips":19,"srprec":"0000439","precinct_id":"019-0000439","g22_asm":{"dem_pct":47.4,"margin_dem":-5.3,"votes_two_party":114},"g24_asm":null},"geometry":{"type":"Polygon","coordinates":[[[-119.90819,36.79346],[-119.90739,36.79346],[-119.90164,36.79349],[-119.90164,36.79427],[-119.90074,36.79439],[-119.90063,36.79441],[-119.89838,36.79532],[-119.89838,36.79506],[-119.89805,36.79352],[-119.89388,36.79353],[-119.89389,36.79533],[-119.89162,36.79353],[-119.89165,36.78992],[-119.89611,36.78988],[-119.8971,36.79006],[-119.89771,36.78988],[-119.9028,36.78985],[-119.90736,36.79162],[-119.90734,36.7905],[-119.90734,36.78797],[-119.90732,36.78615],[-119.90732,36.78341],[-119.89832,36.78259],[-119.89833,36.78167],[-119.89829,36.77911],[-119.89845,36.77899],[-119.90549,36.77895],[-119.90729,36.77894],[-119.91449,36.77891],[-119.91628,36.77909],[-119.91634,36.78645],[-119.91638,36.79309],[-119.90819,36.79346]]]}},{"type":"Feature","properties":{"county_fips":19,"srprec":"0000440","precinct_id":"019-0000440","g22_asm":{"dem_pct":0.0,"margin_dem":-100.0,"votes_two_party":4},"g24_asm":null},"geometry":{"type":"Polygon","coordinates":[[[-119.89067,36.77902],[-119.89477,36.779],[-119.89614,36.779],[-119.89657,36.77899],[-119.89662,36.77899],[-119.89785,36.77898],[-119.89828,36.77898],[-119.89829,36.77911],[-119.8983,36.77978],[-119.89833,36.78167],[-119.89832,36.78218],[-119.89832,36.78259],[-119.89429,36.7826],[-119.89383,36.78261],[-119.89382,36.78172],[-119.89269,36.78173],[-119.89213,36.78173],[-119.89186,36.78173],[-119.89169,36.78173],[-119.89157,36.78173],[-119.89,36.78173],[-119.88939,36.78174],[-119.88928,36.78174],[-119.88929,36.78155],[-119.88931,36.77976],[-119.88931,36.77953],[-119.88931,36.77903],[-119.88931,36.77903],[-119.89067,36.77902]]]}},{"type":"Feature","properties":{"county_fips":19,"srprec":"0000441","precinct_id":"019-0000441","g22_asm":{"dem_pct":34.2,"margin_dem":-31.5,"votes_two_party":73},"g24_asm":{"dem_pct":55.1,"margin_dem":10.3,"votes_two_party":448}},"geometry":{"type":"Polygon","coordinates":[[[-119.88032,36.77907],[-119.88131,36.77905],[-119.8846,36.77904],[-119.88554,36.77903],[-119.88593,36.77903],[-119.88707,36.7812],[-119.88644,36.78003],[-119.88371,36.78265],[-119.88259,36.78282],[-119.88254,36.78358],[-119.88036,36.78393],[-119.88038,36.7863],[-119.87947,36.78632],[-119.87718,36.78633],[-119.87674,36.78633],[-119.87221,36.78636],[-119.87128,36.78638],[-119.86231,36.78818],[-119.86231,36.78775],[-119.86233,36.78638],[-119.86447,36.78636],[-119.86635,36.78637],[-119.86675,36.78638],[-119.86682,36.78456],[-119.86952,36.78452],[-119.86951,36.78369],[-119.87131,36.7833],[-119.87128,36.78277],[-119.86943,36.78267],[-119.86907,36.78224],[-119.86906,36.78129],[-119.86887,36.77997],[-119.86841,36.7791],[-119.86883,36.7791],[-119.87001,36.77909],[-119.8713,36.77908],[-119.87583,36.77907],[-119.87941,36.77906],[-119.88032,36.77907]]]}},{"type":"Feature","properties":{"county_fips":19,"srprec":"0000442","precinct_id":"019-0000442","g22_asm":{"dem_pct":54.7,"margin_dem":9.5,"votes_two_party":285},"g24_asm":{"dem_pct":52.0,"margin_dem":4.0,"votes_two_party":1512}},"geometry":{"type":"Polygon","coordinates":[[[-119.8623,36.78239],[-119.86232,36.78196],[-119.86231,36.78139],[-119.86227,36.77969],[-119.86317,36.77911],[-119.86498,36.77911],[-119.86681,36.77912],[-119.86719,36.77911],[-119.86738,36.77911],[-119.86887,36.77997],[-119.86903,36.78007],[-119.86907,36.78174],[-119.86907,36.78224],[-119.86943,36.78237],[-119.86943,36.78278],[-119.87128,36.78277],[-119.87131,36.7829],[-119.87131,36.78353],[-119.86951,36.78369],[-119.86951,36.78378],[-119.86948,36.78452],[-119.86682,36.78456],[-119.86683,36.78638],[-119.86665,36.78637],[-119.86635,36.78637],[-119.86473,36.78636],[-119.86425,36.78637],[-119.86233,36.78638],[-119.86232,36.78572],[-119.86232,36.7854],[-119.86232,36.78494],[-119.86232,36.78464],[-119.86233,36.78405],[-119.86233,36.78385],[-119.86232,36.78366],[-119.86232,36.7831],[-119.86231,36.78276],[-119.8623,36.78239]]]}},{"type":"Feature","properties":{"county_fips":19,"srprec":"0000443","precinct_id":"019-0000443","g22_asm":{"dem_pct":70.8,"margin_dem":41.7,"votes_two_party":24},"g24_asm":null},"geometry":{"type":"Polygon","coordinates":[[[-119.87128,36.78857],[-119.87117,36.78856],[-119.87104,36.78855],[-119.87091,36.78852],[-119.87076,36.78853],[-119.87061,36.78853],[-119.87031,36.78853],[-119.87009,36.78852],[-119.86985,36.78852],[-119.8696,36.78852],[-119.86935,36.78852],[-119.8691,36.78852],[-119.86867,36.78849],[-119.86842,36.78849],[-119.86824,36.78851],[-119.86803,36.78852],[-119.86779,36.78852],[-119.86756,36.78852],[-119.86735,36.78853],[-119.86715,36.78853],[-119.86694,36.78852],[-119.86675,36.7885],[-119.86665,36.78853],[-119.86603,36.78853],[-119.86567,36.78853],[-119.86493,36.78853],[-119.86419,36.78854],[-119.86383,36.78855],[-119.86311,36.78855],[-119.86248,36.78856],[-119.86232,36.78846],[-119.86231,36.78818],[-119.87132,36.78815],[-119.87133,36.78834],[-119.87128,36.78857]]]}},{"type":"Feature","properties":{"county_fips":19,"srprec":"0000444","precinct_id":"019-0000444","g22_asm":{"dem_pct":62.0,"margin_dem":23.9,"votes_two_party":481},"g24_asm":null},"geometry":{"type":"MultiPolygon","coordinates":[[[[-119.86231,36.78219],[-119.86233,36.7838],[-119.86232,36.78494],[-119.86233,36.78641],[-119.86232,36.78846],[-119.86401,36.78855],[-119.86603,36.78853],[-119.86707,36.78853],[-119.86779,36.78852],[-119.8685,36.78848],[-119.8696,36.78852],[-119.87042,36.78853],[-119.87104,36.78855],[-119.87132,36.78819],[-119.87583,36.78634],[-119.87584,36.78907],[-119.87594,36.79031],[-119.87628,36.79123],[-119.87804,36.79204],[-119.87665,36.7929],[-119.87592,36.79362],[-119.87134,36.79362],[-119.86629,36.79361],[-119.86385,36.79365],[-119.86232,36.79176],[-119.85819,36.79013],[-119.8537,36.78657],[-119.85337,36.7858],[-119.85335,36.78195],[-119.85335,36.78043],[-119.85448,36.77914],[-119.856,36.77914],[-119.85802,36.77915],[-119.86227,36.77969],[-119.86231,36.78219]]],[[[-119.87745,36.79328],[-119.87742,36.79334],[-119.87739,36.79336],[-119.87705,36.79336],[-119.87701,36.79335],[-119.87696,36.79332],[-119.87696,36.7929],[-119.87734,36.7929],[-119.87744,36.7929],[-119.87745,36.79328]]]]}},{"type":"Feature","properties":{"county_fips":19,"srprec":"0000463","precinct_id":"019-0000463","g22_asm":{"dem_pct":100.0,"margin_dem":100.0,"votes_two_party":1},"g24_asm":null},"geometry":{"type":"Polygon","coordinates":[[[-119.83595,36.77375],[-119.83981,36.77453],[-119.84106,36.77581],[-119.84154,36.77636],[-119.84425,36.77952],[-119.84437,36.77967],[-119.84437,36.78141],[-119.84432,36.78136],[-119.84426,36.7813],[-119.84423,36.78128],[-119.84393,36.781],[-119.84382,36.7809],[-119.84284,36.78001],[-119.84202,36.77928],[-119.84197,36.77923],[-119.84182,36.77911],[-119.84158,36.77895],[-119.84145,36.77889],[-119.8413,36.77882],[-119.84104,36.77869],[-119.84097,36.77864],[-119.84097,36.77864],[-119.84097,36.77864],[-119.84078,36.77853],[-119.84051,36.7783],[-119.84047,36.77826],[-119.83951,36.77729],[-119.83813,36.77593],[-119.8376,36.7754],[-119.83601,36.77382],[-119.83595,36.77376],[-119.83595,36.77375]]]}},{"type":"Feature","properties":{"county_fips":19,"srprec":"0000506","precinct_id":"019-0000506","g22_asm":{"dem_pct":50.0,"margin_dem":0.0,"votes_two_party":46},"g24_asm":null},"geometry":{"type":"Polygon","coordinates":[[[-119.85337,36.7858],[-119.85357,36.78645],[-119.85481,36.78757],[-119.85753,36.78978],[-119.85961,36.7907],[-119.86207,36.79163],[-119.86235,36.79358],[-119.86122,36.79349],[-119.86071,36.79345],[-119.86035,36.79343],[-119.86029,36.7934],[-119.85905,36.79258],[-119.85697,36.79143],[-119.85422,36.78992],[-119.85215,36.78847],[-119.85254,36.78834],[-119.85293,36.7882],[-119.84645,36.78208],[-119.84557,36.7792],[-119.84446,36.77817],[-119.84478,36.77797],[-119.84566,36.77815],[-119.84622,36.77821],[-119.84743,36.77857],[-119.84839,36.77901],[-119.8492,36.77918],[-119.85032,36.77917],[-119.85324,36.77915],[-119.85335,36.77939],[-119.85335,36.78062],[-119.85335,36.78159],[-119.85335,36.78245],[-119.85335,36.78578],[-119.85337,36.7858]],[[-119.84557,36.7792],[-119.84558,36.77921],[-119.84581,36.7792],[-119.84557,36.7792]]]}},{"type":"Feature","properties":{"county_fips":19,"srprec":"0000508","precinct_id":"019-0000508","g22_asm":{"dem_pct":54.9,"margin_dem":9.9,"votes_two_party":872},"g24_asm":null},"geometry":{"type":"Polygon","coordinates":[[[-119.87718,36.80823],[-119.87896,36.8094],[-119.88047,36.8108],[-119.88062,36.81091],[-119.88058,36.81151],[-119.88051,36.81257],[-119.88055,36.81431],[-119.88027,36.81466],[-119.88069,36.81496],[-119.88067,36.81623],[-119.88067,36.81642],[-119.88063,36.81726],[-119.88065,36.8192],[-119.88065,36.81986],[-119.88065,36.82043],[-119.88066,36.82109],[-119.88067,36.8218],[-119.87801,36.82199],[-119.87458,36.82217],[-119.87199,36.82225],[-119.87041,36.82204],[-119.87016,36.8214],[-119.86967,36.82075],[-119.86909,36.82025],[-119.86594,36.81819],[-119.86463,36.81734],[-119.86325,36.81624],[-119.86261,36.80827],[-119.86361,36.80826],[-119.86389,36.80826],[-119.86552,36.80824],[-119.86682,36.80825],[-119.8688,36.80825],[-119.87082,36.80825],[-119.87307,36.80823],[-119.87659,36.80823],[-119.87718,36.80823]]]}},{"type":"Feature","properties":{"county_fips":19,"srprec":"0000509","precinct_id":"019-0000509","g22_asm":{"dem_pct":63.6,"margin_dem":27.2,"votes_two_party":940},"g24_asm":null},"geometry":{"type":"Polygon","coordinates":[[[-119.84433,36.79983],[-119.8443,36.79877],[-119.8443,36.79788],[-119.84428,36.79647],[-119.84428,36.7945],[-119.84429,36.79257],[-119.84429,36.79096],[-119.84431,36.79043],[-119.84432,36.7889],[-119.84431,36.78682],[-119.84433,36.78507],[-119.84991,36.78644],[-119.85287,36.78913],[-119.85599,36.79089],[-119.85942,36.7928],[-119.86033,36.79343],[-119.85769,36.79331],[-119.85517,36.79365],[-119.85331,36.79448],[-119.85657,36.80041],[-119.85661,36.80233],[-119.85685,36.80294],[-119.85796,36.8041],[-119.85807,36.80624],[-119.8581,36.8075],[-119.85428,36.80827],[-119.85147,36.80827],[-119.84832,36.80828],[-119.84439,36.80684],[-119.84438,36.80639],[-119.84435,36.8051],[-119.84435,36.8041],[-119.84433,36.80066],[-119.84432,36.80017],[-119.84433,36.79983]]]}},{"type":"Feature","properties":{"county_fips":19,"srprec":"0000518","precinct_id":"019-0000518","g22_asm":{"dem_pct":59.0,"margin_dem":18.0,"votes_two_party":973},"g24_asm":null},"geometry":{"type":"Polygon","coordinates":[[[-119.86667,36.81865],[-119.86929,36.8204],[-119.86967,36.82075],[-119.87006,36.82125],[-119.87031,36.82173],[-119.87045,36.82237],[-119.86839,36.82241],[-119.867,36.82248],[-119.86527,36.82257],[-119.86412,36.82263],[-119.86374,36.82264],[-119.86342,36.82265],[-119.85829,36.81933],[-119.85558,36.81758],[-119.85255,36.81562],[-119.85119,36.81473],[-119.84681,36.81188],[-119.84579,36.81123],[-119.84443,36.81036],[-119.84444,36.81024],[-119.84443,36.80867],[-119.84832,36.80828],[-119.84969,36.80828],[-119.85147,36.80827],[-119.85318,36.80826],[-119.85428,36.80827],[-119.85737,36.80828],[-119.86086,36.80828],[-119.86172,36.80828],[-119.86257,36.81315],[-119.86341,36.81644],[-119.86463,36.81734],[-119.865,36.81759],[-119.86667,36.81865]]]}},{"type":"Feature","properties":{"county_fips":19,"srprec":"0000522","precinct_id":"019-0000522","g22_asm":{"dem_pct":43.5,"margin_dem":-13.0,"votes_two_party":23},"g24_asm":null},"geometry":{"type":"Polygon","coordinates":[[[-119.84248,36.81418],[-119.84262,36.81311],[-119.84338,36.81309],[-119.84371,36.81309],[-119.84384,36.81309],[-119.84424,36.81309],[-119.84437,36.81309],[-119.84437,36.81403],[-119.84439,36.81438],[-119.84439,36.81439],[-119.84439,36.81439],[-119.8444,36.81465],[-119.84439,36.81465],[-119.84383,36.81466],[-119.84274,36.81466],[-119.84248,36.81418]]]}},{"type":"Feature","properties":{"county_fips":19,"srprec":"0000523","precinct_id":"019-0000523","g22_asm":{"dem_pct":54.7,"margin_dem":9.4,"votes_two_party":53},"g24_asm":null},"geometry":{"type":"Polygon","coordinates":[[[-119.84645,36.81401],[-119.84731,36.81401],[-119.84748,36.81401],[-119.84759,36.81403],[-119.84769,36.81407],[-119.84773,36.81409],[-119.84782,36.81414],[-119.84814,36.81435],[-119.84828,36.81444],[-119.84852,36.81459],[-119.84875,36.81474],[-119.84894,36.81488],[-119.84908,36.815],[-119.84915,36.81511],[-119.84917,36.81517],[-119.84919,36.81522],[-119.84919,36.81546],[-119.84903,36.81546],[-119.84857,36.81547],[-119.84842,36.81547],[-119.84816,36.81547],[-119.8474,36.81546],[-119.84714,36.81546],[-119.84705,36.81547],[-119.84678,36.81547],[-119.84668,36.81548],[-119.8444,36.81548],[-119.8444,36.81544],[-119.84439,36.81475],[-119.8444,36.81465],[-119.84439,36.81439],[-119.84439,36.81439],[-119.84439,36.81438],[-119.84437,36.81403],[-119.84617,36.81401],[-119.84645,36.81401]]]}},{"type":"Feature","properties":{"county_fips":19,"srprec":"0000524","precinct_id":"019-0000524","g22_asm":{"dem_pct":41.8,"margin_dem":-16.4,"votes_two_party":397},"g24_asm":null},"geometry":{"type":"Polygon","coordinates":[[[-119.84319,36.81546],[-119.84375,36.81546],[-119.84438,36.81548],[-119.8444,36.81548],[-119.84668,36.81548],[-119.84678,36.81547],[-119.84705,36.81547],[-119.84714,36.81546],[-119.8474,36.81546],[-119.84816,36.81547],[-119.84842,36.81547],[-119.84842,36.81563],[-119.84842,36.81613],[-119.84842,36.8163],[-119.84863,36.8163],[-119.84927,36.8163],[-119.84949,36.8163],[-119.84971,36.81629],[-119.85007,36.81628],[-119.85007,36.81628],[-119.85007,36.81628],[-119.85016,36.81628],[-119.85002,36.8164],[-119.85002,36.81812],[-119.85013,36.81823],[-119.85019,36.81829],[-119.85019,36.81909],[-119.85013,36.81909],[-119.84968,36.81909],[-119.84946,36.81909],[-119.84946,36.81927],[-119.84947,36.8198],[-119.84947,36.81998],[-119.84947,36.8203],[-119.84947,36.82124],[-119.84947,36.82155],[-119.84947,36.82176],[-119.84947,36.8224],[-119.84947,36.82261],[-119.84953,36.82261],[-119.84959,36.82262],[-119.84965,36.82263],[-119.84971,36.82262],[-119.84972,36.82267],[-119.84971,36.82268],[-119.84949,36.82298],[-119.84936,36.82294],[-119.84933,36.82294],[-119.84897,36.82285],[-119.84884,36.82282],[-119.84873,36.82281],[-119.84843,36.82278],[-119.84833,36.82276],[-119.84816,36.82275],[-119.84767,36.82273],[-119.84751,36.82272],[-119.84724,36.82272],[-119.84722,36.82272],[-119.84319,36.81546]]]}},{"type":"Feature","properties":{"county_fips":19,"srprec":"0000526","precinct_id":"019-0000526","g22_asm":{"dem_pct":51.5,"margin_dem":3.1,"votes_two_party":227},"g24_asm":null},"geometry":{"type":"Polygon","coordinates":[[[-119.85308,36.82514],[-119.853,36.82504],[-119.85248,36.82452],[-119.85203,36.82414],[-119.85171,36.82393],[-119.85158,36.82385],[-119.85149,36.8238],[-119.85121,36.82364],[-119.85101,36.82354],[-119.85076,36.82342],[-119.85012,36.82316],[-119.84986,36.82308],[-119.84949,36.82298],[-119.84972,36.82267],[-119.84965,36.82263],[-119.84953,36.82261],[-119.84947,36.8224],[-119.84947,36.82155],[-119.84947,36.8203],[-119.84947,36.8198],[-119.84946,36.81909],[-119.85013,36.81909],[-119.85035,36.81909],[-119.85057,36.81892],[-119.85056,36.81823],[-119.85056,36.81768],[-119.8516,36.81754],[-119.85348,36.81778],[-119.85348,36.81843],[-119.8553,36.81909],[-119.8553,36.81967],[-119.8553,36.81996],[-119.8553,36.82053],[-119.85474,36.82053],[-119.8546,36.82068],[-119.85461,36.82124],[-119.85461,36.8214],[-119.8546,36.82194],[-119.85461,36.82256],[-119.85461,36.82271],[-119.85421,36.82271],[-119.85398,36.82272],[-119.85345,36.82273],[-119.85345,36.82302],[-119.85346,36.82419],[-119.85346,36.82442],[-119.85335,36.82511],[-119.85308,36.82514]]]}},{"type":"Feature","properties":{"county_fips":19,"srprec":"0000527","precinct_id":"019-0000527","g22_asm":{"dem_pct":37.5,"margin_dem":-25.0,"votes_two_party":16},"g24_asm":null},"geometry":{"type":"Polygon","coordinates":[[[-119.85019,36.81829],[-119.85013,36.81823],[-119.85002,36.81812],[-119.85002,36.8164],[-119.85016,36.81628],[-119.85036,36.81627],[-119.85058,36.81627],[-119.85057,36.81652],[-119.85056,36.81728],[-119.85056,36.81754],[-119.85056,36.81768],[-119.85056,36.81809],[-119.85056,36.81823],[-119.85056,36.8184],[-119.85057,36.81892],[-119.85058,36.81909],[-119.85035,36.81909],[-119.85019,36.81909],[-119.85019,36.81829]]]}},{"type":"Feature","properties":{"county_fips":19,"srprec":"0000529","precinct_id":"019-0000529","g22_asm":{"dem_pct":50.8,"margin_dem":1.5,"votes_two_party":1066},"g24_asm":null},"geometry":{"type":"Polygon","coordinates":[[[-119.86467,36.82993],[-119.85347,36.82447],[-119.85346,36.8239],[-119.85359,36.82273],[-119.85451,36.82271],[-119.8546,36.82209],[-119.85461,36.82138],[-119.8546,36.82053],[-119.8553,36.82039],[-119.8553,36.81923],[-119.85348,36.81832],[-119.85056,36.81754],[-119.85036,36.81627],[-119.85007,36.81628],[-119.84863,36.8163],[-119.84842,36.81547],[-119.84919,36.81522],[-119.84894,36.81488],[-119.84814,36.81435],[-119.84759,36.81403],[-119.84617,36.81401],[-119.84439,36.8124],[-119.8444,36.81141],[-119.84442,36.81058],[-119.84443,36.81044],[-119.84533,36.81093],[-119.84681,36.81188],[-119.85228,36.81545],[-119.85362,36.81631],[-119.85829,36.81933],[-119.86439,36.82328],[-119.86828,36.82579],[-119.86826,36.82592],[-119.86921,36.82696],[-119.86803,36.82859],[-119.86467,36.82993]]]}},{"type":"Feature","properties":{"county_fips":19,"srprec":"0000530","precinct_id":"019-0000530","g22_asm":{"dem_pct":66.7,"margin_dem":33.3,"votes_two_party":3},"g24_asm":null},"geometry":{"type":"Polygon","coordinates":[[[-119.8694,36.82647],[-119.86904,36.82625],[-119.86892,36.82618],[-119.86879,36.8261],[-119.86841,36.82587],[-119.86828,36.82579],[-119.86731,36.82516],[-119.86695,36.82493],[-119.86664,36.82472],[-119.86439,36.82328],[-119.86342,36.82265],[-119.86342,36.82265],[-119.86352,36.82265],[-119.86374,36.82264],[-119.86381,36.82264],[-119.86391,36.82264],[-119.86412,36.82263],[-119.86474,36.8226],[-119.86495,36.82259],[-119.86527,36.82257],[-119.86536,36.82257],[-119.86659,36.8225],[-119.867,36.82248],[-119.86734,36.82247],[-119.86783,36.82245],[-119.86839,36.82241],[-119.86842,36.82241],[-119.86874,36.8224],[-119.87045,36.82237],[-119.87044,36.82267],[-119.87048,36.82402],[-119.87046,36.82435],[-119.87041,36.82462],[-119.87035,36.82491],[-119.87035,36.82492],[-119.87024,36.82528],[-119.87022,36.82533],[-119.87011,36.82557],[-119.87005,36.82572],[-119.86971,36.82625],[-119.86968,36.82629],[-119.86968,36.82629],[-119.86957,36.82646],[-119.86957,36.82647],[-119.86956,36.82648],[-119.86953,36.82653],[-119.86952,36.82654],[-119.8694,36.82647]]]}},{"type":"Feature","properties":{"county_fips":19,"srprec":"0000532","precinct_id":"019-0000532","g22_asm":{"dem_pct":55.2,"margin_dem":10.5,"votes_two_party":286},"g24_asm":null},"geometry":{"type":"Polygon","coordinates":[[[-119.88534,36.81847],[-119.88559,36.81751],[-119.88594,36.81681],[-119.8869,36.81571],[-119.88769,36.81622],[-119.88837,36.81668],[-119.88939,36.81738],[-119.89018,36.81792],[-119.89077,36.81848],[-119.89053,36.81876],[-119.89025,36.81902],[-119.88959,36.81929],[-119.88872,36.81937],[-119.88694,36.81937],[-119.88699,36.82159],[-119.88534,36.82165],[-119.88469,36.82167],[-119.88405,36.8217],[-119.88329,36.82172],[-119.88105,36.82181],[-119.88067,36.8218],[-119.88066,36.82109],[-119.88065,36.82043],[-119.88065,36.81986],[-119.88065,36.8192],[-119.88063,36.81726],[-119.8807,36.81699],[-119.88116,36.81655],[-119.88129,36.81661],[-119.88199,36.81692],[-119.88221,36.817],[-119.88264,36.81713],[-119.88307,36.81724],[-119.8836,36.81728],[-119.88394,36.81723],[-119.88443,36.81707],[-119.88488,36.81678],[-119.88508,36.81728],[-119.88508,36.81757],[-119.88508,36.8187],[-119.88534,36.81847]]]}},{"type":"Feature","properties":{"county_fips":19,"srprec":"0000533","precinct_id":"019-0000533","g22_asm":{"dem_pct":50.8,"margin_dem":1.5,"votes_two_party":1235},"g24_asm":null},"geometry":{"type":"Polygon","coordinates":[[[-119.88848,36.82203],[-119.88758,36.82158],[-119.88696,36.82074],[-119.88853,36.81937],[-119.88959,36.81929],[-119.89042,36.81901],[-119.89069,36.81855],[-119.89032,36.81801],[-119.88939,36.81738],[-119.88835,36.81667],[-119.88743,36.81605],[-119.88614,36.81646],[-119.88559,36.81751],[-119.88532,36.81869],[-119.88507,36.81764],[-119.88508,36.81728],[-119.88548,36.81624],[-119.88634,36.81542],[-119.88715,36.81539],[-119.88907,36.81668],[-119.89274,36.81917],[-119.89417,36.82012],[-119.89474,36.82051],[-119.89515,36.82077],[-119.89946,36.8237],[-119.91142,36.83176],[-119.91527,36.83462],[-119.91401,36.8358],[-119.91178,36.83672],[-119.91043,36.83687],[-119.90724,36.83693],[-119.90142,36.83686],[-119.89888,36.83697],[-119.88848,36.82203]]]}},{"type":"Feature","properties":{"county_fips":19,"srprec":"0000539","precinct_id":"019-0000539","g22_asm":{"dem_pct":52.3,"margin_dem":4.5,"votes_two_party":511},"g24_asm":null},"geometry":{"type":"Polygon","coordinates":[[[-119.90223,36.84178],[-119.90222,36.84177],[-119.90221,36.84164],[-119.90219,36.84123],[-119.90218,36.8411],[-119.9021,36.8411],[-119.90187,36.84109],[-119.9018,36.84109],[-119.90179,36.84099],[-119.90177,36.8407],[-119.90176,36.8406],[-119.90176,36.84056],[-119.90174,36.84029],[-119.90167,36.83935],[-119.90165,36.83904],[-119.90164,36.83861],[-119.90162,36.83731],[-119.90161,36.83708],[-119.90159,36.83687],[-119.90334,36.83691],[-119.90431,36.83693],[-119.90585,36.83694],[-119.90724,36.83693],[-119.90751,36.83693],[-119.9086,36.83691],[-119.91008,36.83689],[-119.91035,36.83688],[-119.91043,36.83687],[-119.91055,36.83687],[-119.91078,36.83684],[-119.91121,36.83682],[-119.91134,36.8368],[-119.91178,36.83672],[-119.91236,36.83658],[-119.9129,36.83639],[-119.91336,36.83617],[-119.91367,36.83601],[-119.91401,36.8358],[-119.91411,36.83572],[-119.91464,36.83532],[-119.91488,36.83508],[-119.91499,36.83495],[-119.91527,36.83462],[-119.91531,36.83456],[-119.91542,36.83443],[-119.9165,36.83502],[-119.9193,36.83654],[-119.91973,36.83676],[-119.92081,36.83733],[-119.92322,36.83859],[-119.92466,36.83936],[-119.92754,36.84084],[-119.93018,36.84221],[-119.93018,36.84221],[-119.93172,36.84301],[-119.90223,36.84178]]]}},{"type":"Feature","properties":{"county_fips":39,"srprec":"1100","precinct_id":"039-1100","g22_asm":{"dem_pct":58.3,"margin_dem":16.5,"votes_two_party":254},"g24_asm":null},"geometry":{"type":"Polygon","coordinates":[[[-120.04817,36.93817],[-120.04816,36.93796],[-120.04815,36.93788],[-120.04812,36.93751],[-120.0481,36.93715],[-120.04805,36.93641],[-120.04803,36.93612],[-120.04803,36.93602],[-120.04801,36.93552],[-120.04799,36.9353],[-120.04796,36.93491],[-120.04793,36.93461],[-120.04788,36.93402],[-120.04784,36.93368],[-120.04781,36.93328],[-120.04776,36.93285],[-120.04773,36.93245],[-120.04763,36.9318],[-120.04766,36.93163],[-120.05055,36.93167],[-120.05129,36.93162],[-120.05129,36.93144],[-120.05132,36.9314],[-120.05137,36.93137],[-120.05148,36.93136],[-120.05177,36.93138],[-120.05269,36.93139],[-120.05331,36.93139],[-120.054,36.9314],[-120.05581,36.93143],[-120.05604,36.93165],[-120.05604,36.93254],[-120.05604,36.93321],[-120.05604,36.93353],[-120.05603,36.93411],[-120.05603,36.93473],[-120.05604,36.93503],[-120.05605,36.93561],[-120.05604,36.93634],[-120.05603,36.93689],[-120.05601,36.93828],[-120.05572,36.93834],[-120.05458,36.93832],[-120.05195,36.9383],[-120.05067,36.93829],[-120.04817,36.93823],[-120.04817,36.93817]]]}},{"type":"Feature","properties":{"county_fips":39,"srprec":"1160","precinct_id":"039-1160","g22_asm":{"dem_pct":53.8,"margin_dem":7.5,"votes_two_party":212},"g24_asm":{"dem_pct":57.5,"margin_dem":15.0,"votes_two_party":379}},"geometry":{"type":"Polygon","coordinates":[[[-120.03191,36.93418],[-120.0334,36.9348],[-120.03336,36.93302],[-120.04032,36.92792],[-120.04114,36.92822],[-120.04238,36.92835],[-120.0434,36.92858],[-120.04367,36.92872],[-120.04412,36.92895],[-120.04469,36.92922],[-120.04631,36.929],[-120.04737,36.92938],[-120.0475,36.93064],[-120.04761,36.93163],[-120.04774,36.93262],[-120.04782,36.93342],[-120.04789,36.93417],[-120.04798,36.93516],[-120.04802,36.9357],[-120.04804,36.93624],[-120.04811,36.93733],[-120.04815,36.93788],[-120.04817,36.93823],[-120.04622,36.9382],[-120.04428,36.93818],[-120.04268,36.93816],[-120.04207,36.93815],[-120.04098,36.93814],[-120.03785,36.9381],[-120.03603,36.93811],[-120.0354,36.93811],[-120.03495,36.93811],[-120.03303,36.93811],[-120.03193,36.93811],[-120.0291,36.9381],[-120.02395,36.9381],[-120.01938,36.93807],[-120.01583,36.93808],[-120.03191,36.93418]]]}},{"type":"Feature","properties":{"county_fips":39,"srprec":"1183","precinct_id":"039-1183","g22_asm":{"dem_pct":72.5,"margin_dem":44.9,"votes_two_party":356},"g24_asm":null},"geometry":{"type":"Polygon","coordinates":[[[-120.07506,36.97553],[-120.07772,36.97772],[-120.08056,36.98009],[-120.08361,36.98289],[-120.07921,36.98287],[-120.0771,36.98286],[-120.07545,36.98285],[-120.07439,36.98284],[-120.07339,36.98285],[-120.06881,36.98283],[-120.06844,36.98465],[-120.06674,36.9869],[-120.06318,36.98644],[-120.06317,36.98432],[-120.06304,36.98283],[-120.05971,36.98282],[-120.05972,36.98072],[-120.05973,36.98009],[-120.05974,36.97961],[-120.05975,36.97899],[-120.05974,36.97839],[-120.05974,36.97706],[-120.05973,36.97587],[-120.06004,36.97447],[-120.06182,36.97446],[-120.06343,36.97448],[-120.06528,36.97448],[-120.06669,36.97448],[-120.0677,36.97448],[-120.06839,36.97449],[-120.06997,36.97448],[-120.07272,36.97449],[-120.07388,36.97454],[-120.07441,36.97499],[-120.07506,36.97553]]]}},{"type":"Feature","properties":{"county_fips":39,"srprec":"1188","precinct_id":"039-1188","g22_asm":{"dem_pct":74.2,"margin_dem":48.4,"votes_two_party":155},"g24_asm":{"dem_pct":74.8,"margin_dem":49.6,"votes_two_party":274}},"geometry":{"type":"Polygon","coordinates":[[[-120.05173,36.97819],[-120.0536,36.97819],[-120.05499,36.97818],[-120.05621,36.97818],[-120.0562,36.97722],[-120.05619,36.97621],[-120.05624,36.97474],[-120.0572,36.97447],[-120.05769,36.97446],[-120.05858,36.97447],[-120.05974,36.97447],[-120.05973,36.97596],[-120.05974,36.97706],[-120.05974,36.97832],[-120.05974,36.97872],[-120.05975,36.97928],[-120.05974,36.97967],[-120.05973,36.98009],[-120.05972,36.98059],[-120.05971,36.98117],[-120.05815,36.98282],[-120.05773,36.98414],[-120.05617,36.98413],[-120.05617,36.98443],[-120.05617,36.98512],[-120.05617,36.98718],[-120.0554,36.98848],[-120.05492,36.98684],[-120.05349,36.98683],[-120.05279,36.98683],[-120.05247,36.98679],[-120.05246,36.98556],[-120.05251,36.9832],[-120.05251,36.98268],[-120.05231,36.98175],[-120.05152,36.98069],[-120.0515,36.97951],[-120.0515,36.97906],[-120.0515,36.97848],[-120.05173,36.97819]]]}},{"type":"Feature","properties":{"county_fips":39,"srprec":"1221","precinct_id":"039-1221","g22_asm":{"dem_pct":47.9,"margin_dem":-4.1,"votes_two_party":780},"g24_asm":{"dem_pct":54.0,"margin_dem":8.0,"votes_two_party":926}},"geometry":{"type":"MultiPolygon","coordinates":[[[[-120.04483,36.92379],[-120.0475,36.9238],[-120.05032,36.92381],[-120.05222,36.92383],[-120.05604,36.92385],[-120.05604,36.92469],[-120.05605,36.92723],[-120.05604,36.93077],[-120.05604,36.93103],[-120.05581,36.93143],[-120.054,36.9314],[-120.05331,36.93139],[-120.05269,36.93139],[-120.05177,36.93138],[-120.05148,36.93136],[-120.05137,36.93137],[-120.05132,36.9314],[-120.05129,36.93144],[-120.05129,36.93162],[-120.05055,36.93167],[-120.04766,36.93163],[-120.04758,36.93145],[-120.04751,36.93072],[-120.04747,36.9304],[-120.04742,36.92986],[-120.04732,36.92895],[-120.04724,36.92883],[-120.04607,36.92905],[-120.04492,36.92926],[-120.04453,36.92918],[-120.0444,36.92909],[-120.0439,36.92884],[-120.04371,36.92874],[-120.04357,36.92867],[-120.04354,36.92865],[-120.04333,36.92854],[-120.04286,36.9284],[-120.04179,36.92829],[-120.04124,36.92823],[-120.04108,36.9282],[-120.04039,36.92794],[-120.04023,36.92789],[-120.0399,36.92776],[-120.04483,36.92379]]],[[[-120.06449,37.01643],[-120.06408,37.01508],[-120.06095,37.01259],[-120.05926,37.01163],[-120.05747,37.01084],[-120.05621,37.00532],[-120.05619,36.99333],[-120.05617,36.98684],[-120.05617,36.98417],[-120.059,36.98282],[-120.06318,36.9832],[-120.06659,36.9869],[-120.06849,36.98283],[-120.07431,36.98284],[-120.07706,36.98286],[-120.08095,36.98288],[-120.08741,36.98698],[-120.09152,36.99673],[-120.09154,37.00009],[-120.09003,37.00053],[-120.0883,37.00135],[-120.08726,37.00252],[-120.08647,37.00392],[-120.08482,37.00524],[-120.08375,37.00629],[-120.08334,37.00738],[-120.08244,37.00771],[-120.0791,37.00766],[-120.07714,37.00821],[-120.07431,37.00818],[-120.07434,37.014],[-120.07433,37.01853],[-120.07403,37.02175],[-120.06666,37.01813],[-120.06449,37.01643]]]]}},{"type":"Feature","properties":{"county_fips":39,"srprec":"1240","precinct_id":"039-1240","g22_asm":{"dem_pct":0.0,"margin_dem":-100.0,"votes_two_party":1},"g24_asm":null},"geometry":{"type":"Polygon","coordinates":[[[-120.08772,36.98713],[-120.08741,36.98698],[-120.08741,36.98613],[-120.08695,36.98562],[-120.08708,36.98548],[-120.08722,36.98559],[-120.0909,36.98864],[-120.09155,36.98918],[-120.09547,36.99242],[-120.0957,36.99262],[-120.09579,36.99269],[-120.09593,36.9928],[-120.09714,36.99381],[-120.09853,36.99495],[-120.1005,36.99648],[-120.10046,36.99648],[-120.10035,36.99648],[-120.10031,36.99648],[-120.09855,36.99648],[-120.09633,36.99648],[-120.09327,36.99648],[-120.09246,36.99648],[-120.09246,36.99641],[-120.09246,36.99639],[-120.09249,36.99269],[-120.08772,36.9928],[-120.0877,36.99099],[-120.08769,36.99032],[-120.08772,36.98713]]]}},{"type":"Feature","properties":{"county_fips":39,"srprec":"2020","precinct_id":"039-2020","g22_asm":{"dem_pct":40.8,"margin_dem":-18.3,"votes_two_party":71},"g24_asm":{"dem_pct":40.0,"margin_dem":-20.0,"votes_two_party":75}},"geometry":{"type":"Polygon","coordinates":[[[-120.11433,36.81413],[-120.1149,36.81538],[-120.11487,36.81967],[-120.11492,36.83088],[-120.11019,36.83822],[-120.11023,36.8512],[-120.11026,36.85856],[-120.11029,36.86575],[-120.10664,36.87296],[-120.10122,36.87302],[-120.07405,36.87305],[-120.05596,36.87166],[-120.05593,36.8586],[-120.0559,36.85431],[-120.05584,36.83683],[-120.05626,36.83269],[-120.05614,36.82299],[-120.058,36.82281],[-120.06,36.82184],[-120.0661,36.81927],[-120.07073,36.81862],[-120.07406,36.82129],[-120.07534,36.82348],[-120.07829,36.82506],[-120.08293,36.82425],[-120.0894,36.8222],[-120.09062,36.82174],[-120.09201,36.82083],[-120.09355,36.81963],[-120.09748,36.81651],[-120.09863,36.81493],[-120.10048,36.81483],[-120.10283,36.81388],[-120.10961,36.81258],[-120.11236,36.81387],[-120.11433,36.81413]]]}},{"type":"Feature","properties":{"county_fips":39,"srprec":"2060","precinct_id":"039-2060","g22_asm":{"dem_pct":55.6,"margin_dem":11.1,"votes_two_party":9},"g24_asm":null},"geometry":{"type":"Polygon","coordinates":[[[-120.10667,36.93828],[-120.09718,36.93836],[-120.09575,36.93837],[-120.09211,36.93835],[-120.09211,36.93821],[-120.09213,36.9375],[-120.09218,36.93482],[-120.09204,36.93474],[-120.08771,36.93473],[-120.08767,36.93654],[-120.08766,36.93729],[-120.08762,36.93838],[-120.08697,36.93837],[-120.08416,36.93836],[-120.08338,36.93835],[-120.08311,36.93835],[-120.08306,36.9376],[-120.08312,36.93461],[-120.08317,36.93191],[-120.08318,36.93109],[-120.08226,36.93109],[-120.07862,36.9311],[-120.07415,36.93109],[-120.07409,36.93096],[-120.07413,36.9284],[-120.07414,36.92768],[-120.07418,36.9239],[-120.07424,36.92382],[-120.08334,36.9238],[-120.0906,36.92378],[-120.09242,36.92377],[-120.09966,36.92376],[-120.10327,36.92375],[-120.1105,36.92373],[-120.1105,36.92381],[-120.11049,36.92389],[-120.11041,36.92937],[-120.11038,36.93082],[-120.11038,36.93111],[-120.11037,36.93182],[-120.11035,36.93325],[-120.11032,36.937],[-120.10667,36.93828]]]}},{"type":"Feature","properties":{"county_fips":39,"srprec":"2071","precinct_id":"039-2071","g22_asm":{"dem_pct":40.2,"margin_dem":-19.6,"votes_two_party":107},"g24_asm":{"dem_pct":33.0,"margin_dem":-34.0,"votes_two_party":103}},"geometry":{"type":"Polygon","coordinates":[[[-120.4022,36.9238],[-120.36367,36.92347],[-120.33583,36.92366],[-120.30182,36.92385],[-120.27316,36.87302],[-120.27693,36.83513],[-120.27747,36.78552],[-120.2828,36.77303],[-120.29273,36.76413],[-120.29849,36.77205],[-120.29956,36.77541],[-120.31435,36.7798],[-120.32925,36.78518],[-120.34766,36.79816],[-120.35546,36.78731],[-120.37288,36.78882],[-120.37438,36.80109],[-120.37678,36.80863],[-120.38762,36.82391],[-120.39966,36.82214],[-120.40792,36.83476],[-120.42311,36.84013],[-120.43363,36.85009],[-120.43984,36.85117],[-120.44878,36.85909],[-120.45143,36.86716],[-120.45931,36.87491],[-120.45813,36.88385],[-120.46304,36.89947],[-120.45497,36.90598],[-120.45165,36.91408],[-120.45779,36.92148],[-120.43753,36.92378],[-120.4022,36.9238]]]}},{"type":"Feature","properties":{"county_fips":39,"srprec":"2101","precinct_id":"039-2101","g22_asm":{"dem_pct":21.4,"margin_dem":-57.1,"votes_two_party":518},"g24_asm":null},"geometry":{"type":"MultiPolygon","coordinates":[[[[-120.17213,37.05464],[-120.17229,37.05463],[-120.17691,37.05848],[-120.1759,37.0577],[-120.17429,37.05644],[-120.17198,37.05465],[-120.17213,37.05464]]],[[[-120.1785,37.06913],[-120.17712,37.06914],[-120.17669,37.06914],[-120.17542,37.06914],[-120.175,37.06914],[-120.175,37.06768],[-120.175,37.06333],[-120.175,37.06187],[-120.17597,37.06187],[-120.17718,37.06187],[-120.17718,37.06585],[-120.17769,37.06524],[-120.17943,37.06524],[-120.17977,37.06913],[-120.1785,37.06913]]],[[[-120.18265,37.06912],[-120.18206,37.06912],[-120.18206,37.06544],[-120.18308,37.06452],[-120.18327,37.06468],[-120.18386,37.06515],[-120.18405,37.06531],[-120.18405,37.06607],[-120.18404,37.06813],[-120.18422,37.06771],[-120.18451,37.06722],[-120.18498,37.06666],[-120.18531,37.06633],[-120.18781,37.06835],[-120.18875,37.06911],[-120.18781,37.06911],[-120.18498,37.06912],[-120.18404,37.06912],[-120.18265,37.06912]]],[[[-120.21125,37.10047],[-120.21125,37.09825],[-120.21262,37.09827],[-120.21492,37.09829],[-120.21511,37.09824],[-120.21516,37.09824],[-120.2153,37.09824],[-120.21535,37.09824],[-120.21555,37.09824],[-120.21559,37.09824],[-120.21606,37.09823],[-120.21667,37.09906],[-120.21699,37.09949],[-120.2173,37.09983],[-120.21769,37.10024],[-120.21806,37.10061],[-120.22037,37.10248],[-120.22036,37.10289],[-120.22035,37.10304],[-120.22035,37.10318],[-120.22037,37.1032],[-120.22035,37.10338],[-120.22037,37.10355],[-120.22033,37.10358],[-120.22033,37.10358],[-120.21125,37.10047]]],[[[-120.25766,37.091],[-120.26037,37.09097],[-120.26127,37.09096],[-120.26127,37.09184],[-120.26126,37.09242],[-120.26124,37.09362],[-120.26124,37.09544],[-120.26125,37.09679],[-120.26126,37.09806],[-120.26124,37.09816],[-120.26122,37.09819],[-120.26117,37.09821],[-120.26117,37.09835],[-120.26117,37.09866],[-120.26117,37.09878],[-120.26089,37.09878],[-120.2605,37.09878],[-120.2604,37.09878],[-120.2589,37.09878],[-120.25889,37.0995],[-120.25889,37.09969],[-120.25889,37.09996],[-120.2589,37.10016],[-120.25888,37.10016],[-120.25759,37.10054],[-120.25674,37.10079],[-120.25674,37.10071],[-120.25674,37.10047],[-120.25674,37.10039],[-120.25674,37.10029],[-120.25674,37.09999],[-120.25674,37.09989],[-120.25674,37.09987],[-120.25674,37.09957],[-120.25673,37.09858],[-120.25673,37.09826],[-120.2549,37.09826],[-120.24942,37.09826],[-120.2476,37.09826],[-120.24763,37.09457],[-120.24766,37.09457],[-120.25219,37.09457],[-120.2522,37.09102],[-120.25327,37.09102],[-120.25402,37.09103],[-120.25435,37.09103],[-120.25589,37.09103],[-120.25676,37.09102],[-120.25766,37.091]]],[[[-120.25677,37.00983],[-120.25583,36.96615],[-120.30629,36.97272],[-120.31194,36.97349],[-120.31923,36.97409],[-120.32381,36.97462],[-120.33118,36.97386],[-120.34249,36.97532],[-120.34913,36.97618],[-120.35475,36.97611],[-120.36452,36.97415],[-120.41156,36.96992],[-120.46975,36.97316],[-120.47837,36.97836],[-120.49997,36.98527],[-120.50112,36.99668],[-120.50593,36.99971],[-120.5252,37.01378],[-120.53993,37.02477],[-120.54046,37.03166],[-120.54092,37.04513],[-120.49334,37.08319],[-120.4642,37.09818],[-120.44423,37.10314],[-120.40602,37.11284],[-120.37692,37.12282],[-120.35986,37.12059],[-120.3471,37.12397],[-120.33532,37.12783],[-120.31091,37.1345],[-120.28494,37.09806],[-120.25676,37.08389],[-120.25686,37.02412],[-120.25677,37.00983]]],[[[-120.26865,37.12752],[-120.26763,37.12768],[-120.26749,37.12771],[-120.26681,37.12764],[-120.26628,37.12758],[-120.2654,37.12743],[-120.26511,37.12742],[-120.26454,37.12742],[-120.26404,37.12736],[-120.26369,37.12733],[-120.26309,37.12718],[-120.26295,37.12713],[-120.2652,37.12714],[-120.26536,37.12715],[-120.26543,37.12705],[-120.26583,37.12646],[-120.26597,37.12626],[-120.26599,37.12628],[-120.26605,37.12633],[-120.26607,37.12635],[-120.26637,37.12659],[-120.2671,37.12715],[-120.2676,37.12716],[-120.26773,37.12716],[-120.26779,37.12716],[-120.26977,37.12716],[-120.26865,37.12752]]]]}},{"type":"Feature","properties":{"county_fips":39,"srprec":"2105","precinct_id":"039-2105","g22_asm":{"dem_pct":42.3,"margin_dem":-15.4,"votes_two_party":267},"g24_asm":{"dem_pct":33.0,"margin_dem":-34.0,"votes_two_party":1094}},"geometry":{"type":"Polygon","coordinates":[[[-120.20218,37.09735],[-120.16592,37.08356],[-120.16593,37.05757],[-120.17429,37.05644],[-120.18413,37.04735],[-120.21143,37.04011],[-120.22952,37.04013],[-120.25083,37.04015],[-120.25682,37.05382],[-120.25678,37.06769],[-120.25678,37.08016],[-120.26489,37.08377],[-120.28514,37.0836],[-120.2973,37.08359],[-120.29086,37.09115],[-120.27873,37.10533],[-120.27176,37.10555],[-120.2658,37.10178],[-120.26583,37.09869],[-120.26037,37.09097],[-120.24765,37.08899],[-120.2477,37.08393],[-120.22453,37.08383],[-120.21801,37.09104],[-120.21637,37.09181],[-120.21395,37.09391],[-120.19933,37.0774],[-120.19347,37.07299],[-120.19569,37.0748],[-120.2067,37.08387],[-120.21215,37.08837],[-120.21314,37.09173],[-120.2148,37.09736],[-120.20218,37.09735]],[[-120.175,37.06333],[-120.175,37.06768],[-120.175,37.06914],[-120.17542,37.06914],[-120.17669,37.06914],[-120.17712,37.06914],[-120.1785,37.06913],[-120.17977,37.06913],[-120.17943,37.06524],[-120.17769,37.06524],[-120.17718,37.06585],[-120.17718,37.06187],[-120.17597,37.06187],[-120.175,37.06187],[-120.175,37.06333]],[[-120.18386,37.06515],[-120.18327,37.06468],[-120.18308,37.06452],[-120.18206,37.06544],[-120.18206,37.06912],[-120.18265,37.06912],[-120.18404,37.06912],[-120.18498,37.06912],[-120.18781,37.06911],[-120.18875,37.06911],[-120.18781,37.06835],[-120.18531,37.06633],[-120.18498,37.06666],[-120.18451,37.06722],[-120.18422,37.06771],[-120.18404,37.06813],[-120.18405,37.06607],[-120.18405,37.06531],[-120.18386,37.06515]]]}},{"type":"Feature","properties":{"county_fips":39,"srprec":"2125","precinct_id":"039-2125","g22_asm":{"dem_pct":30.8,"margin_dem":-38.4,"votes_two_party":211},"g24_asm":{"dem_pct":44.0,"margin_dem":-12.1,"votes_two_party":844}},"geometry":{"type":"MultiPolygon","coordinates":[[[[-120.16214,37.08361],[-120.16212,37.0835],[-120.16216,37.0835],[-120.16592,37.08356],[-120.16592,37.08364],[-120.16592,37.08366],[-120.16592,37.08491],[-120.16214,37.08361]]],[[[-120.21436,37.09503],[-120.21475,37.09592],[-120.21534,37.09707],[-120.21606,37.09823],[-120.21535,37.09824],[-120.21511,37.09824],[-120.2147,37.09704],[-120.21398,37.09484],[-120.21367,37.09402],[-120.21342,37.09293],[-120.21314,37.09173],[-120.21292,37.09059],[-120.21261,37.08942],[-120.2124,37.08882],[-120.21223,37.08848],[-120.21195,37.08812],[-120.21155,37.08779],[-120.21025,37.08674],[-120.20721,37.08427],[-120.20646,37.08366],[-120.20396,37.08158],[-120.20244,37.08033],[-120.19757,37.07633],[-120.19569,37.0748],[-120.19546,37.07461],[-120.1953,37.07447],[-120.19392,37.07338],[-120.19355,37.07305],[-120.19318,37.07275],[-120.19266,37.07232],[-120.19288,37.07215],[-120.19413,37.07318],[-120.20355,37.08088],[-120.20986,37.08609],[-120.21274,37.08841],[-120.21357,37.09259],[-120.21395,37.09391],[-120.21424,37.09472],[-120.21436,37.09503]]],[[[-120.2161,37.09787],[-120.21583,37.09743],[-120.21539,37.09659],[-120.21516,37.09609],[-120.21494,37.09557],[-120.2148,37.09513],[-120.22001,37.09474],[-120.21766,37.09282],[-120.2165,37.0919],[-120.21575,37.09142],[-120.21572,37.0912],[-120.21586,37.09108],[-120.21616,37.09103],[-120.21801,37.09104],[-120.2204,37.0903],[-120.2204,37.08734],[-120.2204,37.08416],[-120.22041,37.08383],[-120.23524,37.08384],[-120.23835,37.08383],[-120.23859,37.08396],[-120.24587,37.08393],[-120.24769,37.08409],[-120.2477,37.08646],[-120.24766,37.08728],[-120.24766,37.08809],[-120.24765,37.08899],[-120.24767,37.09094],[-120.2522,37.09102],[-120.24763,37.09457],[-120.24034,37.09826],[-120.23671,37.09827],[-120.22849,37.09826],[-120.22427,37.09823],[-120.22282,37.09823],[-120.21689,37.09824],[-120.2161,37.09787]]],[[[-120.26579,37.10517],[-120.26578,37.10391],[-120.27022,37.10392],[-120.2737,37.10297],[-120.27145,37.1054],[-120.27176,37.10555],[-120.27384,37.10405],[-120.2779,37.10627],[-120.27698,37.1073],[-120.27617,37.10829],[-120.27588,37.10864],[-120.27487,37.10983],[-120.27464,37.1101],[-120.27434,37.11046],[-120.27347,37.10998],[-120.2732,37.10992],[-120.27302,37.11016],[-120.27294,37.11024],[-120.27285,37.11028],[-120.27271,37.11024],[-120.27252,37.11014],[-120.27231,37.11003],[-120.27219,37.11012],[-120.27184,37.11055],[-120.27173,37.11068],[-120.27093,37.11021],[-120.27053,37.10999],[-120.26972,37.10956],[-120.26842,37.11102],[-120.26803,37.11133],[-120.26774,37.11108],[-120.26748,37.11087],[-120.26723,37.11068],[-120.26696,37.11044],[-120.26687,37.11036],[-120.26677,37.11027],[-120.26623,37.10986],[-120.26609,37.10975],[-120.26604,37.10971],[-120.266,37.10968],[-120.26577,37.10944],[-120.26574,37.10894],[-120.26581,37.10554],[-120.26579,37.10517]]]]}},{"type":"Feature","properties":{"county_fips":39,"srprec":"2131","precinct_id":"039-2131","g22_asm":{"dem_pct":35.8,"margin_dem":-28.3,"votes_two_party":2544},"g24_asm":{"dem_pct":38.7,"margin_dem":-22.6,"votes_two_party":1522}},"geometry":{"type":"Polygon","coordinates":[[[-120.28481,37.12236],[-120.2797,37.12242],[-120.26773,37.12716],[-120.26536,37.12715],[-120.25946,37.12714],[-120.25617,37.12929],[-120.25517,37.13073],[-120.25372,37.13147],[-120.22821,37.11111],[-120.22451,37.10567],[-120.21699,37.09949],[-120.21452,37.09543],[-120.21503,37.09577],[-120.2161,37.09787],[-120.22484,37.09823],[-120.2476,37.09826],[-120.25674,37.10039],[-120.2589,37.09878],[-120.26583,37.09869],[-120.2658,37.10083],[-120.26579,37.10517],[-120.26605,37.10972],[-120.26716,37.11062],[-120.2694,37.10993],[-120.27217,37.11015],[-120.27289,37.11027],[-120.27442,37.11037],[-120.27754,37.10666],[-120.28007,37.1055],[-120.29107,37.1055],[-120.29275,37.12083],[-120.29271,37.1237],[-120.28673,37.12313],[-120.28481,37.12236]]]}},{"type":"Feature","properties":{"county_fips":39,"srprec":"2241","precinct_id":"039-2241","g22_asm":{"dem_pct":39.8,"margin_dem":-20.4,"votes_two_party":1862},"g24_asm":{"dem_pct":45.1,"margin_dem":-9.9,"votes_two_party":1520}},"geometry":{"type":"MultiPolygon","coordinates":[[[[-120.15486,37.03945],[-120.1104,37.02001],[-120.07431,37.00903],[-120.08585,37.00451],[-120.09563,37.00014],[-120.10879,36.99645],[-120.11025,36.94732],[-120.04659,36.92237],[-120.05598,36.8786],[-120.11487,36.81823],[-120.12976,36.8115],[-120.16417,36.8005],[-120.18545,36.78012],[-120.21797,36.78857],[-120.24626,36.77229],[-120.26909,36.77146],[-120.27711,36.8217],[-120.27914,36.92403],[-120.35483,36.92329],[-120.4498,36.92383],[-120.47749,36.94583],[-120.47858,36.9777],[-120.4647,36.97176],[-120.37052,36.97407],[-120.35345,36.9763],[-120.34482,36.97598],[-120.332,36.97407],[-120.32335,36.97406],[-120.31447,36.9719],[-120.30644,36.97222],[-120.25606,36.98554],[-120.22053,37.04014],[-120.15639,37.04039],[-120.15486,37.03945]],[[-120.16365,36.93824],[-120.15795,36.93824],[-120.15605,36.93823],[-120.15605,36.93886],[-120.15605,36.94073],[-120.15605,36.94136],[-120.15605,36.9414],[-120.15821,36.9414],[-120.15821,36.94144],[-120.1583,36.94144],[-120.15829,36.94194],[-120.15827,36.94381],[-120.15605,36.94381],[-120.15605,36.94396],[-120.15605,36.94428],[-120.15606,36.94526],[-120.15606,36.94558],[-120.16525,36.94552],[-120.16572,36.9455],[-120.16927,36.94544],[-120.17003,36.94544],[-120.17094,36.94543],[-120.17382,36.94541],[-120.17404,36.94541],[-120.17446,36.94541],[-120.1747,36.94541],[-120.1747,36.94521],[-120.1747,36.9449],[-120.17468,36.94348],[-120.17466,36.94224],[-120.17465,36.94187],[-120.17465,36.9418],[-120.17911,36.94178],[-120.18335,36.94177],[-120.1835,36.94177],[-120.18366,36.94176],[-120.18366,36.9414],[-120.18361,36.93896],[-120.18359,36.93814],[-120.18268,36.93815],[-120.17996,36.93816],[-120.17906,36.93817],[-120.17815,36.93817],[-120.17677,36.93818],[-120.17545,36.93818],[-120.17509,36.93818],[-120.17454,36.9382],[-120.17275,36.93821],[-120.16735,36.93823],[-120.16555,36.93824],[-120.16365,36.93824]]],[[[-120.05738,37.01084],[-120.05747,37.01084],[-120.05778,37.01084],[-120.05807,37.01084],[-120.0581,37.01084],[-120.05896,37.01084],[-120.05926,37.01084],[-120.05926,37.01095],[-120.05926,37.01129],[-120.05926,37.01141],[-120.05926,37.01147],[-120.05926,37.01163],[-120.05927,37.01228],[-120.05927,37.01233],[-120.05738,37.01084]]],[[[-120.05949,37.0125],[-120.0596,37.0125],[-120.06044,37.01251],[-120.06056,37.01252],[-120.0606,37.01252],[-120.0608,37.01255],[-120.06088,37.01257],[-120.06095,37.01259],[-120.06101,37.01262],[-120.06114,37.01268],[-120.06129,37.01279],[-120.0614,37.01287],[-120.06175,37.01315],[-120.06206,37.01341],[-120.06238,37.01369],[-120.06274,37.014],[-120.06321,37.01438],[-120.06408,37.01508],[-120.06418,37.01518],[-120.06426,37.01526],[-120.06434,37.01537],[-120.0644,37.01548],[-120.06444,37.0156],[-120.06445,37.01567],[-120.06448,37.01575],[-120.06449,37.0159],[-120.06449,37.01628],[-120.06449,37.01643],[-120.05949,37.0125]]],[[[-120.06666,37.01813],[-120.067,37.01814],[-120.06793,37.01814],[-120.06879,37.01814],[-120.06984,37.01815],[-120.07042,37.01865],[-120.07216,37.02017],[-120.07236,37.02035],[-120.07274,37.02067],[-120.07306,37.02094],[-120.07403,37.02175],[-120.07436,37.02201],[-120.07436,37.02256],[-120.07436,37.02298],[-120.07436,37.02418],[-120.06666,37.01813]]]]}},{"type":"Feature","properties":{"county_fips":39,"srprec":"2264","precinct_id":"039-2264","g22_asm":{"dem_pct":59.0,"margin_dem":18.1,"votes_two_party":83},"g24_asm":{"dem_pct":55.7,"margin_dem":11.4,"votes_two_party":140}},"geometry":{"type":"Polygon","coordinates":[[[-120.08765,36.98186],[-120.08762,36.98084],[-120.08727,36.97996],[-120.08589,36.9786],[-120.08636,36.9783],[-120.08703,36.97824],[-120.09166,36.97827],[-120.0922,36.97531],[-120.10365,36.97461],[-120.10793,36.97462],[-120.12852,36.98213],[-120.12862,37.00016],[-120.1284,37.00586],[-120.11943,36.99644],[-120.10879,36.99645],[-120.10826,36.99746],[-120.10661,37.00018],[-120.10568,37.00089],[-120.10255,37.00152],[-120.10204,37.00141],[-120.1012,37.00111],[-120.10029,37.00058],[-120.09912,37.00041],[-120.09765,37.0],[-120.09672,37.0001],[-120.09588,37.0001],[-120.09451,37.00037],[-120.09269,37.00063],[-120.09855,36.99648],[-120.09714,36.99381],[-120.0909,36.98864],[-120.08797,36.98489],[-120.09048,36.98186],[-120.08765,36.98186]]]}},{"type":"Feature","properties":{"county_fips":39,"srprec":"2266","precinct_id":"039-2266","g22_asm":{"dem_pct":56.5,"margin_dem":12.9,"votes_two_party":255},"g24_asm":{"dem_pct":62.1,"margin_dem":24.2,"votes_two_party":359}},"geometry":{"type":"Polygon","coordinates":[[[-120.08391,36.98286],[-120.07953,36.97923],[-120.07765,36.97766],[-120.07506,36.97553],[-120.07468,36.97485],[-120.07505,36.97468],[-120.07529,36.97462],[-120.0756,36.9746],[-120.07647,36.9746],[-120.07735,36.9746],[-120.07761,36.9746],[-120.07892,36.9746],[-120.08045,36.97461],[-120.08083,36.97461],[-120.08249,36.97461],[-120.08417,36.97461],[-120.08704,36.97458],[-120.08775,36.97458],[-120.09024,36.97457],[-120.09207,36.97457],[-120.09223,36.97753],[-120.09166,36.97827],[-120.08775,36.97825],[-120.08673,36.97824],[-120.08636,36.9783],[-120.08596,36.97852],[-120.08669,36.97928],[-120.08727,36.97996],[-120.08757,36.98061],[-120.08767,36.98127],[-120.08765,36.98186],[-120.09048,36.98365],[-120.08797,36.98489],[-120.08708,36.98548],[-120.08391,36.9829],[-120.08391,36.98286]]]}},{"type":"Feature","properties":{"county_fips":39,"srprec":"3001","precinct_id":"039-3001","g22_asm":{"dem_pct":51.6,"margin_dem":3.2,"votes_two_party":1430},"g24_asm":{"dem_pct":57.0,"margin_dem":14.0,"votes_two_party":2708}},"geometry":{"type":"Polygon","coordinates":[[[-120.05601,36.93828],[-120.05603,36.93427],[-120.05604,36.93103],[-120.06947,36.93463],[-120.07422,36.93833],[-120.08313,36.94177],[-120.08761,36.93997],[-120.092,36.9384],[-120.09282,36.94188],[-120.09461,36.94189],[-120.09668,36.94188],[-120.09656,36.94348],[-120.0966,36.94487],[-120.10029,36.94558],[-120.10143,36.95269],[-120.09803,36.95282],[-120.09536,36.95301],[-120.09348,36.95281],[-120.09584,36.95601],[-120.09225,36.95861],[-120.09201,36.9601],[-120.08872,36.95948],[-120.08862,36.95644],[-120.08825,36.95557],[-120.0868,36.95283],[-120.08544,36.95282],[-120.08065,36.95276],[-120.07557,36.95275],[-120.07296,36.95278],[-120.06929,36.9528],[-120.06508,36.95227],[-120.06257,36.95011],[-120.06054,36.94928],[-120.05611,36.94921],[-120.05602,36.94558],[-120.05601,36.93828]],[[-120.06506,36.94702],[-120.06506,36.94722],[-120.06674,36.94722],[-120.06906,36.94722],[-120.06916,36.94722],[-120.06924,36.94722],[-120.06925,36.94555],[-120.06916,36.94555],[-120.06505,36.94556],[-120.06505,36.9458],[-120.06505,36.94653],[-120.06505,36.94677],[-120.06506,36.94702]]]}},{"type":"Feature","properties":{"county_fips":39,"srprec":"3005","precinct_id":"039-3005","g22_asm":{"dem_pct":58.5,"margin_dem":17.0,"votes_two_party":270},"g24_asm":{"dem_pct":60.8,"margin_dem":21.6,"votes_two_party":454}},"geometry":{"type":"Polygon","coordinates":[[[-120.05195,36.9383],[-120.05572,36.93834],[-120.05601,36.9419],[-120.05601,36.94608],[-120.05604,36.94825],[-120.05603,36.94914],[-120.05604,36.94969],[-120.05605,36.95023],[-120.05604,36.95094],[-120.05606,36.95158],[-120.05606,36.95202],[-120.05608,36.95254],[-120.05608,36.95323],[-120.05607,36.95395],[-120.05608,36.95438],[-120.05606,36.95535],[-120.05604,36.95632],[-120.05636,36.95721],[-120.05595,36.95761],[-120.05376,36.95576],[-120.05138,36.95279],[-120.05141,36.95266],[-120.05033,36.95204],[-120.04815,36.95004],[-120.04579,36.94772],[-120.04572,36.94722],[-120.04567,36.94718],[-120.04522,36.94682],[-120.04404,36.94582],[-120.04324,36.94509],[-120.04143,36.94333],[-120.03972,36.94169],[-120.03647,36.9381],[-120.03822,36.93812],[-120.04116,36.93814],[-120.0422,36.93816],[-120.04288,36.93816],[-120.04516,36.93819],[-120.04654,36.93821],[-120.0488,36.93825],[-120.05195,36.9383]]]}},{"type":"Feature","properties":{"county_fips":39,"srprec":"3006","precinct_id":"039-3006","g22_asm":{"dem_pct":42.7,"margin_dem":-14.6,"votes_two_party":2279},"g24_asm":null},"geometry":{"type":"Polygon","coordinates":[[[-120.1012,36.9528],[-120.10585,36.95281],[-120.1078,36.95281],[-120.10812,36.9538],[-120.10811,36.955],[-120.10811,36.95607],[-120.1081,36.95751],[-120.10809,36.95985],[-120.10983,36.96013],[-120.11027,36.96535],[-120.1103,36.96632],[-120.11028,36.96725],[-120.1043,36.97461],[-120.09521,36.97458],[-120.08989,36.97458],[-120.08704,36.97458],[-120.08448,36.97262],[-120.08398,36.97166],[-120.08322,36.97064],[-120.08324,36.96913],[-120.08328,36.9684],[-120.08328,36.96728],[-120.08319,36.96574],[-120.08318,36.96387],[-120.08318,36.96354],[-120.08317,36.96133],[-120.08374,36.96012],[-120.08871,36.96011],[-120.09151,36.9601],[-120.10092,36.96011],[-120.10119,36.95952],[-120.10125,36.95643],[-120.10353,36.95519],[-120.10369,36.95393],[-120.1012,36.9528]]]}},{"type":"Feature","properties":{"county_fips":39,"srprec":"3009","precinct_id":"039-3009","g22_asm":{"dem_pct":45.4,"margin_dem":-9.3,"votes_two_party":593},"g24_asm":{"dem_pct":48.2,"margin_dem":-3.5,"votes_two_party":734}},"geometry":{"type":"MultiPolygon","coordinates":[[[[-120.05676,36.95285],[-120.05662,36.95282],[-120.05655,36.9528],[-120.05639,36.95273],[-120.05609,36.9526],[-120.05606,36.95235],[-120.05606,36.95222],[-120.05606,36.95195],[-120.05606,36.95165],[-120.05605,36.95146],[-120.05605,36.95101],[-120.05604,36.95072],[-120.05604,36.95055],[-120.05605,36.95012],[-120.05604,36.94977],[-120.05604,36.94959],[-120.05603,36.94921],[-120.05633,36.94921],[-120.05678,36.94921],[-120.05788,36.94921],[-120.05871,36.94921],[-120.06053,36.94922],[-120.06054,36.94928],[-120.06054,36.94946],[-120.06056,36.95012],[-120.06088,36.95012],[-120.06149,36.95012],[-120.06193,36.95012],[-120.06278,36.95011],[-120.06331,36.95012],[-120.0639,36.95013],[-120.06452,36.95011],[-120.06507,36.95012],[-120.06508,36.95227],[-120.06462,36.95281],[-120.06279,36.95284],[-120.06257,36.95284],[-120.06174,36.95284],[-120.0613,36.95284],[-120.0609,36.95284],[-120.06086,36.95284],[-120.06069,36.95282],[-120.06002,36.95284],[-120.05921,36.95286],[-120.05828,36.95285],[-120.05732,36.95287],[-120.05692,36.95286],[-120.05676,36.95285]]],[[[-120.07012,36.96698],[-120.07,36.96681],[-120.06986,36.96661],[-120.06964,36.96633],[-120.06951,36.96618],[-120.06938,36.96604],[-120.06916,36.96581],[-120.06891,36.96558],[-120.06763,36.96433],[-120.06692,36.96366],[-120.0666,36.96335],[-120.06572,36.96249],[-120.06473,36.96154],[-120.06393,36.96076],[-120.0638,36.96064],[-120.06282,36.9597],[-120.06292,36.95964],[-120.063,36.95959],[-120.06309,36.95967],[-120.06319,36.95977],[-120.06377,36.96034],[-120.06397,36.96052],[-120.06399,36.96055],[-120.06406,36.96062],[-120.06409,36.96064],[-120.06425,36.9608],[-120.06473,36.96127],[-120.0649,36.96142],[-120.06508,36.9616],[-120.06565,36.96215],[-120.06584,36.96233],[-120.06585,36.96234],[-120.06588,36.96237],[-120.06589,36.96238],[-120.06607,36.96255],[-120.0666,36.96307],[-120.06678,36.96324],[-120.06711,36.96356],[-120.06812,36.96454],[-120.06846,36.96485],[-120.06869,36.96507],[-120.06926,36.96563],[-120.06928,36.96565],[-120.06956,36.96594],[-120.0698,36.9662],[-120.06995,36.96639],[-120.07009,36.96658],[-120.07013,36.96663],[-120.07012,36.96698]]],[[[-120.09236,36.95283],[-120.09333,36.95281],[-120.09423,36.95282],[-120.09469,36.95283],[-120.09489,36.95283],[-120.09536,36.95301],[-120.09625,36.95285],[-120.09696,36.95283],[-120.09736,36.95282],[-120.09826,36.95282],[-120.09887,36.95282],[-120.10116,36.95284],[-120.10183,36.95394],[-120.10416,36.95393],[-120.1038,36.95461],[-120.10353,36.95519],[-120.10352,36.95604],[-120.10127,36.95604],[-120.10121,36.95763],[-120.10118,36.95838],[-120.1012,36.95983],[-120.1012,36.96005],[-120.10092,36.96011],[-120.09275,36.96011],[-120.09274,36.95958],[-120.09246,36.95896],[-120.09225,36.95861],[-120.09214,36.95829],[-120.09212,36.95607],[-120.09622,36.9561],[-120.09465,36.956],[-120.09212,36.95598],[-120.09236,36.95283]]]]}},{"type":"Feature","properties":{"county_fips":39,"srprec":"3015","precinct_id":"039-3015","g22_asm":{"dem_pct":43.0,"margin_dem":-14.1,"votes_two_party":575},"g24_asm":{"dem_pct":47.3,"margin_dem":-5.4,"votes_two_party":818}},"geometry":{"type":"Polygon","coordinates":[[[-120.06951,36.96453],[-120.07351,36.96452],[-120.07428,36.96404],[-120.07352,36.963],[-120.07349,36.96101],[-120.07435,36.96012],[-120.07773,36.96012],[-120.08194,36.96011],[-120.08317,36.96069],[-120.08318,36.96336],[-120.08318,36.96387],[-120.08319,36.96588],[-120.08331,36.96756],[-120.08328,36.96851],[-120.0832,36.97022],[-120.08355,36.97121],[-120.08446,36.97252],[-120.08289,36.97461],[-120.08059,36.97461],[-120.07866,36.9746],[-120.07664,36.9746],[-120.07534,36.97461],[-120.07489,36.97474],[-120.07367,36.97403],[-120.06965,36.97056],[-120.0679,36.96856],[-120.06675,36.96738],[-120.06416,36.96572],[-120.06331,36.96404],[-120.06521,36.96272],[-120.06692,36.96366],[-120.07,36.96681],[-120.06926,36.96563],[-120.06589,36.96238],[-120.06731,36.96288],[-120.06951,36.96453]]]}},{"type":"Feature","properties":{"county_fips":39,"srprec":"3017","precinct_id":"039-3017","g22_asm":{"dem_pct":45.1,"margin_dem":-9.8,"votes_two_party":603},"g24_asm":{"dem_pct":52.5,"margin_dem":5.0,"votes_two_party":2042}},"geometry":{"type":"Polygon","coordinates":[[[-120.08826,36.953],[-120.08826,36.95532],[-120.08826,36.95578],[-120.08842,36.95615],[-120.08862,36.95644],[-120.0887,36.95674],[-120.08872,36.95847],[-120.08871,36.95995],[-120.08651,36.96011],[-120.08374,36.96012],[-120.08217,36.96012],[-120.0802,36.96011],[-120.07837,36.96012],[-120.07658,36.96012],[-120.07512,36.96012],[-120.07409,36.95985],[-120.07407,36.95869],[-120.07406,36.95686],[-120.07406,36.95645],[-120.07407,36.95617],[-120.07407,36.95596],[-120.07404,36.95486],[-120.07399,36.9533],[-120.07508,36.95276],[-120.07656,36.95275],[-120.07913,36.95276],[-120.08064,36.95276],[-120.08085,36.95276],[-120.08335,36.95279],[-120.08544,36.95282],[-120.08593,36.95282],[-120.08644,36.95282],[-120.08718,36.95283],[-120.08827,36.95285],[-120.08826,36.953]]]}},{"type":"Feature","properties":{"county_fips":39,"srprec":"3020","precinct_id":"039-3020","g22_asm":{"dem_pct":49.1,"margin_dem":-1.9,"votes_two_party":371},"g24_asm":null},"geometry":{"type":"Polygon","coordinates":[[[-120.07349,36.96035],[-120.07349,36.96196],[-120.07367,36.96301],[-120.07428,36.96404],[-120.07381,36.96452],[-120.07157,36.96452],[-120.06892,36.96446],[-120.06691,36.96251],[-120.06589,36.96238],[-120.0649,36.96142],[-120.06397,36.96052],[-120.06282,36.9597],[-120.06548,36.96265],[-120.06464,36.96312],[-120.06331,36.96404],[-120.0625,36.96458],[-120.06181,36.96349],[-120.05959,36.96155],[-120.05748,36.95934],[-120.05586,36.95766],[-120.05613,36.957],[-120.05603,36.95571],[-120.05608,36.95433],[-120.05607,36.9534],[-120.05639,36.95273],[-120.05676,36.95285],[-120.05883,36.95285],[-120.06086,36.95284],[-120.06153,36.95284],[-120.06325,36.95283],[-120.06815,36.95485],[-120.07008,36.9567],[-120.07182,36.95837],[-120.07349,36.96011],[-120.07349,36.96035]]]}},{"type":"Feature","properties":{"county_fips":39,"srprec":"3022","precinct_id":"039-3022","g22_asm":{"dem_pct":64.1,"margin_dem":28.1,"votes_two_party":128},"g24_asm":null},"geometry":{"type":"Polygon","coordinates":[[[-120.06929,36.9528],[-120.06953,36.9528],[-120.07023,36.9528],[-120.07086,36.95285],[-120.07095,36.95286],[-120.07149,36.95282],[-120.07296,36.95278],[-120.0732,36.95277],[-120.07381,36.95278],[-120.07398,36.95278],[-120.07401,36.95375],[-120.07402,36.95451],[-120.07406,36.95528],[-120.07407,36.95595],[-120.07407,36.95602],[-120.07407,36.95615],[-120.07407,36.95622],[-120.07406,36.95643],[-120.07406,36.95649],[-120.07406,36.95664],[-120.07407,36.95791],[-120.07408,36.95837],[-120.07407,36.95879],[-120.07408,36.95958],[-120.07409,36.95998],[-120.07397,36.96011],[-120.07361,36.96011],[-120.07349,36.95998],[-120.07225,36.95879],[-120.07189,36.95844],[-120.07179,36.95834],[-120.07103,36.9576],[-120.07065,36.95724],[-120.0699,36.95652],[-120.06912,36.95578],[-120.06873,36.95541],[-120.06795,36.95467],[-120.06605,36.95281],[-120.0675,36.9528],[-120.06782,36.95279],[-120.06798,36.95279],[-120.06929,36.9528]]]}},{"type":"Feature","properties":{"county_fips":39,"srprec":"3040","precinct_id":"039-3040","g22_asm":{"dem_pct":16.7,"margin_dem":-66.7,"votes_two_party":54},"g24_asm":{"dem_pct":15.4,"margin_dem":-69.2,"votes_two_party":65}},"geometry":{"type":"MultiPolygon","coordinates":[[[[-120.06492,36.931],[-120.06059,36.93102],[-120.05614,36.93103],[-120.05604,36.93095],[-120.05605,36.92808],[-120.05606,36.92601],[-120.05604,36.92387],[-120.05607,36.92385],[-120.05619,36.92385],[-120.05968,36.92384],[-120.06147,36.92384],[-120.06514,36.92383],[-120.06879,36.92383],[-120.07424,36.92382],[-120.07418,36.9239],[-120.07414,36.92768],[-120.07413,36.9284],[-120.07409,36.93096],[-120.07415,36.93109],[-120.07862,36.9311],[-120.08226,36.93109],[-120.08318,36.93109],[-120.08317,36.93191],[-120.08312,36.93461],[-120.08306,36.9376],[-120.08303,36.93835],[-120.07949,36.93834],[-120.07773,36.93834],[-120.07422,36.93833],[-120.07408,36.93833],[-120.07398,36.93833],[-120.06796,36.93833],[-120.06723,36.93822],[-120.06892,36.93464],[-120.0695,36.93104],[-120.06948,36.93098],[-120.06511,36.931],[-120.06492,36.931]]],[[[-120.06506,36.94702],[-120.06505,36.94677],[-120.06505,36.94653],[-120.06505,36.9458],[-120.06505,36.94556],[-120.06916,36.94555],[-120.06925,36.94555],[-120.06924,36.94722],[-120.06916,36.94722],[-120.06906,36.94722],[-120.06674,36.94722],[-120.06506,36.94722],[-120.06506,36.94702]]],[[[-120.08761,36.94003],[-120.08761,36.94017],[-120.08761,36.94021],[-120.0873,36.94033],[-120.08429,36.94152],[-120.08433,36.94159],[-120.08355,36.94189],[-120.08333,36.94189],[-120.08313,36.94189],[-120.08313,36.94179],[-120.08313,36.94177],[-120.08313,36.94174],[-120.08311,36.93847],[-120.08311,36.93835],[-120.08313,36.93835],[-120.08338,36.93835],[-120.08346,36.93836],[-120.08416,36.93836],[-120.08626,36.93837],[-120.08697,36.93837],[-120.08713,36.93837],[-120.08762,36.93838],[-120.08759,36.93848],[-120.08759,36.93855],[-120.08759,36.93888],[-120.08761,36.93974],[-120.08761,36.93997],[-120.08761,36.94003]]],[[[-120.09758,36.9456],[-120.09663,36.94541],[-120.0966,36.94487],[-120.09659,36.94432],[-120.09657,36.94379],[-120.09655,36.94338],[-120.09909,36.94299],[-120.09911,36.94188],[-120.09628,36.94188],[-120.09545,36.94188],[-120.09493,36.94188],[-120.09418,36.94188],[-120.0935,36.94188],[-120.09282,36.94188],[-120.09223,36.94188],[-120.09212,36.94066],[-120.09716,36.93836],[-120.11031,36.93825],[-120.11031,36.93837],[-120.1103,36.93984],[-120.11029,36.94216],[-120.11026,36.94591],[-120.11024,36.94882],[-120.11024,36.94998],[-120.11025,36.95259],[-120.10812,36.95282],[-120.10758,36.95281],[-120.10604,36.95283],[-120.10144,36.9528],[-120.1014,36.94918],[-120.10139,36.94589],[-120.10075,36.94557],[-120.09758,36.9456]]]]}},{"type":"Feature","properties":{"county_fips":39,"srprec":"3041","precinct_id":"039-3041","g22_asm":{"dem_pct":28.6,"margin_dem":-42.9,"votes_two_party":7},"g24_asm":null},"geometry":{"type":"MultiPolygon","coordinates":[[[[-120.10528,36.95281],[-120.10585,36.95281],[-120.10585,36.95402],[-120.10584,36.95493],[-120.10529,36.95493],[-120.10469,36.95493],[-120.10473,36.95281],[-120.10528,36.95281]]],[[[-120.10809,36.95997],[-120.10809,36.95996],[-120.10809,36.95994],[-120.10809,36.95985],[-120.10809,36.95949],[-120.10809,36.9593],[-120.10809,36.95878],[-120.1081,36.95836],[-120.1081,36.95829],[-120.1081,36.95794],[-120.1081,36.95751],[-120.1081,36.95736],[-120.1081,36.95709],[-120.1081,36.95679],[-120.1081,36.95634],[-120.1081,36.9563],[-120.1081,36.95628],[-120.10811,36.95607],[-120.10811,36.95585],[-120.10811,36.95568],[-120.10811,36.95551],[-120.10811,36.9555],[-120.10811,36.95534],[-120.10811,36.95517],[-120.10811,36.955],[-120.10811,36.95483],[-120.10811,36.95465],[-120.10811,36.95448],[-120.10811,36.95431],[-120.10811,36.95414],[-120.10812,36.95397],[-120.10812,36.9538],[-120.10812,36.95363],[-120.10812,36.95345],[-120.10812,36.95328],[-120.10812,36.95311],[-120.10812,36.95282],[-120.10855,36.95282],[-120.10983,36.95282],[-120.11026,36.95282],[-120.11026,36.95423],[-120.11025,36.95845],[-120.11025,36.95986],[-120.11025,36.95987],[-120.11025,36.95992],[-120.11025,36.95993],[-120.11025,36.95997],[-120.11025,36.96009],[-120.11025,36.96013],[-120.11022,36.96013],[-120.10983,36.96013],[-120.10857,36.96011],[-120.10815,36.96011],[-120.10809,36.96011],[-120.10809,36.95997]]]]}},{"type":"Feature","properties":{"county_fips":39,"srprec":"4001","precinct_id":"039-4001","g22_asm":{"dem_pct":60.9,"margin_dem":21.9,"votes_two_party":256},"g24_asm":{"dem_pct":61.5,"margin_dem":23.0,"votes_two_party":296}},"geometry":{"type":"MultiPolygon","coordinates":[[[[-120.01206,36.95719],[-120.01192,36.95619],[-120.01201,36.95479],[-120.01233,36.95407],[-120.01245,36.95212],[-120.01213,36.95153],[-120.01165,36.95127],[-120.0109,36.95091],[-120.01044,36.95036],[-120.01,36.94951],[-120.0099,36.94918],[-120.00953,36.94808],[-120.00941,36.94744],[-120.00937,36.94632],[-120.00933,36.9453],[-120.00908,36.94465],[-120.00833,36.944],[-120.00783,36.94367],[-120.00647,36.94276],[-120.00587,36.94226],[-120.00465,36.94076],[-120.02029,36.93808],[-120.0291,36.9381],[-120.03257,36.93811],[-120.0329,36.93856],[-120.03293,36.9399],[-120.03518,36.94346],[-120.03521,36.94538],[-120.03752,36.94567],[-120.03755,36.94796],[-120.03757,36.95212],[-120.03304,36.95262],[-120.02673,36.95262],[-120.02175,36.95261],[-120.01946,36.95361],[-120.01948,36.95683],[-120.01206,36.95719]]],[[[-120.03934,36.98082],[-120.03933,36.98081],[-120.03948,36.98072],[-120.03977,36.98053],[-120.04017,36.98026],[-120.04043,36.98008],[-120.04043,36.98008],[-120.04052,36.98002],[-120.04074,36.98002],[-120.04154,36.98001],[-120.04399,36.97999],[-120.04436,36.97999],[-120.0457,36.97998],[-120.04606,36.97998],[-120.04618,36.97998],[-120.04625,36.97998],[-120.04629,36.97998],[-120.04637,36.97998],[-120.04643,36.97998],[-120.04645,36.97998],[-120.04646,36.98019],[-120.04646,36.9803],[-120.04647,36.98089],[-120.04665,36.98089],[-120.04665,36.98141],[-120.04665,36.98174],[-120.04659,36.98174],[-120.04653,36.98174],[-120.04647,36.98174],[-120.04644,36.98173],[-120.04642,36.98173],[-120.04635,36.98173],[-120.0463,36.98173],[-120.04605,36.98173],[-120.04592,36.98173],[-120.04532,36.98173],[-120.04508,36.98173],[-120.04457,36.98172],[-120.04442,36.98172],[-120.04427,36.98172],[-120.04378,36.98172],[-120.0434,36.98172],[-120.04334,36.98172],[-120.04303,36.98172],[-120.04288,36.98171],[-120.04252,36.98171],[-120.04233,36.98171],[-120.04176,36.98171],[-120.04157,36.98171],[-120.04134,36.9817],[-120.04084,36.9817],[-120.03985,36.98169],[-120.03934,36.98082]]]]}},{"type":"Feature","properties":{"county_fips":39,"srprec":"4020","precinct_id":"039-4020","g22_asm":{"dem_pct":68.0,"margin_dem":36.0,"votes_two_party":662},"g24_asm":{"dem_pct":70.6,"margin_dem":41.3,"votes_two_party":412}},"geometry":{"type":"MultiPolygon","coordinates":[[[[-120.04153,36.98459],[-120.04157,36.98193],[-120.04334,36.98172],[-120.04532,36.98173],[-120.04647,36.98174],[-120.04646,36.9803],[-120.04618,36.97998],[-120.04052,36.98002],[-120.04107,36.97964],[-120.04203,36.97883],[-120.04257,36.97782],[-120.04291,36.97649],[-120.04352,36.97551],[-120.04434,36.97462],[-120.04373,36.9742],[-120.04961,36.97151],[-120.05119,36.97033],[-120.05402,36.96895],[-120.05623,36.96886],[-120.05624,36.96948],[-120.05627,36.97027],[-120.05628,36.97168],[-120.05627,36.97314],[-120.05625,36.97447],[-120.05619,36.97648],[-120.05596,36.97817],[-120.0536,36.97819],[-120.0515,36.97848],[-120.0515,36.97928],[-120.05152,36.98174],[-120.05251,36.98274],[-120.05246,36.98556],[-120.04663,36.98675],[-120.0443,36.98675],[-120.04295,36.98676],[-120.04153,36.98459]]],[[[-120.04823,36.95995],[-120.04808,36.95996],[-120.04793,36.95996],[-120.04746,36.95996],[-120.0473,36.95996],[-120.04744,36.95985],[-120.04788,36.95954],[-120.04802,36.95943],[-120.04823,36.95995]]]]}},{"type":"Feature","properties":{"county_fips":39,"srprec":"4025","precinct_id":"039-4025","g22_asm":{"dem_pct":74.2,"margin_dem":48.3,"votes_two_party":209},"g24_asm":{"dem_pct":75.6,"margin_dem":51.2,"votes_two_party":402}},"geometry":{"type":"Polygon","coordinates":[[[-120.06604,36.96739],[-120.06674,36.96738],[-120.06744,36.968],[-120.06795,36.96862],[-120.06894,36.96979],[-120.07027,36.97119],[-120.07367,36.97403],[-120.07462,36.97481],[-120.07441,36.97499],[-120.07388,36.97454],[-120.07272,36.97449],[-120.06997,36.97448],[-120.06839,36.97449],[-120.0677,36.97448],[-120.06669,36.97448],[-120.06528,36.97448],[-120.06343,36.97448],[-120.06182,36.97446],[-120.06004,36.97447],[-120.05881,36.97446],[-120.05769,36.97446],[-120.05661,36.97447],[-120.05626,36.97371],[-120.05627,36.97304],[-120.05627,36.97187],[-120.05627,36.97075],[-120.05626,36.97002],[-120.05624,36.96948],[-120.05623,36.96903],[-120.05643,36.96885],[-120.05846,36.96889],[-120.06131,36.96853],[-120.06321,36.96785],[-120.06134,36.96535],[-120.06273,36.96442],[-120.06604,36.96739]]]}},{"type":"Feature","properties":{"county_fips":39,"srprec":"4030","precinct_id":"039-4030","g22_asm":{"dem_pct":67.0,"margin_dem":34.0,"votes_two_party":479},"g24_asm":null},"geometry":{"type":"Polygon","coordinates":[[[-120.03276,36.9707],[-120.03765,36.96783],[-120.03768,36.96541],[-120.03767,36.96303],[-120.03766,36.96046],[-120.03782,36.95982],[-120.03996,36.95987],[-120.04209,36.9599],[-120.04318,36.9599],[-120.04515,36.95992],[-120.04673,36.95995],[-120.04793,36.95996],[-120.04858,36.95911],[-120.05017,36.95805],[-120.05172,36.95696],[-120.05338,36.95761],[-120.05479,36.95737],[-120.05554,36.95787],[-120.05697,36.95884],[-120.05881,36.96082],[-120.06143,36.96313],[-120.06238,36.96465],[-120.06319,36.9672],[-120.06217,36.96821],[-120.05846,36.96889],[-120.05626,36.96884],[-120.0543,36.96892],[-120.05194,36.96941],[-120.05044,36.97107],[-120.04688,36.97257],[-120.04389,36.97429],[-120.04424,36.97477],[-120.04352,36.97551],[-120.04246,36.9747],[-120.04154,36.97438],[-120.04129,36.97453],[-120.03993,36.97529],[-120.03276,36.9707]]]}},{"type":"Feature","properties":{"county_fips":39,"srprec":"4042","precinct_id":"039-4042","g22_asm":{"dem_pct":67.2,"margin_dem":34.4,"votes_two_party":643},"g24_asm":{"dem_pct":64.4,"margin_dem":28.8,"votes_two_party":1228}},"geometry":{"type":"Polygon","coordinates":[[[-120.0517,36.95377],[-120.05551,36.95789],[-120.05429,36.95687],[-120.05331,36.95766],[-120.05141,36.95719],[-120.04996,36.95819],[-120.04825,36.9593],[-120.04719,36.95995],[-120.04555,36.95992],[-120.04441,36.95991],[-120.04256,36.95989],[-120.04033,36.95988],[-120.03831,36.95983],[-120.03769,36.95982],[-120.03304,36.95983],[-120.03733,36.95264],[-120.03756,36.95005],[-120.03755,36.94767],[-120.03752,36.94567],[-120.03528,36.94538],[-120.03517,36.94496],[-120.03294,36.94167],[-120.03293,36.93948],[-120.03277,36.93853],[-120.03303,36.93811],[-120.03525,36.93811],[-120.03603,36.93811],[-120.04071,36.94264],[-120.04342,36.94526],[-120.0448,36.94647],[-120.04567,36.94718],[-120.04561,36.94757],[-120.049,36.95086],[-120.05128,36.95259],[-120.05086,36.95278],[-120.0517,36.95377]]]}}],"outline":{"type":"Polygon","coordinates":[[[-121.22062,37.12463],[-121.18018,37.17242],[-121.08483,37.24895],[-121.01262,37.24202],[-120.96377,37.26044],[-120.93708,37.29736],[-120.92549,37.29025],[-120.91332,37.2894],[-120.89916,37.29542],[-120.87542,37.29137],[-120.85134,37.29859],[-120.82308,37.38156],[-120.80474,37.39177],[-120.78987,37.44421],[-120.70148,37.42689],[-120.63632,37.42513],[-120.61281,37.40392],[-120.48392,37.41614],[-120.45272,37.4113],[-120.39744,37.41735],[-120.35371,37.43138],[-120.31989,37.45013],[-120.2845,37.46281],[-120.27839,37.41961],[-120.22602,37.35021],[-120.18393,37.27172],[-120.0563,37.18662],[-120.10305,37.16796],[-120.17534,37.16532],[-120.25225,37.15709],[-120.27138,37.15306],[-120.28988,37.15262],[-120.29824,37.14757],[-120.30338,37.14222],[-120.28481,37.12236],[-120.25118,37.13309],[-120.22035,37.10359],[-120.16214,37.08361],[-120.15486,37.03945],[-120.12184,37.01331],[-120.10463,37.02404],[-120.07437,37.02419],[-120.05623,37.00994],[-120.03934,36.98082],[-120.03276,36.9707],[-120.01206,36.95719],[-120.0097,36.94853],[-120.00465,36.94076],[-120.03192,36.93418],[-120.04659,36.92237],[-120.05598,36.87413],[-120.02568,36.81535],[-119.99124,36.83217],[-119.93251,36.84304],[-119.90223,36.84178],[-119.88848,36.82203],[-119.86466,36.82993],[-119.84722,36.82272],[-119.84248,36.81418],[-119.84433,36.79983],[-119.83595,36.77375],[-119.85691,36.77799],[-119.91629,36.77456],[-119.93437,36.68987],[-119.84457,36.63412],[-119.82681,36.54675],[-119.86114,36.48907],[-120.00326,36.48627],[-120.02395,36.46212],[-120.01326,36.42994],[-119.95965,36.40098],[-119.95894,36.30633],[-119.96794,36.17494],[-120.08839,36.08222],[-120.12818,36.05172],[-120.19596,35.99997],[-120.328,35.9133],[-120.35569,35.94806],[-120.40634,35.97397],[-120.44909,35.98617],[-120.48046,36.00593],[-120.50036,36.02202],[-120.51954,36.02505],[-120.52882,36.03465],[-120.54882,36.0474],[-120.58157,36.06317],[-120.59034,36.08927],[-120.6268,36.09824],[-120.65545,36.1307],[-120.67202,36.16291],[-120.65116,36.17501],[-120.635,36.19808],[-120.65117,36.22872],[-120.67297,36.25768],[-120.68274,36.29445],[-120.6384,36.31876],[-120.61289,36.32334],[-120.5971,36.45251],[-120.75141,36.60647],[-120.93114,36.74999],[-121.14261,36.83907],[-121.15312,36.86454],[-121.17455,36.88622],[-121.20651,36.91169],[-121.23291,36.93267],[-121.22935,36.96765],[-121.23746,37.00887],[-121.24419,37.03197],[-121.21163,37.05596],[-121.23018,37.08237],[-121.23015,37.10238],[-121.22062,37.12463]]]}}