{"type":"FeatureCollection","district_id":"ad-36","district_code":"AD-36","schema_version":1,"source":{"boundaries":"UC Berkeley Statewide Database SR precinct shapefiles (g22/g24 v01)","results":"SWDB SOV by SR precinct \u2014 Assembly contest (ASSDEM* vs ASSREP*)","assembly_boundary":"CRC 2020 (ca-assembly-crc-2020.geojson)","built_at":"2026-10-07","races":{"g22_asm":{"label":"2022 General \u00b7 Assembly","election":"2022-11-08"},"g24_asm":{"label":"2024 General \u00b7 Assembly","election":"2024-11-05"}}},"features":[{"type":"Feature","properties":{"county_fips":25,"srprec":"121004","precinct_id":"025-121004","g22_asm":{"dem_pct":81.5,"margin_dem":63.0,"votes_two_party":757},"g24_asm":{"dem_pct":66.6,"margin_dem":33.2,"votes_two_party":1463}},"geometry":{"type":"Polygon","coordinates":[[[-115.52759,32.67148],[-115.52538,32.67149],[-115.52455,32.67526],[-115.52317,32.67923],[-115.51993,32.6792],[-115.51291,32.67917],[-115.50906,32.67915],[-115.50747,32.67915],[-115.50565,32.67914],[-115.50485,32.67914],[-115.50359,32.67915],[-115.49983,32.67913],[-115.49871,32.67897],[-115.49867,32.67723],[-115.49866,32.67619],[-115.49867,32.67506],[-115.49867,32.67398],[-115.49867,32.67297],[-115.49867,32.67068],[-115.49867,32.66858],[-115.49945,32.66658],[-115.49811,32.66553],[-115.49727,32.66483],[-115.50189,32.66449],[-115.50566,32.66421],[-115.50821,32.66403],[-115.5143,32.66358],[-115.52908,32.66248],[-115.5335,32.66236],[-115.53354,32.66269],[-115.53019,32.6634],[-115.52893,32.66549],[-115.52735,32.67055],[-115.52759,32.67148]]]}},{"type":"Feature","properties":{"county_fips":25,"srprec":"121006","precinct_id":"025-121006","g22_asm":{"dem_pct":80.6,"margin_dem":61.3,"votes_two_party":253},"g24_asm":{"dem_pct":63.9,"margin_dem":27.7,"votes_two_party":509}},"geometry":{"type":"Polygon","coordinates":[[[-115.51549,32.686],[-115.51367,32.68617],[-115.51209,32.68617],[-115.51197,32.6861],[-115.50809,32.68601],[-115.50799,32.68575],[-115.50788,32.68547],[-115.50775,32.68508],[-115.50772,32.6847],[-115.50771,32.68444],[-115.50768,32.68387],[-115.50766,32.68358],[-115.50762,32.68301],[-115.50759,32.68244],[-115.50757,32.68216],[-115.50753,32.68158],[-115.5075,32.68113],[-115.50749,32.68087],[-115.50744,32.67974],[-115.50742,32.67939],[-115.50741,32.67921],[-115.50747,32.67915],[-115.50764,32.67915],[-115.50786,32.67915],[-115.50854,32.67915],[-115.51062,32.67916],[-115.51153,32.67917],[-115.51205,32.67917],[-115.51291,32.67917],[-115.51552,32.67917],[-115.51592,32.67928],[-115.516,32.68156],[-115.51615,32.6837],[-115.51619,32.68431],[-115.51621,32.68473],[-115.51626,32.68563],[-115.51626,32.68572],[-115.51593,32.68588],[-115.51549,32.686]]]}},{"type":"Feature","properties":{"county_fips":25,"srprec":"121007","precinct_id":"025-121007","g22_asm":{"dem_pct":80.2,"margin_dem":60.5,"votes_two_party":177},"g24_asm":{"dem_pct":55.6,"margin_dem":11.2,"votes_two_party":421}},"geometry":{"type":"Polygon","coordinates":[[[-115.51724,32.67918],[-115.51899,32.67919],[-115.51938,32.6792],[-115.51993,32.6792],[-115.52019,32.6792],[-115.52028,32.67921],[-115.52089,32.67921],[-115.52191,32.67923],[-115.52273,32.67923],[-115.52298,32.67923],[-115.52317,32.67923],[-115.52314,32.67931],[-115.52314,32.67933],[-115.52292,32.68003],[-115.52242,32.68114],[-115.52216,32.68163],[-115.52211,32.68174],[-115.52189,32.6822],[-115.52161,32.68268],[-115.52129,32.68314],[-115.52089,32.68363],[-115.52049,32.68397],[-115.51999,32.68435],[-115.51954,32.68463],[-115.51908,32.68487],[-115.51851,32.6851],[-115.5184,32.68514],[-115.51795,32.68532],[-115.51694,32.68563],[-115.51672,32.6857],[-115.51663,32.68571],[-115.51636,32.68577],[-115.51627,32.68578],[-115.51626,32.68572],[-115.51626,32.68569],[-115.51626,32.68563],[-115.51625,32.68552],[-115.51621,32.68473],[-115.5162,32.68447],[-115.51619,32.68431],[-115.51616,32.68385],[-115.51615,32.6837],[-115.51609,32.68261],[-115.516,32.68156],[-115.51598,32.68094],[-115.51592,32.67928],[-115.51592,32.67917],[-115.51724,32.67918]]]}},{"type":"Feature","properties":{"county_fips":25,"srprec":"121009","precinct_id":"025-121009","g22_asm":{"dem_pct":71.7,"margin_dem":43.4,"votes_two_party":53},"g24_asm":{"dem_pct":64.3,"margin_dem":28.6,"votes_two_party":70}},"geometry":{"type":"Polygon","coordinates":[[[-115.49749,32.66524],[-115.49798,32.66547],[-115.49839,32.66567],[-115.49871,32.66604],[-115.4996,32.66669],[-115.49868,32.66754],[-115.49867,32.66858],[-115.49867,32.66953],[-115.49867,32.67005],[-115.49867,32.6711],[-115.49867,32.67214],[-115.49867,32.67313],[-115.49867,32.67363],[-115.49772,32.6738],[-115.49652,32.67381],[-115.49628,32.67354],[-115.49627,32.67277],[-115.49628,32.67172],[-115.49627,32.67068],[-115.49628,32.66963],[-115.49628,32.66859],[-115.49628,32.66754],[-115.49628,32.66648],[-115.49601,32.66562],[-115.49576,32.66512],[-115.4949,32.66505],[-115.49295,32.6652],[-115.49046,32.66533],[-115.49384,32.66508],[-115.49546,32.66496],[-115.49583,32.66494],[-115.49594,32.66493],[-115.4964,32.6649],[-115.49709,32.66484],[-115.49731,32.66506],[-115.49749,32.66524]]]}},{"type":"Feature","properties":{"county_fips":25,"srprec":"121012","precinct_id":"025-121012","g22_asm":{"dem_pct":81.3,"margin_dem":62.6,"votes_two_party":716},"g24_asm":{"dem_pct":62.0,"margin_dem":24.1,"votes_two_party":1436}},"geometry":{"type":"Polygon","coordinates":[[[-115.49927,32.6868],[-115.49929,32.68888],[-115.49949,32.68944],[-115.49952,32.6899],[-115.49953,32.69084],[-115.49954,32.69143],[-115.49967,32.692],[-115.49983,32.69253],[-115.5,32.69307],[-115.5002,32.69382],[-115.49933,32.69401],[-115.49921,32.69401],[-115.49862,32.694],[-115.49832,32.694],[-115.49818,32.694],[-115.49665,32.69399],[-115.49615,32.69399],[-115.49571,32.69398],[-115.49132,32.69393],[-115.48708,32.69391],[-115.48342,32.69391],[-115.4825,32.69391],[-115.4825,32.69378],[-115.4825,32.69351],[-115.48252,32.69193],[-115.48251,32.69049],[-115.48251,32.69042],[-115.48251,32.68976],[-115.48252,32.68851],[-115.48253,32.68744],[-115.48253,32.68711],[-115.48254,32.68685],[-115.48254,32.68653],[-115.48254,32.68647],[-115.48299,32.6864],[-115.48629,32.68638],[-115.49065,32.68637],[-115.49119,32.68637],[-115.49337,32.68637],[-115.49615,32.68637],[-115.49832,32.68637],[-115.49886,32.68637],[-115.49912,32.68638],[-115.49918,32.68638],[-115.49927,32.6868]]]}},{"type":"Feature","properties":{"county_fips":25,"srprec":"121013","precinct_id":"025-121013","g22_asm":{"dem_pct":81.0,"margin_dem":61.9,"votes_two_party":1760},"g24_asm":{"dem_pct":64.2,"margin_dem":28.4,"votes_two_party":1575}},"geometry":{"type":"Polygon","coordinates":[[[-115.48256,32.66752],[-115.48257,32.66591],[-115.48955,32.6654],[-115.49484,32.66506],[-115.49576,32.66512],[-115.49628,32.66583],[-115.49628,32.66775],[-115.49628,32.66963],[-115.49627,32.6711],[-115.49627,32.67298],[-115.49652,32.67381],[-115.49867,32.6738],[-115.49867,32.6746],[-115.49867,32.67518],[-115.49866,32.67609],[-115.49866,32.67691],[-115.4987,32.67755],[-115.49871,32.67897],[-115.49875,32.67912],[-115.49889,32.68068],[-115.49926,32.68614],[-115.49912,32.68638],[-115.49669,32.68637],[-115.49119,32.68637],[-115.48457,32.68639],[-115.48254,32.68621],[-115.48254,32.68526],[-115.48255,32.68268],[-115.48253,32.67954],[-115.48252,32.67711],[-115.48254,32.67534],[-115.48254,32.67303],[-115.48256,32.67087],[-115.48255,32.66775],[-115.48256,32.66752]]]}},{"type":"Feature","properties":{"county_fips":25,"srprec":"121015","precinct_id":"025-121015","g22_asm":{"dem_pct":75.9,"margin_dem":51.7,"votes_two_party":58},"g24_asm":{"dem_pct":63.8,"margin_dem":27.6,"votes_two_party":116}},"geometry":{"type":"Polygon","coordinates":[[[-115.4995,32.68669],[-115.49949,32.68646],[-115.49943,32.68638],[-115.49933,32.68638],[-115.49925,32.68638],[-115.49903,32.68212],[-115.49889,32.68068],[-115.49876,32.67919],[-115.49934,32.67913],[-115.50114,32.67916],[-115.50239,32.67913],[-115.50383,32.67916],[-115.50471,32.67913],[-115.50485,32.67914],[-115.50507,32.67914],[-115.50564,32.67915],[-115.50586,32.67913],[-115.50702,32.67915],[-115.50742,32.67936],[-115.50744,32.67974],[-115.50749,32.68101],[-115.50753,32.68158],[-115.50758,32.6823],[-115.50762,32.68301],[-115.50767,32.68373],[-115.50771,32.68444],[-115.50772,32.68487],[-115.50788,32.68547],[-115.50803,32.68585],[-115.50825,32.6864],[-115.508,32.68639],[-115.50819,32.68677],[-115.5081,32.68677],[-115.50803,32.68677],[-115.50796,32.68677],[-115.50792,32.68677],[-115.50349,32.68677],[-115.4995,32.68669]]]}},{"type":"Feature","properties":{"county_fips":25,"srprec":"121016","precinct_id":"025-121016","g22_asm":{"dem_pct":80.3,"margin_dem":60.5,"votes_two_party":719},"g24_asm":{"dem_pct":58.3,"margin_dem":16.5,"votes_two_party":1541}},"geometry":{"type":"MultiPolygon","coordinates":[[[[-115.47408,32.66828],[-115.47401,32.66678],[-115.47361,32.66656],[-115.4741,32.66653],[-115.47625,32.66637],[-115.47926,32.66615],[-115.48153,32.66599],[-115.48261,32.66598],[-115.4826,32.66669],[-115.48256,32.66752],[-115.48255,32.66829],[-115.48254,32.66982],[-115.48256,32.67087],[-115.48254,32.67209],[-115.48254,32.67284],[-115.48254,32.67359],[-115.48254,32.67409],[-115.48254,32.67534],[-115.48254,32.67575],[-115.48254,32.67597],[-115.48251,32.67915],[-115.48251,32.67924],[-115.48234,32.67931],[-115.48176,32.67934],[-115.48108,32.67929],[-115.47932,32.67932],[-115.47918,32.67932],[-115.47773,32.67934],[-115.47687,32.67937],[-115.47603,32.67946],[-115.47584,32.67949],[-115.47529,32.6796],[-115.47511,32.67964],[-115.47492,32.6797],[-115.47438,32.67963],[-115.47427,32.67941],[-115.47412,32.67891],[-115.47406,32.67866],[-115.47406,32.67833],[-115.47406,32.67768],[-115.47407,32.67719],[-115.47409,32.67544],[-115.47407,32.67334],[-115.47408,32.67048],[-115.47408,32.66828]]],[[[-115.49949,32.68645],[-115.49949,32.68646],[-115.49949,32.68652],[-115.49949,32.68657],[-115.4995,32.68669],[-115.4995,32.68677],[-115.49947,32.68691],[-115.49947,32.68778],[-115.49946,32.68857],[-115.49947,32.68888],[-115.49929,32.68888],[-115.49929,32.68874],[-115.49927,32.6868],[-115.49925,32.68638],[-115.49931,32.68638],[-115.49933,32.68638],[-115.49935,32.68638],[-115.49942,32.68638],[-115.49943,32.68638],[-115.49949,32.68638],[-115.49949,32.68645]]],[[[-115.49933,32.69428],[-115.49936,32.69632],[-115.49938,32.69842],[-115.49939,32.70007],[-115.49939,32.70033],[-115.49939,32.70061],[-115.49939,32.70075],[-115.4994,32.70113],[-115.4994,32.70145],[-115.49941,32.70178],[-115.49935,32.70178],[-115.49935,32.70172],[-115.49934,32.70152],[-115.49934,32.70146],[-115.49934,32.70142],[-115.49934,32.70137],[-115.49934,32.70132],[-115.49934,32.70128],[-115.49934,32.70125],[-115.49934,32.70124],[-115.49934,32.70117],[-115.49934,32.70114],[-115.49934,32.70106],[-115.49934,32.70103],[-115.49934,32.70083],[-115.49933,32.70075],[-115.49933,32.70075],[-115.49933,32.70072],[-115.49933,32.70063],[-115.49933,32.7006],[-115.49932,32.70001],[-115.49931,32.69873],[-115.49931,32.69824],[-115.4993,32.69782],[-115.4993,32.69765],[-115.4993,32.69698],[-115.49928,32.69495],[-115.49927,32.6945],[-115.49927,32.69428],[-115.49927,32.69425],[-115.49927,32.69418],[-115.49927,32.69416],[-115.49927,32.69402],[-115.49927,32.69401],[-115.49933,32.69401],[-115.49933,32.69428]]]]}},{"type":"Feature","properties":{"county_fips":25,"srprec":"121019","precinct_id":"025-121019","g22_asm":{"dem_pct":71.5,"margin_dem":43.1,"votes_two_party":492},"g24_asm":{"dem_pct":55.9,"margin_dem":11.9,"votes_two_party":876}},"geometry":{"type":"Polygon","coordinates":[[[-115.48254,32.68526],[-115.48254,32.68578],[-115.48254,32.68595],[-115.48254,32.68629],[-115.48254,32.68641],[-115.48087,32.68641],[-115.47585,32.68643],[-115.47418,32.68642],[-115.47243,32.68641],[-115.46717,32.68637],[-115.46541,32.68636],[-115.46557,32.68624],[-115.46582,32.68604],[-115.46614,32.68578],[-115.46693,32.68516],[-115.46911,32.68344],[-115.46958,32.68307],[-115.4699,32.68282],[-115.47042,32.68241],[-115.47344,32.68231],[-115.47355,32.6802],[-115.47356,32.67941],[-115.47406,32.67866],[-115.4742,32.6792],[-115.47438,32.67962],[-115.47444,32.67985],[-115.47506,32.67966],[-115.47516,32.67963],[-115.47566,32.67952],[-115.47603,32.67946],[-115.47647,32.67941],[-115.47732,32.67935],[-115.47792,32.67934],[-115.47922,32.67932],[-115.48106,32.67929],[-115.48169,32.67928],[-115.48204,32.67932],[-115.48252,32.67931],[-115.48254,32.68044],[-115.48254,32.68191],[-115.48255,32.68268],[-115.48255,32.68273],[-115.48254,32.68511],[-115.48254,32.68526]]]}},{"type":"Feature","properties":{"county_fips":25,"srprec":"121023","precinct_id":"025-121023","g22_asm":{"dem_pct":77.8,"margin_dem":55.7,"votes_two_party":555},"g24_asm":{"dem_pct":55.3,"margin_dem":10.5,"votes_two_party":1209}},"geometry":{"type":"Polygon","coordinates":[[[-115.47823,32.69133],[-115.47823,32.6921],[-115.47822,32.69346],[-115.47822,32.69391],[-115.47477,32.69391],[-115.47391,32.6939],[-115.46983,32.69388],[-115.46983,32.69287],[-115.46985,32.68918],[-115.46895,32.68912],[-115.46857,32.68907],[-115.46788,32.68893],[-115.46739,32.68885],[-115.46709,32.68883],[-115.46667,32.6888],[-115.46634,32.6888],[-115.46545,32.6888],[-115.46535,32.68686],[-115.46536,32.6865],[-115.46537,32.68639],[-115.4654,32.68637],[-115.46565,32.68636],[-115.46906,32.68639],[-115.47393,32.68642],[-115.47419,32.68642],[-115.4768,32.68643],[-115.48218,32.68641],[-115.48254,32.68647],[-115.48254,32.68653],[-115.48254,32.68685],[-115.48253,32.68711],[-115.48253,32.68744],[-115.48252,32.68851],[-115.48215,32.68851],[-115.48098,32.68847],[-115.48059,32.68839],[-115.48016,32.68833],[-115.47908,32.68833],[-115.47872,32.68836],[-115.47844,32.6884],[-115.47824,32.68862],[-115.47824,32.68923],[-115.47824,32.68988],[-115.47824,32.69036],[-115.47824,32.69049],[-115.47823,32.69133]]]}},{"type":"Feature","properties":{"county_fips":25,"srprec":"121024","precinct_id":"025-121024","g22_asm":{"dem_pct":78.9,"margin_dem":57.9,"votes_two_party":95},"g24_asm":{"dem_pct":47.9,"margin_dem":-4.1,"votes_two_party":242}},"geometry":{"type":"Polygon","coordinates":[[[-115.46523,32.6937],[-115.46527,32.69283],[-115.46531,32.69179],[-115.46533,32.68965],[-115.46533,32.68885],[-115.46534,32.68859],[-115.46534,32.68825],[-115.46535,32.68721],[-115.46535,32.68686],[-115.46545,32.68686],[-115.46545,32.6888],[-115.46567,32.6888],[-115.46634,32.6888],[-115.46657,32.6888],[-115.46667,32.6888],[-115.4667,32.6888],[-115.46709,32.68883],[-115.46722,32.68883],[-115.46739,32.68885],[-115.46749,32.68886],[-115.46788,32.68893],[-115.46805,32.68896],[-115.46857,32.68907],[-115.46861,32.68908],[-115.46895,32.68912],[-115.46949,32.68917],[-115.46985,32.68918],[-115.46983,32.69182],[-115.46983,32.69287],[-115.46983,32.69375],[-115.46983,32.69388],[-115.46697,32.69389],[-115.4653,32.69389],[-115.46524,32.69389],[-115.46523,32.6937]]]}},{"type":"Feature","properties":{"county_fips":25,"srprec":"221021","precinct_id":"025-221021","g22_asm":{"dem_pct":77.8,"margin_dem":55.6,"votes_two_party":18},"g24_asm":{"dem_pct":62.7,"margin_dem":25.5,"votes_two_party":51}},"geometry":{"type":"Polygon","coordinates":[[[-115.50014,32.70802],[-115.50004,32.7077],[-115.49969,32.70642],[-115.49963,32.70178],[-115.49962,32.70065],[-115.49964,32.69784],[-115.49965,32.69604],[-115.50008,32.6945],[-115.50024,32.694],[-115.5,32.69307],[-115.49969,32.69209],[-115.49954,32.69143],[-115.49953,32.69041],[-115.49949,32.68944],[-115.49947,32.68778],[-115.5008,32.68674],[-115.50716,32.68677],[-115.50795,32.68677],[-115.50802,32.68677],[-115.50809,32.68677],[-115.50817,32.68677],[-115.50905,32.68901],[-115.51062,32.69288],[-115.51108,32.694],[-115.51087,32.69403],[-115.51086,32.69416],[-115.512,32.697],[-115.51642,32.70789],[-115.51683,32.70855],[-115.51692,32.7087],[-115.51709,32.70895],[-115.51692,32.70894],[-115.51469,32.7089],[-115.5143,32.70882],[-115.51391,32.70878],[-115.51308,32.70875],[-115.50929,32.70875],[-115.50535,32.70875],[-115.50032,32.70873],[-115.50014,32.70802]]]}},{"type":"Feature","properties":{"county_fips":25,"srprec":"245205","precinct_id":"025-245205","g22_asm":{"dem_pct":54.3,"margin_dem":8.7,"votes_two_party":1209},"g24_asm":{"dem_pct":46.4,"margin_dem":-7.1,"votes_two_party":1796}},"geometry":{"type":"Polygon","coordinates":[[[-115.58402,32.78553],[-115.58088,32.78553],[-115.57936,32.78554],[-115.57914,32.78562],[-115.57889,32.78569],[-115.57856,32.7857],[-115.57822,32.7857],[-115.57713,32.7857],[-115.57618,32.78569],[-115.56982,32.78569],[-115.56978,32.78407],[-115.5698,32.78144],[-115.56962,32.77944],[-115.56959,32.7784],[-115.56957,32.7772],[-115.56956,32.77541],[-115.56943,32.77402],[-115.57276,32.77405],[-115.57792,32.77404],[-115.57847,32.77404],[-115.58375,32.77405],[-115.58598,32.77426],[-115.58625,32.77434],[-115.58629,32.77779],[-115.58628,32.78096],[-115.58639,32.78149],[-115.58629,32.78149],[-115.58623,32.78149],[-115.58599,32.78149],[-115.58494,32.78148],[-115.58469,32.78216],[-115.5847,32.78263],[-115.5847,32.78304],[-115.58469,32.78375],[-115.58469,32.78453],[-115.58468,32.78485],[-115.58466,32.78536],[-115.58402,32.78553]]]}},{"type":"Feature","properties":{"county_fips":25,"srprec":"245212","precinct_id":"025-245212","g22_asm":{"dem_pct":61.0,"margin_dem":22.0,"votes_two_party":921},"g24_asm":{"dem_pct":50.7,"margin_dem":1.4,"votes_two_party":1493}},"geometry":{"type":"Polygon","coordinates":[[[-115.56545,32.78587],[-115.56913,32.78587],[-115.56982,32.78573],[-115.57694,32.7857],[-115.57849,32.7857],[-115.57906,32.78565],[-115.57962,32.78553],[-115.58466,32.78536],[-115.58469,32.78453],[-115.5847,32.78304],[-115.58469,32.78216],[-115.58595,32.78226],[-115.5859,32.78312],[-115.58589,32.78618],[-115.58588,32.78703],[-115.58585,32.78874],[-115.58616,32.79031],[-115.58609,32.79235],[-115.58558,32.79283],[-115.58233,32.79285],[-115.58131,32.79285],[-115.58069,32.79285],[-115.5787,32.79286],[-115.57502,32.79284],[-115.56985,32.79284],[-115.56683,32.79283],[-115.56263,32.79284],[-115.56138,32.79098],[-115.5631,32.78978],[-115.56723,32.78973],[-115.56986,32.78967],[-115.56987,32.78876],[-115.56986,32.7877],[-115.56679,32.78776],[-115.56466,32.78778],[-115.56134,32.7878],[-115.56348,32.78589],[-115.56545,32.78587]]]}},{"type":"Feature","properties":{"county_fips":25,"srprec":"245213","precinct_id":"025-245213","g22_asm":{"dem_pct":71.4,"margin_dem":42.9,"votes_two_party":280},"g24_asm":{"dem_pct":60.3,"margin_dem":20.7,"votes_two_party":532}},"geometry":{"type":"Polygon","coordinates":[[[-115.55912,32.79284],[-115.55693,32.79283],[-115.55471,32.79283],[-115.55251,32.79284],[-115.55119,32.79284],[-115.55094,32.79284],[-115.5504,32.79154],[-115.54927,32.78878],[-115.54939,32.78878],[-115.55046,32.78878],[-115.55251,32.78782],[-115.55251,32.78771],[-115.55252,32.78679],[-115.55262,32.78586],[-115.55684,32.78585],[-115.5613,32.78584],[-115.56131,32.78683],[-115.56134,32.7878],[-115.56369,32.78779],[-115.56466,32.78778],[-115.56573,32.78777],[-115.56679,32.78776],[-115.56971,32.78771],[-115.56986,32.7877],[-115.56986,32.788],[-115.56987,32.78876],[-115.56988,32.78947],[-115.56986,32.78967],[-115.56935,32.7897],[-115.56723,32.78973],[-115.56512,32.78975],[-115.5631,32.78978],[-115.56136,32.78999],[-115.56138,32.79098],[-115.5614,32.79259],[-115.55912,32.79284]]]}},{"type":"Feature","properties":{"county_fips":25,"srprec":"245219","precinct_id":"025-245219","g22_asm":{"dem_pct":52.9,"margin_dem":5.8,"votes_two_party":639},"g24_asm":{"dem_pct":50.7,"margin_dem":1.4,"votes_two_party":1012}},"geometry":{"type":"Polygon","coordinates":[[[-115.56117,32.77398],[-115.56116,32.77373],[-115.56915,32.77377],[-115.56936,32.77378],[-115.56943,32.77402],[-115.56953,32.77458],[-115.56961,32.7764],[-115.56957,32.7772],[-115.56959,32.77816],[-115.5696,32.77861],[-115.56962,32.77944],[-115.56965,32.78144],[-115.56983,32.78144],[-115.56978,32.78407],[-115.56979,32.78493],[-115.56982,32.78573],[-115.56982,32.78587],[-115.56974,32.78587],[-115.56913,32.78587],[-115.56676,32.78588],[-115.5665,32.78587],[-115.56545,32.78587],[-115.56132,32.78591],[-115.5613,32.78584],[-115.5613,32.785],[-115.5613,32.78486],[-115.5613,32.78476],[-115.56129,32.78396],[-115.56125,32.78205],[-115.56125,32.78146],[-115.56124,32.7813],[-115.56122,32.7801],[-115.5612,32.77945],[-115.56119,32.77911],[-115.56118,32.77841],[-115.56117,32.77775],[-115.56117,32.77759],[-115.56117,32.7774],[-115.56117,32.77701],[-115.56118,32.77575],[-115.56117,32.7741],[-115.56117,32.77398]]]}},{"type":"Feature","properties":{"county_fips":25,"srprec":"245220","precinct_id":"025-245220","g22_asm":{"dem_pct":65.4,"margin_dem":30.8,"votes_two_party":1012},"g24_asm":{"dem_pct":57.0,"margin_dem":14.0,"votes_two_party":1697}},"geometry":{"type":"Polygon","coordinates":[[[-115.54628,32.78139],[-115.54557,32.77954],[-115.54527,32.77877],[-115.5448,32.77761],[-115.54367,32.77481],[-115.54343,32.77411],[-115.54526,32.77411],[-115.54872,32.77411],[-115.5522,32.7741],[-115.55446,32.77394],[-115.5559,32.77394],[-115.56069,32.77398],[-115.56117,32.77406],[-115.56118,32.77575],[-115.56117,32.77712],[-115.56117,32.77759],[-115.56118,32.77824],[-115.56119,32.77911],[-115.56121,32.77994],[-115.56124,32.7813],[-115.56125,32.78151],[-115.56129,32.78396],[-115.5613,32.78482],[-115.5613,32.785],[-115.55691,32.78585],[-115.55457,32.78585],[-115.55252,32.78668],[-115.55251,32.78749],[-115.55251,32.7878],[-115.55252,32.78879],[-115.5496,32.78878],[-115.54929,32.78878],[-115.54905,32.78827],[-115.548,32.78559],[-115.54686,32.78278],[-115.54628,32.78139]]]}},{"type":"Feature","properties":{"county_fips":25,"srprec":"245224","precinct_id":"025-245224","g22_asm":{"dem_pct":72.5,"margin_dem":44.9,"votes_two_party":69},"g24_asm":{"dem_pct":56.8,"margin_dem":13.5,"votes_two_party":148}},"geometry":{"type":"Polygon","coordinates":[[[-115.55222,32.77393],[-115.55222,32.77392],[-115.55222,32.77391],[-115.55222,32.77367],[-115.55222,32.77316],[-115.55222,32.773],[-115.55222,32.77259],[-115.55221,32.77164],[-115.55217,32.7712],[-115.55216,32.77058],[-115.55212,32.7671],[-115.55212,32.76699],[-115.55212,32.76699],[-115.55212,32.76699],[-115.55431,32.76697],[-115.55643,32.76698],[-115.55643,32.76704],[-115.55643,32.76707],[-115.55643,32.76727],[-115.55644,32.76737],[-115.55644,32.76747],[-115.55644,32.76749],[-115.55643,32.76754],[-115.55643,32.76755],[-115.55643,32.76761],[-115.55643,32.76777],[-115.55643,32.76783],[-115.55643,32.76783],[-115.55644,32.76817],[-115.55684,32.76817],[-115.55684,32.76788],[-115.55859,32.76789],[-115.5586,32.76834],[-115.55862,32.76894],[-115.56078,32.76894],[-115.56098,32.76769],[-115.56099,32.76794],[-115.561,32.76815],[-115.56103,32.76878],[-115.56103,32.76954],[-115.56103,32.77001],[-115.56103,32.77013],[-115.56103,32.77051],[-115.56103,32.77064],[-115.56103,32.77078],[-115.56104,32.77122],[-115.56105,32.77137],[-115.56107,32.77187],[-115.56112,32.77276],[-115.56115,32.77338],[-115.56116,32.77359],[-115.56116,32.77363],[-115.56116,32.77373],[-115.56117,32.77393],[-115.56117,32.77398],[-115.56069,32.77398],[-115.5594,32.77397],[-115.55619,32.77395],[-115.5559,32.77394],[-115.55554,32.77394],[-115.55465,32.77394],[-115.55446,32.77394],[-115.55272,32.77393],[-115.55222,32.77393]]]}},{"type":"Feature","properties":{"county_fips":25,"srprec":"245227","precinct_id":"025-245227","g22_asm":{"dem_pct":59.8,"margin_dem":19.7,"votes_two_party":244},"g24_asm":{"dem_pct":50.6,"margin_dem":1.1,"votes_two_party":362}},"geometry":{"type":"MultiPolygon","coordinates":[[[[-115.56036,32.76743],[-115.56041,32.76743],[-115.56036,32.76743]]],[[[-115.56097,32.76764],[-115.56097,32.76759],[-115.56096,32.76748],[-115.56096,32.76743],[-115.56096,32.76731],[-115.56095,32.76712],[-115.56141,32.76711],[-115.56159,32.76711],[-115.56498,32.76712],[-115.56711,32.76711],[-115.56711,32.76693],[-115.56772,32.76693],[-115.5693,32.76695],[-115.56932,32.76731],[-115.5693,32.76735],[-115.56934,32.7679],[-115.56933,32.76813],[-115.56933,32.76821],[-115.56938,32.7691],[-115.56937,32.76939],[-115.56939,32.77011],[-115.56942,32.77095],[-115.56942,32.77127],[-115.56943,32.77168],[-115.56945,32.77217],[-115.56928,32.77356],[-115.56927,32.77362],[-115.56936,32.77378],[-115.56924,32.77378],[-115.56915,32.77377],[-115.564,32.77376],[-115.56116,32.77373],[-115.56116,32.77363],[-115.56116,32.77359],[-115.56115,32.77338],[-115.56112,32.77276],[-115.56107,32.77187],[-115.56105,32.77137],[-115.56104,32.77122],[-115.56103,32.77078],[-115.56103,32.77064],[-115.56103,32.77051],[-115.56103,32.77013],[-115.56103,32.77001],[-115.56103,32.76954],[-115.56103,32.76878],[-115.561,32.76815],[-115.56099,32.76794],[-115.56098,32.76769],[-115.56097,32.76764]]]]}},{"type":"Feature","properties":{"county_fips":25,"srprec":"247229","precinct_id":"025-247229","g22_asm":{"dem_pct":39.2,"margin_dem":-21.6,"votes_two_party":490},"g24_asm":{"dem_pct":32.3,"margin_dem":-35.3,"votes_two_party":705}},"geometry":{"type":"Polygon","coordinates":[[[-115.595,32.78159],[-115.59499,32.78769],[-115.59499,32.78934],[-115.595,32.79172],[-115.59493,32.79286],[-115.59465,32.79285],[-115.59443,32.79284],[-115.59415,32.79283],[-115.59371,32.79283],[-115.59225,32.79283],[-115.58908,32.79283],[-115.58831,32.79283],[-115.58774,32.79283],[-115.58747,32.79283],[-115.58689,32.79283],[-115.58651,32.79283],[-115.58609,32.79235],[-115.58609,32.79132],[-115.58616,32.79031],[-115.58611,32.7887],[-115.58585,32.78874],[-115.58586,32.78833],[-115.58588,32.78703],[-115.58588,32.78664],[-115.58589,32.78618],[-115.5859,32.78527],[-115.5859,32.78312],[-115.5859,32.78271],[-115.58595,32.78226],[-115.58616,32.78149],[-115.58625,32.78149],[-115.58631,32.78149],[-115.58635,32.78137],[-115.58627,32.78002],[-115.58631,32.77556],[-115.58625,32.77429],[-115.59501,32.77426],[-115.59502,32.77612],[-115.595,32.78159]]]}},{"type":"Feature","properties":{"county_fips":25,"srprec":"247234","precinct_id":"025-247234","g22_asm":{"dem_pct":45.8,"margin_dem":-8.4,"votes_two_party":227},"g24_asm":{"dem_pct":36.6,"margin_dem":-26.8,"votes_two_party":355}},"geometry":{"type":"Polygon","coordinates":[[[-115.58625,32.77407],[-115.58625,32.77426],[-115.58598,32.77426],[-115.58596,32.77407],[-115.58444,32.77405],[-115.58375,32.77405],[-115.58262,32.77405],[-115.57869,32.77404],[-115.57847,32.77404],[-115.57847,32.77404],[-115.57828,32.77404],[-115.57792,32.77404],[-115.5772,32.77404],[-115.57582,32.77404],[-115.57276,32.77405],[-115.57264,32.77405],[-115.56965,32.77403],[-115.56943,32.77402],[-115.56941,32.77394],[-115.56936,32.77378],[-115.56927,32.77362],[-115.56928,32.77356],[-115.56945,32.77217],[-115.56943,32.77168],[-115.56942,32.77127],[-115.56942,32.77095],[-115.56939,32.77011],[-115.56972,32.7701],[-115.5713,32.7701],[-115.57627,32.77012],[-115.57792,32.77012],[-115.57792,32.77012],[-115.57777,32.7644],[-115.57775,32.76334],[-115.57774,32.76325],[-115.57798,32.76325],[-115.57799,32.76333],[-115.58378,32.76334],[-115.58627,32.76337],[-115.58627,32.7648],[-115.58627,32.76651],[-115.58627,32.76662],[-115.58628,32.76672],[-115.58628,32.7669],[-115.58626,32.76831],[-115.58626,32.76858],[-115.58626,32.77052],[-115.58625,32.77107],[-115.58625,32.77325],[-115.58626,32.7735],[-115.58625,32.77381],[-115.58625,32.77394],[-115.58625,32.77407]]]}},{"type":"Feature","properties":{"county_fips":25,"srprec":"247235","precinct_id":"025-247235","g22_asm":{"dem_pct":56.2,"margin_dem":12.4,"votes_two_party":331},"g24_asm":{"dem_pct":44.5,"margin_dem":-10.9,"votes_two_party":658}},"geometry":{"type":"Polygon","coordinates":[[[-115.56094,32.76698],[-115.56092,32.76667],[-115.56092,32.76621],[-115.56088,32.76515],[-115.56082,32.76302],[-115.56077,32.76138],[-115.56073,32.75973],[-115.56064,32.75687],[-115.56062,32.75651],[-115.56061,32.75619],[-115.56469,32.75617],[-115.56471,32.7561],[-115.56468,32.75444],[-115.56462,32.75245],[-115.56549,32.75246],[-115.56808,32.75247],[-115.56893,32.75346],[-115.56897,32.75423],[-115.56902,32.75602],[-115.56903,32.75684],[-115.56908,32.75794],[-115.56911,32.75977],[-115.56914,32.7604],[-115.56914,32.76112],[-115.56917,32.76177],[-115.56919,32.76223],[-115.56919,32.76273],[-115.5692,32.76295],[-115.56922,32.76357],[-115.56923,32.76418],[-115.56926,32.7655],[-115.56928,32.7661],[-115.5693,32.76695],[-115.56711,32.76693],[-115.56498,32.76712],[-115.56141,32.76711],[-115.56094,32.76698]]]}},{"type":"Feature","properties":{"county_fips":25,"srprec":"281001","precinct_id":"025-281001","g22_asm":{"dem_pct":0.0,"margin_dem":-100.0,"votes_two_party":4},"g24_asm":null},"geometry":{"type":"Polygon","coordinates":[[[-115.52693,32.70907],[-115.52361,32.70909],[-115.51844,32.70895],[-115.51692,32.7087],[-115.51679,32.70849],[-115.51385,32.7016],[-115.51086,32.69416],[-115.51087,32.694],[-115.51134,32.694],[-115.51319,32.694],[-115.51588,32.694],[-115.51669,32.69241],[-115.51636,32.68732],[-115.51631,32.68647],[-115.51628,32.68615],[-115.51926,32.6851],[-115.5226,32.68181],[-115.52343,32.67988],[-115.52362,32.67935],[-115.52366,32.67924],[-115.5238,32.67924],[-115.52861,32.67924],[-115.53261,32.67923],[-115.53341,32.67933],[-115.53349,32.6809],[-115.53372,32.68671],[-115.53397,32.694],[-115.53407,32.69669],[-115.53407,32.70805],[-115.53407,32.70847],[-115.53407,32.70874],[-115.53408,32.70908],[-115.53389,32.7091],[-115.52693,32.70907]]]}},{"type":"Feature","properties":{"county_fips":25,"srprec":"281006","precinct_id":"025-281006","g22_asm":{"dem_pct":66.7,"margin_dem":33.3,"votes_two_party":6},"g24_asm":{"dem_pct":80.0,"margin_dem":60.0,"votes_two_party":10}},"geometry":{"type":"Polygon","coordinates":[[[-115.53261,32.67923],[-115.52995,32.67924],[-115.52861,32.67924],[-115.52486,32.67924],[-115.5238,32.67924],[-115.52377,32.67924],[-115.52366,32.67924],[-115.52381,32.67883],[-115.52388,32.67863],[-115.52491,32.67578],[-115.52511,32.67527],[-115.52545,32.67431],[-115.52585,32.67321],[-115.52637,32.67178],[-115.52661,32.67148],[-115.527,32.6715],[-115.52776,32.67099],[-115.52735,32.67055],[-115.52787,32.66907],[-115.52877,32.66644],[-115.52966,32.66543],[-115.53123,32.66533],[-115.53253,32.66525],[-115.53278,32.66522],[-115.53294,32.66516],[-115.53299,32.66514],[-115.53315,32.66501],[-115.53323,32.66483],[-115.53331,32.66466],[-115.53339,32.66456],[-115.5335,32.66447],[-115.5337,32.66939],[-115.53362,32.67276],[-115.53337,32.67923],[-115.53261,32.67923]]]}},{"type":"Feature","properties":{"county_fips":25,"srprec":"281011","precinct_id":"025-281011","g22_asm":{"dem_pct":100.0,"margin_dem":100.0,"votes_two_party":2},"g24_asm":null},"geometry":{"type":"Polygon","coordinates":[[[-115.65706,32.65294],[-115.66225,32.65308],[-115.66252,32.65448],[-115.66457,32.66425],[-115.67165,32.67605],[-115.67391,32.67848],[-115.67297,32.67868],[-115.67166,32.67898],[-115.67014,32.67929],[-115.66642,32.67946],[-115.65622,32.67943],[-115.63863,32.67923],[-115.63606,32.67922],[-115.62776,32.67925],[-115.62087,32.67926],[-115.62054,32.67926],[-115.61458,32.67946],[-115.61064,32.67957],[-115.60511,32.67975],[-115.59549,32.67975],[-115.58591,32.67922],[-115.57912,32.67955],[-115.56836,32.67965],[-115.55601,32.67933],[-115.5499,32.6793],[-115.54271,32.67927],[-115.53362,32.67276],[-115.53357,32.66306],[-115.53354,32.66269],[-115.53349,32.66223],[-115.5485,32.66105],[-115.56843,32.65957],[-115.58951,32.658],[-115.61205,32.65631],[-115.63411,32.65465],[-115.6474,32.65366],[-115.65706,32.65294]]]}},{"type":"Feature","properties":{"county_fips":25,"srprec":"281045","precinct_id":"025-281045","g22_asm":{"dem_pct":100.0,"margin_dem":100.0,"votes_two_party":5},"g24_asm":{"dem_pct":100.0,"margin_dem":100.0,"votes_two_party":11}},"geometry":{"type":"Polygon","coordinates":[[[-115.6553,32.70884],[-115.64825,32.709],[-115.6379,32.70199],[-115.63081,32.69477],[-115.62199,32.69448],[-115.6214,32.68663],[-115.59343,32.68669],[-115.58591,32.68997],[-115.58584,32.69848],[-115.58572,32.70836],[-115.56751,32.7085],[-115.55946,32.70889],[-115.53576,32.70917],[-115.53407,32.70819],[-115.53384,32.69013],[-115.53337,32.67923],[-115.5499,32.6793],[-115.56836,32.67938],[-115.58576,32.67949],[-115.59554,32.67975],[-115.60967,32.67961],[-115.61887,32.67931],[-115.62092,32.67926],[-115.63606,32.67922],[-115.65269,32.67937],[-115.66901,32.67942],[-115.67149,32.67927],[-115.674,32.67951],[-115.6742,32.68712],[-115.6651,32.69315],[-115.65677,32.69466],[-115.65682,32.69992],[-115.65693,32.70278],[-115.6553,32.70884]]]}},{"type":"Feature","properties":{"county_fips":25,"srprec":"285001","precinct_id":"025-285001","g22_asm":{"dem_pct":29.9,"margin_dem":-40.2,"votes_two_party":107},"g24_asm":{"dem_pct":22.8,"margin_dem":-54.5,"votes_two_party":145}},"geometry":{"type":"Polygon","coordinates":[[[-116.10616,32.64021],[-116.10577,32.64397],[-116.1058,32.6454],[-116.1057,32.64672],[-116.10585,32.64764],[-116.10576,32.65066],[-116.10576,32.65554],[-116.10314,32.73137],[-116.10351,32.75006],[-116.1035,32.75392],[-116.10354,32.75848],[-116.09449,32.7826],[-116.07904,32.77065],[-116.06393,32.75902],[-116.05576,32.75599],[-116.04365,32.75229],[-116.04333,32.77004],[-116.03525,32.77228],[-116.02204,32.76824],[-115.98558,32.75994],[-115.97957,32.75724],[-115.97656,32.75821],[-115.97056,32.75808],[-115.96668,32.75681],[-115.96315,32.75732],[-115.95906,32.75778],[-115.95508,32.75769],[-115.95198,32.75765],[-115.95252,32.75397],[-115.95301,32.75076],[-115.94484,32.75557],[-115.9315,32.76265],[-115.88625,32.78661],[-115.90269,32.70953],[-116.10616,32.64021]]]}},{"type":"Feature","properties":{"county_fips":25,"srprec":"285004","precinct_id":"025-285004","g22_asm":{"dem_pct":16.7,"margin_dem":-66.7,"votes_two_party":6},"g24_asm":{"dem_pct":15.4,"margin_dem":-69.2,"votes_two_party":13}},"geometry":{"type":"MultiPolygon","coordinates":[[[[-115.77267,32.77319],[-115.77132,32.77318],[-115.76158,32.77318],[-115.75312,32.77318],[-115.75037,32.77318],[-115.74674,32.77324],[-115.74267,32.77393],[-115.74071,32.77404],[-115.7325,32.77403],[-115.71621,32.77401],[-115.70865,32.77399],[-115.70737,32.77394],[-115.70741,32.77027],[-115.70747,32.76664],[-115.70747,32.76377],[-115.70735,32.76019],[-115.70732,32.75548],[-115.71082,32.75276],[-115.70996,32.74889],[-115.71832,32.73183],[-115.72836,32.7341],[-115.73497,32.73807],[-115.74291,32.74263],[-115.75216,32.74525],[-115.75202,32.75347],[-115.7528,32.75685],[-115.76745,32.76746],[-115.77297,32.77307],[-115.77914,32.77289],[-115.79683,32.76946],[-115.79208,32.77082],[-115.78166,32.77288],[-115.77792,32.77325],[-115.77267,32.77319]]],[[[-115.79597,32.79113],[-115.79598,32.79099],[-115.796,32.78918],[-115.79613,32.79113],[-115.79597,32.79113]]]]}},{"type":"Feature","properties":{"county_fips":25,"srprec":"285247","precinct_id":"025-285247","g22_asm":{"dem_pct":71.4,"margin_dem":42.9,"votes_two_party":7},"g24_asm":{"dem_pct":53.8,"margin_dem":7.7,"votes_two_party":13}},"geometry":{"type":"Polygon","coordinates":[[[-115.56036,32.76759],[-115.56036,32.76769],[-115.56042,32.76769],[-115.56054,32.76769],[-115.56063,32.76769],[-115.56088,32.76769],[-115.56089,32.76769],[-115.56098,32.76769],[-115.56078,32.76894],[-115.55862,32.76894],[-115.5586,32.76834],[-115.55859,32.76789],[-115.55684,32.76788],[-115.55684,32.76817],[-115.55644,32.76817],[-115.55643,32.76783],[-115.55643,32.76783],[-115.55643,32.76777],[-115.55643,32.76761],[-115.55643,32.76755],[-115.55643,32.76754],[-115.55644,32.76749],[-115.55644,32.76747],[-115.55644,32.76737],[-115.55643,32.76727],[-115.55643,32.76707],[-115.55643,32.76704],[-115.55643,32.76698],[-115.55642,32.76693],[-115.55688,32.76692],[-115.55823,32.76688],[-115.55869,32.76687],[-115.55905,32.76687],[-115.56014,32.76686],[-115.56051,32.76686],[-115.56059,32.76686],[-115.56085,32.76686],[-115.56093,32.76687],[-115.56094,32.76698],[-115.56085,32.76698],[-115.55997,32.76698],[-115.55997,32.76745],[-115.56036,32.76743],[-115.56036,32.76759]]]}},{"type":"Feature","properties":{"county_fips":25,"srprec":"286212","precinct_id":"025-286212","g22_asm":{"dem_pct":0.0,"margin_dem":-100.0,"votes_two_party":3},"g24_asm":null},"geometry":{"type":"Polygon","coordinates":[[[-115.51755,32.75246],[-115.51691,32.75242],[-115.51595,32.75241],[-115.51304,32.7524],[-115.5101,32.7524],[-115.50951,32.75248],[-115.50859,32.75253],[-115.50669,32.75252],[-115.50318,32.75246],[-115.50218,32.75245],[-115.50081,32.75228],[-115.50067,32.74149],[-115.50067,32.74089],[-115.50216,32.73805],[-115.507,32.73804],[-115.5086,32.738],[-115.50853,32.73787],[-115.51737,32.73788],[-115.52146,32.73789],[-115.52489,32.73791],[-115.5287,32.73789],[-115.53011,32.73788],[-115.5324,32.73788],[-115.53437,32.73786],[-115.53456,32.73786],[-115.53463,32.74158],[-115.53465,32.74315],[-115.53472,32.74714],[-115.53474,32.74866],[-115.53477,32.75032],[-115.53486,32.7518],[-115.53491,32.75238],[-115.53458,32.75244],[-115.53335,32.7525],[-115.53191,32.7525],[-115.52786,32.7525],[-115.52499,32.75248],[-115.52108,32.75249],[-115.51938,32.75248],[-115.51776,32.75247],[-115.51755,32.75246]]]}},{"type":"Feature","properties":{"county_fips":25,"srprec":"286213","precinct_id":"025-286213","g22_asm":{"dem_pct":78.9,"margin_dem":57.9,"votes_two_party":242},"g24_asm":{"dem_pct":58.7,"margin_dem":17.5,"votes_two_party":606}},"geometry":{"type":"Polygon","coordinates":[[[-115.52146,32.73789],[-115.51737,32.73788],[-115.50853,32.73787],[-115.5086,32.738],[-115.507,32.73804],[-115.50216,32.73805],[-115.50063,32.73788],[-115.50836,32.73503],[-115.51736,32.73482],[-115.51729,32.73074],[-115.51958,32.73074],[-115.52023,32.73074],[-115.52074,32.73074],[-115.52218,32.73072],[-115.52356,32.73072],[-115.52481,32.73071],[-115.52522,32.73071],[-115.52553,32.73071],[-115.52587,32.73071],[-115.52657,32.7307],[-115.52779,32.73069],[-115.52892,32.73068],[-115.53007,32.73068],[-115.5301,32.73175],[-115.53011,32.73277],[-115.53011,32.73328],[-115.5301,32.73384],[-115.5301,32.73399],[-115.5301,32.7343],[-115.53009,32.73475],[-115.53093,32.73486],[-115.53193,32.73485],[-115.53384,32.73484],[-115.53452,32.73483],[-115.53457,32.73552],[-115.53456,32.73742],[-115.53451,32.73786],[-115.53348,32.73786],[-115.53021,32.73788],[-115.52898,32.73789],[-115.5252,32.73791],[-115.52266,32.7379],[-115.52146,32.73789]]]}},{"type":"Feature","properties":{"county_fips":25,"srprec":"286232","precinct_id":"025-286232","g22_asm":{"dem_pct":72.0,"margin_dem":43.9,"votes_two_party":567},"g24_asm":{"dem_pct":54.4,"margin_dem":8.7,"votes_two_party":1262}},"geometry":{"type":"Polygon","coordinates":[[[-115.54292,32.73779],[-115.54291,32.73861],[-115.54295,32.74152],[-115.54212,32.74162],[-115.53965,32.74158],[-115.53471,32.74158],[-115.5346,32.74018],[-115.53456,32.73742],[-115.53457,32.73552],[-115.53452,32.73483],[-115.53384,32.73484],[-115.53193,32.73485],[-115.53093,32.73486],[-115.53009,32.73475],[-115.5301,32.7343],[-115.5301,32.73399],[-115.5301,32.73384],[-115.53011,32.73328],[-115.53011,32.73277],[-115.5301,32.73175],[-115.53007,32.73068],[-115.53007,32.73029],[-115.53006,32.72971],[-115.53004,32.72877],[-115.53003,32.72768],[-115.53004,32.72635],[-115.53,32.72412],[-115.53082,32.72336],[-115.53393,32.72336],[-115.53425,32.72336],[-115.53435,32.72481],[-115.53487,32.73065],[-115.54097,32.73065],[-115.54265,32.73065],[-115.54285,32.73157],[-115.5429,32.73631],[-115.54292,32.73779]]]}},{"type":"Feature","properties":{"county_fips":25,"srprec":"286238","precinct_id":"025-286238","g22_asm":{"dem_pct":45.5,"margin_dem":-9.1,"votes_two_party":11},"g24_asm":{"dem_pct":55.6,"margin_dem":11.1,"votes_two_party":18}},"geometry":{"type":"Polygon","coordinates":[[[-115.5432,32.74712],[-115.54322,32.74782],[-115.54323,32.74838],[-115.5432,32.74883],[-115.54305,32.74882],[-115.54256,32.74882],[-115.53968,32.74882],[-115.5389,32.74882],[-115.5389,32.74923],[-115.53876,32.74944],[-115.53881,32.74956],[-115.53882,32.74975],[-115.53885,32.7507],[-115.53886,32.75101],[-115.53886,32.75129],[-115.53886,32.75211],[-115.53886,32.75238],[-115.53871,32.75238],[-115.53807,32.75238],[-115.53713,32.75239],[-115.5357,32.75238],[-115.53491,32.75238],[-115.5349,32.75227],[-115.5349,32.75217],[-115.53486,32.7518],[-115.53482,32.75131],[-115.53478,32.75065],[-115.53477,32.75032],[-115.53477,32.75004],[-115.53476,32.74946],[-115.53474,32.74866],[-115.53474,32.74839],[-115.53474,32.74835],[-115.53472,32.74714],[-115.53469,32.74519],[-115.53468,32.74478],[-115.53465,32.74315],[-115.53463,32.74218],[-115.53463,32.74159],[-115.54307,32.7417],[-115.54308,32.74212],[-115.54309,32.74279],[-115.54315,32.74512],[-115.5432,32.74712]]]}},{"type":"Feature","properties":{"county_fips":25,"srprec":"286244","precinct_id":"025-286244","g22_asm":{"dem_pct":85.0,"margin_dem":70.0,"votes_two_party":60},"g24_asm":{"dem_pct":71.4,"margin_dem":42.9,"votes_two_party":140}},"geometry":{"type":"Polygon","coordinates":[[[-115.5273,32.73069],[-115.52633,32.7307],[-115.52587,32.73071],[-115.52566,32.73071],[-115.52536,32.73071],[-115.52522,32.73071],[-115.52507,32.73071],[-115.52404,32.73072],[-115.52356,32.73072],[-115.52266,32.73072],[-115.52149,32.73073],[-115.52074,32.73074],[-115.52024,32.73074],[-115.52017,32.73074],[-115.51958,32.73074],[-115.51786,32.73074],[-115.51728,32.73063],[-115.51728,32.7302],[-115.51727,32.72989],[-115.51726,32.72926],[-115.51725,32.7281],[-115.51723,32.72531],[-115.51723,32.72418],[-115.51721,32.72357],[-115.51778,32.72337],[-115.52005,32.72338],[-115.52158,32.72338],[-115.52212,32.72338],[-115.52275,32.72338],[-115.52491,32.72338],[-115.52585,32.72338],[-115.52748,32.72338],[-115.5295,32.72336],[-115.53,32.72355],[-115.53,32.72431],[-115.53004,32.72635],[-115.53003,32.72746],[-115.53003,32.72834],[-115.53004,32.72877],[-115.53006,32.7296],[-115.53006,32.73007],[-115.53007,32.73029],[-115.53007,32.73066],[-115.52982,32.73068],[-115.52892,32.73068],[-115.52854,32.73068],[-115.52754,32.73069],[-115.5273,32.73069]]]}},{"type":"Feature","properties":{"county_fips":25,"srprec":"286247","precinct_id":"025-286247","g22_asm":{"dem_pct":100.0,"margin_dem":100.0,"votes_two_party":2},"g24_asm":null},"geometry":{"type":"Polygon","coordinates":[[[-115.50125,32.72336],[-115.50204,32.72334],[-115.5067,32.72324],[-115.50825,32.72321],[-115.50999,32.72325],[-115.51523,32.72335],[-115.51698,32.72338],[-115.517,32.72338],[-115.51708,32.72338],[-115.5171,32.72338],[-115.51712,32.72337],[-115.51719,32.72337],[-115.51721,32.72337],[-115.51721,32.72357],[-115.51723,32.72391],[-115.51723,32.72418],[-115.51723,32.72438],[-115.51723,32.72531],[-115.51724,32.72569],[-115.51725,32.7281],[-115.51726,32.72903],[-115.51726,32.72926],[-115.51727,32.72978],[-115.51727,32.72989],[-115.51727,32.72996],[-115.51728,32.7302],[-115.51728,32.73031],[-115.51728,32.73063],[-115.51729,32.73074],[-115.5173,32.73202],[-115.51731,32.73213],[-115.51736,32.73482],[-115.51736,32.73503],[-115.51707,32.73503],[-115.50836,32.73503],[-115.50058,32.73503],[-115.50057,32.73457],[-115.50053,32.73301],[-115.50049,32.73068],[-115.50047,32.72949],[-115.50046,32.72801],[-115.50046,32.72793],[-115.50046,32.72787],[-115.50039,32.72568],[-115.50035,32.72338],[-115.50054,32.72337],[-115.50125,32.72336]]]}},{"type":"Feature","properties":{"county_fips":25,"srprec":"287206","precinct_id":"025-287206","g22_asm":{"dem_pct":27.3,"margin_dem":-45.5,"votes_two_party":11},"g24_asm":{"dem_pct":36.4,"margin_dem":-27.3,"votes_two_party":11}},"geometry":{"type":"Polygon","coordinates":[[[-115.5432,32.74712],[-115.54308,32.74212],[-115.54307,32.74157],[-115.54393,32.74156],[-115.5474,32.74157],[-115.54691,32.73794],[-115.54584,32.73775],[-115.54333,32.73776],[-115.54292,32.73772],[-115.54285,32.73206],[-115.54289,32.73065],[-115.5445,32.73065],[-115.55018,32.73066],[-115.55041,32.73069],[-115.55077,32.73081],[-115.55091,32.73089],[-115.55103,32.73098],[-115.55114,32.73108],[-115.55134,32.73138],[-115.55142,32.73161],[-115.55146,32.73194],[-115.55159,32.73779],[-115.55171,32.74501],[-115.55177,32.74825],[-115.55185,32.75239],[-115.55072,32.75238],[-115.54589,32.75236],[-115.5435,32.75237],[-115.54324,32.75237],[-115.54243,32.75237],[-115.5396,32.75238],[-115.53886,32.75211],[-115.53885,32.7507],[-115.53876,32.74944],[-115.53968,32.74882],[-115.5432,32.74883],[-115.5432,32.74712]]]}},{"type":"Feature","properties":{"county_fips":25,"srprec":"287208","precinct_id":"025-287208","g22_asm":{"dem_pct":24.1,"margin_dem":-51.7,"votes_two_party":29},"g24_asm":{"dem_pct":27.8,"margin_dem":-44.4,"votes_two_party":36}},"geometry":{"type":"MultiPolygon","coordinates":[[[[-115.59574,32.7093],[-115.60167,32.71466],[-115.60425,32.71716],[-115.61161,32.72381],[-115.61464,32.72673],[-115.62498,32.73249],[-115.62789,32.73527],[-115.63183,32.73831],[-115.63797,32.73738],[-115.64073,32.73721],[-115.64736,32.73911],[-115.64954,32.74271],[-115.65061,32.74486],[-115.65079,32.74673],[-115.65266,32.7516],[-115.65447,32.75198],[-115.65463,32.7527],[-115.6514,32.7525],[-115.6447,32.75242],[-115.63707,32.75245],[-115.62931,32.75247],[-115.61332,32.75249],[-115.59468,32.75248],[-115.58719,32.75246],[-115.57764,32.75245],[-115.56894,32.75247],[-115.56032,32.75244],[-115.5517,32.74397],[-115.55119,32.73114],[-115.55041,32.73069],[-115.54279,32.72488],[-115.54255,32.70884],[-115.56002,32.70923],[-115.57751,32.71015],[-115.59574,32.7093]]],[[[-115.59536,32.70857],[-115.59534,32.70853],[-115.59612,32.70855],[-115.59536,32.70857]]],[[[-115.70836,32.70899],[-115.70744,32.709],[-115.70743,32.70891],[-115.70836,32.70891],[-115.70836,32.70899]]]]}},{"type":"Feature","properties":{"county_fips":25,"srprec":"287209","precinct_id":"025-287209","g22_asm":{"dem_pct":76.9,"margin_dem":53.8,"votes_two_party":13},"g24_asm":{"dem_pct":41.7,"margin_dem":-16.7,"votes_two_party":12}},"geometry":{"type":"Polygon","coordinates":[[[-115.62173,32.70891],[-115.61943,32.70892],[-115.61376,32.70893],[-115.61232,32.70891],[-115.61194,32.70886],[-115.59536,32.70857],[-115.58574,32.70537],[-115.58575,32.70249],[-115.58578,32.69955],[-115.58584,32.69846],[-115.58587,32.69457],[-115.58587,32.69393],[-115.5859,32.68895],[-115.58591,32.6873],[-115.58588,32.68664],[-115.59531,32.6867],[-115.61766,32.68682],[-115.62108,32.68669],[-115.62142,32.6868],[-115.62157,32.68879],[-115.62186,32.69316],[-115.62201,32.69462],[-115.62517,32.69469],[-115.6308,32.6947],[-115.63081,32.69479],[-115.63083,32.69697],[-115.63422,32.70205],[-115.639,32.70197],[-115.63998,32.70212],[-115.64398,32.70412],[-115.64,32.709],[-115.63807,32.70901],[-115.63804,32.70894],[-115.63264,32.7089],[-115.62522,32.70893],[-115.62173,32.70891]]]}},{"type":"Feature","properties":{"county_fips":25,"srprec":"287239","precinct_id":"025-287239","g22_asm":{"dem_pct":28.2,"margin_dem":-43.6,"votes_two_party":39},"g24_asm":{"dem_pct":19.6,"margin_dem":-60.7,"votes_two_party":56}},"geometry":{"type":"Polygon","coordinates":[[[-115.67579,32.76704],[-115.67217,32.76704],[-115.67218,32.77381],[-115.66146,32.7738],[-115.64612,32.77372],[-115.62931,32.77373],[-115.62064,32.77375],[-115.62066,32.77269],[-115.62064,32.77086],[-115.62064,32.76795],[-115.62065,32.76491],[-115.62067,32.76114],[-115.62066,32.75968],[-115.62067,32.75646],[-115.62067,32.75341],[-115.62246,32.75248],[-115.62578,32.75247],[-115.62919,32.75247],[-115.63269,32.75247],[-115.63652,32.75247],[-115.63698,32.75245],[-115.63725,32.75244],[-115.63783,32.75241],[-115.63957,32.75241],[-115.64476,32.75242],[-115.6463,32.75244],[-115.64707,32.75249],[-115.6514,32.7525],[-115.65264,32.75252],[-115.65418,32.75289],[-115.65461,32.7528],[-115.65457,32.75222],[-115.66343,32.75199],[-115.66804,32.75482],[-115.67579,32.76704]]]}},{"type":"Feature","properties":{"county_fips":25,"srprec":"287240","precinct_id":"025-287240","g22_asm":{"dem_pct":50.0,"margin_dem":0.0,"votes_two_party":4},"g24_asm":null},"geometry":{"type":"MultiPolygon","coordinates":[[[[-115.62067,32.77375],[-115.62067,32.77388],[-115.62067,32.77397],[-115.62064,32.77397],[-115.62064,32.77375],[-115.62067,32.77375]]],[[[-115.62064,32.77375],[-115.6164,32.77376],[-115.60352,32.77381],[-115.60201,32.77379],[-115.59501,32.77381],[-115.59501,32.77309],[-115.595,32.76931],[-115.59498,32.76658],[-115.59498,32.76515],[-115.59497,32.75945],[-115.59495,32.75387],[-115.59493,32.75248],[-115.59734,32.75249],[-115.60306,32.75249],[-115.60327,32.75249],[-115.60352,32.75249],[-115.61175,32.75248],[-115.62035,32.75248],[-115.62067,32.7529],[-115.62065,32.75443],[-115.62066,32.75566],[-115.62067,32.75679],[-115.62066,32.75888],[-115.62067,32.75992],[-115.62067,32.76073],[-115.62065,32.76191],[-115.62065,32.76386],[-115.62065,32.76532],[-115.62066,32.76698],[-115.62063,32.76863],[-115.62064,32.7703],[-115.62064,32.77117],[-115.62066,32.77268],[-115.62066,32.7728],[-115.62066,32.77284],[-115.62064,32.77375]]]]}},{"type":"Feature","properties":{"county_fips":25,"srprec":"287241","precinct_id":"025-287241","g22_asm":{"dem_pct":46.8,"margin_dem":-6.4,"votes_two_party":47},"g24_asm":{"dem_pct":45.0,"margin_dem":-10.0,"votes_two_party":80}},"geometry":{"type":"Polygon","coordinates":[[[-115.55207,32.76487],[-115.55205,32.76394],[-115.55205,32.76336],[-115.55204,32.76282],[-115.55198,32.76095],[-115.55197,32.76053],[-115.55197,32.75969],[-115.55197,32.75953],[-115.55196,32.7594],[-115.55196,32.75935],[-115.55196,32.75902],[-115.55195,32.75822],[-115.55191,32.75509],[-115.55189,32.75391],[-115.55186,32.75239],[-115.55521,32.75241],[-115.5569,32.75242],[-115.56028,32.75244],[-115.56046,32.75244],[-115.56049,32.75244],[-115.56051,32.75285],[-115.56055,32.75407],[-115.56061,32.75619],[-115.56062,32.75651],[-115.56064,32.75687],[-115.56073,32.75973],[-115.56077,32.76138],[-115.56082,32.76302],[-115.56088,32.76515],[-115.56092,32.76621],[-115.56092,32.76667],[-115.56085,32.76686],[-115.56051,32.76686],[-115.55905,32.76687],[-115.55823,32.76688],[-115.55642,32.76693],[-115.55431,32.76697],[-115.55212,32.76699],[-115.55212,32.76697],[-115.55211,32.76662],[-115.5521,32.76626],[-115.55208,32.76518],[-115.55207,32.76487]]]}},{"type":"Feature","properties":{"county_fips":25,"srprec":"287243","precinct_id":"025-287243","g22_asm":{"dem_pct":0.0,"margin_dem":-100.0,"votes_two_party":2},"g24_asm":null},"geometry":{"type":"Polygon","coordinates":[[[-115.59501,32.77402],[-115.59448,32.77426],[-115.58625,32.77394],[-115.58625,32.77325],[-115.58626,32.76858],[-115.58628,32.76672],[-115.58627,32.7648],[-115.57799,32.76333],[-115.57775,32.76334],[-115.57792,32.77012],[-115.56972,32.7701],[-115.56938,32.7691],[-115.56934,32.7679],[-115.5693,32.76695],[-115.56928,32.766],[-115.56923,32.76418],[-115.56921,32.76333],[-115.56919,32.76273],[-115.56919,32.76216],[-115.56914,32.76112],[-115.56911,32.7598],[-115.56908,32.75794],[-115.56902,32.75668],[-115.56897,32.75423],[-115.56894,32.75247],[-115.56914,32.75247],[-115.5712,32.75249],[-115.57521,32.75248],[-115.57748,32.75245],[-115.57775,32.75241],[-115.58341,32.75236],[-115.58541,32.7524],[-115.58616,32.75244],[-115.58781,32.75247],[-115.59123,32.75249],[-115.59416,32.75249],[-115.59449,32.75249],[-115.59454,32.75808],[-115.59457,32.7622],[-115.59458,32.77309],[-115.59501,32.77381],[-115.59501,32.77402]]]}},{"type":"Feature","properties":{"county_fips":25,"srprec":"287245","precinct_id":"025-287245","g22_asm":{"dem_pct":0.0,"margin_dem":-100.0,"votes_two_party":13},"g24_asm":{"dem_pct":0.0,"margin_dem":-100.0,"votes_two_party":13}},"geometry":{"type":"Polygon","coordinates":[[[-115.60352,32.77381],[-115.61442,32.77377],[-115.6164,32.77376],[-115.61707,32.77375],[-115.62064,32.77375],[-115.62064,32.77397],[-115.62064,32.77497],[-115.62062,32.77601],[-115.62063,32.77793],[-115.62064,32.77805],[-115.62064,32.77823],[-115.62064,32.77824],[-115.62064,32.77973],[-115.62064,32.78014],[-115.62064,32.78075],[-115.62064,32.78109],[-115.62064,32.78144],[-115.61849,32.78145],[-115.61511,32.78144],[-115.6122,32.78144],[-115.60966,32.78144],[-115.60846,32.78145],[-115.60771,32.78145],[-115.60353,32.78147],[-115.60349,32.78147],[-115.60326,32.78148],[-115.60318,32.78148],[-115.60218,32.78149],[-115.601,32.7815],[-115.5956,32.78151],[-115.595,32.78151],[-115.59501,32.78],[-115.59502,32.77612],[-115.59502,32.77546],[-115.59501,32.77505],[-115.59501,32.77426],[-115.59501,32.77425],[-115.59501,32.77402],[-115.59501,32.77399],[-115.59501,32.77381],[-115.59842,32.7738],[-115.60201,32.77379],[-115.60323,32.77381],[-115.60352,32.77381]]]}},{"type":"Feature","properties":{"county_fips":25,"srprec":"287248","precinct_id":"025-287248","g22_asm":{"dem_pct":30.0,"margin_dem":-40.0,"votes_two_party":10},"g24_asm":null},"geometry":{"type":"Polygon","coordinates":[[[-115.66365,32.70939],[-115.65617,32.70893],[-115.65688,32.70364],[-115.65699,32.7017],[-115.65681,32.70114],[-115.65679,32.69895],[-115.65664,32.69486],[-115.65677,32.69466],[-115.66122,32.69467],[-115.66508,32.69466],[-115.66698,32.68712],[-115.67239,32.68713],[-115.67422,32.68501],[-115.67428,32.67988],[-115.67408,32.67953],[-115.67341,32.67944],[-115.67166,32.67941],[-115.6714,32.67905],[-115.6721,32.67888],[-115.67297,32.67868],[-115.67381,32.6785],[-115.67582,32.67825],[-115.67763,32.67832],[-115.68135,32.6788],[-115.67818,32.67938],[-115.68351,32.68145],[-115.68579,32.6844],[-115.68454,32.68901],[-115.6846,32.69276],[-115.68485,32.70044],[-115.68447,32.70215],[-115.6845,32.70267],[-115.68437,32.7062],[-115.66365,32.70939]]]}},{"type":"Feature","properties":{"county_fips":25,"srprec":"287250","precinct_id":"025-287250","g22_asm":{"dem_pct":40.0,"margin_dem":-20.0,"votes_two_party":10},"g24_asm":{"dem_pct":40.0,"margin_dem":-20.0,"votes_two_party":10}},"geometry":{"type":"Polygon","coordinates":[[[-115.56469,32.75617],[-115.56074,32.75619],[-115.56061,32.75619],[-115.56056,32.75448],[-115.56055,32.75407],[-115.56051,32.75288],[-115.56051,32.75285],[-115.56051,32.75244],[-115.56133,32.75244],[-115.5638,32.75245],[-115.56444,32.75245],[-115.56468,32.75444],[-115.5647,32.75567],[-115.56471,32.7561],[-115.56471,32.75617],[-115.56469,32.75617]]]}},{"type":"Feature","properties":{"county_fips":25,"srprec":"289203","precinct_id":"025-289203","g22_asm":{"dem_pct":9.1,"margin_dem":-81.8,"votes_two_party":11},"g24_asm":{"dem_pct":11.1,"margin_dem":-77.8,"votes_two_party":18}},"geometry":{"type":"Polygon","coordinates":[[[-115.69946,32.76294],[-115.6977,32.76231],[-115.69714,32.76154],[-115.6943,32.76122],[-115.69279,32.76184],[-115.69027,32.76095],[-115.68073,32.76144],[-115.66343,32.75199],[-115.65441,32.75188],[-115.65927,32.74162],[-115.66359,32.73666],[-115.66438,32.73276],[-115.66475,32.7316],[-115.66556,32.73072],[-115.67209,32.72761],[-115.6722,32.7257],[-115.69882,32.72525],[-115.69928,32.72503],[-115.70634,32.72937],[-115.70993,32.74018],[-115.71164,32.752],[-115.70734,32.75272],[-115.70731,32.75944],[-115.70746,32.763],[-115.70748,32.76641],[-115.70742,32.7682],[-115.70737,32.77374],[-115.69441,32.77399],[-115.69409,32.77231],[-115.69292,32.77056],[-115.69324,32.76866],[-115.69613,32.76882],[-115.69747,32.76804],[-115.6997,32.76649],[-115.70016,32.7647],[-115.69941,32.76388],[-115.69946,32.76294]]]}},{"type":"Feature","properties":{"county_fips":25,"srprec":"289204","precinct_id":"025-289204","g22_asm":{"dem_pct":36.4,"margin_dem":-27.3,"votes_two_party":44},"g24_asm":{"dem_pct":48.4,"margin_dem":-3.2,"votes_two_party":62}},"geometry":{"type":"Polygon","coordinates":[[[-115.68444,32.75978],[-115.69027,32.76065],[-115.6903,32.76158],[-115.69201,32.76162],[-115.69325,32.76194],[-115.694,32.76158],[-115.6943,32.76122],[-115.69506,32.76138],[-115.6967,32.76146],[-115.69741,32.76176],[-115.6975,32.76222],[-115.69782,32.76234],[-115.69857,32.76245],[-115.69946,32.76294],[-115.69941,32.76366],[-115.69945,32.76403],[-115.6999,32.76417],[-115.7002,32.76499],[-115.69998,32.76588],[-115.6997,32.76649],[-115.699,32.76714],[-115.69763,32.76801],[-115.69714,32.7681],[-115.69643,32.76847],[-115.69586,32.76893],[-115.69399,32.76854],[-115.69324,32.76866],[-115.69292,32.76942],[-115.69288,32.77037],[-115.69344,32.77121],[-115.69397,32.7718],[-115.69414,32.77283],[-115.69036,32.77383],[-115.68077,32.77381],[-115.67403,32.77383],[-115.67218,32.7729],[-115.67277,32.76704],[-115.67579,32.76704],[-115.68073,32.76144],[-115.68444,32.75978]]]}},{"type":"Feature","properties":{"county_fips":25,"srprec":"345201","precinct_id":"025-345201","g22_asm":{"dem_pct":63.8,"margin_dem":27.6,"votes_two_party":323},"g24_asm":{"dem_pct":53.3,"margin_dem":6.6,"votes_two_party":670}},"geometry":{"type":"Polygon","coordinates":[[[-115.56153,32.81839],[-115.56153,32.81829],[-115.56152,32.81779],[-115.56149,32.81528],[-115.56138,32.81115],[-115.56137,32.80781],[-115.56137,32.80655],[-115.56137,32.8053],[-115.56141,32.80386],[-115.56144,32.80337],[-115.56146,32.80239],[-115.56145,32.80152],[-115.56144,32.80057],[-115.56144,32.79988],[-115.56144,32.79911],[-115.56144,32.79766],[-115.56146,32.79655],[-115.56362,32.79656],[-115.56364,32.79767],[-115.56366,32.79912],[-115.56367,32.79984],[-115.56526,32.7999],[-115.5695,32.7999],[-115.56992,32.7999],[-115.5699,32.80114],[-115.56995,32.80144],[-115.56995,32.80191],[-115.56993,32.8033],[-115.56994,32.80388],[-115.56994,32.80433],[-115.56994,32.80601],[-115.56996,32.80859],[-115.56997,32.81145],[-115.56997,32.81562],[-115.56996,32.81774],[-115.56996,32.81844],[-115.56827,32.81846],[-115.56153,32.81839]]]}},{"type":"Feature","properties":{"county_fips":25,"srprec":"345202","precinct_id":"025-345202","g22_asm":{"dem_pct":75.8,"margin_dem":51.6,"votes_two_party":814},"g24_asm":{"dem_pct":62.9,"margin_dem":25.7,"votes_two_party":1538}},"geometry":{"type":"Polygon","coordinates":[[[-115.56319,32.79655],[-115.56145,32.79642],[-115.56144,32.7951],[-115.56143,32.79389],[-115.56445,32.79284],[-115.56604,32.79284],[-115.56812,32.79284],[-115.56993,32.79284],[-115.5742,32.79283],[-115.57837,32.79286],[-115.57868,32.79428],[-115.5787,32.79505],[-115.5787,32.79656],[-115.57868,32.7987],[-115.57868,32.80006],[-115.57864,32.8044],[-115.57864,32.80738],[-115.57864,32.8099],[-115.57859,32.81101],[-115.57813,32.81101],[-115.57493,32.81103],[-115.57336,32.81112],[-115.56997,32.80929],[-115.56994,32.80708],[-115.56994,32.80565],[-115.56994,32.80398],[-115.56993,32.80376],[-115.56994,32.8023],[-115.56995,32.80172],[-115.56989,32.80144],[-115.56992,32.80021],[-115.5696,32.7999],[-115.56643,32.79991],[-115.56506,32.79989],[-115.56367,32.79941],[-115.56366,32.79839],[-115.56364,32.7973],[-115.56319,32.79655]]]}},{"type":"Feature","properties":{"county_fips":25,"srprec":"345205","precinct_id":"025-345205","g22_asm":{"dem_pct":69.4,"margin_dem":38.8,"votes_two_party":49},"g24_asm":{"dem_pct":55.7,"margin_dem":11.4,"votes_two_party":70}},"geometry":{"type":"Polygon","coordinates":[[[-115.58555,32.79657],[-115.5848,32.79657],[-115.58204,32.79656],[-115.58082,32.79656],[-115.5787,32.79656],[-115.5787,32.79599],[-115.5787,32.79505],[-115.5787,32.79472],[-115.57868,32.79428],[-115.57861,32.79286],[-115.57891,32.79286],[-115.58011,32.79285],[-115.58057,32.79285],[-115.58075,32.79285],[-115.581,32.79285],[-115.58125,32.79285],[-115.58142,32.79285],[-115.58189,32.79285],[-115.58227,32.79285],[-115.58244,32.79285],[-115.58428,32.79283],[-115.58496,32.79283],[-115.58565,32.79283],[-115.58581,32.79348],[-115.58588,32.79389],[-115.58591,32.79429],[-115.58591,32.79439],[-115.5859,32.79461],[-115.58591,32.7948],[-115.58591,32.79508],[-115.58591,32.79539],[-115.58592,32.79555],[-115.58592,32.7958],[-115.58593,32.79595],[-115.58591,32.79604],[-115.58582,32.79633],[-115.58574,32.79657],[-115.58555,32.79657]]]}},{"type":"Feature","properties":{"county_fips":25,"srprec":"345223","precinct_id":"025-345223","g22_asm":{"dem_pct":78.1,"margin_dem":56.1,"votes_two_party":269},"g24_asm":{"dem_pct":60.0,"margin_dem":20.1,"votes_two_party":548}},"geometry":{"type":"Polygon","coordinates":[[[-115.56133,32.81829],[-115.56096,32.81831],[-115.5609,32.81814],[-115.55842,32.81171],[-115.55731,32.80895],[-115.5561,32.80582],[-115.55492,32.80286],[-115.55311,32.79841],[-115.55255,32.79706],[-115.55176,32.79492],[-115.55246,32.79492],[-115.55268,32.79515],[-115.55298,32.79561],[-115.55327,32.7959],[-115.55342,32.79601],[-115.55397,32.79632],[-115.55448,32.79649],[-115.55509,32.79656],[-115.55715,32.79655],[-115.56101,32.79655],[-115.56145,32.79673],[-115.56144,32.79821],[-115.56144,32.79929],[-115.56144,32.79989],[-115.56144,32.80058],[-115.56145,32.80188],[-115.56145,32.80257],[-115.56142,32.80372],[-115.56141,32.80393],[-115.56137,32.80564],[-115.56137,32.80673],[-115.56137,32.80891],[-115.56146,32.81291],[-115.56151,32.81701],[-115.56152,32.81805],[-115.56153,32.81832],[-115.56133,32.81829]]]}},{"type":"Feature","properties":{"county_fips":25,"srprec":"345224","precinct_id":"025-345224","g22_asm":{"dem_pct":83.6,"margin_dem":67.3,"votes_two_party":110},"g24_asm":{"dem_pct":65.0,"margin_dem":30.0,"votes_two_party":200}},"geometry":{"type":"Polygon","coordinates":[[[-115.55246,32.79492],[-115.55194,32.79492],[-115.55176,32.79492],[-115.55156,32.7945],[-115.5512,32.79353],[-115.55094,32.79284],[-115.55114,32.79284],[-115.55146,32.79284],[-115.55251,32.79284],[-115.55427,32.79283],[-115.55516,32.79283],[-115.55693,32.79283],[-115.55868,32.79284],[-115.56141,32.79284],[-115.56143,32.79409],[-115.56144,32.7949],[-115.56145,32.79569],[-115.56145,32.79602],[-115.56145,32.79642],[-115.5614,32.79655],[-115.56101,32.79655],[-115.55924,32.79655],[-115.55715,32.79655],[-115.55709,32.79655],[-115.55509,32.79656],[-115.55483,32.79654],[-115.55448,32.79649],[-115.55418,32.79641],[-115.55397,32.79632],[-115.55365,32.79617],[-115.55342,32.79601],[-115.55332,32.79594],[-115.55327,32.7959],[-115.55313,32.79577],[-115.55298,32.79561],[-115.5528,32.79536],[-115.55268,32.79515],[-115.55261,32.79496],[-115.55246,32.79492]]]}},{"type":"Feature","properties":{"county_fips":25,"srprec":"365015","precinct_id":"025-365015","g22_asm":{"dem_pct":52.3,"margin_dem":4.5,"votes_two_party":1018},"g24_asm":{"dem_pct":44.4,"margin_dem":-11.2,"votes_two_party":1888}},"geometry":{"type":"Polygon","coordinates":[[[-115.56145,32.84313],[-115.56147,32.84105],[-115.56447,32.84009],[-115.57011,32.84022],[-115.57238,32.84023],[-115.57461,32.84023],[-115.57851,32.84351],[-115.57884,32.84379],[-115.58081,32.84384],[-115.58135,32.84375],[-115.58226,32.84383],[-115.58276,32.84399],[-115.57998,32.84573],[-115.58041,32.8474],[-115.57864,32.8516],[-115.57683,32.85475],[-115.57205,32.85837],[-115.57431,32.86557],[-115.57842,32.86188],[-115.57844,32.86363],[-115.58629,32.86562],[-115.58627,32.86829],[-115.5787,32.86859],[-115.5785,32.86893],[-115.57049,32.86894],[-115.5703,32.86912],[-115.57014,32.86594],[-115.5696,32.86191],[-115.56685,32.8619],[-115.56406,32.86189],[-115.56184,32.86183],[-115.56144,32.85826],[-115.56135,32.85397],[-115.56134,32.85181],[-115.56134,32.85057],[-115.56136,32.84748],[-115.56146,32.84343],[-115.56145,32.84313]]]}},{"type":"Feature","properties":{"county_fips":25,"srprec":"365016","precinct_id":"025-365016","g22_asm":{"dem_pct":50.7,"margin_dem":1.4,"votes_two_party":282},"g24_asm":{"dem_pct":41.6,"margin_dem":-16.8,"votes_two_party":560}},"geometry":{"type":"Polygon","coordinates":[[[-115.57011,32.86314],[-115.57014,32.86594],[-115.57014,32.86894],[-115.57014,32.86917],[-115.57011,32.86917],[-115.56992,32.86917],[-115.56982,32.86917],[-115.56972,32.86917],[-115.56942,32.86917],[-115.56931,32.86917],[-115.56851,32.86916],[-115.56846,32.86916],[-115.5661,32.86919],[-115.56529,32.86921],[-115.56513,32.86921],[-115.56463,32.86922],[-115.56446,32.86922],[-115.56446,32.86917],[-115.56445,32.86902],[-115.56445,32.86897],[-115.56446,32.86755],[-115.56447,32.86383],[-115.56447,32.86331],[-115.56448,32.8619],[-115.56456,32.8619],[-115.56495,32.8619],[-115.56637,32.8619],[-115.56685,32.8619],[-115.56727,32.8619],[-115.56853,32.86189],[-115.56855,32.86189],[-115.56898,32.86189],[-115.56914,32.8619],[-115.5696,32.86191],[-115.56976,32.86192],[-115.56986,32.86192],[-115.57002,32.86192],[-115.57011,32.86192],[-115.57011,32.86314]]]}},{"type":"Feature","properties":{"county_fips":25,"srprec":"365021","precinct_id":"025-365021","g22_asm":{"dem_pct":45.4,"margin_dem":-9.1,"votes_two_party":1776},"g24_asm":{"dem_pct":38.5,"margin_dem":-23.0,"votes_two_party":3444}},"geometry":{"type":"Polygon","coordinates":[[[-115.58629,32.8183],[-115.59412,32.81829],[-115.5947,32.81829],[-115.59491,32.81838],[-115.59495,32.82456],[-115.59497,32.82564],[-115.59498,32.83029],[-115.59498,32.83587],[-115.59498,32.8445],[-115.59443,32.84738],[-115.58837,32.84579],[-115.58637,32.84738],[-115.58559,32.84738],[-115.58621,32.84427],[-115.58621,32.84188],[-115.58609,32.84017],[-115.58241,32.84019],[-115.57898,32.84019],[-115.57584,32.84024],[-115.57361,32.84023],[-115.57117,32.84023],[-115.56998,32.83978],[-115.56998,32.83749],[-115.56997,32.83319],[-115.56994,32.82488],[-115.56996,32.81847],[-115.57034,32.81846],[-115.57429,32.81848],[-115.57803,32.81848],[-115.57832,32.81833],[-115.5789,32.81833],[-115.5842,32.81832],[-115.58566,32.81831],[-115.58629,32.8183]]]}},{"type":"Feature","properties":{"county_fips":25,"srprec":"365022","precinct_id":"025-365022","g22_asm":{"dem_pct":54.0,"margin_dem":8.1,"votes_two_party":396},"g24_asm":{"dem_pct":54.7,"margin_dem":9.3,"votes_two_party":150}},"geometry":{"type":"MultiPolygon","coordinates":[[[[-115.56181,32.82545],[-115.56358,32.82557],[-115.56422,32.8253],[-115.56477,32.8252],[-115.56579,32.82521],[-115.56611,32.82521],[-115.56659,32.82348],[-115.56262,32.82158],[-115.56145,32.81879],[-115.5615,32.81831],[-115.56153,32.81839],[-115.56975,32.81847],[-115.56996,32.81916],[-115.56994,32.82488],[-115.56995,32.82963],[-115.56995,32.83651],[-115.56998,32.83749],[-115.56998,32.83802],[-115.56998,32.84022],[-115.56447,32.8402],[-115.56441,32.83651],[-115.56432,32.83025],[-115.56185,32.83291],[-115.55939,32.8329],[-115.55174,32.83277],[-115.55281,32.82946],[-115.55283,32.82758],[-115.55282,32.82576],[-115.55394,32.82544],[-115.55666,32.82686],[-115.55666,32.83036],[-115.55899,32.82959],[-115.55898,32.82743],[-115.55897,32.82602],[-115.55845,32.82542],[-115.55844,32.82529],[-115.56122,32.82511],[-115.56181,32.82545]]],[[[-115.55338,32.84003],[-115.55471,32.84003],[-115.55475,32.84004],[-115.55636,32.84005],[-115.55955,32.84007],[-115.56092,32.84007],[-115.56116,32.84008],[-115.56122,32.84008],[-115.56141,32.84009],[-115.56147,32.84009],[-115.56147,32.84011],[-115.56147,32.84017],[-115.56147,32.84019],[-115.56147,32.84041],[-115.56147,32.84105],[-115.56146,32.84126],[-115.56146,32.84146],[-115.56145,32.84206],[-115.56145,32.84227],[-115.56145,32.84248],[-115.56145,32.84313],[-115.56146,32.84334],[-115.56146,32.84336],[-115.56146,32.84342],[-115.56146,32.84343],[-115.56145,32.84438],[-115.56145,32.84543],[-115.56145,32.84548],[-115.56144,32.84642],[-115.56143,32.84748],[-115.56136,32.84748],[-115.56118,32.84748],[-115.56117,32.84727],[-115.56116,32.84612],[-115.56118,32.84513],[-115.56118,32.84438],[-115.56118,32.84419],[-115.56117,32.84362],[-115.56117,32.84343],[-115.55889,32.84346],[-115.55305,32.84352],[-115.55306,32.84252],[-115.55308,32.84023],[-115.55308,32.84019],[-115.55309,32.84007],[-115.55309,32.84003],[-115.55338,32.84003]]]]}},{"type":"Feature","properties":{"county_fips":25,"srprec":"385005","precinct_id":"025-385005","g22_asm":{"dem_pct":55.6,"margin_dem":11.1,"votes_two_party":9},"g24_asm":{"dem_pct":39.4,"margin_dem":-21.2,"votes_two_party":33}},"geometry":{"type":"MultiPolygon","coordinates":[[[[-115.57022,32.88363],[-115.57029,32.88363],[-115.57023,32.88363],[-115.57022,32.88363]]],[[[-115.62137,32.88345],[-115.58649,32.88385],[-115.58503,32.88361],[-115.57834,32.88363],[-115.5719,32.88363],[-115.57049,32.87997],[-115.57887,32.87644],[-115.59478,32.87635],[-115.59492,32.86858],[-115.59492,32.85459],[-115.60307,32.8474],[-115.61567,32.8474],[-115.6293,32.84742],[-115.64166,32.84743],[-115.65509,32.8474],[-115.67227,32.84739],[-115.68154,32.84735],[-115.68474,32.84734],[-115.69533,32.84772],[-115.69679,32.84999],[-115.71858,32.85028],[-115.71859,32.86034],[-115.72854,32.86111],[-115.73368,32.86006],[-115.73965,32.86001],[-115.72951,32.88435],[-115.72434,32.88484],[-115.71856,32.88054],[-115.71768,32.87519],[-115.70623,32.8796],[-115.67548,32.88305],[-115.63507,32.88452],[-115.63203,32.88371],[-115.62137,32.88345]]],[[[-115.93527,32.86123],[-115.93845,32.86233],[-115.93514,32.86119],[-115.93527,32.86123]]],[[[-115.94009,32.86362],[-115.94043,32.86391],[-115.93906,32.86274],[-115.94009,32.86362]]],[[[-115.95383,32.866],[-115.95592,32.86608],[-115.95738,32.86614],[-115.95757,32.86616],[-115.95812,32.86624],[-115.95876,32.86655],[-115.95916,32.86675],[-115.96055,32.86712],[-115.95889,32.86673],[-115.9578,32.86625],[-115.95723,32.86618],[-115.95704,32.86616],[-115.95377,32.86601],[-115.95383,32.866]]],[[[-115.99162,32.87659],[-115.99162,32.87659],[-115.99104,32.87648],[-115.99103,32.87648],[-115.99162,32.87659]]],[[[-115.99798,32.88011],[-115.99802,32.88012],[-115.99433,32.87907],[-115.9943,32.87906],[-115.99798,32.88011]]],[[[-115.99949,32.88076],[-115.99945,32.88074],[-116.00044,32.88101],[-116.00041,32.88101],[-115.99949,32.88076]]]]}},{"type":"Feature","properties":{"county_fips":25,"srprec":"385009","precinct_id":"025-385009","g22_asm":{"dem_pct":38.5,"margin_dem":-23.1,"votes_two_party":13},"g24_asm":{"dem_pct":57.1,"margin_dem":14.3,"votes_two_party":14}},"geometry":{"type":"Polygon","coordinates":[[[-115.56091,32.88366],[-115.55982,32.88366],[-115.55621,32.88368],[-115.55118,32.88367],[-115.54385,32.88367],[-115.54028,32.88366],[-115.53787,32.88367],[-115.53597,32.88366],[-115.53551,32.88324],[-115.53553,32.88152],[-115.53554,32.88002],[-115.53558,32.87257],[-115.53569,32.86917],[-115.54383,32.86921],[-115.54623,32.86922],[-115.5515,32.86924],[-115.55293,32.86924],[-115.5595,32.86923],[-115.56114,32.86936],[-115.56112,32.87203],[-115.56113,32.87554],[-115.56118,32.87639],[-115.56127,32.87644],[-115.56301,32.87646],[-115.56606,32.87643],[-115.56983,32.87647],[-115.57014,32.87353],[-115.57021,32.86917],[-115.5703,32.87288],[-115.57031,32.87719],[-115.5703,32.8802],[-115.57029,32.88349],[-115.57022,32.88363],[-115.56982,32.88366],[-115.56395,32.88367],[-115.56128,32.88366],[-115.56091,32.88366]]]}},{"type":"Feature","properties":{"county_fips":25,"srprec":"385013","precinct_id":"025-385013","g22_asm":{"dem_pct":44.4,"margin_dem":-11.1,"votes_two_party":9},"g24_asm":{"dem_pct":40.0,"margin_dem":-20.0,"votes_two_party":10}},"geometry":{"type":"Polygon","coordinates":[[[-115.61146,32.93552],[-115.61117,32.93547],[-115.61084,32.93542],[-115.61054,32.9355],[-115.61023,32.93548],[-115.60868,32.93414],[-115.60574,32.93384],[-115.60349,32.93447],[-115.60057,32.93371],[-115.59988,32.93079],[-115.60336,32.92976],[-115.60543,32.9269],[-115.60358,32.92659],[-115.59507,32.92665],[-115.59476,32.92658],[-115.59493,32.92563],[-115.59491,32.91692],[-115.5949,32.91278],[-115.59529,32.9126],[-115.59774,32.91273],[-115.60201,32.91274],[-115.60357,32.91297],[-115.60662,32.91358],[-115.60777,32.91376],[-115.61384,32.91378],[-115.62107,32.91375],[-115.62132,32.91819],[-115.62126,32.92219],[-115.62102,32.92372],[-115.61604,32.93329],[-115.61294,32.93537],[-115.61245,32.93537],[-115.61173,32.93556],[-115.61146,32.93552]]]}},{"type":"Feature","properties":{"county_fips":25,"srprec":"385014","precinct_id":"025-385014","g22_asm":{"dem_pct":36.7,"margin_dem":-26.6,"votes_two_party":526},"g24_asm":{"dem_pct":32.3,"margin_dem":-35.3,"votes_two_party":810}},"geometry":{"type":"Polygon","coordinates":[[[-115.57882,32.84018],[-115.58102,32.84018],[-115.58473,32.84018],[-115.5862,32.84019],[-115.5862,32.84305],[-115.58621,32.84427],[-115.58547,32.84738],[-115.58626,32.84738],[-115.58717,32.84738],[-115.58839,32.84738],[-115.59467,32.84738],[-115.59496,32.84882],[-115.59492,32.85459],[-115.59494,32.8588],[-115.59494,32.86551],[-115.59472,32.86858],[-115.59284,32.86855],[-115.58626,32.86791],[-115.58627,32.86477],[-115.57844,32.86363],[-115.57843,32.8622],[-115.57485,32.86311],[-115.57218,32.86191],[-115.57649,32.85662],[-115.57731,32.85474],[-115.57864,32.8516],[-115.5796,32.8474],[-115.57995,32.84659],[-115.58283,32.84553],[-115.5825,32.84398],[-115.58219,32.84379],[-115.58135,32.84375],[-115.58088,32.84383],[-115.57937,32.84379],[-115.57861,32.84367],[-115.57878,32.84019],[-115.57882,32.84018]]]}},{"type":"Feature","properties":{"county_fips":25,"srprec":"385015","precinct_id":"025-385015","g22_asm":{"dem_pct":50.0,"margin_dem":0.0,"votes_two_party":4},"g24_asm":{"dem_pct":33.3,"margin_dem":-33.3,"votes_two_party":15}},"geometry":{"type":"MultiPolygon","coordinates":[[[[-115.67647,32.94827],[-115.64997,32.95553],[-115.64995,32.94845],[-115.64578,32.92674],[-115.62143,32.92295],[-115.62136,32.91687],[-115.60777,32.91376],[-115.60278,32.91282],[-115.5962,32.91269],[-115.59491,32.91795],[-115.59444,32.92666],[-115.57018,32.92711],[-115.56994,32.9126],[-115.5701,32.90553],[-115.57015,32.89825],[-115.57021,32.89231],[-115.57029,32.88363],[-115.57816,32.88362],[-115.585,32.88361],[-115.58634,32.88376],[-115.60348,32.88358],[-115.63313,32.88336],[-115.63564,32.88373],[-115.69515,32.88291],[-115.71013,32.87815],[-115.71839,32.87479],[-115.71852,32.88287],[-115.70173,32.92148],[-115.69361,32.91733],[-115.66276,32.90112],[-115.64214,32.90173],[-115.65019,32.91286],[-115.65868,32.94705],[-115.67647,32.94827]]],[[[-115.61071,32.93642],[-115.60991,32.93671],[-115.60878,32.93711],[-115.60876,32.93658],[-115.60871,32.93557],[-115.61005,32.93557],[-115.61018,32.93546],[-115.61023,32.93548],[-115.61027,32.93551],[-115.61032,32.93552],[-115.61039,32.93552],[-115.61044,32.93551],[-115.61054,32.9355],[-115.6106,32.93548],[-115.61066,32.93546],[-115.61071,32.93544],[-115.61078,32.93543],[-115.61084,32.93542],[-115.6109,32.93543],[-115.611,32.93544],[-115.61106,32.93545],[-115.61111,32.93545],[-115.61117,32.93547],[-115.61122,32.93549],[-115.61128,32.9355],[-115.61134,32.93551],[-115.6114,32.93551],[-115.61146,32.93552],[-115.61173,32.93556],[-115.61186,32.9355],[-115.61217,32.9354],[-115.61226,32.93537],[-115.61238,32.93536],[-115.61245,32.93537],[-115.61249,32.93538],[-115.61252,32.9354],[-115.6126,32.93546],[-115.61263,32.93548],[-115.61267,32.93552],[-115.61276,32.93559],[-115.61278,32.93562],[-115.61282,32.93566],[-115.61071,32.93642]]]]}},{"type":"Feature","properties":{"county_fips":25,"srprec":"385017","precinct_id":"025-385017","g22_asm":{"dem_pct":46.7,"margin_dem":-6.7,"votes_two_party":30},"g24_asm":{"dem_pct":40.0,"margin_dem":-20.0,"votes_two_party":45}},"geometry":{"type":"MultiPolygon","coordinates":[[[[-115.7793,32.81749],[-115.77007,32.82733],[-115.71837,32.82751],[-115.67525,32.82598],[-115.66761,32.82531],[-115.65696,32.82538],[-115.65507,32.82537],[-115.65478,32.81655],[-115.66991,32.81111],[-115.6723,32.8113],[-115.67226,32.81232],[-115.67191,32.81577],[-115.6801,32.81828],[-115.68329,32.81461],[-115.68868,32.81105],[-115.69035,32.81103],[-115.70133,32.81083],[-115.7051,32.81028],[-115.70681,32.80273],[-115.70974,32.79346],[-115.71044,32.7923],[-115.71152,32.79087],[-115.71614,32.79106],[-115.71864,32.79107],[-115.72704,32.79107],[-115.72984,32.79107],[-115.73377,32.79107],[-115.73974,32.79106],[-115.74396,32.79106],[-115.7579,32.79109],[-115.76502,32.79106],[-115.77135,32.79109],[-115.77192,32.79109],[-115.77636,32.79111],[-115.779,32.79324],[-115.77937,32.81165],[-115.7793,32.81749]]],[[[-115.70737,32.77398],[-115.70767,32.77398],[-115.70941,32.77399],[-115.7161,32.77401],[-115.7268,32.77402],[-115.7325,32.77403],[-115.73342,32.77403],[-115.74119,32.77403],[-115.74217,32.77399],[-115.74351,32.7738],[-115.74646,32.77327],[-115.74755,32.77319],[-115.75037,32.77318],[-115.75278,32.77318],[-115.75326,32.77318],[-115.76096,32.77318],[-115.76569,32.77318],[-115.77062,32.77318],[-115.77188,32.77318],[-115.77267,32.77319],[-115.77203,32.7733],[-115.76825,32.7733],[-115.7568,32.7733],[-115.75254,32.77332],[-115.74754,32.77332],[-115.74645,32.77341],[-115.74394,32.77381],[-115.7427,32.77403],[-115.74158,32.77414],[-115.73728,32.77415],[-115.73271,32.77414],[-115.72481,32.77414],[-115.71456,32.77413],[-115.70798,32.7741],[-115.70737,32.77398]]]]}},{"type":"Feature","properties":{"county_fips":25,"srprec":"385020","precinct_id":"025-385020","g22_asm":{"dem_pct":100.0,"margin_dem":100.0,"votes_two_party":1},"g24_asm":null},"geometry":{"type":"Polygon","coordinates":[[[-115.56371,32.87503],[-115.56405,32.8738],[-115.56444,32.87219],[-115.56445,32.87069],[-115.56446,32.86922],[-115.56463,32.86922],[-115.56513,32.86921],[-115.56529,32.86921],[-115.5661,32.86919],[-115.56846,32.86916],[-115.56851,32.86916],[-115.56931,32.86917],[-115.56942,32.86917],[-115.56972,32.86917],[-115.56982,32.86917],[-115.56992,32.86917],[-115.57011,32.86917],[-115.57014,32.86917],[-115.57014,32.86917],[-115.57014,32.86967],[-115.57014,32.87353],[-115.57012,32.87648],[-115.57,32.87647],[-115.56992,32.87647],[-115.56983,32.87647],[-115.56922,32.87645],[-115.56853,32.87643],[-115.56847,32.87643],[-115.56606,32.87643],[-115.56486,32.87645],[-115.56462,32.87645],[-115.56332,32.87646],[-115.56371,32.87503]]]}},{"type":"Feature","properties":{"county_fips":25,"srprec":"385021","precinct_id":"025-385021","g22_asm":{"dem_pct":100.0,"margin_dem":100.0,"votes_two_party":3},"g24_asm":null},"geometry":{"type":"Polygon","coordinates":[[[-115.56116,32.86924],[-115.56122,32.86924],[-115.56124,32.86924],[-115.56129,32.86924],[-115.56133,32.86924],[-115.56136,32.86924],[-115.56146,32.86923],[-115.56152,32.86923],[-115.56201,32.86923],[-115.56347,32.86923],[-115.56395,32.86922],[-115.56405,32.86922],[-115.56406,32.86922],[-115.56436,32.86922],[-115.56446,32.86922],[-115.56445,32.87069],[-115.56444,32.87219],[-115.56405,32.8738],[-115.56371,32.87503],[-115.56332,32.87646],[-115.56301,32.87646],[-115.56291,32.87646],[-115.56166,32.87647],[-115.56136,32.87647],[-115.56127,32.87644],[-115.56125,32.87643],[-115.56124,32.87642],[-115.56119,32.8764],[-115.56118,32.87639],[-115.56116,32.87638],[-115.56112,32.87627],[-115.56113,32.87566],[-115.56113,32.87554],[-115.56112,32.87344],[-115.56112,32.87286],[-115.56112,32.8727],[-115.56112,32.87203],[-115.56113,32.871],[-115.56113,32.87005],[-115.56114,32.86939],[-115.56114,32.86936],[-115.56114,32.86927],[-115.56114,32.86924],[-115.56116,32.86924]]]}},{"type":"Feature","properties":{"county_fips":25,"srprec":"385024","precinct_id":"025-385024","g22_asm":{"dem_pct":35.0,"margin_dem":-30.0,"votes_two_party":20},"g24_asm":{"dem_pct":43.9,"margin_dem":-12.2,"votes_two_party":41}},"geometry":{"type":"Polygon","coordinates":[[[-115.78732,32.82719],[-115.77913,32.81136],[-115.77899,32.79199],[-115.77422,32.79109],[-115.77149,32.79109],[-115.7669,32.79106],[-115.75852,32.79109],[-115.74396,32.79106],[-115.73935,32.79106],[-115.73269,32.79106],[-115.72862,32.79106],[-115.72405,32.79107],[-115.71642,32.79107],[-115.71159,32.79087],[-115.7075,32.78646],[-115.70738,32.77928],[-115.70737,32.77619],[-115.70868,32.77411],[-115.72937,32.77415],[-115.73984,32.77415],[-115.74295,32.77401],[-115.74665,32.77338],[-115.75266,32.77332],[-115.77003,32.7733],[-115.77376,32.77623],[-115.7726,32.78585],[-115.77246,32.7892],[-115.796,32.78918],[-115.8015,32.79113],[-115.82951,32.7911],[-115.84479,32.7911],[-115.85107,32.7911],[-115.85669,32.7911],[-115.86329,32.81239],[-115.78732,32.82719]]]}},{"type":"Feature","properties":{"county_fips":25,"srprec":"385036","precinct_id":"025-385036","g22_asm":{"dem_pct":33.3,"margin_dem":-33.3,"votes_two_party":3},"g24_asm":null},"geometry":{"type":"Polygon","coordinates":[[[-115.56994,32.9126],[-115.56994,32.92027],[-115.56992,32.92696],[-115.55715,32.92711],[-115.55147,32.92709],[-115.54793,32.92709],[-115.54648,32.92708],[-115.54495,32.92723],[-115.54307,32.92727],[-115.5374,32.9273],[-115.53554,32.92707],[-115.53554,32.92658],[-115.53554,32.9235],[-115.53553,32.91629],[-115.53552,32.91258],[-115.53552,32.89454],[-115.53561,32.88366],[-115.53782,32.88367],[-115.53861,32.88367],[-115.54325,32.88367],[-115.5494,32.88367],[-115.55381,32.88367],[-115.55773,32.88368],[-115.56068,32.88366],[-115.56218,32.88366],[-115.56588,32.88367],[-115.56991,32.88365],[-115.57023,32.88363],[-115.57029,32.88486],[-115.57028,32.88811],[-115.57022,32.89128],[-115.57021,32.89293],[-115.57021,32.89424],[-115.57016,32.8975],[-115.57015,32.89835],[-115.57016,32.90426],[-115.57014,32.90548],[-115.57014,32.90558],[-115.57014,32.91244],[-115.57015,32.9126],[-115.56994,32.9126]]]}},{"type":"Feature","properties":{"county_fips":25,"srprec":"385044","precinct_id":"025-385044","g22_asm":{"dem_pct":33.3,"margin_dem":-33.3,"votes_two_party":3},"g24_asm":null},"geometry":{"type":"Polygon","coordinates":[[[-115.53582,32.86196],[-115.54158,32.86198],[-115.54324,32.86199],[-115.54381,32.86197],[-115.54416,32.86197],[-115.54438,32.86197],[-115.55114,32.86197],[-115.55282,32.86196],[-115.55291,32.86196],[-115.55458,32.86195],[-115.56119,32.86194],[-115.56119,32.86184],[-115.56121,32.86181],[-115.56131,32.86182],[-115.5627,32.86187],[-115.56342,32.86188],[-115.56395,32.86189],[-115.56437,32.8619],[-115.56447,32.86331],[-115.56446,32.86755],[-115.56445,32.86902],[-115.56446,32.86922],[-115.56406,32.86922],[-115.56395,32.86922],[-115.56201,32.86923],[-115.56146,32.86923],[-115.56133,32.86924],[-115.56124,32.86924],[-115.56116,32.86924],[-115.56056,32.86922],[-115.55705,32.86924],[-115.55296,32.86924],[-115.55285,32.86924],[-115.55279,32.86924],[-115.54814,32.86923],[-115.54636,32.86922],[-115.54575,32.86922],[-115.54416,32.86921],[-115.54218,32.8692],[-115.53722,32.86917],[-115.53557,32.86917],[-115.53561,32.86187],[-115.53575,32.86193],[-115.53582,32.86196]]]}},{"type":"Feature","properties":{"county_fips":25,"srprec":"385045","precinct_id":"025-385045","g22_asm":{"dem_pct":100.0,"margin_dem":100.0,"votes_two_party":1},"g24_asm":null},"geometry":{"type":"Polygon","coordinates":[[[-115.56147,32.83861],[-115.56148,32.83504],[-115.56148,32.83417],[-115.56148,32.83293],[-115.56185,32.83291],[-115.56185,32.82922],[-115.56433,32.82922],[-115.56431,32.83004],[-115.56432,32.83025],[-115.56433,32.83107],[-115.56435,32.83203],[-115.56437,32.83366],[-115.56441,32.83651],[-115.56445,32.83857],[-115.56447,32.84003],[-115.56447,32.84009],[-115.56147,32.84009],[-115.56147,32.83861]]]}},{"type":"Feature","properties":{"county_fips":25,"srprec":"385046","precinct_id":"025-385046","g22_asm":{"dem_pct":46.7,"margin_dem":-6.7,"votes_two_party":15},"g24_asm":{"dem_pct":25.0,"margin_dem":-50.0,"votes_two_party":12}},"geometry":{"type":"Polygon","coordinates":[[[-115.5357,32.83125],[-115.5357,32.82546],[-115.54272,32.82547],[-115.5472,32.82546],[-115.55273,32.82545],[-115.55282,32.82576],[-115.55283,32.82813],[-115.55078,32.83038],[-115.559,32.83289],[-115.56148,32.83417],[-115.56122,32.84008],[-115.55475,32.84004],[-115.55308,32.84019],[-115.56117,32.84343],[-115.56116,32.84612],[-115.56133,32.84849],[-115.56135,32.85078],[-115.56134,32.85181],[-115.56135,32.8538],[-115.56132,32.85466],[-115.55943,32.85469],[-115.56129,32.85826],[-115.56132,32.86158],[-115.56119,32.86184],[-115.55293,32.86196],[-115.55114,32.86197],[-115.5441,32.86197],[-115.54158,32.86198],[-115.53561,32.86187],[-115.53562,32.85467],[-115.53569,32.84734],[-115.53572,32.84575],[-115.53571,32.83546],[-115.5357,32.83125]]]}},{"type":"Feature","properties":{"county_fips":25,"srprec":"387206","precinct_id":"025-387206","g22_asm":{"dem_pct":20.4,"margin_dem":-59.3,"votes_two_party":54},"g24_asm":{"dem_pct":12.0,"margin_dem":-76.0,"votes_two_party":75}},"geometry":{"type":"Polygon","coordinates":[[[-115.62931,32.77373],[-115.63799,32.77373],[-115.64643,32.77385],[-115.64643,32.77412],[-115.64643,32.77561],[-115.64645,32.77985],[-115.64645,32.78134],[-115.64645,32.78207],[-115.64646,32.78422],[-115.64645,32.78531],[-115.64644,32.78775],[-115.64643,32.78868],[-115.64215,32.78871],[-115.63791,32.78872],[-115.63792,32.78179],[-115.63724,32.7815],[-115.63344,32.7815],[-115.63007,32.78148],[-115.62923,32.78146],[-115.62635,32.78145],[-115.6249,32.78144],[-115.62499,32.78601],[-115.62494,32.79249],[-115.62286,32.79658],[-115.62158,32.79658],[-115.62082,32.79657],[-115.62078,32.79621],[-115.62067,32.7956],[-115.6206,32.79504],[-115.62061,32.79441],[-115.62062,32.79035],[-115.62063,32.78737],[-115.62065,32.78402],[-115.62065,32.78227],[-115.62064,32.78149],[-115.62064,32.78075],[-115.62064,32.77824],[-115.62063,32.77793],[-115.62064,32.77397],[-115.62067,32.77375],[-115.62931,32.77373]]]}},{"type":"Feature","properties":{"county_fips":25,"srprec":"387210","precinct_id":"025-387210","g22_asm":{"dem_pct":31.2,"margin_dem":-37.5,"votes_two_party":32},"g24_asm":{"dem_pct":20.5,"margin_dem":-59.1,"votes_two_party":44}},"geometry":{"type":"Polygon","coordinates":[[[-115.61461,32.82552],[-115.6124,32.82552],[-115.61035,32.82554],[-115.60632,32.82555],[-115.6036,32.82554],[-115.60327,32.82554],[-115.60135,32.82554],[-115.59662,32.82553],[-115.59496,32.82526],[-115.59494,32.82243],[-115.59496,32.81836],[-115.59497,32.81653],[-115.59497,32.80938],[-115.59496,32.8057],[-115.59452,32.80387],[-115.5871,32.80384],[-115.58658,32.80344],[-115.58655,32.8019],[-115.58652,32.80006],[-115.58623,32.79989],[-115.58613,32.79773],[-115.58614,32.79671],[-115.58622,32.79657],[-115.58706,32.79657],[-115.58968,32.79657],[-115.59405,32.79658],[-115.59471,32.79658],[-115.59496,32.79658],[-115.60214,32.7966],[-115.60368,32.79662],[-115.60536,32.7966],[-115.60672,32.7966],[-115.60848,32.7966],[-115.61101,32.7966],[-115.61212,32.7966],[-115.61301,32.7966],[-115.61632,32.7966],[-115.6177,32.79659],[-115.61632,32.79668],[-115.61636,32.80199],[-115.61636,32.80755],[-115.61637,32.81828],[-115.61461,32.82552]]]}},{"type":"Feature","properties":{"county_fips":25,"srprec":"387213","precinct_id":"025-387213","g22_asm":{"dem_pct":100.0,"margin_dem":100.0,"votes_two_party":2},"g24_asm":null},"geometry":{"type":"Polygon","coordinates":[[[-115.59493,32.81838],[-115.59473,32.81838],[-115.59473,32.81829],[-115.59456,32.81828],[-115.59415,32.81829],[-115.59309,32.81827],[-115.59116,32.81597],[-115.59119,32.81075],[-115.587,32.81061],[-115.5849,32.81069],[-115.57892,32.81099],[-115.57864,32.81073],[-115.57864,32.80918],[-115.57864,32.80721],[-115.57864,32.8044],[-115.57868,32.80066],[-115.57868,32.7996],[-115.57868,32.7984],[-115.5787,32.79656],[-115.58135,32.79656],[-115.5848,32.79657],[-115.58574,32.79657],[-115.58599,32.79657],[-115.58614,32.79657],[-115.58615,32.79674],[-115.58615,32.79926],[-115.58645,32.79989],[-115.58655,32.80136],[-115.58657,32.80199],[-115.5866,32.80365],[-115.59217,32.80387],[-115.59482,32.80387],[-115.59497,32.80716],[-115.59497,32.81164],[-115.59496,32.81829],[-115.59496,32.81838],[-115.59493,32.81838]]]}},{"type":"Feature","properties":{"county_fips":25,"srprec":"387245","precinct_id":"025-387245","g22_asm":{"dem_pct":45.5,"margin_dem":-9.1,"votes_two_party":33},"g24_asm":{"dem_pct":39.6,"margin_dem":-20.8,"votes_two_party":53}},"geometry":{"type":"Polygon","coordinates":[[[-115.59499,32.79286],[-115.59498,32.79405],[-115.59498,32.7948],[-115.59496,32.79658],[-115.59487,32.79658],[-115.59453,32.79656],[-115.59405,32.79658],[-115.59055,32.79657],[-115.58915,32.79657],[-115.58706,32.79657],[-115.58632,32.79657],[-115.58614,32.79657],[-115.58602,32.79657],[-115.58594,32.79657],[-115.58574,32.79657],[-115.58582,32.79633],[-115.58591,32.79604],[-115.58593,32.79595],[-115.58592,32.7958],[-115.58592,32.79555],[-115.58591,32.79539],[-115.58591,32.79508],[-115.58591,32.7948],[-115.5859,32.79461],[-115.58591,32.79439],[-115.58591,32.79429],[-115.58588,32.79389],[-115.58581,32.79348],[-115.58585,32.79283],[-115.58609,32.79283],[-115.58651,32.79283],[-115.58668,32.79283],[-115.58696,32.79283],[-115.58747,32.79283],[-115.58767,32.79283],[-115.58816,32.79283],[-115.58831,32.79283],[-115.58837,32.79283],[-115.5912,32.79283],[-115.59225,32.79283],[-115.59362,32.79283],[-115.59398,32.79283],[-115.59415,32.79283],[-115.5944,32.79284],[-115.59452,32.79284],[-115.59465,32.79285],[-115.59489,32.79286],[-115.59499,32.79286]]]}},{"type":"Feature","properties":{"county_fips":25,"srprec":"387246","precinct_id":"025-387246","g22_asm":{"dem_pct":36.5,"margin_dem":-27.0,"votes_two_party":74},"g24_asm":{"dem_pct":30.8,"margin_dem":-38.5,"votes_two_party":91}},"geometry":{"type":"Polygon","coordinates":[[[-115.61217,32.7966],[-115.61186,32.7966],[-115.60998,32.7966],[-115.60738,32.79659],[-115.60568,32.7966],[-115.60374,32.7966],[-115.60325,32.7966],[-115.5964,32.79658],[-115.59498,32.7948],[-115.59499,32.79316],[-115.595,32.79172],[-115.59499,32.78934],[-115.59499,32.78769],[-115.595,32.78159],[-115.601,32.7815],[-115.60326,32.78148],[-115.60771,32.78145],[-115.6122,32.78144],[-115.62064,32.78144],[-115.62065,32.78172],[-115.62064,32.78323],[-115.62063,32.78651],[-115.62062,32.78879],[-115.6206,32.79281],[-115.6206,32.79503],[-115.62064,32.79542],[-115.62075,32.79596],[-115.62079,32.79657],[-115.62044,32.79657],[-115.61948,32.79657],[-115.61832,32.79658],[-115.61701,32.7966],[-115.61341,32.7966],[-115.61217,32.7966]]]}},{"type":"Feature","properties":{"county_fips":25,"srprec":"389207","precinct_id":"025-389207","g22_asm":{"dem_pct":38.0,"margin_dem":-24.1,"votes_two_party":79},"g24_asm":{"dem_pct":32.0,"margin_dem":-35.9,"votes_two_party":128}},"geometry":{"type":"Polygon","coordinates":[[[-115.62711,32.82551],[-115.62062,32.82553],[-115.61638,32.82552],[-115.61633,32.79984],[-115.62001,32.79657],[-115.62183,32.79658],[-115.63093,32.79659],[-115.64216,32.79659],[-115.6512,32.79657],[-115.66028,32.79658],[-115.66838,32.79656],[-115.67481,32.79655],[-115.68295,32.79651],[-115.69042,32.79658],[-115.69493,32.79655],[-115.6989,32.79534],[-115.69895,32.79342],[-115.70356,32.79085],[-115.70815,32.79087],[-115.71044,32.7923],[-115.70987,32.79365],[-115.70489,32.80282],[-115.70211,32.81082],[-115.69032,32.81104],[-115.68631,32.81106],[-115.68062,32.81471],[-115.67191,32.81577],[-115.67243,32.81208],[-115.67172,32.81111],[-115.65493,32.81309],[-115.65507,32.82561],[-115.64181,32.82554],[-115.63807,32.82559],[-115.63598,32.82556],[-115.62936,32.82552],[-115.62711,32.82551]]]}},{"type":"Feature","properties":{"county_fips":25,"srprec":"389208","precinct_id":"025-389208","g22_asm":{"dem_pct":61.7,"margin_dem":23.3,"votes_two_party":227},"g24_asm":{"dem_pct":55.4,"margin_dem":10.8,"votes_two_party":406}},"geometry":{"type":"Polygon","coordinates":[[[-115.69895,32.79342],[-115.69892,32.7951],[-115.69668,32.79655],[-115.6905,32.79652],[-115.68468,32.79651],[-115.67783,32.79654],[-115.6727,32.79657],[-115.67835,32.7948],[-115.681,32.79252],[-115.68339,32.78903],[-115.68922,32.78879],[-115.69013,32.78801],[-115.68973,32.78552],[-115.68271,32.78279],[-115.68089,32.78175],[-115.68033,32.78095],[-115.6805,32.78062],[-115.68113,32.78041],[-115.68356,32.78045],[-115.68489,32.781],[-115.6878,32.78229],[-115.68926,32.7828],[-115.68996,32.78324],[-115.69017,32.7837],[-115.69048,32.78452],[-115.69268,32.78405],[-115.69394,32.7841],[-115.6955,32.78434],[-115.69772,32.78399],[-115.69782,32.78552],[-115.6984,32.78665],[-115.69952,32.78778],[-115.69891,32.79099],[-115.69895,32.79342]]]}},{"type":"Feature","properties":{"county_fips":25,"srprec":"389225","precinct_id":"025-389225","g22_asm":{"dem_pct":28.9,"margin_dem":-42.1,"votes_two_party":38},"g24_asm":{"dem_pct":49.2,"margin_dem":-1.7,"votes_two_party":59}},"geometry":{"type":"Polygon","coordinates":[[[-115.6722,32.79657],[-115.66362,32.79658],[-115.65487,32.79657],[-115.64646,32.79648],[-115.64642,32.79008],[-115.64645,32.78541],[-115.64645,32.78154],[-115.64643,32.77419],[-115.6682,32.77382],[-115.69035,32.77383],[-115.70476,32.77398],[-115.6987,32.7741],[-115.69381,32.77505],[-115.69861,32.78669],[-115.69782,32.78552],[-115.69737,32.78405],[-115.69519,32.78423],[-115.69345,32.78393],[-115.69137,32.78453],[-115.69034,32.78376],[-115.68999,32.78333],[-115.68939,32.78285],[-115.6878,32.78229],[-115.6845,32.78083],[-115.68318,32.78041],[-115.68088,32.78044],[-115.68034,32.78077],[-115.68076,32.78139],[-115.6817,32.78231],[-115.68937,32.78538],[-115.69013,32.78801],[-115.68907,32.78881],[-115.68099,32.78906],[-115.68097,32.79361],[-115.67225,32.79633],[-115.6722,32.79657]]]}},{"type":"Feature","properties":{"county_fips":25,"srprec":"389227","precinct_id":"025-389227","g22_asm":{"dem_pct":33.3,"margin_dem":-33.3,"votes_two_party":3},"g24_asm":null},"geometry":{"type":"Polygon","coordinates":[[[-115.70356,32.79085],[-115.70147,32.79085],[-115.70113,32.79036],[-115.70073,32.78967],[-115.70063,32.78926],[-115.70036,32.78915],[-115.70018,32.78906],[-115.69992,32.78856],[-115.69989,32.78824],[-115.69978,32.78794],[-115.69929,32.78759],[-115.699,32.7873],[-115.69753,32.77789],[-115.69465,32.77685],[-115.69323,32.77528],[-115.69286,32.77437],[-115.69436,32.7741],[-115.69464,32.77411],[-115.6987,32.7741],[-115.70087,32.7741],[-115.70434,32.7741],[-115.70711,32.7741],[-115.70737,32.77575],[-115.70737,32.77619],[-115.70737,32.77674],[-115.70737,32.77745],[-115.70738,32.77789],[-115.70738,32.77928],[-115.7074,32.78344],[-115.70741,32.78493],[-115.70743,32.7853],[-115.7075,32.78646],[-115.70749,32.78865],[-115.7075,32.79087],[-115.7071,32.79086],[-115.70624,32.79086],[-115.70452,32.79086],[-115.70356,32.79085]]]}},{"type":"Feature","properties":{"county_fips":25,"srprec":"411102","precinct_id":"025-411102","g22_asm":{"dem_pct":58.1,"margin_dem":16.1,"votes_two_party":1414},"g24_asm":{"dem_pct":46.3,"margin_dem":-7.4,"votes_two_party":2235}},"geometry":{"type":"Polygon","coordinates":[[[-115.55221,32.9831],[-115.54944,32.98578],[-115.5529,32.98655],[-115.55336,32.98691],[-115.55223,32.98828],[-115.55234,32.98942],[-115.54862,32.98991],[-115.54366,32.99328],[-115.54365,32.99095],[-115.54176,32.99155],[-115.5397,32.996],[-115.53869,32.9966],[-115.53781,32.9975],[-115.53526,32.99743],[-115.53508,32.99689],[-115.53419,32.99338],[-115.52641,32.99488],[-115.52642,33.00069],[-115.52474,33.00109],[-115.52231,33.00098],[-115.52246,33.00061],[-115.52244,33.00004],[-115.52794,32.98395],[-115.5285,32.98307],[-115.52931,32.98226],[-115.53265,32.98197],[-115.53677,32.98196],[-115.53987,32.98308],[-115.54363,32.98191],[-115.54364,32.97865],[-115.54795,32.97865],[-115.5539,32.97859],[-115.55427,32.98108],[-115.55419,32.98393],[-115.55221,32.9831]]]}},{"type":"Feature","properties":{"county_fips":25,"srprec":"411105","precinct_id":"025-411105","g22_asm":{"dem_pct":47.3,"margin_dem":-5.3,"votes_two_party":2186},"g24_asm":{"dem_pct":39.3,"margin_dem":-21.4,"votes_two_party":3402}},"geometry":{"type":"Polygon","coordinates":[[[-115.55616,32.97075],[-115.55419,32.97274],[-115.55425,32.9755],[-115.55483,32.97863],[-115.5511,32.97863],[-115.54374,32.97865],[-115.54363,32.98191],[-115.53943,32.98309],[-115.53524,32.98197],[-115.5308,32.98197],[-115.52925,32.98308],[-115.52842,32.98222],[-115.53001,32.97765],[-115.53197,32.97191],[-115.53235,32.97073],[-115.53489,32.96344],[-115.5351,32.96248],[-115.53513,32.96052],[-115.5352,32.9564],[-115.53548,32.95539],[-115.53551,32.95187],[-115.53834,32.95255],[-115.53771,32.95582],[-115.55237,32.95633],[-115.55301,32.95627],[-115.55439,32.95625],[-115.56045,32.95632],[-115.5658,32.95627],[-115.56567,32.95995],[-115.56718,32.95941],[-115.56729,32.96024],[-115.56351,32.9611],[-115.5572,32.96699],[-115.55719,32.96865],[-115.55616,32.97075]]]}},{"type":"Feature","properties":{"county_fips":25,"srprec":"411143","precinct_id":"025-411143","g22_asm":{"dem_pct":89.2,"margin_dem":78.5,"votes_two_party":93},"g24_asm":{"dem_pct":63.8,"margin_dem":27.6,"votes_two_party":174}},"geometry":{"type":"Polygon","coordinates":[[[-115.50927,32.99767],[-115.50928,32.99346],[-115.50928,32.98985],[-115.5094,32.98895],[-115.50975,32.98895],[-115.51036,32.98895],[-115.51231,32.98894],[-115.51775,32.98893],[-115.51779,32.98762],[-115.51779,32.98697],[-115.5178,32.98653],[-115.52001,32.98654],[-115.52216,32.98654],[-115.52419,32.98656],[-115.525,32.98656],[-115.52543,32.98656],[-115.52635,32.98656],[-115.52635,32.98645],[-115.52642,32.98644],[-115.52664,32.98653],[-115.52677,32.98653],[-115.52702,32.98653],[-115.52655,32.98795],[-115.52336,32.99734],[-115.52263,32.9995],[-115.52243,33.00009],[-115.52242,33.00017],[-115.52242,33.00027],[-115.52062,33.00022],[-115.51783,33.00017],[-115.51529,33.0001],[-115.51393,33.00007],[-115.51242,32.99988],[-115.5107,32.99952],[-115.50927,32.99906],[-115.50927,32.99767]]]}},{"type":"Feature","properties":{"county_fips":25,"srprec":"432019","precinct_id":"025-432019","g22_asm":{"dem_pct":64.4,"margin_dem":28.8,"votes_two_party":539},"g24_asm":{"dem_pct":50.2,"margin_dem":0.5,"votes_two_party":868}},"geometry":{"type":"Polygon","coordinates":[[[-115.50634,33.11714],[-115.50823,33.11842],[-115.50964,33.11846],[-115.51032,33.1184],[-115.5106,33.11816],[-115.5106,33.11789],[-115.51061,33.1163],[-115.51395,33.11432],[-115.51479,33.11674],[-115.51477,33.11781],[-115.51475,33.1181],[-115.51525,33.1185],[-115.51908,33.1185],[-115.52624,33.1185],[-115.52771,33.11841],[-115.52771,33.1241],[-115.52771,33.12579],[-115.52771,33.13272],[-115.51909,33.133],[-115.50948,33.13299],[-115.509,33.13299],[-115.508,33.13298],[-115.50423,33.13298],[-115.50191,33.13276],[-115.50191,33.13121],[-115.50193,33.12576],[-115.5019,33.12423],[-115.5019,33.12213],[-115.50191,33.12002],[-115.50192,33.11864],[-115.50275,33.11848],[-115.50616,33.1185],[-115.50616,33.11795],[-115.50634,33.11714]]]}},{"type":"Feature","properties":{"county_fips":25,"srprec":"474117","precinct_id":"025-474117","g22_asm":{"dem_pct":68.9,"margin_dem":37.7,"votes_two_party":305},"g24_asm":{"dem_pct":59.9,"margin_dem":19.8,"votes_two_party":491}},"geometry":{"type":"MultiPolygon","coordinates":[[[[-115.63009,33.04099],[-115.62843,33.04283],[-115.62697,33.04282],[-115.62498,33.04097],[-115.62411,33.04096],[-115.62215,33.04097],[-115.62159,33.04264],[-115.61967,33.04264],[-115.61316,33.0447],[-115.61279,33.04081],[-115.61728,33.03991],[-115.61478,33.03735],[-115.61304,33.03732],[-115.61296,33.03572],[-115.61312,33.0357],[-115.61385,33.03633],[-115.61443,33.03668],[-115.61508,33.03645],[-115.61708,33.03565],[-115.6173,33.03438],[-115.61987,33.03371],[-115.62069,33.03319],[-115.62161,33.03284],[-115.62158,33.03087],[-115.6216,33.03007],[-115.62418,33.03007],[-115.62485,33.03011],[-115.62488,33.03375],[-115.62571,33.03374],[-115.62588,33.0359],[-115.63006,33.03591],[-115.63013,33.03707],[-115.63011,33.03764],[-115.63009,33.04099]]],[[[-115.63001,33.04538],[-115.63,33.0475],[-115.63,33.04759],[-115.63,33.04821],[-115.62998,33.0482],[-115.6299,33.0482],[-115.62987,33.0482],[-115.62895,33.04822],[-115.6288,33.04822],[-115.62777,33.04823],[-115.62742,33.04822],[-115.62743,33.04467],[-115.62742,33.04447],[-115.62879,33.04446],[-115.62884,33.04446],[-115.62932,33.04446],[-115.62932,33.04375],[-115.62988,33.04375],[-115.63001,33.04374],[-115.63001,33.04393],[-115.63001,33.04449],[-115.63001,33.04468],[-115.63001,33.04538]]]]}},{"type":"Feature","properties":{"county_fips":25,"srprec":"481101","precinct_id":"025-481101","g22_asm":{"dem_pct":12.5,"margin_dem":-75.0,"votes_two_party":8},"g24_asm":{"dem_pct":15.4,"margin_dem":-69.2,"votes_two_party":13}},"geometry":{"type":"Polygon","coordinates":[[[-115.50929,33.08938],[-115.50828,33.08219],[-115.50412,33.07605],[-115.5006,33.07459],[-115.50132,33.06501],[-115.4963,33.05897],[-115.49971,33.05789],[-115.4987,33.05213],[-115.50008,33.04909],[-115.49482,33.04739],[-115.4884,33.04462],[-115.48642,33.04115],[-115.4834,33.03565],[-115.48329,33.02113],[-115.48339,33.00844],[-115.47576,33.00114],[-115.47741,32.97865],[-115.49237,32.97866],[-115.50086,32.98009],[-115.50068,33.00105],[-115.5093,33.00104],[-115.52186,33.00292],[-115.52652,33.00474],[-115.52684,33.0157],[-115.52729,33.04311],[-115.53724,33.04456],[-115.5614,33.04596],[-115.56134,33.07168],[-115.56131,33.08205],[-115.5625,33.08503],[-115.55338,33.08946],[-115.54546,33.08958],[-115.53728,33.08959],[-115.51024,33.08938],[-115.50929,33.08938]]]}},{"type":"Feature","properties":{"county_fips":25,"srprec":"481116","precinct_id":"025-481116","g22_asm":{"dem_pct":31.1,"margin_dem":-37.8,"votes_two_party":45},"g24_asm":{"dem_pct":37.7,"margin_dem":-24.7,"votes_two_party":77}},"geometry":{"type":"Polygon","coordinates":[[[-115.67547,32.98467],[-115.6609,32.98462],[-115.64985,32.99917],[-115.63764,33.00736],[-115.6303,33.00746],[-115.6235,33.00799],[-115.61398,33.00703],[-115.60405,33.01555],[-115.57859,33.00246],[-115.57767,32.98745],[-115.57818,32.98468],[-115.56637,32.97907],[-115.55897,32.97665],[-115.55568,32.97223],[-115.55752,32.96916],[-115.56323,32.96862],[-115.56969,32.96378],[-115.57682,32.95456],[-115.58204,32.94871],[-115.56911,32.94977],[-115.56988,32.94836],[-115.57017,32.94167],[-115.57013,32.92715],[-115.59476,32.92666],[-115.60425,32.92956],[-115.60348,32.93411],[-115.61285,32.93572],[-115.61348,32.94314],[-115.61563,32.95191],[-115.63211,32.95561],[-115.64112,32.95547],[-115.65537,32.95558],[-115.67524,32.96778],[-115.67547,32.98467]]]}},{"type":"Feature","properties":{"county_fips":25,"srprec":"481141","precinct_id":"025-481141","g22_asm":{"dem_pct":10.0,"margin_dem":-80.0,"votes_two_party":60},"g24_asm":{"dem_pct":14.1,"margin_dem":-71.9,"votes_two_party":64}},"geometry":{"type":"Polygon","coordinates":[[[-115.52732,33.04453],[-115.5269,33.04107],[-115.52684,33.01565],[-115.52652,33.00483],[-115.52648,33.00298],[-115.52642,33.00026],[-115.53068,32.99336],[-115.53508,32.99699],[-115.53694,32.99763],[-115.53898,32.99647],[-115.54008,32.99319],[-115.54365,32.991],[-115.54604,32.99197],[-115.55252,32.98923],[-115.55297,32.98718],[-115.55173,32.98667],[-115.55199,32.9838],[-115.55442,32.98318],[-115.55453,32.97769],[-115.55497,32.97368],[-115.55578,32.97192],[-115.55883,32.97327],[-115.55836,32.97865],[-115.56637,32.97907],[-115.57471,32.98168],[-115.57757,32.98601],[-115.5779,32.98788],[-115.57858,33.00041],[-115.57856,33.02275],[-115.57823,33.03728],[-115.56142,33.04312],[-115.54387,33.04455],[-115.52896,33.04456],[-115.52732,33.04453]]]}},{"type":"Feature","properties":{"county_fips":25,"srprec":"481142","precinct_id":"025-481142","g22_asm":{"dem_pct":0.0,"margin_dem":-100.0,"votes_two_party":2},"g24_asm":null},"geometry":{"type":"Polygon","coordinates":[[[-115.56705,32.95946],[-115.56567,32.95995],[-115.5658,32.95629],[-115.56088,32.95632],[-115.5568,32.9563],[-115.55333,32.95626],[-115.55259,32.95635],[-115.55206,32.95615],[-115.53858,32.95321],[-115.53845,32.95224],[-115.5355,32.94891],[-115.53682,32.94177],[-115.55055,32.94177],[-115.56998,32.94176],[-115.5702,32.94612],[-115.56998,32.94815],[-115.56928,32.9492],[-115.56877,32.94973],[-115.57023,32.94891],[-115.57927,32.94873],[-115.58063,32.95043],[-115.57747,32.95368],[-115.57572,32.95575],[-115.57224,32.96007],[-115.56905,32.96585],[-115.56666,32.96815],[-115.56252,32.96875],[-115.55911,32.96825],[-115.55741,32.96875],[-115.55719,32.96757],[-115.56159,32.96365],[-115.5656,32.96077],[-115.56801,32.96176],[-115.56705,32.95946]]]}},{"type":"Feature","properties":{"county_fips":25,"srprec":"482018","precinct_id":"025-482018","g22_asm":{"dem_pct":27.5,"margin_dem":-45.1,"votes_two_party":51},"g24_asm":{"dem_pct":25.8,"margin_dem":-48.3,"votes_two_party":89}},"geometry":{"type":"MultiPolygon","coordinates":[[[[-115.58002,33.18357],[-115.54794,33.18366],[-115.5177,33.18382],[-115.47591,33.18359],[-115.44397,33.18394],[-115.42311,33.18518],[-115.39592,33.19102],[-115.37982,33.17876],[-115.36261,33.16152],[-115.35691,33.10398],[-115.41329,33.10399],[-115.44978,33.10399],[-115.47537,33.10386],[-115.50861,33.10348],[-115.50883,33.09663],[-115.50955,33.08938],[-115.53182,33.08956],[-115.54486,33.08956],[-115.54608,33.08948],[-115.55948,33.08945],[-115.57416,33.09667],[-115.57985,33.10416],[-115.57982,33.12048],[-115.58019,33.13301],[-115.59525,33.13301],[-115.60562,33.13302],[-115.61463,33.13303],[-115.64011,33.14752],[-115.64024,33.157],[-115.64035,33.16394],[-115.64891,33.16217],[-115.6495,33.15064],[-115.6576,33.14159],[-115.62436,33.18407],[-115.58002,33.18357]],[[-115.51433,33.13299],[-115.52771,33.13289],[-115.52771,33.12592],[-115.52771,33.12552],[-115.52771,33.11846],[-115.52701,33.11847],[-115.52233,33.1185],[-115.51753,33.1185],[-115.51474,33.1182],[-115.51476,33.11797],[-115.51478,33.11736],[-115.51478,33.11433],[-115.51061,33.11483],[-115.5106,33.11729],[-115.5106,33.11809],[-115.51064,33.11836],[-115.50986,33.11846],[-115.50841,33.11848],[-115.50814,33.11717],[-115.50616,33.11795],[-115.50616,33.1185],[-115.50275,33.11848],[-115.50192,33.11864],[-115.50191,33.12002],[-115.5019,33.12213],[-115.5019,33.12423],[-115.50193,33.12576],[-115.50191,33.13121],[-115.50191,33.13276],[-115.50423,33.13298],[-115.508,33.13298],[-115.509,33.13299],[-115.50948,33.13299],[-115.51433,33.13299]]],[[[-115.66761,33.13338],[-115.66717,33.13996],[-115.66637,33.13994],[-115.6665,33.13295],[-115.66658,33.13295],[-115.66681,33.13295],[-115.66732,33.13295],[-115.66774,33.13295],[-115.66805,33.13295],[-115.66805,33.13293],[-115.66805,33.13268],[-115.66805,33.13285],[-115.66805,33.13295],[-115.66805,33.13301],[-115.66805,33.13321],[-115.66805,33.13328],[-115.66761,33.13338]]]]}},{"type":"Feature","properties":{"county_fips":25,"srprec":"482024","precinct_id":"025-482024","g22_asm":{"dem_pct":42.9,"margin_dem":-14.3,"votes_two_party":28},"g24_asm":{"dem_pct":40.9,"margin_dem":-18.2,"votes_two_party":44}},"geometry":{"type":"Polygon","coordinates":[[[-115.71698,33.35481],[-115.71914,33.3544],[-115.71893,33.35422],[-115.71982,33.35386],[-115.72113,33.35343],[-115.72212,33.35306],[-115.72354,33.35248],[-115.7249,33.3516],[-115.72513,33.35125],[-115.7252,33.34968],[-115.72503,33.34952],[-115.72495,33.34949],[-115.72491,33.34943],[-115.72497,33.34936],[-115.72494,33.34924],[-115.72514,33.34773],[-115.72534,33.3466],[-115.72743,33.34527],[-115.73068,33.34569],[-115.73284,33.34614],[-115.7339,33.34778],[-115.73395,33.34904],[-115.73395,33.34943],[-115.73393,33.35066],[-115.73395,33.35247],[-115.73394,33.35336],[-115.73393,33.35429],[-115.73394,33.3566],[-115.73395,33.35764],[-115.73425,33.35782],[-115.72747,33.36149],[-115.72589,33.36255],[-115.71704,33.36908],[-115.7163,33.35503],[-115.71698,33.35481]]]}},{"type":"Feature","properties":{"county_fips":25,"srprec":"482025","precinct_id":"025-482025","g22_asm":{"dem_pct":44.9,"margin_dem":-10.3,"votes_two_party":78},"g24_asm":{"dem_pct":48.0,"margin_dem":-4.0,"votes_two_party":100}},"geometry":{"type":"MultiPolygon","coordinates":[[[[-115.68184,33.42739],[-115.67664,33.42674],[-115.67112,33.41903],[-115.66547,33.41177],[-115.65337,33.39972],[-115.64831,33.39328],[-115.64066,33.38395],[-115.6473,33.36668],[-115.64734,33.36099],[-115.65443,33.36287],[-115.65595,33.36182],[-115.6572,33.36137],[-115.65863,33.36074],[-115.65942,33.35946],[-115.66101,33.35859],[-115.66243,33.35774],[-115.66382,33.35673],[-115.66495,33.35624],[-115.66622,33.35567],[-115.66699,33.35462],[-115.71627,33.35439],[-115.73425,33.35782],[-115.73394,33.35319],[-115.7339,33.34784],[-115.72534,33.3466],[-115.72491,33.34946],[-115.72504,33.35146],[-115.73547,33.34899],[-115.72974,33.42697],[-115.71676,33.42692],[-115.69909,33.42706],[-115.69557,33.42713],[-115.68887,33.42717],[-115.68184,33.42739]],[[-115.64513,33.38764],[-115.64595,33.38834],[-115.64606,33.38843],[-115.64691,33.38916],[-115.64741,33.38956],[-115.64737,33.38947],[-115.64736,33.38947],[-115.6473,33.38934],[-115.64721,33.38916],[-115.64706,33.38885],[-115.64706,33.38883],[-115.64686,33.38824],[-115.64677,33.38791],[-115.64674,33.38771],[-115.64672,33.38739],[-115.64672,33.38667],[-115.64672,33.38647],[-115.64672,33.38615],[-115.64461,33.38602],[-115.64455,33.3868],[-115.64411,33.38679],[-115.64513,33.38764]]],[[[-115.71831,33.35439],[-115.7187,33.35425],[-115.71872,33.35425],[-115.71887,33.3542],[-115.71893,33.35422],[-115.71895,33.35422],[-115.71909,33.35435],[-115.71914,33.3544],[-115.71829,33.3544],[-115.71831,33.35439]]]]}},{"type":"Feature","properties":{"county_fips":25,"srprec":"482026","precinct_id":"025-482026","g22_asm":{"dem_pct":0.0,"margin_dem":-100.0,"votes_two_party":2},"g24_asm":null},"geometry":{"type":"MultiPolygon","coordinates":[[[[-115.54488,33.30726],[-115.54488,33.30714],[-115.54488,33.30676],[-115.54486,33.3019],[-115.54518,33.3021],[-115.5455,33.30233],[-115.547,33.30376],[-115.54736,33.30411],[-115.54776,33.30452],[-115.54824,33.30491],[-115.54832,33.30497],[-115.54837,33.305],[-115.54851,33.3051],[-115.54871,33.3052],[-115.54882,33.30525],[-115.54892,33.30527],[-115.54917,33.3053],[-115.54939,33.30527],[-115.54958,33.30523],[-115.54998,33.30504],[-115.55008,33.30501],[-115.55021,33.30494],[-115.55032,33.3049],[-115.55043,33.30486],[-115.55054,33.30483],[-115.55072,33.30482],[-115.55085,33.30483],[-115.551,33.30485],[-115.55125,33.30494],[-115.55138,33.305],[-115.55155,33.30509],[-115.5516,33.30511],[-115.55174,33.30519],[-115.552,33.30537],[-115.55233,33.30565],[-115.55275,33.30613],[-115.5533,33.30682],[-115.55362,33.30725],[-115.55363,33.30726],[-115.54488,33.30726]]],[[[-115.58107,33.36293],[-115.62303,33.33974],[-115.6255,33.34279],[-115.63106,33.34967],[-115.63465,33.35409],[-115.63708,33.35647],[-115.63888,33.35771],[-115.64136,33.35896],[-115.64265,33.35949],[-115.64452,33.36007],[-115.6466,33.36074],[-115.64762,33.36473],[-115.64732,33.36656],[-115.64831,33.38275],[-115.64204,33.38504],[-115.64046,33.38456],[-115.64085,33.38768],[-115.64683,33.39202],[-115.64988,33.39534],[-115.6518,33.39818],[-115.65337,33.39972],[-115.65751,33.40321],[-115.66494,33.41116],[-115.66553,33.41184],[-115.6661,33.41255],[-115.6707,33.41817],[-115.67228,33.42277],[-115.67469,33.42429],[-115.67677,33.42686],[-115.6774,33.42729],[-115.67682,33.42735],[-115.67277,33.42733],[-115.65822,33.42726],[-115.65668,33.42725],[-115.64298,33.42719],[-115.60708,33.42687],[-115.60023,33.42688],[-115.58902,33.42689],[-115.58107,33.36293]]],[[[-115.64691,33.38916],[-115.64606,33.38843],[-115.64595,33.38834],[-115.64513,33.38764],[-115.64411,33.38679],[-115.64455,33.3868],[-115.64461,33.38602],[-115.64672,33.38615],[-115.64672,33.38647],[-115.64672,33.38667],[-115.64672,33.38739],[-115.64674,33.38771],[-115.64677,33.38791],[-115.64686,33.38824],[-115.64706,33.38883],[-115.64706,33.38885],[-115.64721,33.38916],[-115.6473,33.38934],[-115.64736,33.38947],[-115.64737,33.38947],[-115.64741,33.38956],[-115.64691,33.38916]]],[[[-115.71829,33.3544],[-115.71763,33.35463],[-115.71698,33.35481],[-115.7163,33.35503],[-115.71627,33.35439],[-115.71829,33.3544]]]]}},{"type":"Feature","properties":{"county_fips":25,"srprec":"482028","precinct_id":"025-482028","g22_asm":{"dem_pct":52.7,"margin_dem":5.5,"votes_two_party":91},"g24_asm":{"dem_pct":45.9,"margin_dem":-8.3,"votes_two_party":157}},"geometry":{"type":"Polygon","coordinates":[[[-115.51906,33.2423],[-115.51913,33.24265],[-115.51931,33.24323],[-115.51944,33.24354],[-115.51959,33.24386],[-115.51991,33.2444],[-115.52022,33.24481],[-115.52044,33.24503],[-115.52002,33.24511],[-115.51948,33.24537],[-115.51931,33.24548],[-115.51924,33.24553],[-115.51916,33.2456],[-115.51492,33.2437],[-115.51484,33.24476],[-115.51121,33.24388],[-115.50486,33.24084],[-115.50486,33.23902],[-115.50705,33.2394],[-115.50723,33.2346],[-115.50809,33.2346],[-115.50819,33.2346],[-115.50831,33.23459],[-115.50869,33.23459],[-115.50985,33.2346],[-115.51049,33.23461],[-115.51224,33.23461],[-115.5131,33.23461],[-115.51468,33.2346],[-115.51503,33.23461],[-115.51592,33.23461],[-115.51677,33.2346],[-115.5174,33.2346],[-115.51907,33.23461],[-115.51906,33.23472],[-115.51906,33.23495],[-115.51906,33.23581],[-115.51905,33.23692],[-115.51905,33.23797],[-115.51903,33.23911],[-115.51902,33.24044],[-115.51901,33.24137],[-115.51901,33.24166],[-115.51902,33.24187],[-115.51903,33.24209],[-115.51904,33.24218],[-115.51906,33.2423]]]}},{"type":"Feature","properties":{"county_fips":25,"srprec":"482029","precinct_id":"025-482029","g22_asm":{"dem_pct":60.3,"margin_dem":20.7,"votes_two_party":58},"g24_asm":{"dem_pct":58.7,"margin_dem":17.3,"votes_two_party":75}},"geometry":{"type":"MultiPolygon","coordinates":[[[[-115.45272,33.21628],[-115.45283,33.21644],[-115.45286,33.2165],[-115.44883,33.21471],[-115.44164,33.2115],[-115.43671,33.20933],[-115.4325,33.20748],[-115.43183,33.20719],[-115.42758,33.20531],[-115.41883,33.20145],[-115.41555,33.2],[-115.4154,33.19995],[-115.41486,33.19971],[-115.41382,33.19951],[-115.41083,33.19819],[-115.40911,33.19744],[-115.40608,33.19611],[-115.3985,33.19276],[-115.39692,33.19188],[-115.39659,33.19156],[-115.39571,33.1912],[-115.38662,33.18721],[-115.38433,33.18612],[-115.38423,33.18599],[-115.38397,33.18498],[-115.38546,33.18626],[-115.38665,33.18691],[-115.39592,33.19102],[-115.40192,33.19368],[-115.40928,33.19699],[-115.41553,33.19974],[-115.41901,33.2013],[-115.42198,33.2026],[-115.42804,33.20531],[-115.42884,33.20567],[-115.43207,33.20708],[-115.43266,33.20734],[-115.43648,33.20905],[-115.44164,33.21134],[-115.44823,33.2143],[-115.45129,33.21566],[-115.45261,33.21622],[-115.45272,33.21628]]],[[[-115.6084,33.322],[-115.59833,33.31025],[-115.59134,33.30092],[-115.56693,33.2709],[-115.54472,33.25684],[-115.52612,33.24841],[-115.51991,33.2444],[-115.51902,33.24193],[-115.51906,33.23687],[-115.51908,33.23248],[-115.5182,33.22735],[-115.50186,33.2274],[-115.49145,33.22731],[-115.46658,33.22223],[-115.45508,33.21696],[-115.45191,33.21439],[-115.45021,33.21207],[-115.4363,33.19538],[-115.42359,33.18553],[-115.44123,33.18394],[-115.47591,33.18354],[-115.51761,33.18382],[-115.54496,33.18365],[-115.58002,33.18362],[-115.62378,33.18436],[-115.63117,33.27907],[-115.66756,33.33895],[-115.66684,33.3386],[-115.66606,33.33871],[-115.66537,33.3391],[-115.6633,33.33914],[-115.65913,33.33899],[-115.6185,33.33416],[-115.6084,33.322]]]]}},{"type":"Feature","properties":{"county_fips":25,"srprec":"482040","precinct_id":"025-482040","g22_asm":{"dem_pct":0.0,"margin_dem":-100.0,"votes_two_party":1},"g24_asm":null},"geometry":{"type":"Polygon","coordinates":[[[-115.68396,33.20535],[-115.66608,33.13993],[-115.65502,33.14529],[-115.65111,33.14775],[-115.64912,33.1531],[-115.6487,33.16238],[-115.64164,33.16228],[-115.64051,33.16202],[-115.64022,33.15484],[-115.64001,33.14833],[-115.63185,33.13302],[-115.61463,33.13303],[-115.60754,33.13304],[-115.60379,33.13302],[-115.59637,33.13301],[-115.58821,33.13303],[-115.57988,33.13301],[-115.57983,33.12394],[-115.57985,33.10914],[-115.57985,33.10395],[-115.57986,33.09266],[-115.58739,33.08998],[-115.60162,33.08972],[-115.61435,33.08944],[-115.64893,33.08947],[-115.66642,33.0929],[-115.6571,33.09667],[-115.64883,33.0998],[-115.65268,33.10001],[-115.65698,33.10292],[-115.65972,33.10309],[-115.66423,33.10447],[-115.66652,33.10529],[-115.66663,33.12571],[-115.67744,33.11854],[-115.68396,33.20535]],[[-115.66717,33.13996],[-115.66761,33.13338],[-115.66805,33.13328],[-115.66848,33.13327],[-115.66976,33.13326],[-115.66992,33.1332],[-115.66991,33.13294],[-115.66989,33.13262],[-115.66978,33.13261],[-115.66848,33.13252],[-115.66805,33.13249],[-115.66805,33.13258],[-115.66805,33.13264],[-115.66805,33.13268],[-115.66805,33.13293],[-115.66805,33.13295],[-115.66774,33.13295],[-115.66732,33.13295],[-115.66681,33.13295],[-115.66658,33.13295],[-115.6665,33.13295],[-115.66637,33.13994],[-115.66717,33.13996]]]}},{"type":"Feature","properties":{"county_fips":25,"srprec":"482110","precinct_id":"025-482110","g22_asm":{"dem_pct":25.9,"margin_dem":-48.1,"votes_two_party":27},"g24_asm":{"dem_pct":20.0,"margin_dem":-60.0,"votes_two_party":20}},"geometry":{"type":"Polygon","coordinates":[[[-115.35468,33.17309],[-115.31112,33.15474],[-115.29244,33.14716],[-115.27897,33.13657],[-115.27762,33.12755],[-115.32767,33.12564],[-115.28674,33.08732],[-115.2677,33.06262],[-115.2821,32.97053],[-115.29355,32.97426],[-115.29626,32.9749],[-115.30055,32.97482],[-115.34101,32.97455],[-115.35787,32.97466],[-115.40324,32.97438],[-115.40885,32.97441],[-115.45687,32.97459],[-115.45926,32.97552],[-115.46562,32.97866],[-115.46636,33.00116],[-115.46516,33.00808],[-115.45888,33.00822],[-115.42379,33.00815],[-115.38904,33.00818],[-115.33688,33.0153],[-115.33675,33.03001],[-115.33693,33.04438],[-115.33645,33.04784],[-115.33643,33.04987],[-115.34492,33.07478],[-115.35499,33.08213],[-115.35451,33.0964],[-115.35438,33.09907],[-115.3547,33.16517],[-115.35468,33.17309]]]}},{"type":"Feature","properties":{"county_fips":25,"srprec":"483020","precinct_id":"025-483020","g22_asm":{"dem_pct":55.6,"margin_dem":11.1,"votes_two_party":126},"g24_asm":{"dem_pct":46.4,"margin_dem":-7.2,"votes_two_party":319}},"geometry":{"type":"Polygon","coordinates":[[[-116.04981,33.42613],[-115.99538,33.42654],[-115.89845,33.42647],[-115.86956,33.25079],[-115.87172,33.25236],[-115.8736,33.25267],[-115.87792,33.2541],[-115.88213,33.26335],[-115.88044,33.26694],[-115.89316,33.28616],[-115.90139,33.29141],[-115.90534,33.29476],[-115.90888,33.29544],[-115.92536,33.30746],[-115.92745,33.30928],[-115.93431,33.31221],[-115.93739,33.31584],[-115.93693,33.31894],[-115.93844,33.32093],[-115.93878,33.32159],[-115.94155,33.32336],[-115.93654,33.3214],[-115.93814,33.32397],[-115.95529,33.33894],[-115.9793,33.32405],[-115.99108,33.29543],[-115.98367,33.2953],[-115.97839,33.28297],[-116.00972,33.25073],[-116.0836,33.28482],[-116.08484,33.3296],[-116.08508,33.36981],[-116.07646,33.42596],[-116.04981,33.42613]],[[-116.02841,33.37861],[-116.02767,33.37779],[-116.02701,33.37684],[-116.02667,33.37626],[-116.02568,33.37453],[-116.02504,33.37442],[-116.02483,33.37442],[-116.0156,33.37387],[-116.01559,33.37283],[-116.01559,33.37217],[-116.0156,33.37194],[-116.01561,33.37114],[-116.01568,33.36815],[-116.01489,33.36816],[-116.01256,33.36813],[-116.00399,33.36802],[-116.00159,33.36813],[-116.00083,33.36814],[-115.99886,33.36816],[-115.99209,33.36822],[-115.98582,33.36828],[-115.98021,33.37503],[-115.9798,33.38232],[-115.99071,33.38238],[-115.99463,33.3824],[-115.99814,33.38242],[-115.99814,33.37956],[-115.99813,33.37503],[-115.99815,33.37451],[-116.00159,33.37451],[-116.00187,33.37457],[-116.00266,33.37451],[-116.00572,33.37451],[-116.00705,33.37456],[-116.00694,33.37605],[-116.00694,33.37676],[-116.00694,33.3782],[-116.0086,33.37891],[-116.01046,33.37895],[-116.01127,33.37894],[-116.01148,33.37894],[-116.01216,33.37895],[-116.01286,33.37895],[-116.0132,33.37895],[-116.01389,33.37894],[-116.01457,33.37894],[-116.01491,33.37894],[-116.02866,33.37884],[-116.02841,33.37861]],[[-116.04321,33.3968],[-116.03319,33.39727],[-116.03329,33.39771],[-116.03759,33.39772],[-116.03805,33.39818],[-116.03476,33.39814],[-116.03425,33.39843],[-116.03448,33.39905],[-116.03772,33.3994],[-116.0344,33.39944],[-116.03432,33.4003],[-116.03737,33.40057],[-116.03456,33.40078],[-116.03427,33.40142],[-116.03473,33.40174],[-116.03704,33.40209],[-116.03456,33.40211],[-116.03436,33.40296],[-116.03649,33.40311],[-116.03434,33.4035],[-116.03377,33.40311],[-116.0336,33.39791],[-116.03308,33.39838],[-116.03291,33.39932],[-116.03694,33.40489],[-116.03454,33.40539],[-116.03659,33.40566],[-116.03608,33.40577],[-116.03305,33.40577],[-116.03569,33.40675],[-116.03572,33.40733],[-116.03313,33.4082],[-116.03638,33.40944],[-116.04587,33.40548],[-116.04321,33.3968]]]}},{"type":"Feature","properties":{"county_fips":25,"srprec":"483021","precinct_id":"025-483021","g22_asm":{"dem_pct":46.9,"margin_dem":-6.1,"votes_two_party":360},"g24_asm":{"dem_pct":46.0,"margin_dem":-8.0,"votes_two_party":635}},"geometry":{"type":"MultiPolygon","coordinates":[[[[-115.92958,33.25036],[-115.95121,33.25067],[-116.01428,33.26362],[-115.97879,33.28283],[-115.9832,33.29535],[-115.98964,33.29534],[-115.99619,33.29539],[-115.96437,33.33817],[-115.95398,33.33751],[-115.93637,33.32212],[-115.93677,33.32148],[-115.94067,33.32335],[-115.9383,33.32194],[-115.93988,33.32092],[-115.93724,33.32023],[-115.9378,33.3178],[-115.93666,33.31431],[-115.93408,33.31177],[-115.93191,33.30585],[-115.9266,33.30887],[-115.92538,33.30708],[-115.90878,33.29547],[-115.90588,33.29491],[-115.90148,33.29227],[-115.89718,33.28798],[-115.87899,33.26842],[-115.88083,33.26505],[-115.88267,33.26228],[-115.87687,33.25352],[-115.87371,33.25272],[-115.87221,33.25222],[-115.87007,33.25185],[-115.91325,33.25029],[-115.92958,33.25036]],[[-115.89199,33.28038],[-115.90133,33.28029],[-115.90123,33.27295],[-115.89628,33.27299],[-115.89618,33.269],[-115.89166,33.26905],[-115.89199,33.28038]],[[-115.9394,33.30956],[-115.9394,33.30592],[-115.93829,33.30592],[-115.93829,33.30956],[-115.9394,33.30956]]],[[[-115.92645,33.25035],[-115.92645,33.24294],[-115.92645,33.24295],[-115.92653,33.24306],[-115.92645,33.25035]]]]}},{"type":"Feature","properties":{"county_fips":25,"srprec":"483022","precinct_id":"025-483022","g22_asm":{"dem_pct":42.9,"margin_dem":-14.3,"votes_two_party":63},"g24_asm":null},"geometry":{"type":"Polygon","coordinates":[[[-116.02568,33.37453],[-116.02667,33.37626],[-116.02701,33.37684],[-116.02767,33.37779],[-116.02841,33.37861],[-116.01561,33.37891],[-116.01474,33.37894],[-116.01406,33.37894],[-116.01372,33.37894],[-116.01303,33.37895],[-116.01233,33.37895],[-116.01199,33.37895],[-116.01131,33.37894],[-116.0108,33.37894],[-116.01046,33.37894],[-116.00694,33.37889],[-116.00694,33.37748],[-116.00694,33.37626],[-116.00699,33.3753],[-116.00704,33.37451],[-116.00482,33.37451],[-116.00266,33.37457],[-116.00165,33.37457],[-116.00038,33.37451],[-115.99814,33.37465],[-115.99814,33.37861],[-115.99814,33.38051],[-115.99638,33.38241],[-115.99267,33.38239],[-115.98812,33.38237],[-115.98018,33.37564],[-115.9806,33.36833],[-115.98834,33.36825],[-115.99837,33.36816],[-116.00034,33.36814],[-116.00147,33.36813],[-116.00336,33.36805],[-116.00613,33.36805],[-116.0147,33.36816],[-116.01548,33.36815],[-116.01566,33.3689],[-116.0156,33.37189],[-116.01559,33.37212],[-116.01559,33.37234],[-116.01559,33.373],[-116.02452,33.37383],[-116.02484,33.37442],[-116.02562,33.37442],[-116.02568,33.37453]]]}},{"type":"Feature","properties":{"county_fips":25,"srprec":"483023","precinct_id":"025-483023","g22_asm":{"dem_pct":47.0,"margin_dem":-6.0,"votes_two_party":100},"g24_asm":{"dem_pct":50.3,"margin_dem":0.6,"votes_two_party":159}},"geometry":{"type":"Polygon","coordinates":[[[-116.04321,33.3968],[-116.04587,33.40548],[-116.03638,33.40944],[-116.03313,33.4082],[-116.03572,33.40733],[-116.03569,33.40675],[-116.03305,33.40577],[-116.03608,33.40577],[-116.03659,33.40566],[-116.03454,33.40539],[-116.03694,33.40489],[-116.03291,33.39932],[-116.03308,33.39838],[-116.0336,33.39791],[-116.03377,33.40311],[-116.03434,33.4035],[-116.03649,33.40311],[-116.03436,33.40296],[-116.03456,33.40211],[-116.03704,33.40209],[-116.03473,33.40174],[-116.03427,33.40142],[-116.03456,33.40078],[-116.03737,33.40057],[-116.03432,33.4003],[-116.0344,33.39944],[-116.03772,33.3994],[-116.03448,33.39905],[-116.03425,33.39843],[-116.03476,33.39814],[-116.03805,33.39818],[-116.03759,33.39772],[-116.03329,33.39771],[-116.03319,33.39727],[-116.04321,33.3968]]]}},{"type":"Feature","properties":{"county_fips":25,"srprec":"483027","precinct_id":"025-483027","g22_asm":{"dem_pct":0.0,"margin_dem":-100.0,"votes_two_party":1},"g24_asm":null},"geometry":{"type":"Polygon","coordinates":[[[-115.9273,33.3059],[-115.9273,33.30585],[-115.92738,33.30585],[-115.92841,33.30585],[-115.92905,33.30585],[-115.92992,33.30585],[-115.93177,33.30585],[-115.93181,33.30605],[-115.93185,33.30623],[-115.93186,33.30627],[-115.93188,33.30641],[-115.93189,33.30645],[-115.9319,33.30651],[-115.93192,33.30657],[-115.93194,33.3067],[-115.93196,33.30677],[-115.93197,33.30682],[-115.932,33.30699],[-115.93201,33.30705],[-115.93203,33.30712],[-115.93207,33.30735],[-115.93209,33.30742],[-115.93193,33.30742],[-115.93195,33.30917],[-115.93196,33.30958],[-115.93003,33.30958],[-115.9279,33.30958],[-115.92791,33.30953],[-115.92786,33.30949],[-115.92778,33.30944],[-115.92763,33.30938],[-115.92755,33.30932],[-115.92745,33.30928],[-115.92729,33.30603],[-115.9273,33.3059]]]}},{"type":"Feature","properties":{"county_fips":25,"srprec":"483113","precinct_id":"025-483113","g22_asm":{"dem_pct":12.5,"margin_dem":-75.0,"votes_two_party":32},"g24_asm":{"dem_pct":16.7,"margin_dem":-66.7,"votes_two_party":42}},"geometry":{"type":"Polygon","coordinates":[[[-115.41329,33.10399],[-115.35422,33.10387],[-115.35451,33.09662],[-115.35499,33.08213],[-115.34481,33.07478],[-115.33661,33.04987],[-115.33615,33.04546],[-115.3368,33.03762],[-115.33674,33.02274],[-115.33861,33.0082],[-115.40941,33.00818],[-115.45042,33.00822],[-115.46399,33.00798],[-115.4661,33.00664],[-115.46826,33.00366],[-115.46819,33.00814],[-115.46809,33.00957],[-115.4704,33.01443],[-115.47007,33.01577],[-115.46971,33.01835],[-115.47054,33.02232],[-115.47269,33.02329],[-115.47398,33.03038],[-115.4762,33.03416],[-115.47936,33.03688],[-115.485,33.03888],[-115.48372,33.04462],[-115.47901,33.05331],[-115.47902,33.06614],[-115.49554,33.06638],[-115.5006,33.07479],[-115.47597,33.09677],[-115.44978,33.10399],[-115.41329,33.10399]]]}},{"type":"Feature","properties":{"county_fips":25,"srprec":"483138","precinct_id":"025-483138","g22_asm":{"dem_pct":0.0,"margin_dem":-100.0,"votes_two_party":2},"g24_asm":null},"geometry":{"type":"Polygon","coordinates":[[[-115.50216,33.05165],[-115.49904,33.05161],[-115.49849,33.05277],[-115.498,33.05638],[-115.49863,33.05721],[-115.50021,33.05823],[-115.50018,33.05892],[-115.49872,33.05897],[-115.49631,33.05934],[-115.49826,33.06178],[-115.50012,33.06396],[-115.50132,33.06501],[-115.50096,33.06599],[-115.49994,33.06638],[-115.49611,33.06639],[-115.49171,33.06636],[-115.48348,33.06635],[-115.47907,33.06637],[-115.47902,33.06472],[-115.47901,33.05911],[-115.47902,33.05752],[-115.47901,33.05331],[-115.47898,33.04607],[-115.47895,33.04459],[-115.48286,33.04462],[-115.4884,33.04462],[-115.49044,33.04652],[-115.49323,33.04771],[-115.49469,33.04736],[-115.49676,33.04729],[-115.49893,33.04794],[-115.49926,33.04843],[-115.50119,33.04999],[-115.50218,33.05148],[-115.50216,33.05165]]]}},{"type":"Feature","properties":{"county_fips":25,"srprec":"484111","precinct_id":"025-484111","g22_asm":{"dem_pct":66.7,"margin_dem":33.3,"votes_two_party":3},"g24_asm":null},"geometry":{"type":"Polygon","coordinates":[[[-115.57987,33.08962],[-115.5798,33.08817],[-115.57976,33.08372],[-115.57977,33.07583],[-115.57949,33.07496],[-115.5787,33.07409],[-115.57855,33.07389],[-115.57849,33.06775],[-115.57823,33.06629],[-115.57827,33.05179],[-115.57851,33.04502],[-115.57853,33.03728],[-115.5804,33.03727],[-115.59378,33.0373],[-115.5957,33.0373],[-115.6029,33.03732],[-115.60444,33.04022],[-115.60457,33.05182],[-115.60463,33.069],[-115.60463,33.0735],[-115.59677,33.08174],[-115.59686,33.0824],[-115.5971,33.0833],[-115.59709,33.08965],[-115.59262,33.08965],[-115.58977,33.08953],[-115.58942,33.08956],[-115.58751,33.08965],[-115.58611,33.08959],[-115.58534,33.08964],[-115.58453,33.0896],[-115.58221,33.08953],[-115.58118,33.0896],[-115.58029,33.08959],[-115.57993,33.08962],[-115.57987,33.08962]]]}},{"type":"Feature","properties":{"county_fips":25,"srprec":"484113","precinct_id":"025-484113","g22_asm":{"dem_pct":50.0,"margin_dem":0.0,"votes_two_party":12},"g24_asm":{"dem_pct":62.5,"margin_dem":25.0,"votes_two_party":16}},"geometry":{"type":"Polygon","coordinates":[[[-115.61713,33.03565],[-115.61713,33.03565],[-115.6162,33.03564],[-115.61617,33.03645],[-115.61561,33.03645],[-115.61508,33.03645],[-115.61454,33.03666],[-115.61374,33.03616],[-115.61316,33.03564],[-115.61298,33.03497],[-115.61297,33.0337],[-115.61299,33.03044],[-115.61318,33.03009],[-115.61941,33.03009],[-115.61989,33.03008],[-115.62156,33.03019],[-115.62157,33.03058],[-115.62158,33.03087],[-115.62159,33.03135],[-115.62159,33.03185],[-115.62159,33.03187],[-115.62161,33.03317],[-115.62151,33.03317],[-115.62131,33.03316],[-115.62069,33.03319],[-115.62068,33.03372],[-115.62057,33.03372],[-115.62016,33.03371],[-115.61901,33.03371],[-115.61845,33.03371],[-115.61731,33.03392],[-115.6173,33.03438],[-115.6173,33.03564],[-115.61713,33.03565]]]}},{"type":"Feature","properties":{"county_fips":25,"srprec":"484115","precinct_id":"025-484115","g22_asm":{"dem_pct":4.8,"margin_dem":-90.5,"votes_two_party":21},"g24_asm":{"dem_pct":23.5,"margin_dem":-52.9,"votes_two_party":17}},"geometry":{"type":"Polygon","coordinates":[[[-115.70779,33.03852],[-115.69818,33.03744],[-115.68542,33.03777],[-115.67505,33.03743],[-115.66091,33.03739],[-115.64737,33.03737],[-115.63012,33.03736],[-115.63015,33.03127],[-115.62554,33.03007],[-115.62171,33.03007],[-115.61298,33.03444],[-115.61469,33.03681],[-115.61322,33.03581],[-115.61291,33.03715],[-115.60422,33.03732],[-115.58882,33.03729],[-115.57854,33.02927],[-115.58528,33.01556],[-115.60425,33.00828],[-115.61325,33.00696],[-115.62183,33.00749],[-115.62829,33.00782],[-115.6308,33.00735],[-115.63764,33.00736],[-115.64143,33.00699],[-115.65019,32.98745],[-115.66696,32.98467],[-115.66715,32.99943],[-115.66711,33.00795],[-115.67423,33.00828],[-115.67544,33.01598],[-115.68733,33.01937],[-115.69579,33.02614],[-115.70633,33.03553],[-115.70779,33.03852]]]}},{"type":"Feature","properties":{"county_fips":25,"srprec":"484120","precinct_id":"025-484120","g22_asm":{"dem_pct":0.0,"margin_dem":-100.0,"votes_two_party":2},"g24_asm":null},"geometry":{"type":"Polygon","coordinates":[[[-115.94399,33.23325],[-115.96159,33.23325],[-115.96154,33.23622],[-115.96153,33.24061],[-115.96151,33.25051],[-115.96129,33.25005],[-115.96151,33.25051],[-115.95988,33.2505],[-115.95647,33.25048],[-115.95591,33.25048],[-115.95598,33.25072],[-115.95403,33.25109],[-115.95339,33.25122],[-115.95318,33.25094],[-115.953,33.2507],[-115.95283,33.25079],[-115.95232,33.25106],[-115.95215,33.25115],[-115.95195,33.25088],[-115.95191,33.25091],[-115.95154,33.25111],[-115.95121,33.25067],[-115.95077,33.25093],[-115.95068,33.25079],[-115.95062,33.25082],[-115.95028,33.25101],[-115.95014,33.25081],[-115.94968,33.25106],[-115.94951,33.25084],[-115.94912,33.25104],[-115.94898,33.25084],[-115.94858,33.25106],[-115.94852,33.25109],[-115.9483,33.2508],[-115.9481,33.25091],[-115.94751,33.25122],[-115.94731,33.25133],[-115.94727,33.25128],[-115.94718,33.25116],[-115.9468,33.25067],[-115.94668,33.2505],[-115.94646,33.25062],[-115.9458,33.25096],[-115.94559,33.25107],[-115.94551,33.25112],[-115.94523,33.25073],[-115.94474,33.25099],[-115.94394,33.25043],[-115.94414,33.23596],[-115.94399,33.23325]]]}},{"type":"Feature","properties":{"county_fips":25,"srprec":"484132","precinct_id":"025-484132","g22_asm":{"dem_pct":71.4,"margin_dem":42.9,"votes_two_party":7},"g24_asm":null},"geometry":{"type":"Polygon","coordinates":[[[-115.59533,33.08998],[-115.57985,33.08998],[-115.57989,33.08962],[-115.58087,33.08958],[-115.58221,33.08953],[-115.58477,33.08963],[-115.58652,33.0896],[-115.58883,33.08964],[-115.59074,33.08966],[-115.59709,33.08965],[-115.59687,33.08245],[-115.59676,33.08065],[-115.60464,33.07219],[-115.60443,33.05182],[-115.60621,33.03732],[-115.61304,33.03732],[-115.61729,33.03746],[-115.61728,33.04077],[-115.61278,33.04261],[-115.61942,33.04276],[-115.62084,33.04265],[-115.62192,33.04098],[-115.62411,33.04096],[-115.62587,33.04097],[-115.62757,33.04283],[-115.62991,33.04281],[-115.63011,33.03878],[-115.6385,33.03735],[-115.63881,33.06663],[-115.63881,33.07366],[-115.64551,33.07365],[-115.64847,33.08587],[-115.63164,33.08948],[-115.60559,33.08961],[-115.598,33.08999],[-115.59533,33.08998]],[[-115.62742,33.04822],[-115.62777,33.04823],[-115.6288,33.04822],[-115.62895,33.04822],[-115.62987,33.0482],[-115.6299,33.0482],[-115.62998,33.0482],[-115.63,33.04821],[-115.63,33.04759],[-115.63,33.0475],[-115.63001,33.04538],[-115.63001,33.04468],[-115.63001,33.04449],[-115.63001,33.04393],[-115.63001,33.04374],[-115.62988,33.04375],[-115.62932,33.04375],[-115.62932,33.04446],[-115.62884,33.04446],[-115.62879,33.04446],[-115.62742,33.04447],[-115.62743,33.04467],[-115.62742,33.04822]]]}},{"type":"Feature","properties":{"county_fips":25,"srprec":"484135","precinct_id":"025-484135","g22_asm":{"dem_pct":28.0,"margin_dem":-44.0,"votes_two_party":25},"g24_asm":{"dem_pct":15.6,"margin_dem":-68.8,"votes_two_party":32}},"geometry":{"type":"Polygon","coordinates":[[[-115.63006,33.03591],[-115.62994,33.03591],[-115.62989,33.03591],[-115.62908,33.0359],[-115.62811,33.0359],[-115.62796,33.0359],[-115.62668,33.0359],[-115.62588,33.0359],[-115.62588,33.03547],[-115.62588,33.03525],[-115.62588,33.03418],[-115.62588,33.03374],[-115.62575,33.03374],[-115.62571,33.03374],[-115.62571,33.03374],[-115.62535,33.03375],[-115.62522,33.03375],[-115.62518,33.03375],[-115.62507,33.03375],[-115.62503,33.03375],[-115.62493,33.03375],[-115.62488,33.03375],[-115.62485,33.0308],[-115.62485,33.0308],[-115.62485,33.03055],[-115.62485,33.03028],[-115.62485,33.03025],[-115.62485,33.03024],[-115.62485,33.03011],[-115.62485,33.03011],[-115.62485,33.03007],[-115.62502,33.03007],[-115.62554,33.03007],[-115.62571,33.03007],[-115.62574,33.03007],[-115.62583,33.03007],[-115.62586,33.03007],[-115.62667,33.03008],[-115.62709,33.03008],[-115.62908,33.03009],[-115.62984,33.03009],[-115.62988,33.0301],[-115.62994,33.0301],[-115.6301,33.03011],[-115.63016,33.03011],[-115.63015,33.03127],[-115.63014,33.0337],[-115.63014,33.0337],[-115.63015,33.03475],[-115.63015,33.03583],[-115.63015,33.03591],[-115.63011,33.03591],[-115.6301,33.03591],[-115.63007,33.03591],[-115.63006,33.03591]]]}},{"type":"Feature","properties":{"county_fips":25,"srprec":"484160","precinct_id":"025-484160","g22_asm":{"dem_pct":0.0,"margin_dem":-100.0,"votes_two_party":2},"g24_asm":null},"geometry":{"type":"Polygon","coordinates":[[[-115.57038,33.08954],[-115.56261,33.08926],[-115.5626,33.08591],[-115.56249,33.08492],[-115.56236,33.08423],[-115.56203,33.08344],[-115.5614,33.08246],[-115.56129,33.08174],[-115.56133,33.07561],[-115.56133,33.07333],[-115.56134,33.07312],[-115.56134,33.06768],[-115.56138,33.06056],[-115.56136,33.05555],[-115.56139,33.05179],[-115.56141,33.04451],[-115.56808,33.04452],[-115.57428,33.04453],[-115.57845,33.04456],[-115.57851,33.05034],[-115.57821,33.05179],[-115.57823,33.06629],[-115.5785,33.06632],[-115.57847,33.0737],[-115.57857,33.07391],[-115.5787,33.0741],[-115.57949,33.07496],[-115.57975,33.07558],[-115.57977,33.07864],[-115.57976,33.08592],[-115.57982,33.08888],[-115.57977,33.08962],[-115.57822,33.08961],[-115.57511,33.08961],[-115.57363,33.08949],[-115.57209,33.08964],[-115.57139,33.08976],[-115.57081,33.08973],[-115.57044,33.08954],[-115.57038,33.08954]]]}},{"type":"Feature","properties":{"county_fips":25,"srprec":"484162","precinct_id":"025-484162","g22_asm":{"dem_pct":36.4,"margin_dem":-27.3,"votes_two_party":11},"g24_asm":{"dem_pct":23.5,"margin_dem":-52.9,"votes_two_party":17}},"geometry":{"type":"MultiPolygon","coordinates":[[[[-115.66663,33.12571],[-115.66643,33.09668],[-115.64849,33.0891],[-115.63885,33.07366],[-115.63894,33.03735],[-115.65674,33.03738],[-115.68001,33.0375],[-115.69266,33.03779],[-115.70497,33.03816],[-115.70475,33.03795],[-115.70019,33.03765],[-115.70121,33.03744],[-115.71144,33.03808],[-115.71853,33.04845],[-115.72782,33.05962],[-115.73117,33.06401],[-115.74325,33.07632],[-115.75073,33.08085],[-115.75729,33.0826],[-115.76325,33.08557],[-115.77093,33.09054],[-115.78798,33.09833],[-115.80495,33.10424],[-115.81904,33.106],[-115.83187,33.10787],[-115.84131,33.11106],[-115.85019,33.11879],[-115.85508,33.12579],[-115.89244,33.12579],[-115.93855,33.12578],[-116.02877,33.13293],[-115.83435,33.14771],[-115.8135,33.14742],[-115.67433,33.11852],[-115.66663,33.12571]]],[[[-115.66805,33.13321],[-115.66805,33.13301],[-115.66805,33.13295],[-115.66805,33.13285],[-115.66805,33.13268],[-115.66805,33.13264],[-115.66805,33.13258],[-115.66805,33.13249],[-115.66848,33.13252],[-115.66978,33.13261],[-115.66989,33.13262],[-115.66991,33.13294],[-115.66992,33.1332],[-115.66976,33.13326],[-115.66848,33.13327],[-115.66805,33.13328],[-115.66805,33.13321]]]]}},{"type":"Feature","properties":{"county_fips":25,"srprec":"485021","precinct_id":"025-485021","g22_asm":{"dem_pct":0.0,"margin_dem":-100.0,"votes_two_party":1},"g24_asm":null},"geometry":{"type":"Polygon","coordinates":[[[-115.6133,32.94253],[-115.61294,32.94142],[-115.61289,32.94111],[-115.61288,32.94059],[-115.61287,32.93688],[-115.61287,32.93575],[-115.61278,32.93562],[-115.61263,32.93548],[-115.6147,32.93456],[-115.61604,32.93329],[-115.62105,32.92396],[-115.62121,32.92415],[-115.62163,32.93557],[-115.62164,32.93708],[-115.62166,32.94311],[-115.62169,32.94823],[-115.62174,32.94894],[-115.62195,32.94958],[-115.62244,32.95036],[-115.62295,32.95104],[-115.62366,32.95208],[-115.624,32.95272],[-115.62417,32.95332],[-115.62418,32.95533],[-115.62398,32.95564],[-115.61574,32.95566],[-115.61563,32.95203],[-115.61563,32.95076],[-115.61556,32.95012],[-115.61515,32.94869],[-115.61436,32.94601],[-115.61373,32.94395],[-115.61348,32.94314],[-115.6133,32.94253]]]}},{"type":"Feature","properties":{"county_fips":25,"srprec":"511126","precinct_id":"025-511126","g22_asm":{"dem_pct":81.8,"margin_dem":63.6,"votes_two_party":719},"g24_asm":{"dem_pct":59.5,"margin_dem":19.1,"votes_two_party":1236}},"geometry":{"type":"MultiPolygon","coordinates":[[[[-115.5178,32.98649],[-115.5178,32.98622],[-115.51779,32.9847],[-115.51778,32.98327],[-115.51778,32.98234],[-115.51776,32.98133],[-115.51775,32.98],[-115.51775,32.97865],[-115.51777,32.97662],[-115.51775,32.97554],[-115.51775,32.97497],[-115.51776,32.97422],[-115.51797,32.97312],[-115.51962,32.97312],[-115.52203,32.97313],[-115.52375,32.97312],[-115.52637,32.97312],[-115.52787,32.97311],[-115.53012,32.97311],[-115.53102,32.97312],[-115.5316,32.97312],[-115.53006,32.97752],[-115.5297,32.97842],[-115.52872,32.98133],[-115.52819,32.9829],[-115.52814,32.98324],[-115.52726,32.98589],[-115.52677,32.98653],[-115.52642,32.98644],[-115.52635,32.98656],[-115.525,32.98656],[-115.52216,32.98654],[-115.5178,32.98653],[-115.5178,32.98649]]],[[[-115.5178,32.98653],[-115.5178,32.98664],[-115.51779,32.98697],[-115.51779,32.98709],[-115.51779,32.98762],[-115.51777,32.98873],[-115.51775,32.98893],[-115.51638,32.98894],[-115.51231,32.98894],[-115.51182,32.98894],[-115.51036,32.98895],[-115.50987,32.98895],[-115.50975,32.98895],[-115.50959,32.98895],[-115.5094,32.98895],[-115.50928,32.98895],[-115.50928,32.98875],[-115.50928,32.98817],[-115.50928,32.98797],[-115.50928,32.98768],[-115.50929,32.98681],[-115.50929,32.98652],[-115.50954,32.98652],[-115.51063,32.98652],[-115.51468,32.98653],[-115.51602,32.98653],[-115.51629,32.98653],[-115.51658,32.98653],[-115.51711,32.98653],[-115.51738,32.98653],[-115.51741,32.98653],[-115.51751,32.98653],[-115.51755,32.98653],[-115.51758,32.98653],[-115.51769,32.98653],[-115.51773,32.98653],[-115.5178,32.98653]]]]}},{"type":"Feature","properties":{"county_fips":25,"srprec":"511127","precinct_id":"025-511127","g22_asm":{"dem_pct":72.4,"margin_dem":44.7,"votes_two_party":387},"g24_asm":{"dem_pct":55.1,"margin_dem":10.2,"votes_two_party":742}},"geometry":{"type":"Polygon","coordinates":[[[-115.51769,32.97075],[-115.5186,32.97078],[-115.5216,32.97079],[-115.52439,32.97079],[-115.52663,32.97079],[-115.52903,32.97078],[-115.53123,32.97079],[-115.5323,32.97089],[-115.53169,32.97282],[-115.53114,32.97312],[-115.52907,32.97311],[-115.52663,32.97311],[-115.52322,32.97312],[-115.51983,32.97312],[-115.51776,32.97312],[-115.51776,32.97488],[-115.51777,32.9762],[-115.51775,32.97825],[-115.51774,32.98065],[-115.51778,32.98216],[-115.51778,32.98391],[-115.5178,32.98619],[-115.5178,32.98653],[-115.51741,32.98653],[-115.51468,32.98653],[-115.50927,32.98459],[-115.50929,32.97939],[-115.50896,32.97864],[-115.50116,32.97848],[-115.50064,32.97863],[-115.50063,32.9708],[-115.50252,32.97078],[-115.50914,32.97082],[-115.50933,32.97082],[-115.51769,32.97075]]]}},{"type":"Feature","properties":{"county_fips":25,"srprec":"511131","precinct_id":"025-511131","g22_asm":{"dem_pct":47.4,"margin_dem":-5.3,"votes_two_party":19},"g24_asm":{"dem_pct":35.5,"margin_dem":-29.0,"votes_two_party":62}},"geometry":{"type":"MultiPolygon","coordinates":[[[[-115.50936,32.96342],[-115.51246,32.96342],[-115.51613,32.96342],[-115.51955,32.96342],[-115.52643,32.96343],[-115.52642,32.96486],[-115.52639,32.96806],[-115.5264,32.96966],[-115.52641,32.9701],[-115.5264,32.97055],[-115.52639,32.97062],[-115.52638,32.97075],[-115.52614,32.97079],[-115.52521,32.97079],[-115.52439,32.97079],[-115.52419,32.97079],[-115.52247,32.97079],[-115.5216,32.97079],[-115.51983,32.97079],[-115.51902,32.97078],[-115.5186,32.97078],[-115.51796,32.97079],[-115.51782,32.97081],[-115.51769,32.97075],[-115.51332,32.97076],[-115.51253,32.97076],[-115.50933,32.97082],[-115.50926,32.97082],[-115.50923,32.97082],[-115.50914,32.97082],[-115.50492,32.97078],[-115.50299,32.97078],[-115.50308,32.97062],[-115.50573,32.96642],[-115.50701,32.96392],[-115.50769,32.96229],[-115.50808,32.9611],[-115.50833,32.96025],[-115.50929,32.95983],[-115.50934,32.96303],[-115.50936,32.96337],[-115.50936,32.96342]]],[[[-115.5078,32.96146],[-115.50751,32.96239],[-115.50724,32.96305],[-115.50697,32.96376],[-115.50691,32.96388],[-115.50572,32.96354],[-115.50586,32.96303],[-115.50603,32.96272],[-115.50649,32.96229],[-115.50721,32.96166],[-115.50743,32.96144],[-115.50801,32.96085],[-115.5078,32.96146]]]]}},{"type":"Feature","properties":{"county_fips":25,"srprec":"521041","precinct_id":"025-521041","g22_asm":{"dem_pct":68.6,"margin_dem":37.3,"votes_two_party":118},"g24_asm":{"dem_pct":50.7,"margin_dem":1.4,"votes_two_party":347}},"geometry":{"type":"Polygon","coordinates":[[[-115.50014,32.70802],[-115.49946,32.70875],[-115.4977,32.70875],[-115.49215,32.70871],[-115.49106,32.70865],[-115.48958,32.70863],[-115.48271,32.70859],[-115.49113,32.70809],[-115.48935,32.70166],[-115.48251,32.70153],[-115.48251,32.70146],[-115.48251,32.70128],[-115.4825,32.70096],[-115.4825,32.70073],[-115.48252,32.69424],[-115.48255,32.69391],[-115.4906,32.69393],[-115.49582,32.69399],[-115.49779,32.694],[-115.49835,32.694],[-115.49927,32.69401],[-115.49927,32.69425],[-115.4993,32.69698],[-115.49931,32.69873],[-115.49933,32.70072],[-115.49934,32.70103],[-115.49934,32.70124],[-115.49934,32.70137],[-115.49935,32.70172],[-115.4994,32.70113],[-115.49939,32.70007],[-115.49933,32.69401],[-115.50008,32.6945],[-115.49963,32.69621],[-115.49963,32.7005],[-115.49963,32.70178],[-115.49974,32.70668],[-115.50014,32.70802]]]}},{"type":"Feature","properties":{"county_fips":25,"srprec":"521042","precinct_id":"025-521042","g22_asm":{"dem_pct":68.9,"margin_dem":37.7,"votes_two_party":151},"g24_asm":{"dem_pct":52.5,"margin_dem":4.9,"votes_two_party":284}},"geometry":{"type":"Polygon","coordinates":[[[-115.47822,32.69382],[-115.47823,32.6921],[-115.47824,32.69049],[-115.47824,32.69004],[-115.47824,32.68923],[-115.47824,32.68847],[-115.47872,32.68836],[-115.47977,32.68833],[-115.48059,32.68839],[-115.48105,32.68848],[-115.48252,32.68851],[-115.48251,32.69007],[-115.48251,32.69049],[-115.48251,32.69232],[-115.4825,32.69378],[-115.4825,32.69397],[-115.48253,32.69565],[-115.4825,32.70073],[-115.4825,32.70088],[-115.48251,32.7012],[-115.48251,32.70133],[-115.48251,32.70146],[-115.48251,32.70151],[-115.48251,32.7016],[-115.47594,32.70103],[-115.47411,32.70062],[-115.47197,32.69985],[-115.4696,32.69861],[-115.46757,32.6972],[-115.4661,32.6961],[-115.46555,32.69594],[-115.46512,32.69556],[-115.46515,32.69491],[-115.46517,32.69466],[-115.4652,32.69425],[-115.4652,32.69411],[-115.46521,32.69404],[-115.46523,32.69392],[-115.4653,32.69389],[-115.47217,32.69389],[-115.47477,32.69391],[-115.47822,32.69382]]]}},{"type":"Feature","properties":{"county_fips":25,"srprec":"521044","precinct_id":"025-521044","g22_asm":{"dem_pct":0.0,"margin_dem":-100.0,"votes_two_party":1},"g24_asm":null},"geometry":{"type":"Polygon","coordinates":[[[-115.48422,32.70161],[-115.48935,32.70166],[-115.49106,32.70167],[-115.49107,32.70303],[-115.49111,32.70709],[-115.49113,32.70809],[-115.49092,32.70809],[-115.48248,32.70816],[-115.48247,32.70772],[-115.48247,32.70668],[-115.48251,32.70207],[-115.48251,32.7016],[-115.48422,32.70161]]]}},{"type":"Feature","properties":{"county_fips":25,"srprec":"545209","precinct_id":"025-545209","g22_asm":{"dem_pct":72.2,"margin_dem":44.4,"votes_two_party":126},"g24_asm":{"dem_pct":64.5,"margin_dem":29.1,"votes_two_party":234}},"geometry":{"type":"Polygon","coordinates":[[[-115.54847,32.80515],[-115.54433,32.80749],[-115.53983,32.80749],[-115.53659,32.80381],[-115.5357,32.80381],[-115.53569,32.80354],[-115.53567,32.79657],[-115.53567,32.79634],[-115.53567,32.79622],[-115.53566,32.79492],[-115.54143,32.79492],[-115.54601,32.79492],[-115.54671,32.79492],[-115.5478,32.79492],[-115.54836,32.79492],[-115.54935,32.79492],[-115.55154,32.79492],[-115.55192,32.79546],[-115.55275,32.7976],[-115.55311,32.79841],[-115.55482,32.80262],[-115.55534,32.8038],[-115.55529,32.80381],[-115.55523,32.80381],[-115.55279,32.80379],[-115.55161,32.80473],[-115.55162,32.80558],[-115.55139,32.80593],[-115.55051,32.80593],[-115.55035,32.80558],[-115.55033,32.80474],[-115.55032,32.80385],[-115.54932,32.80384],[-115.54906,32.80429],[-115.54847,32.80515]]]}},{"type":"Feature","properties":{"county_fips":25,"srprec":"545210","precinct_id":"025-545210","g22_asm":{"dem_pct":75.0,"margin_dem":50.0,"votes_two_party":172},"g24_asm":{"dem_pct":60.5,"margin_dem":21.0,"votes_two_party":390}},"geometry":{"type":"Polygon","coordinates":[[[-115.54921,32.78878],[-115.54909,32.78878],[-115.54905,32.78878],[-115.549,32.78878],[-115.54886,32.78878],[-115.54882,32.78878],[-115.54865,32.78878],[-115.54817,32.78878],[-115.54801,32.78878],[-115.54794,32.78877],[-115.54773,32.78877],[-115.54766,32.78877],[-115.54743,32.78877],[-115.54672,32.78878],[-115.54649,32.78878],[-115.54616,32.78878],[-115.54416,32.78878],[-115.54402,32.78878],[-115.54188,32.78878],[-115.53972,32.78878],[-115.53929,32.78878],[-115.53799,32.78878],[-115.53756,32.78878],[-115.53716,32.78878],[-115.53594,32.78877],[-115.53553,32.78877],[-115.53552,32.78775],[-115.53551,32.78731],[-115.5355,32.78694],[-115.53549,32.78688],[-115.5355,32.78688],[-115.53547,32.78578],[-115.53546,32.78497],[-115.53543,32.78355],[-115.53543,32.78327],[-115.53543,32.78327],[-115.53539,32.78152],[-115.53684,32.78153],[-115.5375,32.78155],[-115.53959,32.78154],[-115.54001,32.78154],[-115.54129,32.78155],[-115.54171,32.78155],[-115.54172,32.78155],[-115.54215,32.78154],[-115.54345,32.78152],[-115.54389,32.78151],[-115.54431,32.7815],[-115.54461,32.78149],[-115.54559,32.78148],[-115.54602,32.78148],[-115.54608,32.78148],[-115.54625,32.78147],[-115.54631,32.78147],[-115.54645,32.7818],[-115.54686,32.78278],[-115.547,32.78311],[-115.54725,32.78373],[-115.548,32.78559],[-115.54825,32.78621],[-115.54845,32.78672],[-115.54905,32.78827],[-115.54925,32.78878],[-115.54921,32.78878]]]}},{"type":"Feature","properties":{"county_fips":25,"srprec":"545211","precinct_id":"025-545211","g22_asm":{"dem_pct":0.0,"margin_dem":-100.0,"votes_two_party":3},"g24_asm":null},"geometry":{"type":"Polygon","coordinates":[[[-115.55167,32.79492],[-115.55154,32.79492],[-115.5515,32.79492],[-115.55096,32.79492],[-115.54935,32.79492],[-115.54881,32.79492],[-115.5487,32.79492],[-115.54836,32.79492],[-115.54824,32.79492],[-115.54813,32.79492],[-115.5478,32.79492],[-115.54769,32.79492],[-115.54745,32.79492],[-115.54671,32.79492],[-115.5466,32.79493],[-115.54647,32.79492],[-115.54601,32.79492],[-115.54462,32.79492],[-115.54416,32.79492],[-115.54143,32.79492],[-115.53992,32.79492],[-115.53739,32.79491],[-115.53566,32.79492],[-115.53564,32.79492],[-115.53563,32.79356],[-115.53564,32.79282],[-115.53566,32.79282],[-115.53602,32.79283],[-115.53718,32.79283],[-115.53756,32.79283],[-115.53975,32.79284],[-115.54144,32.79283],[-115.54187,32.79283],[-115.54232,32.79283],[-115.5437,32.79283],[-115.54416,32.79283],[-115.54462,32.79283],[-115.54601,32.79283],[-115.54648,32.79283],[-115.54671,32.79283],[-115.54742,32.79283],[-115.54766,32.79283],[-115.54769,32.79283],[-115.5478,32.79283],[-115.54783,32.79283],[-115.54788,32.79283],[-115.54801,32.79283],[-115.54805,32.79283],[-115.5482,32.79283],[-115.54865,32.79284],[-115.5488,32.79284],[-115.54918,32.79284],[-115.55033,32.79284],[-115.55071,32.79284],[-115.55076,32.79284],[-115.55089,32.79284],[-115.55093,32.79284],[-115.55094,32.79284],[-115.55109,32.79326],[-115.5512,32.79353],[-115.5512,32.79354],[-115.55156,32.7945],[-115.55172,32.79492],[-115.55167,32.79492]]]}},{"type":"Feature","properties":{"county_fips":25,"srprec":"545212","precinct_id":"025-545212","g22_asm":{"dem_pct":83.5,"margin_dem":67.0,"votes_two_party":176},"g24_asm":{"dem_pct":64.3,"margin_dem":28.7,"votes_two_party":342}},"geometry":{"type":"Polygon","coordinates":[[[-115.55089,32.79284],[-115.55071,32.79284],[-115.54918,32.79284],[-115.54865,32.79284],[-115.54805,32.79283],[-115.54788,32.79283],[-115.5478,32.79283],[-115.54766,32.79283],[-115.54671,32.79283],[-115.54601,32.79283],[-115.54416,32.79283],[-115.54232,32.79283],[-115.54144,32.79283],[-115.53756,32.79283],[-115.53602,32.79283],[-115.53564,32.79282],[-115.53561,32.79199],[-115.5356,32.79158],[-115.53559,32.79077],[-115.53557,32.78999],[-115.53555,32.78959],[-115.53553,32.78877],[-115.53716,32.78878],[-115.53799,32.78878],[-115.53972,32.78878],[-115.54402,32.78878],[-115.54616,32.78878],[-115.54672,32.78878],[-115.54766,32.78877],[-115.54794,32.78877],[-115.54817,32.78878],[-115.54882,32.78878],[-115.549,32.78878],[-115.54909,32.78878],[-115.54925,32.78878],[-115.5504,32.79154],[-115.55086,32.79266],[-115.55093,32.79284],[-115.55089,32.79284]]]}},{"type":"Feature","properties":{"county_fips":25,"srprec":"545238","precinct_id":"025-545238","g22_asm":{"dem_pct":40.2,"margin_dem":-19.5,"votes_two_party":82},"g24_asm":{"dem_pct":42.9,"margin_dem":-14.3,"votes_two_party":112}},"geometry":{"type":"Polygon","coordinates":[[[-115.5522,32.7741],[-115.54872,32.77411],[-115.54775,32.77412],[-115.54359,32.77411],[-115.54343,32.77411],[-115.54335,32.77405],[-115.54325,32.77386],[-115.54303,32.77323],[-115.54241,32.7717],[-115.54189,32.77044],[-115.54042,32.76695],[-115.5405,32.76695],[-115.54278,32.76694],[-115.54342,32.76694],[-115.54361,32.76694],[-115.54429,32.76694],[-115.54512,32.76694],[-115.54612,32.76694],[-115.54901,32.76694],[-115.54914,32.76694],[-115.54947,32.76695],[-115.55036,32.76696],[-115.5507,32.76696],[-115.55088,32.76696],[-115.55159,32.76696],[-115.55184,32.76696],[-115.55205,32.76696],[-115.55212,32.76697],[-115.55212,32.7671],[-115.55217,32.7712],[-115.55222,32.77259],[-115.55222,32.77316],[-115.55222,32.77391],[-115.55222,32.77393],[-115.5522,32.7741]]]}},{"type":"Feature","properties":{"county_fips":25,"srprec":"547239","precinct_id":"025-547239","g22_asm":{"dem_pct":54.6,"margin_dem":9.1,"votes_two_party":427},"g24_asm":{"dem_pct":42.6,"margin_dem":-14.7,"votes_two_party":746}},"geometry":{"type":"Polygon","coordinates":[[[-115.55211,32.76697],[-115.55199,32.76696],[-115.55177,32.76696],[-115.55105,32.76696],[-115.55083,32.76696],[-115.55066,32.76696],[-115.54983,32.76695],[-115.54917,32.76694],[-115.54904,32.76694],[-115.5481,32.76694],[-115.54537,32.76694],[-115.54446,32.76694],[-115.54446,32.76615],[-115.54446,32.76604],[-115.54491,32.76596],[-115.54487,32.76425],[-115.54459,32.76347],[-115.54354,32.76347],[-115.54352,32.76322],[-115.54342,32.76165],[-115.54332,32.75914],[-115.54331,32.75783],[-115.5435,32.7564],[-115.54411,32.75641],[-115.54471,32.75643],[-115.54508,32.75644],[-115.54686,32.75645],[-115.54753,32.75646],[-115.54784,32.75648],[-115.54781,32.75901],[-115.55011,32.75982],[-115.55163,32.76052],[-115.55197,32.76053],[-115.55198,32.76095],[-115.55204,32.76282],[-115.55205,32.76336],[-115.55205,32.76394],[-115.55207,32.76487],[-115.55208,32.76544],[-115.55211,32.76653],[-115.55212,32.76688],[-115.55211,32.76697]]]}},{"type":"Feature","properties":{"county_fips":25,"srprec":"548211","precinct_id":"025-548211","g22_asm":{"dem_pct":55.6,"margin_dem":11.1,"votes_two_party":9},"g24_asm":{"dem_pct":64.7,"margin_dem":29.4,"votes_two_party":17}},"geometry":{"type":"Polygon","coordinates":[[[-115.54325,32.77386],[-115.54157,32.77433],[-115.54166,32.77778],[-115.54172,32.78115],[-115.54001,32.78154],[-115.53539,32.78152],[-115.53546,32.78497],[-115.5355,32.78694],[-115.53554,32.78898],[-115.53558,32.79057],[-115.5356,32.79178],[-115.53557,32.79282],[-115.5345,32.79284],[-115.53132,32.79284],[-115.52829,32.79282],[-115.52754,32.79287],[-115.52697,32.79289],[-115.52608,32.79282],[-115.52233,32.79275],[-115.52482,32.79065],[-115.52615,32.78813],[-115.52646,32.7867],[-115.52656,32.78626],[-115.52663,32.78525],[-115.52661,32.78378],[-115.52658,32.78132],[-115.52657,32.77975],[-115.52654,32.7779],[-115.52217,32.77397],[-115.52648,32.77307],[-115.5264,32.76926],[-115.5264,32.76834],[-115.52638,32.76693],[-115.5348,32.76693],[-115.53522,32.76693],[-115.53648,32.76693],[-115.53993,32.76694],[-115.54034,32.76694],[-115.54226,32.77131],[-115.54318,32.77363],[-115.54325,32.77386]]]}},{"type":"Feature","properties":{"county_fips":25,"srprec":"548265","precinct_id":"025-548265","g22_asm":{"dem_pct":77.8,"margin_dem":55.6,"votes_two_party":18},"g24_asm":{"dem_pct":69.2,"margin_dem":38.5,"votes_two_party":13}},"geometry":{"type":"Polygon","coordinates":[[[-115.52262,32.79645],[-115.52031,32.79642],[-115.51928,32.79635],[-115.51824,32.79628],[-115.51828,32.79619],[-115.51807,32.7961],[-115.51424,32.79648],[-115.50988,32.79758],[-115.50973,32.79761],[-115.50975,32.79752],[-115.50464,32.79876],[-115.50153,32.7963],[-115.50471,32.79237],[-115.50965,32.7928],[-115.51138,32.79283],[-115.5165,32.79283],[-115.518,32.79282],[-115.51817,32.79282],[-115.51879,32.79282],[-115.52041,32.79282],[-115.52084,32.79282],[-115.52178,32.79282],[-115.52322,32.79282],[-115.52672,32.79285],[-115.527,32.79294],[-115.52754,32.79287],[-115.52804,32.79283],[-115.53046,32.79283],[-115.53212,32.79284],[-115.5345,32.79284],[-115.53536,32.79283],[-115.53563,32.79356],[-115.53567,32.79622],[-115.53567,32.79634],[-115.53567,32.7965],[-115.53535,32.79651],[-115.5328,32.7965],[-115.52547,32.79648],[-115.525,32.79648],[-115.52262,32.79645]]]}},{"type":"Feature","properties":{"county_fips":25,"srprec":"554021","precinct_id":"025-554021","g22_asm":{"dem_pct":54.2,"margin_dem":8.5,"votes_two_party":850},"g24_asm":{"dem_pct":50.0,"margin_dem":0.1,"votes_two_party":1409}},"geometry":{"type":"Polygon","coordinates":[[[-115.37533,32.80559],[-115.37892,32.80554],[-115.38106,32.8058],[-115.38137,32.80684],[-115.38374,32.80765],[-115.38465,32.8089],[-115.38509,32.80873],[-115.38508,32.8076],[-115.38707,32.80721],[-115.38911,32.80726],[-115.38941,32.81011],[-115.38967,32.81121],[-115.39094,32.81082],[-115.39141,32.81047],[-115.39223,32.81022],[-115.39443,32.81257],[-115.39245,32.81278],[-115.38893,32.81283],[-115.38491,32.81653],[-115.38119,32.81655],[-115.37747,32.81656],[-115.37524,32.81837],[-115.37272,32.81838],[-115.37145,32.81838],[-115.36956,32.81836],[-115.36683,32.81834],[-115.36491,32.81834],[-115.36395,32.81478],[-115.37028,32.81475],[-115.37023,32.81184],[-115.36755,32.81042],[-115.37166,32.80914],[-115.37166,32.80391],[-115.37339,32.80258],[-115.37533,32.80559]]]}},{"type":"Feature","properties":{"county_fips":25,"srprec":"554022","precinct_id":"025-554022","g22_asm":{"dem_pct":60.2,"margin_dem":20.4,"votes_two_party":269},"g24_asm":{"dem_pct":55.1,"margin_dem":10.2,"votes_two_party":334}},"geometry":{"type":"Polygon","coordinates":[[[-115.38901,32.81835],[-115.38702,32.82014],[-115.38652,32.81875],[-115.38636,32.81835],[-115.38634,32.81875],[-115.38576,32.81875],[-115.38578,32.81835],[-115.38558,32.81832],[-115.3849,32.81832],[-115.38327,32.81833],[-115.38269,32.81879],[-115.38208,32.81849],[-115.38117,32.81833],[-115.3803,32.81835],[-115.38019,32.8185],[-115.37995,32.82015],[-115.37897,32.81883],[-115.37897,32.81835],[-115.37772,32.81836],[-115.37772,32.81882],[-115.37746,32.82015],[-115.37625,32.82015],[-115.37525,32.82016],[-115.37369,32.82016],[-115.37268,32.81981],[-115.37272,32.81838],[-115.37315,32.81838],[-115.37421,32.81838],[-115.37624,32.81837],[-115.37647,32.81656],[-115.37772,32.81656],[-115.3792,32.81656],[-115.38119,32.81655],[-115.38267,32.81654],[-115.38416,32.81654],[-115.38824,32.81653],[-115.38901,32.81835]]]}},{"type":"Feature","properties":{"county_fips":25,"srprec":"554024","precinct_id":"025-554024","g22_asm":{"dem_pct":60.0,"margin_dem":20.0,"votes_two_party":15},"g24_asm":{"dem_pct":54.5,"margin_dem":9.1,"votes_two_party":22}},"geometry":{"type":"Polygon","coordinates":[[[-115.36956,32.81836],[-115.37008,32.81837],[-115.3701,32.81837],[-115.37026,32.81837],[-115.37028,32.81836],[-115.37031,32.81837],[-115.37038,32.81837],[-115.37056,32.81837],[-115.37056,32.81839],[-115.37056,32.81849],[-115.37056,32.81882],[-115.37058,32.81948],[-115.37058,32.81976],[-115.37058,32.81983],[-115.37058,32.81986],[-115.37058,32.81997],[-115.37059,32.82017],[-115.37035,32.82017],[-115.36998,32.82017],[-115.36965,32.82017],[-115.36941,32.82018],[-115.36941,32.81984],[-115.36939,32.81882],[-115.36938,32.81859],[-115.36938,32.81858],[-115.36938,32.81849],[-115.36938,32.81846],[-115.36938,32.81838],[-115.36938,32.81838],[-115.36938,32.81836],[-115.36956,32.81836]]]}},{"type":"Feature","properties":{"county_fips":25,"srprec":"554025","precinct_id":"025-554025","g22_asm":{"dem_pct":32.1,"margin_dem":-35.7,"votes_two_party":28},"g24_asm":{"dem_pct":22.0,"margin_dem":-56.1,"votes_two_party":41}},"geometry":{"type":"Polygon","coordinates":[[[-115.36525,32.81838],[-115.36525,32.8184],[-115.36527,32.81848],[-115.36527,32.81852],[-115.36529,32.81885],[-115.36533,32.81986],[-115.36534,32.8202],[-115.36528,32.8202],[-115.3652,32.8202],[-115.3652,32.8202],[-115.36511,32.8202],[-115.36505,32.8202],[-115.36477,32.8202],[-115.36423,32.82021],[-115.36392,32.8202],[-115.36364,32.8202],[-115.36363,32.81987],[-115.36362,32.81916],[-115.36361,32.81885],[-115.36361,32.81852],[-115.36361,32.81848],[-115.36361,32.81841],[-115.36361,32.81838],[-115.36361,32.81835],[-115.36393,32.81835],[-115.36423,32.81835],[-115.36485,32.81834],[-115.36491,32.81834],[-115.36524,32.81834],[-115.36525,32.81838]]]}},{"type":"Feature","properties":{"county_fips":25,"srprec":"565001","precinct_id":"025-565001","g22_asm":{"dem_pct":59.6,"margin_dem":19.3,"votes_two_party":114},"g24_asm":{"dem_pct":46.2,"margin_dem":-7.5,"votes_two_party":212}},"geometry":{"type":"Polygon","coordinates":[[[-115.5584,32.8207],[-115.5584,32.82124],[-115.55841,32.82203],[-115.55843,32.8244],[-115.55843,32.82482],[-115.55844,32.82509],[-115.55844,32.8252],[-115.55844,32.82522],[-115.55844,32.82529],[-115.55844,32.82531],[-115.55844,32.82533],[-115.55845,32.8254],[-115.55845,32.82542],[-115.55732,32.82542],[-115.55556,32.82541],[-115.55503,32.82543],[-115.55394,32.82544],[-115.55281,32.82544],[-115.55281,32.82539],[-115.55281,32.82531],[-115.55281,32.82523],[-115.55281,32.82517],[-115.55281,32.82384],[-115.55281,32.82317],[-115.55281,32.82129],[-115.55282,32.82014],[-115.55282,32.81985],[-115.55282,32.81911],[-115.55282,32.81873],[-115.55282,32.81853],[-115.55282,32.81852],[-115.55284,32.81852],[-115.55291,32.81852],[-115.55293,32.81852],[-115.55297,32.81853],[-115.55298,32.81853],[-115.55298,32.81853],[-115.55308,32.81855],[-115.55311,32.81856],[-115.5534,32.81856],[-115.55417,32.81856],[-115.55423,32.81856],[-115.55508,32.81856],[-115.55734,32.81857],[-115.5584,32.81857],[-115.5584,32.81857],[-115.5584,32.8191],[-115.5584,32.81958],[-115.5584,32.8207]]]}},{"type":"Feature","properties":{"county_fips":25,"srprec":"565229","precinct_id":"025-565229","g22_asm":{"dem_pct":52.5,"margin_dem":5.0,"votes_two_party":360},"g24_asm":{"dem_pct":41.1,"margin_dem":-17.9,"votes_two_party":850}},"geometry":{"type":"Polygon","coordinates":[[[-115.5357,32.82543],[-115.5357,32.82534],[-115.5357,32.82531],[-115.5357,32.82503],[-115.5357,32.82488],[-115.5357,32.82391],[-115.5357,32.81975],[-115.5357,32.81836],[-115.53576,32.81837],[-115.53584,32.81837],[-115.53744,32.81835],[-115.54264,32.81828],[-115.54438,32.81826],[-115.54607,32.81827],[-115.55113,32.81829],[-115.55275,32.8183],[-115.55282,32.8183],[-115.55282,32.81835],[-115.55282,32.81847],[-115.55282,32.81852],[-115.55282,32.81853],[-115.55282,32.81873],[-115.55282,32.81911],[-115.55282,32.81985],[-115.55282,32.82014],[-115.55281,32.82129],[-115.55281,32.82317],[-115.55281,32.82384],[-115.55281,32.82517],[-115.55281,32.82523],[-115.55281,32.82531],[-115.55281,32.82539],[-115.55281,32.82544],[-115.5528,32.82544],[-115.55273,32.82545],[-115.55115,32.82545],[-115.55106,32.82545],[-115.54971,32.82545],[-115.54911,32.82545],[-115.5472,32.82546],[-115.5464,32.82546],[-115.54614,32.82546],[-115.54448,32.82546],[-115.54448,32.82546],[-115.54272,32.82547],[-115.54096,32.82547],[-115.53745,32.82547],[-115.53727,32.82547],[-115.53579,32.82546],[-115.5357,32.82546],[-115.5357,32.82543]]]}},{"type":"Feature","properties":{"county_fips":25,"srprec":"581003","precinct_id":"025-581003","g22_asm":{"dem_pct":100.0,"margin_dem":100.0,"votes_two_party":2},"g24_asm":null},"geometry":{"type":"Polygon","coordinates":[[[-115.3828,32.73087],[-115.37489,32.73067],[-115.37279,32.73043],[-115.37378,32.72854],[-115.3754,32.72781],[-115.37645,32.72653],[-115.37902,32.72669],[-115.37845,32.72545],[-115.37556,32.72608],[-115.37283,32.72601],[-115.37233,32.7249],[-115.37364,32.72375],[-115.37339,32.72244],[-115.37433,32.72219],[-115.37565,32.72172],[-115.37672,32.72336],[-115.37716,32.72048],[-115.37618,32.71855],[-115.37505,32.71717],[-115.37567,32.71509],[-115.37699,32.71379],[-115.37801,32.71245],[-115.37801,32.7113],[-115.37614,32.71082],[-115.37664,32.70925],[-115.37708,32.70807],[-115.39574,32.70811],[-115.42391,32.70846],[-115.43408,32.70849],[-115.43968,32.7085],[-115.44789,32.72297],[-115.42919,32.72291],[-115.40531,32.72281],[-115.40152,32.73041],[-115.38631,32.7306],[-115.3828,32.73087]]]}},{"type":"Feature","properties":{"county_fips":25,"srprec":"581008","precinct_id":"025-581008","g22_asm":{"dem_pct":100.0,"margin_dem":100.0,"votes_two_party":1},"g24_asm":null},"geometry":{"type":"Polygon","coordinates":[[[-115.48258,32.72452],[-115.48264,32.72894],[-115.48265,32.73042],[-115.48243,32.73042],[-115.48237,32.73042],[-115.47818,32.7304],[-115.47551,32.73039],[-115.47209,32.73038],[-115.46695,32.73036],[-115.4652,32.73036],[-115.46505,32.73036],[-115.45843,32.73033],[-115.45678,32.72881],[-115.45679,32.72319],[-115.45654,32.72316],[-115.45467,32.72315],[-115.44797,32.72311],[-115.44797,32.723],[-115.44799,32.72008],[-115.44808,32.70852],[-115.44813,32.70852],[-115.44835,32.70852],[-115.45457,32.70854],[-115.4566,32.70855],[-115.4633,32.70856],[-115.4651,32.70857],[-115.46521,32.70857],[-115.46726,32.70856],[-115.47306,32.70857],[-115.47402,32.70858],[-115.48247,32.7086],[-115.4823,32.70861],[-115.48239,32.71559],[-115.4824,32.71652],[-115.48241,32.71656],[-115.48258,32.72452]]]}},{"type":"Feature","properties":{"county_fips":25,"srprec":"581009","precinct_id":"025-581009","g22_asm":{"dem_pct":79.4,"margin_dem":58.8,"votes_two_party":34},"g24_asm":{"dem_pct":48.0,"margin_dem":-4.0,"votes_two_party":50}},"geometry":{"type":"Polygon","coordinates":[[[-115.45059,32.66823],[-115.46535,32.67962],[-115.45624,32.68247],[-115.45623,32.68659],[-115.45623,32.68793],[-115.45659,32.69284],[-115.45582,32.69339],[-115.45407,32.69387],[-115.44794,32.6939],[-115.43165,32.69387],[-115.42447,32.69383],[-115.41465,32.69381],[-115.39929,32.69375],[-115.39512,32.69373],[-115.3849,32.69377],[-115.37523,32.69376],[-115.37146,32.69377],[-115.37143,32.68993],[-115.3724,32.68863],[-115.37164,32.68798],[-115.37103,32.68724],[-115.371,32.68505],[-115.36952,32.68471],[-115.3691,32.68415],[-115.36993,32.68303],[-115.37037,32.68229],[-115.37015,32.68113],[-115.37001,32.67983],[-115.36921,32.67797],[-115.36961,32.6771],[-115.36991,32.67631],[-115.37008,32.67505],[-115.37415,32.67371],[-115.40418,32.67156],[-115.45059,32.66823]]]}},{"type":"Feature","properties":{"county_fips":25,"srprec":"581010","precinct_id":"025-581010","g22_asm":{"dem_pct":100.0,"margin_dem":100.0,"votes_two_party":1},"g24_asm":null},"geometry":{"type":"MultiPolygon","coordinates":[[[[-115.37424,32.6947],[-115.37852,32.69378],[-115.38915,32.69375],[-115.39595,32.69373],[-115.40561,32.69378],[-115.42357,32.69383],[-115.43098,32.69386],[-115.44794,32.6939],[-115.45425,32.69384],[-115.45574,32.69377],[-115.45632,32.69399],[-115.46335,32.69405],[-115.46497,32.69394],[-115.46521,32.69398],[-115.46517,32.69466],[-115.46511,32.69852],[-115.4499,32.70853],[-115.43968,32.7085],[-115.4349,32.70849],[-115.42477,32.70847],[-115.41432,32.70835],[-115.38285,32.70808],[-115.37649,32.70765],[-115.37671,32.70643],[-115.37641,32.70488],[-115.37653,32.70327],[-115.37645,32.70224],[-115.37779,32.70215],[-115.37857,32.70172],[-115.37945,32.7008],[-115.37889,32.6999],[-115.37815,32.69864],[-115.3776,32.69747],[-115.37618,32.69617],[-115.3742,32.69542],[-115.37424,32.6947]]],[[[-115.47362,32.66681],[-115.47235,32.6669],[-115.46972,32.66709],[-115.46714,32.66727],[-115.46617,32.66734],[-115.46541,32.66741],[-115.46537,32.66736],[-115.46527,32.66723],[-115.46522,32.66717],[-115.46767,32.66699],[-115.47292,32.66661],[-115.47361,32.66656],[-115.47362,32.66681]]]]}},{"type":"Feature","properties":{"county_fips":25,"srprec":"581125","precinct_id":"025-581125","g22_asm":{"dem_pct":57.1,"margin_dem":14.3,"votes_two_party":14},"g24_asm":{"dem_pct":30.0,"margin_dem":-40.0,"votes_two_party":20}},"geometry":{"type":"MultiPolygon","coordinates":[[[[-115.50911,32.94182],[-115.50909,32.9434],[-115.5091,32.94759],[-115.50909,32.94988],[-115.5091,32.95257],[-115.50906,32.95591],[-115.50905,32.9561],[-115.50889,32.95743],[-115.50844,32.95983],[-115.50769,32.96229],[-115.50427,32.96876],[-115.5029,32.97055],[-115.50575,32.96602],[-115.50724,32.96305],[-115.50826,32.95978],[-115.50887,32.95619],[-115.50061,32.95627],[-115.50063,32.97044],[-115.50063,32.97082],[-115.50064,32.97863],[-115.50006,32.97863],[-115.49689,32.97866],[-115.49205,32.97866],[-115.48854,32.97865],[-115.48207,32.97865],[-115.47517,32.97865],[-115.47477,32.97242],[-115.47476,32.97064],[-115.47474,32.96853],[-115.47478,32.95621],[-115.47484,32.951],[-115.47483,32.94817],[-115.47503,32.9466],[-115.48349,32.94234],[-115.48387,32.94183],[-115.49004,32.9418],[-115.49872,32.94177],[-115.5075,32.94176],[-115.50911,32.94182]]],[[[-115.50116,32.97848],[-115.50133,32.97848],[-115.50133,32.97863],[-115.50123,32.97863],[-115.50116,32.97863],[-115.50116,32.97848]]],[[[-115.50936,32.96337],[-115.5094,32.96337],[-115.5126,32.96341],[-115.51381,32.9634],[-115.51453,32.9634],[-115.51779,32.96338],[-115.51783,32.96338],[-115.52643,32.96337],[-115.52643,32.96343],[-115.52471,32.96343],[-115.51955,32.96342],[-115.51783,32.96342],[-115.51613,32.96342],[-115.51261,32.96343],[-115.51246,32.96342],[-115.51105,32.96342],[-115.50936,32.96342],[-115.50936,32.96337]]]]}},{"type":"Feature","properties":{"county_fips":25,"srprec":"581147","precinct_id":"025-581147","g22_asm":{"dem_pct":0.0,"margin_dem":-100.0,"votes_two_party":1},"g24_asm":null},"geometry":{"type":"Polygon","coordinates":[[[-115.47477,32.97242],[-115.47477,32.97849],[-115.47292,32.97865],[-115.46858,32.97866],[-115.46694,32.97866],[-115.46619,32.97703],[-115.46625,32.97079],[-115.46572,32.96428],[-115.46527,32.96359],[-115.46481,32.96102],[-115.46419,32.95738],[-115.46413,32.95621],[-115.46412,32.95607],[-115.46137,32.95303],[-115.46204,32.95168],[-115.46165,32.95052],[-115.46099,32.94821],[-115.46054,32.94456],[-115.46022,32.94296],[-115.45986,32.94176],[-115.45986,32.94148],[-115.4647,32.94157],[-115.46498,32.94171],[-115.48081,32.94181],[-115.48345,32.94202],[-115.48378,32.94183],[-115.48373,32.94224],[-115.48102,32.9434],[-115.47503,32.9466],[-115.47483,32.94724],[-115.47482,32.94869],[-115.47484,32.95082],[-115.47483,32.95401],[-115.47478,32.95621],[-115.47472,32.9637],[-115.47475,32.9689],[-115.47476,32.97046],[-115.47476,32.97073],[-115.47477,32.97242]]]}},{"type":"Feature","properties":{"county_fips":25,"srprec":"582134","precinct_id":"025-582134","g22_asm":{"dem_pct":23.1,"margin_dem":-53.8,"votes_two_party":13},"g24_asm":{"dem_pct":14.3,"margin_dem":-71.4,"votes_two_party":14}},"geometry":{"type":"MultiPolygon","coordinates":[[[[-115.26925,32.95065],[-115.27053,32.95077],[-115.27131,32.95129],[-115.27201,32.95132],[-115.2724,32.95134],[-115.27305,32.95171],[-115.27354,32.95228],[-115.26781,32.95216],[-115.26781,32.96223],[-115.26775,32.97052],[-115.26775,32.97054],[-115.26503,32.97055],[-115.26502,32.97055],[-115.26393,32.97055],[-115.26397,32.96655],[-115.26409,32.95458],[-115.26413,32.95059],[-115.26422,32.95058],[-115.26424,32.95057],[-115.26453,32.95038],[-115.26463,32.95032],[-115.2649,32.95015],[-115.26542,32.95012],[-115.26735,32.95001],[-115.26792,32.95011],[-115.26854,32.95022],[-115.26871,32.95032],[-115.26925,32.95065]]],[[[-115.4662,32.97404],[-115.46526,32.97866],[-115.46333,32.97852],[-115.46211,32.97791],[-115.45967,32.97586],[-115.4583,32.9749],[-115.4575,32.97465],[-115.44888,32.97453],[-115.40961,32.97449],[-115.40872,32.97437],[-115.4075,32.97386],[-115.40584,32.97439],[-115.37582,32.97449],[-115.36832,32.97466],[-115.35437,32.97471],[-115.3477,32.97455],[-115.32378,32.97456],[-115.31515,32.97476],[-115.30055,32.97482],[-115.30012,32.97463],[-115.29704,32.96718],[-115.29356,32.95727],[-115.29327,32.95292],[-115.29784,32.95295],[-115.32242,32.95296],[-115.32355,32.95296],[-115.33651,32.95295],[-115.34933,32.95284],[-115.38371,32.9527],[-115.40618,32.95265],[-115.42349,32.95265],[-115.44906,32.95288],[-115.45976,32.95303],[-115.46115,32.95304],[-115.46412,32.95618],[-115.46481,32.96102],[-115.4657,32.96749],[-115.4662,32.97404]]]]}},{"type":"Feature","properties":{"county_fips":25,"srprec":"584004","precinct_id":"025-584004","g22_asm":{"dem_pct":25.5,"margin_dem":-48.9,"votes_two_party":47},"g24_asm":{"dem_pct":26.2,"margin_dem":-47.5,"votes_two_party":61}},"geometry":{"type":"MultiPolygon","coordinates":[[[[-115.30283,32.75187],[-115.27095,32.75669],[-115.22064,32.75156],[-115.08129,32.70822],[-114.98368,32.7079],[-115.07879,32.70777],[-115.19897,32.71166],[-115.24726,32.71234],[-115.28316,32.69773],[-115.30139,32.69443],[-115.3293,32.69385],[-115.36287,32.6938],[-115.37649,32.69626],[-115.37912,32.70019],[-115.37689,32.70204],[-115.37676,32.7061],[-115.37597,32.71052],[-115.37717,32.71337],[-115.37605,32.71798],[-115.37599,32.7225],[-115.3735,32.72285],[-115.37371,32.7264],[-115.37871,32.7267],[-115.37352,32.72862],[-115.37073,32.73292],[-115.36754,32.73231],[-115.36484,32.73252],[-115.36744,32.73698],[-115.36492,32.74101],[-115.3639,32.74445],[-115.36004,32.74862],[-115.36075,32.75635],[-115.31992,32.7519],[-115.30283,32.75187]]],[[[-115.36614,32.77342],[-115.36578,32.77342],[-115.36249,32.77343],[-115.36001,32.77342],[-115.35777,32.77341],[-115.35755,32.77341],[-115.35644,32.77341],[-115.35371,32.77342],[-115.3528,32.77342],[-115.34997,32.77342],[-115.34996,32.7734],[-115.34988,32.77319],[-115.35484,32.77319],[-115.35755,32.77319],[-115.36327,32.77318],[-115.36615,32.77319],[-115.36653,32.77318],[-115.36652,32.77341],[-115.36614,32.77342]]],[[[-115.3829,32.7525],[-115.3829,32.75234],[-115.3829,32.75223],[-115.3829,32.74769],[-115.38292,32.74467],[-115.3829,32.74311],[-115.38293,32.7415],[-115.38284,32.74018],[-115.38272,32.7389],[-115.38264,32.73809],[-115.38256,32.73737],[-115.38235,32.7352],[-115.38222,32.73346],[-115.38209,32.73232],[-115.38203,32.7315],[-115.38201,32.7309],[-115.3822,32.73091],[-115.38241,32.7309],[-115.38241,32.7311],[-115.38249,32.73234],[-115.38259,32.73321],[-115.38274,32.73507],[-115.38298,32.73752],[-115.38302,32.73806],[-115.38317,32.73965],[-115.38331,32.74195],[-115.3833,32.74577],[-115.3833,32.74933],[-115.3833,32.75148],[-115.38331,32.75222],[-115.38331,32.75234],[-115.38331,32.75249],[-115.3829,32.7525]]]]}},{"type":"Feature","properties":{"county_fips":25,"srprec":"584005","precinct_id":"025-584005","g22_asm":{"dem_pct":37.0,"margin_dem":-25.9,"votes_two_party":27},"g24_asm":{"dem_pct":40.4,"margin_dem":-19.1,"votes_two_party":47}},"geometry":{"type":"Polygon","coordinates":[[[-115.35546,32.76644],[-115.35479,32.7655],[-115.35591,32.76499],[-115.35429,32.76517],[-115.35214,32.76504],[-115.35111,32.76284],[-115.35192,32.76107],[-115.35385,32.75958],[-115.35664,32.75842],[-115.36656,32.75274],[-115.38331,32.75249],[-115.38249,32.73234],[-115.39751,32.73059],[-115.4057,32.73026],[-115.42233,32.7302],[-115.43949,32.73027],[-115.45664,32.73032],[-115.4738,32.73038],[-115.48278,32.73616],[-115.48166,32.75203],[-115.46518,32.75181],[-115.46164,32.75207],[-115.44799,32.75885],[-115.44827,32.767],[-115.4417,32.77337],[-115.41196,32.77349],[-115.38883,32.77342],[-115.3749,32.77341],[-115.34977,32.77281],[-115.35204,32.77124],[-115.35367,32.7682],[-115.35427,32.76688],[-115.35546,32.76644]]]}},{"type":"Feature","properties":{"county_fips":25,"srprec":"584008","precinct_id":"025-584008","g22_asm":{"dem_pct":100.0,"margin_dem":100.0,"votes_two_party":2},"g24_asm":null},"geometry":{"type":"Polygon","coordinates":[[[-115.38238,32.7525],[-115.36248,32.75214],[-115.36133,32.74946],[-115.35956,32.74854],[-115.35918,32.74745],[-115.36051,32.74639],[-115.363,32.74502],[-115.36434,32.74387],[-115.36402,32.74189],[-115.3642,32.74064],[-115.36471,32.74111],[-115.36564,32.74036],[-115.36601,32.73957],[-115.36636,32.73842],[-115.36739,32.73753],[-115.36694,32.73589],[-115.36458,32.73444],[-115.36387,32.7336],[-115.36485,32.73264],[-115.36453,32.73183],[-115.36556,32.73114],[-115.36628,32.73148],[-115.36754,32.73231],[-115.36853,32.73263],[-115.36897,32.73195],[-115.3699,32.73251],[-115.37087,32.733],[-115.37276,32.73249],[-115.37295,32.73096],[-115.37324,32.73057],[-115.37505,32.73066],[-115.38209,32.73232],[-115.38292,32.74467],[-115.38238,32.7525]]]}},{"type":"Feature","properties":{"county_fips":25,"srprec":"584009","precinct_id":"025-584009","g22_asm":{"dem_pct":0.0,"margin_dem":-100.0,"votes_two_party":4},"g24_asm":null},"geometry":{"type":"Polygon","coordinates":[[[-115.36651,32.75951],[-115.36639,32.75951],[-115.36635,32.75951],[-115.36445,32.75952],[-115.35922,32.75956],[-115.35882,32.75928],[-115.35726,32.75818],[-115.35731,32.75816],[-115.35757,32.75803],[-115.35819,32.7579],[-115.3589,32.75768],[-115.35928,32.75761],[-115.35984,32.75741],[-115.36009,32.75729],[-115.36031,32.75713],[-115.36037,32.75706],[-115.36057,32.75676],[-115.3607,32.75651],[-115.36075,32.75635],[-115.36077,32.75617],[-115.36075,32.75607],[-115.36055,32.75578],[-115.36039,32.7556],[-115.36034,32.75549],[-115.36031,32.75543],[-115.3603,32.7553],[-115.36063,32.75465],[-115.36066,32.75432],[-115.3607,32.75415],[-115.36076,32.75398],[-115.36105,32.75333],[-115.3613,32.753],[-115.36157,32.75278],[-115.36169,32.75271],[-115.36197,32.75266],[-115.36219,32.75256],[-115.36239,32.75241],[-115.37504,32.75259],[-115.37336,32.75259],[-115.36831,32.75262],[-115.36673,32.75262],[-115.36663,32.75265],[-115.36656,32.75274],[-115.36656,32.754],[-115.36655,32.75814],[-115.36655,32.75951],[-115.36651,32.75951]]]}},{"type":"Feature","properties":{"county_fips":25,"srprec":"584017","precinct_id":"025-584017","g22_asm":{"dem_pct":27.9,"margin_dem":-44.2,"votes_two_party":43},"g24_asm":{"dem_pct":21.2,"margin_dem":-57.7,"votes_two_party":52}},"geometry":{"type":"MultiPolygon","coordinates":[[[[-115.46074,32.9462],[-115.46079,32.95304],[-115.42349,32.95281],[-115.38044,32.95271],[-115.33353,32.95295],[-115.29823,32.95295],[-115.29157,32.95276],[-115.28889,32.94308],[-115.28866,32.9239],[-115.29045,32.9048],[-115.29278,32.89098],[-115.29151,32.8562],[-115.29448,32.86194],[-115.31359,32.86188],[-115.33418,32.86188],[-115.35922,32.86868],[-115.36334,32.88286],[-115.37604,32.88363],[-115.40361,32.88359],[-115.43207,32.88357],[-115.45025,32.88309],[-115.44997,32.88519],[-115.45128,32.88896],[-115.45323,32.89196],[-115.45413,32.89775],[-115.45656,32.90451],[-115.45705,32.91118],[-115.45723,32.91572],[-115.45749,32.92289],[-115.45761,32.93032],[-115.45569,32.93575],[-115.45705,32.93789],[-115.46102,32.93965],[-115.46074,32.9462]]],[[[-115.44402,32.87242],[-115.44411,32.87241],[-115.44414,32.87243],[-115.44419,32.87248],[-115.44402,32.87242]]],[[[-115.44755,32.87384],[-115.44755,32.87343],[-115.44823,32.87283],[-115.44821,32.87264],[-115.44829,32.87273],[-115.44829,32.87287],[-115.44819,32.87299],[-115.44798,32.87311],[-115.44775,32.87326],[-115.44763,32.87338],[-115.44757,32.87372],[-115.44758,32.87385],[-115.44763,32.87389],[-115.44771,32.87401],[-115.44755,32.87384]]]]}},{"type":"Feature","properties":{"county_fips":25,"srprec":"584020","precinct_id":"025-584020","g22_asm":{"dem_pct":37.0,"margin_dem":-26.1,"votes_two_party":211},"g24_asm":{"dem_pct":36.3,"margin_dem":-27.3,"votes_two_party":344}},"geometry":{"type":"Polygon","coordinates":[[[-115.29138,32.85474],[-115.28266,32.81778],[-115.27403,32.77317],[-115.27113,32.75198],[-115.30724,32.75191],[-115.356,32.7587],[-115.35112,32.76272],[-115.35553,32.76436],[-115.35537,32.76713],[-115.35183,32.77144],[-115.3485,32.77639],[-115.35364,32.77924],[-115.34884,32.78245],[-115.3543,32.79628],[-115.36361,32.81848],[-115.36767,32.81834],[-115.37199,32.81837],[-115.37772,32.81836],[-115.38269,32.81877],[-115.38652,32.81981],[-115.39673,32.81279],[-115.40615,32.83092],[-115.42765,32.84709],[-115.43301,32.84963],[-115.43523,32.85416],[-115.43954,32.86102],[-115.44325,32.86686],[-115.44353,32.87236],[-115.45014,32.87544],[-115.4393,32.88347],[-115.37708,32.88362],[-115.3592,32.86927],[-115.32292,32.86188],[-115.29138,32.85474]]]}},{"type":"Feature","properties":{"county_fips":25,"srprec":"584021","precinct_id":"025-584021","g22_asm":{"dem_pct":25.3,"margin_dem":-49.5,"votes_two_party":293},"g24_asm":{"dem_pct":26.7,"margin_dem":-46.7,"votes_two_party":390}},"geometry":{"type":"Polygon","coordinates":[[[-115.43478,32.80385],[-115.41321,32.8057],[-115.39358,32.81275],[-115.39208,32.81025],[-115.39104,32.81075],[-115.38945,32.81132],[-115.38899,32.80722],[-115.38508,32.80759],[-115.38511,32.80886],[-115.38371,32.80759],[-115.38134,32.80601],[-115.37631,32.80568],[-115.37222,32.80344],[-115.37162,32.80877],[-115.36971,32.81112],[-115.36832,32.81477],[-115.3546,32.81839],[-115.3543,32.80377],[-115.35313,32.79377],[-115.34996,32.78471],[-115.34833,32.78199],[-115.35505,32.78084],[-115.3535,32.77918],[-115.35073,32.77802],[-115.34928,32.77653],[-115.34988,32.77426],[-115.36614,32.77342],[-115.3847,32.77341],[-115.41315,32.7735],[-115.44805,32.77362],[-115.44795,32.7919],[-115.44795,32.80192],[-115.44769,32.80384],[-115.43478,32.80385]]]}},{"type":"Feature","properties":{"county_fips":25,"srprec":"584027","precinct_id":"025-584027","g22_asm":{"dem_pct":33.3,"margin_dem":-33.3,"votes_two_party":3},"g24_asm":null},"geometry":{"type":"Polygon","coordinates":[[[-115.47377,32.8036],[-115.47377,32.80379],[-115.47211,32.80385],[-115.46626,32.80384],[-115.46549,32.80382],[-115.45935,32.80382],[-115.45711,32.80381],[-115.45045,32.80382],[-115.448,32.80383],[-115.448,32.80376],[-115.44799,32.80348],[-115.44797,32.80336],[-115.44796,32.80328],[-115.44795,32.80192],[-115.44793,32.79784],[-115.44794,32.79597],[-115.44796,32.79543],[-115.44796,32.79395],[-115.44796,32.79372],[-115.44796,32.79361],[-115.44795,32.79214],[-115.44796,32.79174],[-115.44797,32.78899],[-115.44807,32.78852],[-115.44815,32.78762],[-115.44816,32.7829],[-115.44847,32.78145],[-115.45472,32.78146],[-115.45636,32.78146],[-115.45658,32.78146],[-115.45751,32.78147],[-115.46103,32.78147],[-115.46432,32.78147],[-115.46519,32.78147],[-115.46538,32.78147],[-115.46958,32.78146],[-115.46956,32.78481],[-115.46957,32.79849],[-115.47089,32.7996],[-115.47379,32.8001],[-115.47377,32.80165],[-115.47377,32.80228],[-115.47377,32.80322],[-115.47377,32.80337],[-115.47377,32.80349],[-115.47377,32.8036]]]}},{"type":"Feature","properties":{"county_fips":25,"srprec":"584051","precinct_id":"025-584051","g22_asm":{"dem_pct":33.3,"margin_dem":-33.3,"votes_two_party":72},"g24_asm":{"dem_pct":36.6,"margin_dem":-26.8,"votes_two_party":82}},"geometry":{"type":"MultiPolygon","coordinates":[[[[-115.41586,32.84708],[-115.40616,32.84014],[-115.40616,32.83426],[-115.40615,32.83092],[-115.40613,32.82482],[-115.40613,32.81916],[-115.40613,32.81168],[-115.4239,32.80476],[-115.43095,32.80417],[-115.44103,32.80383],[-115.448,32.80383],[-115.44821,32.81815],[-115.44822,32.82489],[-115.44329,32.82489],[-115.43538,32.82539],[-115.43355,32.82634],[-115.43513,32.82682],[-115.4359,32.82718],[-115.43644,32.82862],[-115.43569,32.83021],[-115.43654,32.83214],[-115.43751,32.83274],[-115.43715,32.83402],[-115.43678,32.83475],[-115.4365,32.83725],[-115.4346,32.83946],[-115.43488,32.84099],[-115.4348,32.84128],[-115.43507,32.84432],[-115.4346,32.84559],[-115.43456,32.84673],[-115.43375,32.84729],[-115.42822,32.84732],[-115.42601,32.84705],[-115.41586,32.84708]]],[[[-115.47379,32.80385],[-115.47385,32.80385],[-115.47385,32.80385],[-115.47385,32.80401],[-115.47385,32.80464],[-115.47377,32.80385],[-115.47379,32.80385]]],[[[-115.47487,32.81831],[-115.47487,32.81831],[-115.47447,32.81831],[-115.47487,32.81831]]],[[[-115.47447,32.81831],[-115.47416,32.81831],[-115.47394,32.81831],[-115.47394,32.8183],[-115.47416,32.8183],[-115.47447,32.81831]]]]}},{"type":"Feature","properties":{"county_fips":25,"srprec":"584052","precinct_id":"025-584052","g22_asm":{"dem_pct":14.3,"margin_dem":-71.4,"votes_two_party":7},"g24_asm":null},"geometry":{"type":"Polygon","coordinates":[[[-115.44825,32.82463],[-115.44822,32.81959],[-115.44821,32.81827],[-115.4482,32.81781],[-115.44818,32.81634],[-115.4481,32.8109],[-115.44802,32.80525],[-115.44996,32.80382],[-115.45585,32.80381],[-115.45782,32.80381],[-115.46396,32.80382],[-115.46575,32.80383],[-115.46715,32.80384],[-115.47377,32.80385],[-115.47383,32.80722],[-115.47412,32.80743],[-115.47485,32.80742],[-115.47489,32.81467],[-115.47447,32.81831],[-115.47394,32.8183],[-115.47397,32.82176],[-115.47398,32.82198],[-115.47116,32.82197],[-115.46699,32.82195],[-115.46574,32.82196],[-115.46546,32.82229],[-115.46546,32.82329],[-115.46546,32.82345],[-115.46546,32.82376],[-115.46547,32.82458],[-115.46512,32.82485],[-115.46372,32.82484],[-115.46256,32.82485],[-115.46118,32.82486],[-115.4568,32.82489],[-115.45656,32.8249],[-115.45485,32.8249],[-115.44825,32.82489],[-115.44825,32.82463]]]}},{"type":"Feature","properties":{"county_fips":25,"srprec":"585016","precinct_id":"025-585016","g22_asm":{"dem_pct":28.8,"margin_dem":-42.3,"votes_two_party":52},"g24_asm":{"dem_pct":30.8,"margin_dem":-38.5,"votes_two_party":65}},"geometry":{"type":"Polygon","coordinates":[[[-115.43997,32.86162],[-115.44021,32.86001],[-115.43847,32.85585],[-115.43599,32.85472],[-115.43443,32.8541],[-115.43347,32.85283],[-115.43238,32.85118],[-115.43298,32.84957],[-115.43352,32.84774],[-115.43887,32.84731],[-115.44674,32.84732],[-115.46552,32.84735],[-115.48073,32.84737],[-115.49279,32.84737],[-115.50716,32.84737],[-115.51843,32.84719],[-115.51951,32.84715],[-115.52046,32.84715],[-115.53564,32.84716],[-115.53561,32.85863],[-115.52562,32.86194],[-115.5156,32.86165],[-115.50915,32.86177],[-115.50914,32.86915],[-115.50914,32.88354],[-115.50115,32.88365],[-115.48405,32.88363],[-115.48358,32.88306],[-115.47515,32.88276],[-115.46102,32.8717],[-115.46139,32.8691],[-115.46572,32.86884],[-115.46557,32.86166],[-115.44803,32.86166],[-115.43997,32.86162]]]}},{"type":"Feature","properties":{"county_fips":25,"srprec":"585017","precinct_id":"025-585017","g22_asm":{"dem_pct":0.0,"margin_dem":-100.0,"votes_two_party":7},"g24_asm":{"dem_pct":0.0,"margin_dem":-100.0,"votes_two_party":10}},"geometry":{"type":"Polygon","coordinates":[[[-115.5104,32.86178],[-115.51135,32.86176],[-115.51527,32.86166],[-115.5156,32.86165],[-115.51888,32.8619],[-115.51915,32.8619],[-115.52174,32.86191],[-115.52455,32.86193],[-115.52468,32.86193],[-115.5296,32.86188],[-115.53225,32.86185],[-115.53543,32.86179],[-115.53561,32.86187],[-115.53557,32.86917],[-115.53385,32.86917],[-115.52868,32.86916],[-115.52693,32.86916],[-115.52295,32.86914],[-115.52124,32.86913],[-115.5184,32.86914],[-115.51836,32.86913],[-115.51833,32.86914],[-115.51098,32.86913],[-115.50993,32.86913],[-115.50914,32.86915],[-115.50898,32.86915],[-115.50908,32.86895],[-115.50914,32.86751],[-115.50913,32.86565],[-115.50915,32.86321],[-115.50925,32.86177],[-115.50966,32.86178],[-115.5104,32.86178]]]}},{"type":"Feature","properties":{"county_fips":25,"srprec":"585019","precinct_id":"025-585019","g22_asm":{"dem_pct":100.0,"margin_dem":100.0,"votes_two_party":1},"g24_asm":null},"geometry":{"type":"Polygon","coordinates":[[[-115.53494,32.92729],[-115.5268,32.92729],[-115.5183,32.92728],[-115.51538,32.92727],[-115.5091,32.92731],[-115.5091,32.92707],[-115.50912,32.92511],[-115.50911,32.92342],[-115.50912,32.92034],[-115.50911,32.91918],[-115.50911,32.91706],[-115.50913,32.91631],[-115.50912,32.91568],[-115.50912,32.91343],[-115.50913,32.91226],[-115.50913,32.91096],[-115.50912,32.90982],[-115.50912,32.90897],[-115.50912,32.90663],[-115.50912,32.90158],[-115.50913,32.89507],[-115.50913,32.88906],[-115.50914,32.8865],[-115.50914,32.88405],[-115.51048,32.88363],[-115.51648,32.88364],[-115.52173,32.88365],[-115.53551,32.88366],[-115.53552,32.89454],[-115.53556,32.89842],[-115.53552,32.91279],[-115.53553,32.91773],[-115.53554,32.9235],[-115.53554,32.92596],[-115.53554,32.92693],[-115.53554,32.92723],[-115.53494,32.92729]]]}},{"type":"Feature","properties":{"county_fips":25,"srprec":"585047","precinct_id":"025-585047","g22_asm":{"dem_pct":50.0,"margin_dem":0.0,"votes_two_party":6},"g24_asm":null},"geometry":{"type":"Polygon","coordinates":[[[-115.53125,32.88366],[-115.52689,32.88365],[-115.52173,32.88365],[-115.51833,32.88365],[-115.51831,32.88365],[-115.51648,32.88364],[-115.51098,32.88362],[-115.51063,32.88362],[-115.51048,32.88363],[-115.50961,32.88364],[-115.50914,32.88365],[-115.50914,32.88354],[-115.50914,32.88348],[-115.50914,32.88282],[-115.50915,32.88247],[-115.50915,32.88213],[-115.50915,32.88145],[-115.50914,32.88126],[-115.50914,32.88075],[-115.50914,32.87995],[-115.50913,32.8786],[-115.50914,32.87205],[-115.50914,32.86915],[-115.50966,32.86914],[-115.50993,32.86913],[-115.50995,32.86913],[-115.51098,32.86913],[-115.51651,32.86913],[-115.51833,32.86914],[-115.51835,32.86914],[-115.51836,32.86913],[-115.51839,32.86913],[-115.5184,32.86914],[-115.51911,32.86913],[-115.52124,32.86913],[-115.52195,32.86914],[-115.52295,32.86914],[-115.52596,32.86916],[-115.52693,32.86916],[-115.52696,32.86916],[-115.52868,32.86916],[-115.5312,32.86916],[-115.53385,32.86917],[-115.53526,32.86918],[-115.53557,32.86917],[-115.53557,32.86936],[-115.53557,32.87159],[-115.53558,32.87257],[-115.53558,32.87279],[-115.53557,32.87786],[-115.53556,32.87884],[-115.53554,32.88002],[-115.53553,32.88121],[-115.53553,32.88126],[-115.53553,32.88132],[-115.53553,32.88152],[-115.53553,32.88158],[-115.53552,32.882],[-115.53551,32.88268],[-115.53551,32.88324],[-115.53551,32.88343],[-115.53551,32.88366],[-115.53125,32.88366]]]}},{"type":"Feature","properties":{"county_fips":25,"srprec":"585049","precinct_id":"025-585049","g22_asm":{"dem_pct":53.1,"margin_dem":6.2,"votes_two_party":64},"g24_asm":{"dem_pct":40.7,"margin_dem":-18.5,"votes_two_party":81}},"geometry":{"type":"Polygon","coordinates":[[[-115.43483,32.84478],[-115.4348,32.84128],[-115.43521,32.84052],[-115.43455,32.83886],[-115.4367,32.83666],[-115.43715,32.83402],[-115.43709,32.83251],[-115.43612,32.83072],[-115.4364,32.82868],[-115.4359,32.82718],[-115.43488,32.82708],[-115.43354,32.8261],[-115.44003,32.82489],[-115.44822,32.82489],[-115.46227,32.82485],[-115.48389,32.8256],[-115.50029,32.82576],[-115.50488,32.82564],[-115.51677,32.82556],[-115.53565,32.82546],[-115.5357,32.83861],[-115.53559,32.84716],[-115.52037,32.84716],[-115.51951,32.84715],[-115.51843,32.84715],[-115.50751,32.84737],[-115.50101,32.84736],[-115.48368,32.84737],[-115.47421,32.84736],[-115.4587,32.84734],[-115.44057,32.8473],[-115.4366,32.8473],[-115.43456,32.84673],[-115.4346,32.84558],[-115.43483,32.84478]]]}},{"type":"Feature","properties":{"county_fips":25,"srprec":"585050","precinct_id":"025-585050","g22_asm":{"dem_pct":100.0,"margin_dem":100.0,"votes_two_party":2},"g24_asm":null},"geometry":{"type":"Polygon","coordinates":[[[-115.48346,32.92722],[-115.4779,32.93849],[-115.46115,32.93653],[-115.45842,32.93243],[-115.45824,32.92047],[-115.45822,32.91651],[-115.4571,32.91364],[-115.45773,32.90924],[-115.45544,32.90166],[-115.45294,32.89475],[-115.45404,32.88952],[-115.44975,32.88829],[-115.44984,32.88386],[-115.45326,32.87732],[-115.44992,32.87484],[-115.44798,32.87311],[-115.44484,32.87285],[-115.44337,32.87106],[-115.44165,32.86859],[-115.44196,32.86601],[-115.44041,32.863],[-115.45523,32.86167],[-115.46569,32.86832],[-115.46059,32.86909],[-115.46167,32.87473],[-115.48358,32.88301],[-115.48751,32.88363],[-115.5089,32.88365],[-115.50914,32.89937],[-115.50914,32.91195],[-115.50911,32.91894],[-115.5091,32.92726],[-115.49797,32.92724],[-115.48346,32.92722]]]}},{"type":"Feature","properties":{"county_fips":25,"srprec":"585229","precinct_id":"025-585229","g22_asm":{"dem_pct":91.7,"margin_dem":83.3,"votes_two_party":12},"g24_asm":{"dem_pct":88.2,"margin_dem":76.5,"votes_two_party":17}},"geometry":{"type":"Polygon","coordinates":[[[-115.55278,32.81141],[-115.55279,32.80384],[-115.55279,32.80379],[-115.55381,32.8038],[-115.55522,32.80382],[-115.55523,32.80381],[-115.55527,32.80381],[-115.55528,32.80381],[-115.55529,32.80381],[-115.55529,32.80381],[-115.55533,32.8038],[-115.55534,32.8038],[-115.55564,32.8046],[-115.5561,32.80582],[-115.55654,32.807],[-115.55684,32.8078],[-115.55697,32.80812],[-115.55731,32.80895],[-115.55736,32.80909],[-115.55749,32.80941],[-115.55773,32.80999],[-115.55842,32.81171],[-115.55866,32.81228],[-115.55911,32.81345],[-115.56045,32.81697],[-115.5609,32.81814],[-115.5609,32.81817],[-115.56091,32.81828],[-115.56091,32.81831],[-115.55932,32.81831],[-115.55453,32.81829],[-115.55293,32.81829],[-115.55291,32.81829],[-115.55284,32.8183],[-115.55282,32.8183],[-115.55282,32.81815],[-115.55278,32.81141]]]}},{"type":"Feature","properties":{"county_fips":25,"srprec":"585272","precinct_id":"025-585272","g22_asm":{"dem_pct":12.5,"margin_dem":-75.0,"votes_two_party":8},"g24_asm":{"dem_pct":60.0,"margin_dem":20.0,"votes_two_party":10}},"geometry":{"type":"Polygon","coordinates":[[[-115.54264,32.81828],[-115.53744,32.81835],[-115.53584,32.81837],[-115.53576,32.81837],[-115.5357,32.81836],[-115.5357,32.81832],[-115.5357,32.81819],[-115.5357,32.81815],[-115.5357,32.81669],[-115.53567,32.81105],[-115.53567,32.81104],[-115.5357,32.80381],[-115.5357,32.80381],[-115.53576,32.80381],[-115.53659,32.80381],[-115.53983,32.80382],[-115.53983,32.80382],[-115.53983,32.80749],[-115.54063,32.80749],[-115.54415,32.80749],[-115.54433,32.80749],[-115.54847,32.80749],[-115.54847,32.80518],[-115.54847,32.80515],[-115.54855,32.80515],[-115.54906,32.80514],[-115.54906,32.80429],[-115.54907,32.80407],[-115.54907,32.80384],[-115.54932,32.80384],[-115.54958,32.80385],[-115.55007,32.80385],[-115.55032,32.80385],[-115.55032,32.80403],[-115.55032,32.80456],[-115.55033,32.80474],[-115.55033,32.80491],[-115.55035,32.80541],[-115.55035,32.80558],[-115.55035,32.80571],[-115.55036,32.80593],[-115.55051,32.80593],[-115.55064,32.80593],[-115.5509,32.80593],[-115.55139,32.80593],[-115.55162,32.80593],[-115.55162,32.80585],[-115.55162,32.80558],[-115.55161,32.80541],[-115.55161,32.8049],[-115.55161,32.80473],[-115.55162,32.80385],[-115.55279,32.80384],[-115.55278,32.81141],[-115.55282,32.81815],[-115.55282,32.8183],[-115.55275,32.8183],[-115.55113,32.81829],[-115.54607,32.81827],[-115.54438,32.81826],[-115.54264,32.81828]]]}},{"type":"Feature","properties":{"county_fips":25,"srprec":"586005","precinct_id":"025-586005","g22_asm":{"dem_pct":38.6,"margin_dem":-22.7,"votes_two_party":44},"g24_asm":{"dem_pct":42.6,"margin_dem":-14.9,"votes_two_party":47}},"geometry":{"type":"MultiPolygon","coordinates":[[[[-114.50466,33.01451],[-114.49218,32.97102],[-114.53118,32.82057],[-114.53279,32.82114],[-114.53447,32.82145],[-114.53678,32.82088],[-114.53899,32.82065],[-114.54052,32.82168],[-114.54321,32.82232],[-114.54776,32.82187],[-114.54978,32.82069],[-114.55221,32.81925],[-114.55689,32.81866],[-114.56448,32.81739],[-114.57063,32.81596],[-114.57347,32.81399],[-114.57708,32.81179],[-114.58197,32.80459],[-114.58648,32.80409],[-114.58832,32.80807],[-114.59521,32.80896],[-114.60619,32.80497],[-114.6131,32.79729],[-114.61583,32.7943],[-114.62356,32.78599],[-114.66322,32.85893],[-114.66232,33.03193],[-114.65266,33.04048],[-114.6527,33.04111],[-114.63881,33.04386],[-114.62973,33.03255],[-114.60101,33.02541],[-114.5814,33.03254],[-114.50466,33.01451]]],[[[-114.59515,32.7539],[-114.59514,32.75504],[-114.59506,32.75617],[-114.59489,32.75708],[-114.59456,32.75809],[-114.59402,32.75926],[-114.59345,32.76026],[-114.59283,32.76132],[-114.59138,32.76376],[-114.59031,32.76557],[-114.58964,32.76672],[-114.58943,32.76727],[-114.58959,32.76729],[-114.58938,32.76763],[-114.58873,32.76873],[-114.58781,32.7702],[-114.5861,32.77308],[-114.58543,32.77395],[-114.58508,32.77447],[-114.58523,32.77476],[-114.58492,32.77475],[-114.58449,32.77477],[-114.58428,32.77477],[-114.58268,32.775],[-114.58139,32.77567],[-114.5799,32.77626],[-114.57843,32.77672],[-114.57751,32.77708],[-114.57723,32.77717],[-114.57328,32.77853],[-114.57005,32.77961],[-114.56898,32.77986],[-114.59515,32.7539]]]]}},{"type":"Feature","properties":{"county_fips":25,"srprec":"586007","precinct_id":"025-586007","g22_asm":{"dem_pct":33.3,"margin_dem":-33.3,"votes_two_party":3},"g24_asm":{"dem_pct":54.5,"margin_dem":9.1,"votes_two_party":11}},"geometry":{"type":"MultiPolygon","coordinates":[[[[-114.65352,32.73344],[-114.65953,32.73383],[-114.67134,32.73488],[-114.67888,32.73661],[-114.68416,32.73752],[-114.68928,32.73793],[-114.69214,32.74034],[-114.69696,32.74344],[-114.70115,32.74566],[-114.70404,32.74348],[-114.70755,32.73827],[-114.77077,32.74354],[-114.75948,32.74749],[-114.75276,32.74697],[-114.74131,32.74706],[-114.73715,32.74637],[-114.73027,32.74464],[-114.71946,32.74353],[-114.71469,32.74335],[-114.7088,32.74718],[-114.70627,32.74946],[-114.70372,32.75018],[-114.69802,32.75073],[-114.68906,32.75573],[-114.68927,32.75162],[-114.67922,32.74371],[-114.68371,32.74181],[-114.69388,32.7465],[-114.68868,32.74314],[-114.66824,32.73849],[-114.65366,32.73715],[-114.64836,32.73666],[-114.63969,32.73416],[-114.65352,32.73344]]],[[[-114.95767,32.70276],[-114.98094,32.70115],[-114.98365,32.70453],[-114.98369,32.70825],[-114.97686,32.70837],[-114.96791,32.70855],[-114.96212,32.70867],[-114.94933,32.70889],[-114.94463,32.70886],[-114.94155,32.7089],[-114.93816,32.70934],[-114.93119,32.71057],[-114.92757,32.71128],[-114.92483,32.71229],[-114.92204,32.7139],[-114.91902,32.7168],[-114.91557,32.72126],[-114.91196,32.7259],[-114.91002,32.72816],[-114.90773,32.7298],[-114.88437,32.74127],[-114.8821,32.74247],[-114.87876,32.74505],[-114.8765,32.74651],[-114.87025,32.74961],[-114.86715,32.7511],[-114.86299,32.75317],[-114.85941,32.75492],[-114.85676,32.75622],[-114.85387,32.75752],[-114.84809,32.75903],[-114.84286,32.76035],[-114.84034,32.76072],[-114.83674,32.76031],[-114.79321,32.72511],[-114.95767,32.70276]]],[[[-115.55668,32.82829],[-115.55667,32.82758],[-115.55667,32.82723],[-115.55666,32.82686],[-115.55504,32.82686],[-115.55504,32.82575],[-115.55503,32.82543],[-115.55556,32.82541],[-115.55732,32.82542],[-115.55845,32.82542],[-115.55886,32.82543],[-115.559,32.82542],[-115.559,32.82574],[-115.55897,32.82602],[-115.55898,32.82672],[-115.55753,32.82673],[-115.55754,32.82746],[-115.55898,32.82743],[-115.55898,32.82815],[-115.55899,32.82885],[-115.55899,32.82924],[-115.55899,32.82959],[-115.55754,32.82959],[-115.55753,32.83034],[-115.55681,32.83036],[-115.55666,32.83036],[-115.55668,32.82829]]]]}},{"type":"Feature","properties":{"county_fips":25,"srprec":"586008","precinct_id":"025-586008","g22_asm":{"dem_pct":75.0,"margin_dem":50.0,"votes_two_party":96},"g24_asm":{"dem_pct":71.4,"margin_dem":42.9,"votes_two_party":175}},"geometry":{"type":"MultiPolygon","coordinates":[[[[-114.56879,32.77987],[-114.58268,32.775],[-114.58838,32.76927],[-114.59376,32.7597],[-114.63316,32.73447],[-114.63325,32.7407],[-114.63755,32.74105],[-114.63973,32.73714],[-114.65217,32.73716],[-114.6917,32.74471],[-114.67728,32.74127],[-114.68768,32.756],[-114.70471,32.75044],[-114.69559,32.75585],[-114.68628,32.76049],[-114.64816,32.76868],[-114.63655,32.77715],[-114.63469,32.77839],[-114.63781,32.77832],[-114.61621,32.79358],[-114.61157,32.79905],[-114.59633,32.80869],[-114.58787,32.80664],[-114.58142,32.80766],[-114.57415,32.8135],[-114.56807,32.81678],[-114.55679,32.81866],[-114.55039,32.82033],[-114.54766,32.82218],[-114.54068,32.8218],[-114.53761,32.82068],[-114.53405,32.82142],[-114.53151,32.82071],[-114.56879,32.77987]]],[[[-114.71486,32.74311],[-114.71486,32.74317],[-114.71479,32.74357],[-114.71468,32.74387],[-114.71433,32.74442],[-114.7139,32.74483],[-114.7138,32.7449],[-114.71342,32.74517],[-114.70982,32.74691],[-114.70849,32.74745],[-114.70845,32.74746],[-114.70821,32.74757],[-114.70816,32.74759],[-114.7081,32.74763],[-114.70755,32.74793],[-114.7069,32.74851],[-114.70644,32.7492],[-114.70641,32.74921],[-114.70635,32.74921],[-114.70631,32.74921],[-114.70628,32.74921],[-114.70653,32.7488],[-114.70687,32.74837],[-114.70725,32.74798],[-114.70756,32.74779],[-114.70809,32.74749],[-114.7088,32.74718],[-114.70965,32.74678],[-114.71084,32.7462],[-114.71201,32.74567],[-114.71355,32.74493],[-114.71373,32.74481],[-114.71384,32.74475],[-114.71407,32.74456],[-114.71427,32.74432],[-114.71446,32.74404],[-114.71461,32.74371],[-114.71469,32.74335],[-114.71469,32.74309],[-114.71486,32.74311]]],[[[-114.72004,32.7436],[-114.7201,32.74348],[-114.72011,32.74348],[-114.72004,32.7436]]],[[[-114.73716,32.7465],[-114.73628,32.74628],[-114.734,32.7456],[-114.73252,32.74518],[-114.73192,32.74504],[-114.73121,32.74491],[-114.73059,32.74481],[-114.73007,32.74475],[-114.72945,32.74467],[-114.72878,32.7446],[-114.72814,32.74454],[-114.72792,32.74451],[-114.72589,32.74427],[-114.72482,32.74414],[-114.72425,32.74409],[-114.72312,32.74394],[-114.72333,32.74393],[-114.72357,32.74392],[-114.72384,32.74389],[-114.72654,32.74421],[-114.73027,32.74464],[-114.73081,32.74471],[-114.73134,32.7448],[-114.73203,32.74492],[-114.73254,32.74503],[-114.73317,32.7452],[-114.73455,32.7456],[-114.73494,32.74572],[-114.73621,32.74611],[-114.73654,32.74621],[-114.73687,32.7463],[-114.73715,32.74637],[-114.73716,32.7465]]],[[[-114.75445,32.76064],[-114.75446,32.76072],[-114.75447,32.76085],[-114.75446,32.76118],[-114.75446,32.76134],[-114.75445,32.76181],[-114.75445,32.76226],[-114.75444,32.76324],[-114.75444,32.76372],[-114.75438,32.76371],[-114.75423,32.76367],[-114.75418,32.76365],[-114.75386,32.76325],[-114.75377,32.76315],[-114.75361,32.76237],[-114.75358,32.76176],[-114.75356,32.76125],[-114.75357,32.76112],[-114.75361,32.76073],[-114.75362,32.7606],[-114.75362,32.76055],[-114.75364,32.76042],[-114.75364,32.76038],[-114.75369,32.75978],[-114.75382,32.758],[-114.75387,32.75741],[-114.75389,32.75722],[-114.75381,32.75607],[-114.75378,32.75605],[-114.75373,32.756],[-114.75362,32.75497],[-114.75354,32.75488],[-114.75352,32.75391],[-114.75366,32.75309],[-114.75401,32.75205],[-114.75413,32.75171],[-114.75448,32.75105],[-114.75467,32.75086],[-114.75465,32.75097],[-114.75462,32.75134],[-114.7546,32.75171],[-114.75459,32.75204],[-114.75453,32.75556],[-114.75452,32.75587],[-114.75451,32.75674],[-114.75451,32.75727],[-114.75451,32.75738],[-114.7545,32.75782],[-114.75449,32.75884],[-114.75448,32.75937],[-114.75448,32.75958],[-114.75447,32.7602],[-114.75447,32.76041],[-114.75447,32.76044],[-114.75447,32.76051],[-114.75446,32.76053],[-114.75446,32.76056],[-114.75445,32.76064]]]]}},{"type":"Feature","properties":{"county_fips":25,"srprec":"586009","precinct_id":"025-586009","g22_asm":{"dem_pct":33.3,"margin_dem":-33.3,"votes_two_party":6},"g24_asm":null},"geometry":{"type":"Polygon","coordinates":[[[-114.63377,32.78161],[-114.64178,32.77514],[-114.63804,32.77734],[-114.63468,32.77837],[-114.63524,32.7774],[-114.63598,32.77732],[-114.63899,32.77484],[-114.64161,32.76924],[-114.66201,32.76757],[-114.67478,32.76491],[-114.68628,32.76049],[-114.69085,32.75708],[-114.69439,32.75626],[-114.69761,32.75373],[-114.70402,32.75191],[-114.70597,32.74993],[-114.71342,32.74517],[-114.7155,32.74314],[-114.72482,32.74414],[-114.734,32.7456],[-114.741,32.74706],[-114.75036,32.74698],[-114.75464,32.74931],[-114.75476,32.75024],[-114.75366,32.75309],[-114.75364,32.76038],[-114.75418,32.76365],[-114.7544,32.76705],[-114.75429,32.77471],[-114.75234,32.77585],[-114.75206,32.77914],[-114.75205,32.7812],[-114.74674,32.78195],[-114.73707,32.7818],[-114.63377,32.78161]]]}},{"type":"Feature","properties":{"county_fips":25,"srprec":"586010","precinct_id":"025-586010","g22_asm":{"dem_pct":70.9,"margin_dem":41.8,"votes_two_party":55},"g24_asm":{"dem_pct":63.9,"margin_dem":27.7,"votes_two_party":83}},"geometry":{"type":"Polygon","coordinates":[[[-114.63969,32.73376],[-114.63969,32.73404],[-114.63971,32.73442],[-114.63971,32.73469],[-114.63971,32.73502],[-114.63972,32.73601],[-114.63973,32.73725],[-114.6397,32.73788],[-114.63754,32.73781],[-114.63753,32.73805],[-114.63753,32.73812],[-114.63754,32.73901],[-114.63753,32.73914],[-114.63753,32.73952],[-114.63753,32.73988],[-114.63753,32.74006],[-114.63754,32.74044],[-114.63755,32.74086],[-114.63755,32.74097],[-114.63755,32.74129],[-114.63756,32.74154],[-114.63738,32.74188],[-114.63715,32.74191],[-114.63589,32.7419],[-114.63587,32.7419],[-114.63543,32.7419],[-114.63429,32.74189],[-114.6341,32.74189],[-114.63369,32.74189],[-114.63325,32.7418],[-114.63325,32.74148],[-114.63325,32.74121],[-114.63324,32.74053],[-114.63323,32.74011],[-114.63322,32.73864],[-114.63324,32.73796],[-114.63325,32.73774],[-114.63325,32.73756],[-114.63325,32.73717],[-114.63324,32.73625],[-114.63321,32.73595],[-114.63313,32.73579],[-114.63312,32.73569],[-114.63316,32.73513],[-114.63317,32.73459],[-114.63315,32.73422],[-114.63311,32.73394],[-114.63969,32.73376]]]}},{"type":"Feature","properties":{"county_fips":25,"srprec":"586032","precinct_id":"025-586032","g22_asm":{"dem_pct":6.2,"margin_dem":-87.5,"votes_two_party":16},"g24_asm":{"dem_pct":11.8,"margin_dem":-76.5,"votes_two_party":17}},"geometry":{"type":"MultiPolygon","coordinates":[[[[-114.65728,33.41289],[-114.68795,33.41793],[-114.70418,33.40803],[-114.72123,33.39691],[-114.71352,33.38818],[-114.70707,33.37951],[-114.7282,33.29666],[-114.68902,33.08404],[-114.67506,33.04718],[-114.66383,33.02716],[-114.751,32.78196],[-114.75233,32.77586],[-114.79023,32.78762],[-114.8826,32.85107],[-114.9326,32.98543],[-115.08531,33.00634],[-115.24289,33.14659],[-115.24306,33.20509],[-115.24297,33.41924],[-115.21583,33.42853],[-115.1407,33.42895],[-115.06523,33.42811],[-114.96734,33.42965],[-114.87717,33.43027],[-114.81547,33.43371],[-114.76832,33.43374],[-114.73982,33.43371],[-114.73349,33.42933],[-114.72353,33.42624],[-114.72993,33.42977],[-114.70863,33.43365],[-114.66739,33.43372],[-114.62874,33.43355],[-114.65728,33.41289]]],[[[-114.6384,33.04335],[-114.63881,33.04386],[-114.63881,33.04438],[-114.63872,33.04426],[-114.63859,33.0441],[-114.63833,33.04374],[-114.63801,33.04331],[-114.63782,33.04312],[-114.63782,33.04312],[-114.63644,33.0418],[-114.6384,33.04335]]],[[[-114.65238,33.04098],[-114.65265,33.0402],[-114.65292,33.03983],[-114.65317,33.03974],[-114.65336,33.03983],[-114.6532,33.0401],[-114.65319,33.04009],[-114.65317,33.04006],[-114.65312,33.04004],[-114.65307,33.04004],[-114.65305,33.04004],[-114.65299,33.04007],[-114.65295,33.0401],[-114.65289,33.04017],[-114.6528,33.04028],[-114.65266,33.04046],[-114.65266,33.04048],[-114.65259,33.04062],[-114.65246,33.04085],[-114.65239,33.04101],[-114.65238,33.04098]]],[[[-114.76341,32.75094],[-114.75646,32.75094],[-114.75496,32.75094],[-114.75496,32.76055],[-114.75446,32.76056],[-114.75446,32.76053],[-114.75447,32.76051],[-114.75447,32.76044],[-114.75447,32.76041],[-114.75447,32.7602],[-114.75448,32.75958],[-114.75448,32.75937],[-114.75449,32.75884],[-114.7545,32.75782],[-114.75451,32.75738],[-114.75451,32.75727],[-114.75451,32.75674],[-114.75452,32.75587],[-114.75453,32.75556],[-114.75459,32.75204],[-114.7546,32.75171],[-114.75462,32.75134],[-114.75465,32.75097],[-114.75467,32.75086],[-114.75469,32.75074],[-114.7547,32.75067],[-114.7547,32.75061],[-114.75472,32.75048],[-114.75475,32.75035],[-114.75476,32.75025],[-114.75476,32.75024],[-114.75476,32.75013],[-114.75476,32.75011],[-114.75476,32.75005],[-114.75476,32.75004],[-114.75475,32.74997],[-114.75474,32.74986],[-114.75473,32.74976],[-114.75473,32.74976],[-114.75472,32.74969],[-114.75468,32.7495],[-114.75464,32.74931],[-114.75463,32.7492],[-114.75463,32.74911],[-114.75463,32.74898],[-114.75463,32.74895],[-114.75463,32.74876],[-114.75463,32.74793],[-114.75466,32.74697],[-114.75541,32.74696],[-114.75626,32.74701],[-114.75696,32.74707],[-114.75749,32.74713],[-114.7581,32.74721],[-114.75882,32.74735],[-114.7593,32.74743],[-114.75948,32.74749],[-114.75974,32.7475],[-114.76278,32.74805],[-114.76353,32.74818],[-114.76354,32.74818],[-114.76353,32.74843],[-114.76341,32.75094]]]]}},{"type":"Feature","properties":{"county_fips":25,"srprec":"586037","precinct_id":"025-586037","g22_asm":{"dem_pct":44.7,"margin_dem":-10.6,"votes_two_party":47},"g24_asm":{"dem_pct":24.1,"margin_dem":-51.9,"votes_two_party":54}},"geometry":{"type":"Polygon","coordinates":[[[-114.73368,33.43329],[-114.73357,33.4337],[-114.73337,33.4337],[-114.73266,33.43369],[-114.73236,33.43369],[-114.73177,33.43368],[-114.7316,33.43368],[-114.73144,33.43368],[-114.73111,33.43368],[-114.73053,33.43368],[-114.73018,33.43368],[-114.72974,33.4329],[-114.72989,33.4313],[-114.72993,33.42977],[-114.72947,33.42933],[-114.72924,33.42918],[-114.72916,33.42912],[-114.72863,33.4288],[-114.72813,33.42848],[-114.72728,33.4277],[-114.72675,33.42718],[-114.72578,33.42665],[-114.7237,33.42627],[-114.72394,33.42587],[-114.72556,33.4245],[-114.72578,33.42442],[-114.7259,33.42415],[-114.72591,33.4229],[-114.72736,33.42254],[-114.73048,33.42548],[-114.73144,33.42618],[-114.73282,33.42627],[-114.7335,33.42933],[-114.73354,33.4306],[-114.73362,33.4325],[-114.73368,33.43329]]]}},{"type":"Feature","properties":{"county_fips":25,"srprec":"586065","precinct_id":"025-586065","g22_asm":{"dem_pct":0.0,"margin_dem":-100.0,"votes_two_party":3},"g24_asm":null},"geometry":{"type":"Polygon","coordinates":[[[-114.79321,32.72511],[-114.8307,32.75966],[-114.83555,32.76234],[-114.83648,32.76308],[-114.87359,32.78218],[-114.88776,32.80653],[-114.91519,32.83788],[-114.93161,32.87723],[-114.92861,32.88719],[-114.92423,32.88375],[-114.91746,32.87846],[-114.89768,32.86303],[-114.8869,32.85448],[-114.87768,32.84717],[-114.8707,32.84163],[-114.85464,32.82887],[-114.84132,32.81831],[-114.83543,32.81363],[-114.82112,32.80259],[-114.79778,32.79565],[-114.7719,32.78762],[-114.75689,32.78037],[-114.75601,32.77932],[-114.75552,32.77887],[-114.75425,32.77766],[-114.75426,32.77752],[-114.75428,32.77536],[-114.7543,32.77348],[-114.75431,32.77293],[-114.75439,32.76812],[-114.75443,32.76489],[-114.75444,32.76392],[-114.75445,32.76181],[-114.75446,32.76072],[-114.75496,32.75094],[-114.76354,32.74818],[-114.7649,32.74351],[-114.7719,32.74355],[-114.78046,32.73632],[-114.79321,32.72511]]]}},{"type":"Feature","properties":{"county_fips":25,"srprec":"586201","precinct_id":"025-586201","g22_asm":{"dem_pct":100.0,"margin_dem":100.0,"votes_two_party":2},"g24_asm":null},"geometry":{"type":"Polygon","coordinates":[[[-115.48239,32.71576],[-115.48247,32.7086],[-115.4881,32.70861],[-115.49106,32.70865],[-115.49258,32.70871],[-115.49925,32.70875],[-115.49968,32.70907],[-115.49973,32.71091],[-115.49973,32.71329],[-115.49979,32.7156],[-115.50001,32.71819],[-115.50035,32.72338],[-115.50047,32.72949],[-115.50033,32.73068],[-115.50012,32.73068],[-115.49899,32.73068],[-115.49739,32.73066],[-115.49738,32.73788],[-115.49971,32.73788],[-115.50014,32.73788],[-115.50054,32.73788],[-115.50055,32.73788],[-115.50067,32.7409],[-115.50081,32.75228],[-115.50059,32.75247],[-115.50019,32.75244],[-115.49253,32.75243],[-115.48722,32.75241],[-115.48234,32.75211],[-115.48256,32.74462],[-115.48282,32.73833],[-115.48265,32.73042],[-115.48257,32.72305],[-115.48239,32.71576]]]}},{"type":"Feature","properties":{"county_fips":25,"srprec":"586213","precinct_id":"025-586213","g22_asm":{"dem_pct":100.0,"margin_dem":100.0,"votes_two_party":3},"g24_asm":null},"geometry":{"type":"Polygon","coordinates":[[[-115.502,32.75586],[-115.5009,32.75585],[-115.50071,32.75585],[-115.50068,32.75585],[-115.50049,32.75585],[-115.49554,32.75611],[-115.49563,32.75952],[-115.49305,32.75959],[-115.48835,32.75955],[-115.48498,32.75952],[-115.48325,32.75971],[-115.48258,32.75948],[-115.47945,32.75945],[-115.47835,32.75943],[-115.47833,32.75221],[-115.48155,32.75227],[-115.48514,32.75237],[-115.4893,32.75243],[-115.49803,32.75244],[-115.50025,32.75245],[-115.50059,32.75247],[-115.50218,32.75245],[-115.50433,32.75249],[-115.50783,32.75253],[-115.50951,32.75248],[-115.51025,32.75239],[-115.51487,32.75241],[-115.51691,32.75242],[-115.51761,32.75247],[-115.51771,32.75751],[-115.51772,32.75877],[-115.51767,32.75975],[-115.50901,32.75985],[-115.50895,32.75626],[-115.50586,32.75592],[-115.502,32.75586]]]}},{"type":"Feature","properties":{"county_fips":25,"srprec":"587234","precinct_id":"025-587234","g22_asm":{"dem_pct":20.0,"margin_dem":-60.0,"votes_two_party":10},"g24_asm":{"dem_pct":45.0,"margin_dem":-10.0,"votes_two_party":20}},"geometry":{"type":"Polygon","coordinates":[[[-115.53489,32.75256],[-115.53482,32.75326],[-115.53485,32.75337],[-115.53484,32.75347],[-115.53483,32.75405],[-115.53487,32.75573],[-115.53491,32.75838],[-115.53494,32.75967],[-115.53474,32.75966],[-115.52626,32.75969],[-115.52627,32.76066],[-115.52626,32.76327],[-115.52629,32.76352],[-115.52638,32.76668],[-115.52638,32.76693],[-115.52296,32.76693],[-115.52171,32.7669],[-115.51922,32.7669],[-115.51772,32.76693],[-115.5177,32.76675],[-115.5177,32.76666],[-115.5176,32.76133],[-115.5176,32.76017],[-115.51766,32.75981],[-115.52181,32.75979],[-115.52163,32.75249],[-115.52499,32.75248],[-115.52758,32.7525],[-115.52844,32.7525],[-115.53191,32.7525],[-115.53276,32.75249],[-115.5336,32.75249],[-115.53458,32.75244],[-115.53485,32.75239],[-115.53489,32.75256]]]}},{"type":"Feature","properties":{"county_fips":25,"srprec":"587235","precinct_id":"025-587235","g22_asm":{"dem_pct":30.6,"margin_dem":-38.8,"votes_two_party":49},"g24_asm":{"dem_pct":27.0,"margin_dem":-46.0,"votes_two_party":63}},"geometry":{"type":"Polygon","coordinates":[[[-115.53904,32.75238],[-115.54045,32.75237],[-115.54313,32.75237],[-115.54333,32.75237],[-115.54414,32.75236],[-115.54755,32.75237],[-115.55182,32.75239],[-115.55188,32.75355],[-115.55191,32.75509],[-115.55195,32.75846],[-115.55196,32.75935],[-115.55196,32.75943],[-115.55197,32.75969],[-115.55164,32.76052],[-115.55011,32.75982],[-115.54784,32.75666],[-115.54753,32.75646],[-115.54603,32.75645],[-115.54471,32.75643],[-115.54403,32.75641],[-115.54331,32.75783],[-115.54333,32.76015],[-115.54352,32.76322],[-115.5438,32.76347],[-115.54487,32.76425],[-115.54447,32.76596],[-115.54446,32.76615],[-115.54429,32.76694],[-115.54356,32.76694],[-115.54278,32.76694],[-115.54043,32.76695],[-115.53929,32.76404],[-115.53603,32.75529],[-115.5357,32.75238],[-115.53871,32.75238],[-115.53904,32.75238]]]}},{"type":"Feature","properties":{"county_fips":25,"srprec":"588214","precinct_id":"025-588214","g22_asm":{"dem_pct":75.0,"margin_dem":50.0,"votes_two_party":20},"g24_asm":{"dem_pct":39.6,"margin_dem":-20.8,"votes_two_party":48}},"geometry":{"type":"Polygon","coordinates":[[[-115.50006,32.82561],[-115.497,32.82569],[-115.49232,32.82569],[-115.4893,32.82561],[-115.46548,32.82559],[-115.46547,32.82458],[-115.46546,32.82349],[-115.46546,32.82329],[-115.46547,32.82196],[-115.46699,32.82195],[-115.47272,32.82197],[-115.47397,32.82176],[-115.47447,32.81831],[-115.47489,32.81467],[-115.47423,32.80743],[-115.47383,32.80722],[-115.47385,32.80385],[-115.47577,32.80384],[-115.47658,32.80384],[-115.47783,32.80385],[-115.47907,32.80383],[-115.48179,32.80382],[-115.4836,32.80381],[-115.48419,32.80379],[-115.48444,32.80376],[-115.48479,32.80372],[-115.48596,32.80349],[-115.49193,32.80227],[-115.49258,32.80211],[-115.49699,32.80107],[-115.50016,32.80032],[-115.50031,32.80368],[-115.50059,32.80689],[-115.50053,32.81139],[-115.50043,32.81839],[-115.50011,32.81925],[-115.50006,32.82561]]]}},{"type":"Feature","properties":{"county_fips":25,"srprec":"588215","precinct_id":"025-588215","g22_asm":{"dem_pct":37.5,"margin_dem":-25.0,"votes_two_party":16},"g24_asm":{"dem_pct":53.1,"margin_dem":6.2,"votes_two_party":32}},"geometry":{"type":"Polygon","coordinates":[[[-115.50063,32.80366],[-115.50016,32.80032],[-115.49611,32.80128],[-115.49196,32.80226],[-115.48596,32.80349],[-115.48479,32.80372],[-115.48423,32.80378],[-115.4836,32.80381],[-115.48087,32.80383],[-115.4782,32.80384],[-115.47658,32.80384],[-115.47427,32.80385],[-115.47377,32.80379],[-115.47377,32.80349],[-115.47377,32.80322],[-115.47377,32.80165],[-115.47089,32.7996],[-115.46956,32.78481],[-115.47047,32.78147],[-115.47264,32.78146],[-115.47354,32.78141],[-115.47383,32.78061],[-115.47378,32.77751],[-115.4738,32.77576],[-115.4738,32.77469],[-115.4738,32.77368],[-115.4843,32.7737],[-115.4921,32.77385],[-115.49896,32.77389],[-115.50102,32.77379],[-115.50131,32.7739],[-115.50146,32.77838],[-115.50236,32.78182],[-115.50216,32.78374],[-115.50137,32.78762],[-115.50145,32.79057],[-115.50155,32.79966],[-115.50063,32.80362],[-115.50063,32.80366]]]}},{"type":"Feature","properties":{"county_fips":25,"srprec":"588259","precinct_id":"025-588259","g22_asm":{"dem_pct":33.3,"margin_dem":-33.3,"votes_two_party":3},"g24_asm":null},"geometry":{"type":"Polygon","coordinates":[[[-115.4738,32.77435],[-115.4738,32.77469],[-115.4738,32.77538],[-115.4738,32.77576],[-115.4738,32.77653],[-115.47378,32.77751],[-115.47382,32.77931],[-115.47383,32.78061],[-115.47378,32.78138],[-115.47354,32.78141],[-115.47301,32.78146],[-115.47264,32.78146],[-115.47142,32.78147],[-115.47047,32.78147],[-115.46958,32.78146],[-115.46538,32.78147],[-115.46519,32.78147],[-115.46432,32.78147],[-115.46103,32.78147],[-115.45751,32.78147],[-115.45658,32.78146],[-115.45636,32.78146],[-115.45472,32.78146],[-115.44847,32.78145],[-115.44813,32.78121],[-115.44808,32.77768],[-115.44805,32.77362],[-115.44833,32.77337],[-115.45632,32.7734],[-115.45632,32.77364],[-115.45655,32.77364],[-115.46244,32.77366],[-115.46544,32.77367],[-115.46557,32.77367],[-115.46908,32.77367],[-115.4718,32.77367],[-115.4738,32.77368],[-115.4738,32.77435]]]}},{"type":"Feature","properties":{"county_fips":25,"srprec":"588260","precinct_id":"025-588260","g22_asm":{"dem_pct":61.0,"margin_dem":21.9,"votes_two_party":146},"g24_asm":{"dem_pct":54.4,"margin_dem":8.7,"votes_two_party":287}},"geometry":{"type":"Polygon","coordinates":[[[-115.50162,32.78149],[-115.50146,32.77803],[-115.50131,32.7739],[-115.50153,32.77362],[-115.5136,32.77372],[-115.52645,32.7737],[-115.52645,32.77396],[-115.52228,32.77783],[-115.52656,32.7785],[-115.52657,32.77975],[-115.52658,32.78127],[-115.52659,32.7815],[-115.52665,32.78508],[-115.52663,32.78525],[-115.52656,32.78626],[-115.52648,32.78659],[-115.52646,32.78671],[-115.52615,32.78813],[-115.52549,32.79007],[-115.52346,32.79179],[-115.5223,32.7928],[-115.52178,32.79282],[-115.52084,32.79282],[-115.52041,32.79282],[-115.51879,32.79282],[-115.51817,32.79282],[-115.518,32.79282],[-115.5165,32.79283],[-115.51138,32.79283],[-115.50965,32.7928],[-115.50471,32.79237],[-115.50145,32.79057],[-115.50135,32.78791],[-115.50185,32.78519],[-115.50228,32.78316],[-115.50236,32.78182],[-115.50162,32.78149]]]}},{"type":"Feature","properties":{"county_fips":25,"srprec":"588263","precinct_id":"025-588263","g22_asm":{"dem_pct":60.0,"margin_dem":20.0,"votes_two_party":10},"g24_asm":{"dem_pct":35.7,"margin_dem":-28.6,"votes_two_party":14}},"geometry":{"type":"Polygon","coordinates":[[[-115.52638,32.76693],[-115.5264,32.76827],[-115.5264,32.76834],[-115.5264,32.76926],[-115.5264,32.76926],[-115.52643,32.77103],[-115.52648,32.77307],[-115.52645,32.7737],[-115.51812,32.7737],[-115.51278,32.7737],[-115.50153,32.77362],[-115.50102,32.7736],[-115.50089,32.76985],[-115.50077,32.76666],[-115.50075,32.76475],[-115.50069,32.76033],[-115.50069,32.75957],[-115.50064,32.75611],[-115.50064,32.75585],[-115.50068,32.75585],[-115.5007,32.75585],[-115.50071,32.75585],[-115.5008,32.75585],[-115.5009,32.75585],[-115.50093,32.75585],[-115.502,32.75586],[-115.50586,32.75592],[-115.50865,32.75601],[-115.50895,32.75626],[-115.50898,32.75873],[-115.50901,32.75985],[-115.5176,32.75981],[-115.51759,32.76042],[-115.51767,32.76446],[-115.5177,32.76671],[-115.5177,32.76684],[-115.51802,32.76693],[-115.52012,32.76689],[-115.52262,32.76691],[-115.52638,32.76693]]]}},{"type":"Feature","properties":{"county_fips":25,"srprec":"588270","precinct_id":"025-588270","g22_asm":{"dem_pct":51.2,"margin_dem":2.4,"votes_two_party":41},"g24_asm":{"dem_pct":40.7,"margin_dem":-18.5,"votes_two_party":54}},"geometry":{"type":"Polygon","coordinates":[[[-115.50006,32.82561],[-115.50013,32.81858],[-115.50049,32.81422],[-115.50059,32.80689],[-115.50063,32.80362],[-115.50155,32.79966],[-115.50566,32.79851],[-115.50973,32.79759],[-115.50988,32.79758],[-115.51657,32.79619],[-115.51831,32.79617],[-115.51824,32.79628],[-115.52028,32.79642],[-115.52178,32.79644],[-115.52502,32.79648],[-115.52565,32.79648],[-115.53535,32.79651],[-115.53567,32.7965],[-115.53569,32.80354],[-115.53567,32.81104],[-115.53565,32.81815],[-115.53523,32.81813],[-115.53141,32.81815],[-115.52646,32.81814],[-115.5259,32.81814],[-115.52259,32.81811],[-115.52178,32.81811],[-115.51846,32.81813],[-115.51804,32.81811],[-115.51548,32.81815],[-115.5139,32.81819],[-115.513,32.8187],[-115.50978,32.82142],[-115.50902,32.82205],[-115.50848,32.82251],[-115.506,32.8246],[-115.5049,32.82532],[-115.50128,32.82546],[-115.50005,32.82576],[-115.50006,32.82561]]]}}],"outline":{"type":"Polygon","coordinates":[[[-117.11835,33.57266],[-117.12111,33.5987],[-117.11907,33.63853],[-117.12137,33.69966],[-117.07143,33.72992],[-117.03092,33.74389],[-116.96429,33.7476],[-116.95587,33.73566],[-116.93697,33.71302],[-116.92242,33.73053],[-116.87235,33.72958],[-116.84686,33.73677],[-116.81357,33.73443],[-116.78614,33.71503],[-116.76418,33.70958],[-116.76825,33.70274],[-116.75865,33.69719],[-116.74353,33.70132],[-116.72627,33.70475],[-116.70654,33.68968],[-116.67697,33.67137],[-116.63478,33.64969],[-116.49034,33.62695],[-116.42691,33.63521],[-116.40885,33.62273],[-116.37329,33.64593],[-116.26765,33.584],[-116.23393,33.66747],[-116.2657,33.71199],[-116.26652,33.74377],[-116.30182,33.77422],[-116.31926,33.82515],[-116.38514,33.86854],[-116.37727,33.88562],[-116.42304,33.92978],[-116.26598,33.88916],[-116.04018,33.73988],[-115.89557,33.66877],[-115.71559,33.6612],[-115.53189,33.68497],[-115.44342,33.7233],[-115.39665,33.7726],[-115.25665,33.83703],[-115.23358,34.03391],[-115.12069,34.09315],[-115.11594,34.1937],[-115.12659,34.27825],[-115.087,34.41781],[-115.05627,34.49045],[-115.06749,34.50559],[-115.12985,34.54379],[-115.1175,34.59346],[-115.14214,34.61299],[-115.15963,34.62474],[-115.10503,34.68234],[-114.96734,34.84245],[-115.05687,34.85062],[-115.06284,34.91776],[-114.9821,34.96165],[-114.96084,35.04897],[-114.95416,35.11213],[-114.95169,35.17143],[-114.94936,35.22695],[-114.80458,35.14066],[-114.63438,35.00257],[-114.62764,34.86301],[-114.55481,34.76927],[-114.46266,34.6865],[-114.40472,34.56859],[-114.329,34.4423],[-114.16696,34.33577],[-114.26125,34.17182],[-114.3745,34.1167],[-114.45804,33.99716],[-114.52582,33.95147],[-114.51322,33.8599],[-114.49814,33.72064],[-114.54057,33.58439],[-114.62668,33.43504],[-114.70736,33.37663],[-114.687,33.07097],[-114.50466,33.01451],[-114.46539,32.8817],[-114.61502,32.73434],[-114.65353,32.73344],[-114.7084,32.73664],[-114.95767,32.70276],[-115.45059,32.66823],[-115.65786,32.65288],[-116.10618,32.64021],[-116.10354,32.75757],[-116.10301,32.97295],[-116.083,33.27002],[-116.17489,33.42796],[-116.51819,33.42689],[-116.81877,33.42689],[-116.88757,33.43308],[-116.88976,33.44185],[-116.89688,33.45014],[-116.91305,33.47681],[-116.9051,33.49484],[-116.89707,33.50932],[-116.93765,33.51408],[-116.94597,33.54414],[-116.96736,33.5731],[-116.98731,33.55967],[-117.00853,33.54009],[-117.03153,33.54374],[-117.03107,33.56189],[-117.08361,33.57804],[-117.11256,33.57],[-117.11835,33.57266]]]}}