{"type":"FeatureCollection","district_id":"ad-47","district_code":"AD-47","schema_version":2,"source":{"boundaries":"UC Berkeley Statewide Database SR precinct shapefiles (g22/g24 v01)","results":"SWDB SOV by SR precinct \u2014 Assembly contest (ASSDEM* vs ASSREP*)","places":"U.S. Census Bureau TIGER/Line 2020 cartographic places (cb_2020_06_place_500k)","assembly_boundary":"CRC 2020 (ca-assembly-crc-2020.geojson)","built_at":"2026-10-07","races":{"g22_asm":{"label":"2022 General \u00b7 Assembly","election":"2022-11-08"},"g24_asm":{"label":"2024 General \u00b7 Assembly","election":"2024-11-05"}}},"features":[{"type":"Feature","properties":{"county_fips":65,"srprec":"252013","precinct_id":"065-252013","county_name":"Riverside","area_sq_mi":0.039,"place_primary":"Banning","place_primary_share":100.0,"place_also":[],"places":[{"name":"Banning","geoid":"0603820","kind":"city","pct":100.0}],"bbox":[-116.94679,33.92556,-116.9294,33.92651],"g22_asm":{"dem_pct":59.4,"margin_dem":18.9,"votes_two_party":885,"winner":"Dem"},"g24_asm":{"dem_pct":52.7,"margin_dem":5.4,"votes_two_party":1269,"winner":"Dem"}},"geometry":{"type":"Polygon","coordinates":[[[-116.93712,33.92577],[-116.93871,33.9258],[-116.94056,33.92585],[-116.94158,33.92587],[-116.94477,33.92597],[-116.94678,33.92603],[-116.94679,33.92636],[-116.94657,33.92637],[-116.94521,33.92643],[-116.9445,33.92646],[-116.94358,33.92648],[-116.94324,33.92647],[-116.94282,33.92647],[-116.94098,33.92648],[-116.94027,33.92651],[-116.93966,33.92648],[-116.93926,33.92647],[-116.93645,33.92634],[-116.93068,33.92614],[-116.9294,33.92608],[-116.9294,33.92608],[-116.9294,33.92593],[-116.9294,33.92556],[-116.92941,33.92556],[-116.92966,33.92557],[-116.93006,33.92558],[-116.93042,33.92559],[-116.93067,33.9256],[-116.93097,33.92561],[-116.93187,33.92562],[-116.93218,33.92562],[-116.93308,33.92565],[-116.93579,33.92573],[-116.93644,33.92575],[-116.93669,33.92576],[-116.93712,33.92577]]]}},{"type":"Feature","properties":{"county_fips":65,"srprec":"367062","precinct_id":"065-367062","county_name":"Riverside","area_sq_mi":0.001,"place_primary":"Unincorporated Riverside County","place_primary_share":26.8,"place_also":[],"places":[{"name":"Rancho Mirage","geoid":"0659500","kind":"city","pct":26.8},{"name":"Cathedral City","geoid":"0612048","kind":"city","pct":4.3}],"bbox":[-116.44085,33.82595,-116.44075,33.82835],"g22_asm":{"dem_pct":10.5,"margin_dem":-78.9,"votes_two_party":19,"winner":"Rep"},"g24_asm":{"dem_pct":18.8,"margin_dem":-62.5,"votes_two_party":16,"winner":"Rep"}},"geometry":{"type":"Polygon","coordinates":[[[-116.44083,33.82699],[-116.44083,33.82729],[-116.44084,33.82821],[-116.44085,33.82835],[-116.44075,33.82835],[-116.44075,33.82699],[-116.44075,33.82693],[-116.44075,33.82686],[-116.44075,33.82609],[-116.44075,33.82595],[-116.44078,33.82595],[-116.44078,33.82609],[-116.44079,33.82627],[-116.44082,33.82681],[-116.44082,33.82686],[-116.44083,33.82699]]]}},{"type":"Feature","properties":{"county_fips":65,"srprec":"377002","precinct_id":"065-377002","county_name":"Riverside","area_sq_mi":0.697,"place_primary":"Valle Vista","place_primary_share":100.0,"place_also":[],"places":[{"name":"Valle Vista","geoid":"0681708","kind":"cdp","pct":100.0}],"bbox":[-116.91197,33.73691,-116.87571,33.74792],"g22_asm":{"dem_pct":35.3,"margin_dem":-29.5,"votes_two_party":587,"winner":"Rep"},"g24_asm":{"dem_pct":40.2,"margin_dem":-19.7,"votes_two_party":1118,"winner":"Rep"}},"geometry":{"type":"Polygon","coordinates":[[[-116.91025,33.74779],[-116.90599,33.74781],[-116.90102,33.74782],[-116.89917,33.74783],[-116.89834,33.74792],[-116.8968,33.74784],[-116.89462,33.74785],[-116.89189,33.74786],[-116.88756,33.74788],[-116.88235,33.7479],[-116.87571,33.74558],[-116.87583,33.74258],[-116.87597,33.74236],[-116.87649,33.7422],[-116.87747,33.7423],[-116.8783,33.74262],[-116.87901,33.7427],[-116.88083,33.74336],[-116.88138,33.74359],[-116.8822,33.74368],[-116.88374,33.74368],[-116.88626,33.74387],[-116.88679,33.7437],[-116.88727,33.74312],[-116.88879,33.74224],[-116.89091,33.73873],[-116.89529,33.7386],[-116.89515,33.74058],[-116.89508,33.74242],[-116.89545,33.7442],[-116.89757,33.74419],[-116.90323,33.74418],[-116.90755,33.74416],[-116.91,33.74416],[-116.91093,33.74415],[-116.91025,33.74779]]]}},{"type":"Feature","properties":{"county_fips":65,"srprec":"377003","precinct_id":"065-377003","county_name":"Riverside","area_sq_mi":0.225,"place_primary":"Valle Vista","place_primary_share":100.0,"place_also":[],"places":[{"name":"Valle Vista","geoid":"0681708","kind":"cdp","pct":100.0}],"bbox":[-116.87577,33.74019,-116.858,33.74793],"g22_asm":{"dem_pct":48.1,"margin_dem":-3.7,"votes_two_party":189,"winner":"Rep"},"g24_asm":null},"geometry":{"type":"Polygon","coordinates":[[[-116.87337,33.7443],[-116.87418,33.74431],[-116.87577,33.74428],[-116.87574,33.74448],[-116.87573,33.74776],[-116.87561,33.74793],[-116.87249,33.74792],[-116.87226,33.74791],[-116.87172,33.74786],[-116.87152,33.74782],[-116.87142,33.7478],[-116.87117,33.74776],[-116.87052,33.74755],[-116.86983,33.74729],[-116.86795,33.74649],[-116.86709,33.74614],[-116.86642,33.74585],[-116.86557,33.74549],[-116.86505,33.74528],[-116.8635,33.74463],[-116.86294,33.74439],[-116.8628,33.74433],[-116.86243,33.74417],[-116.86143,33.74376],[-116.86092,33.74356],[-116.86054,33.74342],[-116.85976,33.74316],[-116.85895,33.74294],[-116.85856,33.74285],[-116.85839,33.74281],[-116.85834,33.7428],[-116.8581,33.74276],[-116.858,33.74027],[-116.85955,33.74023],[-116.86279,33.74082],[-116.86278,33.74181],[-116.86701,33.74191],[-116.86715,33.74434],[-116.86755,33.74434],[-116.86782,33.74434],[-116.86842,33.74434],[-116.86986,33.74433],[-116.87045,33.74432],[-116.87135,33.74433],[-116.87337,33.7443]]]}},{"type":"Feature","properties":{"county_fips":65,"srprec":"377039","precinct_id":"065-377039","county_name":"Riverside","area_sq_mi":0.553,"place_primary":"Valle Vista","place_primary_share":100.0,"place_also":[],"places":[{"name":"Valle Vista","geoid":"0681708","kind":"cdp","pct":100.0}],"bbox":[-116.91876,33.72977,-116.89506,33.74421],"g22_asm":{"dem_pct":32.1,"margin_dem":-35.8,"votes_two_party":664,"winner":"Rep"},"g24_asm":{"dem_pct":31.6,"margin_dem":-36.7,"votes_two_party":850,"winner":"Rep"}},"geometry":{"type":"MultiPolygon","coordinates":[[[[-116.91197,33.74415],[-116.9112,33.74415],[-116.91081,33.74415],[-116.91018,33.74416],[-116.90964,33.74416],[-116.90905,33.74417],[-116.90605,33.74418],[-116.90404,33.74417],[-116.90121,33.74417],[-116.898,33.7442],[-116.89702,33.7442],[-116.89624,33.74421],[-116.89542,33.7442],[-116.8952,33.74338],[-116.89513,33.7416],[-116.89506,33.74059],[-116.89531,33.74058],[-116.89566,33.74059],[-116.89616,33.74059],[-116.89722,33.74059],[-116.89765,33.74059],[-116.89956,33.73871],[-116.90231,33.73884],[-116.90296,33.74034],[-116.90846,33.74052],[-116.90788,33.74012],[-116.90765,33.73979],[-116.90634,33.73777],[-116.90559,33.73694],[-116.90625,33.73692],[-116.90626,33.7362],[-116.90628,33.73332],[-116.90687,33.73275],[-116.90738,33.73301],[-116.90815,33.73332],[-116.90887,33.73236],[-116.91075,33.73172],[-116.913,33.73325],[-116.91403,33.73328],[-116.91626,33.73506],[-116.91197,33.74415]]],[[[-116.91876,33.72977],[-116.91728,33.7329],[-116.91728,33.73142],[-116.91739,33.72986],[-116.91876,33.72977]]]]}},{"type":"Feature","properties":{"county_fips":65,"srprec":"377049","precinct_id":"065-377049","county_name":"Riverside","area_sq_mi":1.226,"place_primary":"Valle Vista","place_primary_share":99.9,"place_also":[],"places":[{"name":"Valle Vista","geoid":"0681708","kind":"cdp","pct":99.9}],"bbox":[-116.91739,33.72986,-116.87583,33.74395],"g22_asm":{"dem_pct":34.2,"margin_dem":-31.6,"votes_two_party":275,"winner":"Rep"},"g24_asm":{"dem_pct":32.7,"margin_dem":-34.6,"votes_two_party":321,"winner":"Rep"}},"geometry":{"type":"Polygon","coordinates":[[[-116.88071,33.73213],[-116.88117,33.73267],[-116.88413,33.73292],[-116.88787,33.73268],[-116.89074,33.73245],[-116.89325,33.73481],[-116.89328,33.73419],[-116.89325,33.73135],[-116.913,33.73329],[-116.91075,33.73236],[-116.90745,33.73333],[-116.90628,33.73332],[-116.90625,33.73693],[-116.90705,33.73854],[-116.90823,33.74037],[-116.90231,33.73884],[-116.89754,33.74059],[-116.89595,33.74059],[-116.89308,33.73877],[-116.89063,33.7406],[-116.88753,33.74236],[-116.88705,33.74331],[-116.8866,33.74393],[-116.88465,33.74367],[-116.8824,33.74367],[-116.88138,33.74359],[-116.88081,33.74335],[-116.87884,33.74268],[-116.87789,33.74254],[-116.87681,33.74224],[-116.87611,33.74231],[-116.8763,33.74065],[-116.87672,33.73887],[-116.87604,33.7369],[-116.88071,33.73213]]]}},{"type":"Feature","properties":{"county_fips":65,"srprec":"377051","precinct_id":"065-377051","county_name":"Riverside","area_sq_mi":1.146,"place_primary":"Valle Vista","place_primary_share":99.7,"place_also":[],"places":[{"name":"Valle Vista","geoid":"0681708","kind":"cdp","pct":99.7}],"bbox":[-116.87674,33.73216,-116.84491,33.74434],"g22_asm":{"dem_pct":34.6,"margin_dem":-30.8,"votes_two_party":104,"winner":"Rep"},"g24_asm":{"dem_pct":36.1,"margin_dem":-27.9,"votes_two_party":122,"winner":"Rep"}},"geometry":{"type":"Polygon","coordinates":[[[-116.8488,33.73826],[-116.84856,33.73783],[-116.84618,33.73431],[-116.84624,33.73414],[-116.84609,33.73386],[-116.84587,33.73383],[-116.87592,33.73329],[-116.87583,33.73666],[-116.87609,33.73694],[-116.87629,33.73729],[-116.87648,33.73779],[-116.87674,33.73912],[-116.87671,33.73989],[-116.87658,33.74027],[-116.87605,33.74115],[-116.87584,33.74237],[-116.87584,33.74252],[-116.87583,33.74258],[-116.8758,33.74359],[-116.87566,33.7443],[-116.87337,33.7443],[-116.87116,33.74433],[-116.86986,33.74433],[-116.86827,33.74434],[-116.86755,33.74434],[-116.86708,33.74434],[-116.86278,33.74181],[-116.86279,33.74019],[-116.858,33.74027],[-116.85779,33.74271],[-116.85546,33.74232],[-116.85423,33.74213],[-116.85068,33.74149],[-116.84841,33.74101],[-116.84802,33.74092],[-116.84818,33.73989],[-116.84837,33.73911],[-116.84859,33.73855],[-116.8488,33.73826]]]}},{"type":"Feature","properties":{"county_fips":65,"srprec":"401005","precinct_id":"065-401005","county_name":"Riverside","area_sq_mi":1.496,"place_primary":"Desert Hot Springs","place_primary_share":100.0,"place_also":[],"places":[{"name":"Desert Hot Springs","geoid":"0618996","kind":"city","pct":100.0}],"bbox":[-116.52769,33.94674,-116.50133,33.9615],"g22_asm":{"dem_pct":61.8,"margin_dem":23.6,"votes_two_party":665,"winner":"Dem"},"g24_asm":{"dem_pct":59.8,"margin_dem":19.6,"votes_two_party":1326,"winner":"Dem"}},"geometry":{"type":"Polygon","coordinates":[[[-116.51904,33.9468],[-116.52572,33.94677],[-116.52746,33.94946],[-116.52751,33.95226],[-116.52754,33.9542],[-116.52758,33.95668],[-116.52761,33.95822],[-116.52763,33.95973],[-116.52766,33.96055],[-116.52766,33.96135],[-116.52606,33.9615],[-116.52112,33.96148],[-116.51889,33.96149],[-116.5167,33.96148],[-116.51492,33.96149],[-116.51188,33.96147],[-116.50575,33.96147],[-116.50135,33.96148],[-116.50136,33.95982],[-116.50135,33.95855],[-116.50135,33.95692],[-116.50134,33.95529],[-116.50133,33.95418],[-116.50153,33.9505],[-116.50268,33.95048],[-116.50268,33.94681],[-116.50447,33.9468],[-116.50589,33.9468],[-116.50745,33.94681],[-116.50899,33.94681],[-116.51029,33.94684],[-116.51216,33.94685],[-116.51309,33.94683],[-116.51531,33.94682],[-116.51904,33.9468]]]}},{"type":"Feature","properties":{"county_fips":65,"srprec":"401012","precinct_id":"065-401012","county_name":"Riverside","area_sq_mi":1.358,"place_primary":"Desert Hot Springs","place_primary_share":100.0,"place_also":[],"places":[{"name":"Desert Hot Springs","geoid":"0618996","kind":"city","pct":100.0}],"bbox":[-116.52744,33.93201,-116.50132,33.95051],"g22_asm":{"dem_pct":61.8,"margin_dem":23.5,"votes_two_party":204,"winner":"Dem"},"g24_asm":{"dem_pct":67.9,"margin_dem":35.7,"votes_two_party":389,"winner":"Dem"}},"geometry":{"type":"Polygon","coordinates":[[[-116.50241,33.95051],[-116.50134,33.94976],[-116.50141,33.94396],[-116.50149,33.941],[-116.50152,33.93992],[-116.50154,33.93925],[-116.50159,33.93756],[-116.50167,33.93577],[-116.50509,33.93521],[-116.51014,33.93321],[-116.51169,33.93232],[-116.51383,33.93228],[-116.51516,33.9322],[-116.51657,33.93217],[-116.51786,33.93215],[-116.51919,33.93212],[-116.52097,33.9321],[-116.52176,33.93209],[-116.52268,33.93206],[-116.52309,33.93201],[-116.52608,33.9321],[-116.52744,33.93382],[-116.52743,33.93556],[-116.52744,33.93897],[-116.52743,33.94087],[-116.52743,33.94344],[-116.52743,33.94589],[-116.52222,33.94677],[-116.51811,33.9468],[-116.51309,33.94683],[-116.51196,33.94685],[-116.50988,33.94683],[-116.50813,33.94681],[-116.50642,33.9468],[-116.50447,33.9468],[-116.50268,33.94755],[-116.50241,33.95051]],[[-116.51872,33.93751],[-116.51872,33.93751],[-116.5187,33.93741],[-116.51869,33.93703],[-116.51871,33.93684],[-116.51869,33.9367],[-116.51868,33.93655],[-116.51868,33.93642],[-116.51871,33.93626],[-116.51871,33.93626],[-116.51871,33.93621],[-116.51871,33.93604],[-116.51872,33.93592],[-116.51871,33.93584],[-116.51868,33.93583],[-116.51864,33.93582],[-116.51827,33.93582],[-116.51772,33.93584],[-116.51733,33.93585],[-116.51706,33.93586],[-116.51691,33.93585],[-116.51672,33.93583],[-116.51514,33.93586],[-116.51304,33.9359],[-116.51304,33.93702],[-116.51309,33.93759],[-116.5131,33.93762],[-116.51692,33.9376],[-116.51872,33.9376],[-116.51872,33.93751]],[[-116.51961,33.94293],[-116.5196,33.94251],[-116.51955,33.94251],[-116.51955,33.94249],[-116.5181,33.9425],[-116.51809,33.9425],[-116.51807,33.9425],[-116.5167,33.94247],[-116.51673,33.94288],[-116.51673,33.94396],[-116.51682,33.94396],[-116.51682,33.94398],[-116.51783,33.94396],[-116.51863,33.94394],[-116.51964,33.94395],[-116.51961,33.94293]]]}},{"type":"Feature","properties":{"county_fips":65,"srprec":"401013","precinct_id":"065-401013","county_name":"Riverside","area_sq_mi":0.244,"place_primary":"Desert Hot Springs","place_primary_share":100.0,"place_also":[],"places":[{"name":"Desert Hot Springs","geoid":"0618996","kind":"city","pct":100.0}],"bbox":[-116.52762,33.92492,-116.51874,33.93215],"g22_asm":{"dem_pct":100.0,"margin_dem":100.0,"votes_two_party":2,"winner":"Dem"},"g24_asm":null},"geometry":{"type":"Polygon","coordinates":[[[-116.52511,33.92495],[-116.52559,33.92494],[-116.52589,33.92494],[-116.52645,33.92493],[-116.52738,33.92492],[-116.52762,33.92492],[-116.52757,33.92668],[-116.52755,33.92762],[-116.5275,33.92961],[-116.52747,33.93082],[-116.52745,33.93142],[-116.52744,33.93209],[-116.52608,33.93205],[-116.52604,33.93201],[-116.52375,33.93201],[-116.52304,33.93201],[-116.52302,33.93212],[-116.5228,33.9321],[-116.52267,33.93206],[-116.52212,33.93206],[-116.52188,33.93209],[-116.52166,33.93207],[-116.52139,33.93209],[-116.52114,33.93211],[-116.5206,33.9321],[-116.52016,33.93211],[-116.51948,33.93211],[-116.51874,33.93215],[-116.51875,33.93143],[-116.51879,33.93033],[-116.51881,33.92928],[-116.51882,33.92843],[-116.51884,33.92784],[-116.51886,33.92635],[-116.51888,33.92579],[-116.51888,33.92514],[-116.51933,33.92498],[-116.5211,33.92497],[-116.52282,33.92497],[-116.52343,33.92496],[-116.52414,33.92496],[-116.52442,33.92495],[-116.52479,33.92495],[-116.52496,33.92495],[-116.52511,33.92495]]]}},{"type":"Feature","properties":{"county_fips":65,"srprec":"401014","precinct_id":"065-401014","county_name":"Riverside","area_sq_mi":1.242,"place_primary":"Desert Hot Springs","place_primary_share":99.9,"place_also":[],"places":[{"name":"Desert Hot Springs","geoid":"0618996","kind":"city","pct":99.9}],"bbox":[-116.52788,33.91761,-116.4932,33.93233],"g22_asm":{"dem_pct":71.9,"margin_dem":43.8,"votes_two_party":32,"winner":"Dem"},"g24_asm":null},"geometry":{"type":"Polygon","coordinates":[[[-116.52754,33.92492],[-116.52589,33.92494],[-116.52496,33.92495],[-116.5243,33.92495],[-116.52282,33.92497],[-116.51889,33.92498],[-116.51886,33.92635],[-116.5188,33.92857],[-116.51875,33.93143],[-116.5183,33.93215],[-116.51715,33.93216],[-116.51607,33.93218],[-116.51472,33.9322],[-116.51383,33.93228],[-116.51201,33.9323],[-116.51008,33.93221],[-116.51007,33.93152],[-116.5101,33.93061],[-116.51013,33.93011],[-116.51001,33.92935],[-116.50906,33.92499],[-116.50716,33.925],[-116.50255,33.925],[-116.50004,33.925],[-116.4975,33.925],[-116.49363,33.925],[-116.49331,33.92369],[-116.49331,33.9184],[-116.49413,33.91769],[-116.49563,33.91771],[-116.50016,33.91777],[-116.50861,33.91779],[-116.51885,33.91767],[-116.52259,33.91763],[-116.52436,33.91767],[-116.52783,33.91833],[-116.52762,33.92455],[-116.52754,33.92492]]]}},{"type":"Feature","properties":{"county_fips":65,"srprec":"401015","precinct_id":"065-401015","county_name":"Riverside","area_sq_mi":0.33,"place_primary":"Desert Hot Springs","place_primary_share":100.0,"place_also":[],"places":[{"name":"Desert Hot Springs","geoid":"0618996","kind":"city","pct":100.0}],"bbox":[-116.51014,33.92499,-116.50168,33.93522],"g22_asm":{"dem_pct":68.2,"margin_dem":36.4,"votes_two_party":22,"winner":"Dem"},"g24_asm":null},"geometry":{"type":"Polygon","coordinates":[[[-116.50168,33.93507],[-116.50169,33.93465],[-116.5017,33.93437],[-116.50171,33.93395],[-116.50172,33.93366],[-116.50173,33.93305],[-116.50173,33.93278],[-116.50174,33.93262],[-116.50175,33.93223],[-116.50175,33.93188],[-116.50174,33.93082],[-116.50173,33.93024],[-116.50174,33.92937],[-116.50177,33.92609],[-116.50185,33.925],[-116.50255,33.925],[-116.50332,33.925],[-116.50385,33.925],[-116.50826,33.925],[-116.5085,33.925],[-116.50906,33.92499],[-116.50975,33.92499],[-116.50993,33.92916],[-116.51002,33.92935],[-116.51013,33.92955],[-116.51013,33.93011],[-116.51014,33.93024],[-116.51011,33.93043],[-116.5101,33.93106],[-116.51007,33.93132],[-116.51007,33.93152],[-116.51008,33.93196],[-116.51007,33.93212],[-116.51009,33.93225],[-116.51009,33.9324],[-116.51014,33.93271],[-116.51013,33.93471],[-116.50929,33.93521],[-116.50594,33.93521],[-116.50384,33.93521],[-116.50174,33.93522],[-116.50168,33.93507]]]}},{"type":"Feature","properties":{"county_fips":65,"srprec":"401018","precinct_id":"065-401018","county_name":"Riverside","area_sq_mi":2.833,"place_primary":"Desert Hot Springs","place_primary_share":100.0,"place_also":[],"places":[{"name":"Desert Hot Springs","geoid":"0618996","kind":"city","pct":100.0}],"bbox":[-116.5454,33.89823,-116.50161,33.92492],"g22_asm":{"dem_pct":0.0,"margin_dem":-100.0,"votes_two_party":4,"winner":"Rep"},"g24_asm":null},"geometry":{"type":"Polygon","coordinates":[[[-116.53451,33.92491],[-116.53287,33.92491],[-116.52823,33.92492],[-116.52762,33.92481],[-116.52768,33.92199],[-116.52762,33.91776],[-116.52429,33.91767],[-116.52259,33.91763],[-116.51951,33.91763],[-116.51032,33.9178],[-116.50185,33.91776],[-116.50171,33.91304],[-116.5017,33.91172],[-116.50169,33.91111],[-116.50166,33.90813],[-116.50161,33.90328],[-116.51045,33.90311],[-116.5201,33.90307],[-116.52525,33.90311],[-116.52774,33.90188],[-116.528,33.89863],[-116.53055,33.89971],[-116.53185,33.90032],[-116.54009,33.90302],[-116.54268,33.90348],[-116.54539,33.90319],[-116.54539,33.90453],[-116.54538,33.90549],[-116.54538,33.90599],[-116.5454,33.90646],[-116.54539,33.90751],[-116.54538,33.90863],[-116.54536,33.91015],[-116.54534,33.91124],[-116.54486,33.9175],[-116.54304,33.91749],[-116.54137,33.91747],[-116.53668,33.91743],[-116.5357,33.92165],[-116.53451,33.92491]]]}},{"type":"Feature","properties":{"county_fips":65,"srprec":"402002","precinct_id":"065-402002","county_name":"Riverside","area_sq_mi":4.662,"place_primary":"Desert Hot Springs","place_primary_share":99.9,"place_also":[],"places":[{"name":"Desert Hot Springs","geoid":"0618996","kind":"city","pct":99.9}],"bbox":[-116.59045,33.96135,-116.54493,33.9913],"g22_asm":{"dem_pct":62.4,"margin_dem":24.9,"votes_two_party":173,"winner":"Dem"},"g24_asm":null},"geometry":{"type":"Polygon","coordinates":[[[-116.54493,33.97602],[-116.54495,33.97302],[-116.545,33.96792],[-116.545,33.96438],[-116.54502,33.96147],[-116.54771,33.96148],[-116.55064,33.96149],[-116.55428,33.96147],[-116.55675,33.96147],[-116.56019,33.96146],[-116.56339,33.96146],[-116.57066,33.96146],[-116.58219,33.96144],[-116.58748,33.96143],[-116.59001,33.96137],[-116.5874,33.97077],[-116.58536,33.97704],[-116.58417,33.9807],[-116.58308,33.98407],[-116.5791,33.99123],[-116.57823,33.99127],[-116.57485,33.99123],[-116.57351,33.9912],[-116.57113,33.99115],[-116.56747,33.99114],[-116.56518,33.99111],[-116.55436,33.99089],[-116.55169,33.99096],[-116.5491,33.98992],[-116.5467,33.98787],[-116.54544,33.98573],[-116.54499,33.98377],[-116.54494,33.97792],[-116.54493,33.97602]]]}},{"type":"Feature","properties":{"county_fips":65,"srprec":"402005","precinct_id":"065-402005","county_name":"Riverside","area_sq_mi":0.328,"place_primary":"Desert Hot Springs","place_primary_share":97.3,"place_also":[],"places":[{"name":"Desert Hot Springs","geoid":"0618996","kind":"city","pct":97.3}],"bbox":[-116.55115,33.97613,-116.5358,33.991],"g22_asm":{"dem_pct":59.5,"margin_dem":19.0,"votes_two_party":274,"winner":"Dem"},"g24_asm":null},"geometry":{"type":"Polygon","coordinates":[[[-116.54148,33.97613],[-116.54426,33.97615],[-116.54488,33.97613],[-116.54494,33.97792],[-116.54498,33.9833],[-116.54509,33.98447],[-116.54544,33.98573],[-116.54652,33.98765],[-116.54722,33.98844],[-116.5491,33.98992],[-116.55089,33.99085],[-116.55008,33.99096],[-116.54522,33.99082],[-116.54046,33.99086],[-116.53727,33.98987],[-116.5358,33.9885],[-116.53631,33.9872],[-116.53647,33.9872],[-116.53754,33.98706],[-116.5385,33.9862],[-116.5389,33.98575],[-116.53977,33.98515],[-116.54119,33.98418],[-116.54244,33.98333],[-116.54287,33.98315],[-116.54302,33.98125],[-116.54296,33.98087],[-116.54271,33.98045],[-116.5418,33.97944],[-116.54015,33.97784],[-116.53987,33.97751],[-116.5399,33.97749],[-116.54003,33.97749],[-116.54024,33.97755],[-116.54039,33.9776],[-116.54065,33.97775],[-116.54085,33.97792],[-116.54157,33.97872],[-116.54184,33.97871],[-116.54293,33.97802],[-116.54148,33.97613]]]}},{"type":"Feature","properties":{"county_fips":65,"srprec":"402007","precinct_id":"065-402007","county_name":"Riverside","area_sq_mi":1.562,"place_primary":"Desert Hot Springs","place_primary_share":99.9,"place_also":[],"places":[{"name":"Desert Hot Springs","geoid":"0618996","kind":"city","pct":99.9}],"bbox":[-116.54503,33.96146,-116.5145,33.97615],"g22_asm":{"dem_pct":54.7,"margin_dem":9.4,"votes_two_party":53,"winner":"Dem"},"g24_asm":null},"geometry":{"type":"Polygon","coordinates":[[[-116.51592,33.96854],[-116.51776,33.96745],[-116.5238,33.96343],[-116.5253,33.96149],[-116.52769,33.9615],[-116.5289,33.96151],[-116.53203,33.96151],[-116.5324,33.9615],[-116.53395,33.9615],[-116.53516,33.9615],[-116.53775,33.96151],[-116.53936,33.96155],[-116.54114,33.96155],[-116.54293,33.96147],[-116.5449,33.96146],[-116.54501,33.96226],[-116.545,33.96557],[-116.54498,33.96874],[-116.54495,33.97302],[-116.54494,33.9757],[-116.5447,33.97615],[-116.54226,33.97614],[-116.54007,33.97613],[-116.53824,33.97612],[-116.53271,33.9761],[-116.53053,33.9761],[-116.52756,33.97609],[-116.52621,33.97606],[-116.52082,33.97605],[-116.51877,33.97606],[-116.5159,33.97607],[-116.51454,33.97532],[-116.51454,33.97471],[-116.51453,33.97394],[-116.51455,33.97239],[-116.5145,33.97055],[-116.51451,33.96908],[-116.51509,33.96875],[-116.51592,33.96854]]]}},{"type":"Feature","properties":{"county_fips":65,"srprec":"402008","precinct_id":"065-402008","county_name":"Riverside","area_sq_mi":0.019,"place_primary":"Desert Hot Springs","place_primary_share":100.0,"place_also":[],"places":[{"name":"Desert Hot Springs","geoid":"0618996","kind":"city","pct":100.0}],"bbox":[-116.52769,33.98841,-116.52333,33.99089],"g22_asm":{"dem_pct":40.0,"margin_dem":-20.0,"votes_two_party":10,"winner":"Rep"},"g24_asm":null},"geometry":{"type":"Polygon","coordinates":[[[-116.52746,33.98858],[-116.52753,33.98853],[-116.52769,33.98841],[-116.52764,33.98976],[-116.5276,33.99087],[-116.5276,33.99089],[-116.52482,33.99087],[-116.52468,33.99087],[-116.52378,33.99086],[-116.52337,33.99085],[-116.52336,33.99085],[-116.52335,33.99085],[-116.52333,33.99086],[-116.52333,33.99085],[-116.52351,33.99078],[-116.52389,33.99062],[-116.52404,33.99056],[-116.52422,33.9905],[-116.52462,33.9903],[-116.52468,33.99027],[-116.5248,33.9902],[-116.52503,33.99007],[-116.52522,33.98996],[-116.52568,33.98969],[-116.5259,33.98957],[-116.52603,33.98949],[-116.52643,33.98924],[-116.52647,33.98921],[-116.52672,33.98907],[-116.52684,33.989],[-116.52709,33.98885],[-116.52716,33.9888],[-116.52726,33.98872],[-116.52746,33.98858]]]}},{"type":"Feature","properties":{"county_fips":65,"srprec":"402009","precinct_id":"065-402009","county_name":"Riverside","area_sq_mi":0.003,"place_primary":"Unincorporated Riverside County","place_primary_share":0.2,"place_also":[],"places":[{"name":"Desert Hot Springs","geoid":"0618996","kind":"city","pct":0.2}],"bbox":[-116.52924,33.98619,-116.52767,33.98726],"g22_asm":{"dem_pct":50.0,"margin_dem":0.0,"votes_two_party":4,"winner":"Tie"},"g24_asm":null},"geometry":{"type":"Polygon","coordinates":[[[-116.52768,33.98705],[-116.52767,33.98641],[-116.52767,33.98619],[-116.52779,33.9862],[-116.52789,33.9862],[-116.52855,33.98621],[-116.52877,33.98621],[-116.52904,33.98623],[-116.52924,33.98624],[-116.52768,33.98726],[-116.52768,33.98705]]]}},{"type":"Feature","properties":{"county_fips":65,"srprec":"402012","precinct_id":"065-402012","county_name":"Riverside","area_sq_mi":0.954,"place_primary":"Desert Hot Springs","place_primary_share":99.8,"place_also":[],"places":[{"name":"Desert Hot Springs","geoid":"0618996","kind":"city","pct":99.8}],"bbox":[-116.52769,33.97604,-116.49867,33.99088],"g22_asm":{"dem_pct":56.0,"margin_dem":11.9,"votes_two_party":638,"winner":"Dem"},"g24_asm":{"dem_pct":54.5,"margin_dem":9.0,"votes_two_party":868,"winner":"Dem"}},"geometry":{"type":"Polygon","coordinates":[[[-116.52237,33.97605],[-116.52755,33.97609],[-116.52758,33.97769],[-116.52764,33.98096],[-116.52766,33.98325],[-116.52765,33.98391],[-116.52769,33.98555],[-116.52768,33.98726],[-116.52769,33.98832],[-116.52709,33.98885],[-116.5259,33.98957],[-116.52462,33.9903],[-116.52318,33.99085],[-116.51896,33.99011],[-116.51865,33.98325],[-116.51533,33.98323],[-116.51079,33.98331],[-116.50855,33.98324],[-116.50764,33.98325],[-116.50663,33.98166],[-116.50468,33.98041],[-116.50347,33.98327],[-116.50012,33.98321],[-116.49994,33.98279],[-116.49876,33.98176],[-116.49944,33.98124],[-116.50051,33.98046],[-116.50318,33.97688],[-116.50348,33.97604],[-116.50456,33.97606],[-116.50539,33.97644],[-116.51023,33.97608],[-116.51455,33.97608],[-116.51839,33.97606],[-116.52082,33.97605],[-116.52237,33.97605]]]}},{"type":"Feature","properties":{"county_fips":65,"srprec":"402018","precinct_id":"065-402018","county_name":"Riverside","area_sq_mi":0.286,"place_primary":"Desert Hot Springs","place_primary_share":99.5,"place_also":[],"places":[{"name":"Desert Hot Springs","geoid":"0618996","kind":"city","pct":99.5}],"bbox":[-116.51249,33.96874,-116.50138,33.97651],"g22_asm":{"dem_pct":51.1,"margin_dem":2.2,"votes_two_party":184,"winner":"Dem"},"g24_asm":{"dem_pct":51.3,"margin_dem":2.7,"votes_two_party":372,"winner":"Dem"}},"geometry":{"type":"Polygon","coordinates":[[[-116.51157,33.97419],[-116.51248,33.9751],[-116.51248,33.97608],[-116.51023,33.97608],[-116.50633,33.97651],[-116.50539,33.97644],[-116.50551,33.9762],[-116.50456,33.97606],[-116.50432,33.97605],[-116.50348,33.97604],[-116.50238,33.97604],[-116.5016,33.97604],[-116.5014,33.97586],[-116.50141,33.97534],[-116.5014,33.97444],[-116.5014,33.97356],[-116.50139,33.97256],[-116.50138,33.97167],[-116.50138,33.97094],[-116.50162,33.96875],[-116.50314,33.96875],[-116.50446,33.96874],[-116.50556,33.96874],[-116.50641,33.96874],[-116.50918,33.96874],[-116.51017,33.96885],[-116.51018,33.96954],[-116.51018,33.9704],[-116.51019,33.97073],[-116.51018,33.97155],[-116.51042,33.97238],[-116.51043,33.97238],[-116.51117,33.97239],[-116.51157,33.97419]]]}},{"type":"Feature","properties":{"county_fips":65,"srprec":"402020","precinct_id":"065-402020","county_name":"Riverside","area_sq_mi":0.566,"place_primary":"Desert Hot Springs","place_primary_share":100.0,"place_also":[],"places":[{"name":"Desert Hot Springs","geoid":"0618996","kind":"city","pct":100.0}],"bbox":[-116.5253,33.96146,-116.50135,33.96876],"g22_asm":{"dem_pct":62.3,"margin_dem":24.6,"votes_two_party":289,"winner":"Dem"},"g24_asm":{"dem_pct":53.8,"margin_dem":7.5,"votes_two_party":1451,"winner":"Dem"}},"geometry":{"type":"Polygon","coordinates":[[[-116.51058,33.96146],[-116.51276,33.96147],[-116.51492,33.96149],[-116.51658,33.96148],[-116.51673,33.96148],[-116.51846,33.96149],[-116.51984,33.96149],[-116.52112,33.96148],[-116.5253,33.96149],[-116.52431,33.96294],[-116.52341,33.96375],[-116.51968,33.9662],[-116.51642,33.96835],[-116.51592,33.96854],[-116.51509,33.96875],[-116.51364,33.96874],[-116.51312,33.96875],[-116.51016,33.96874],[-116.50893,33.96874],[-116.50597,33.96874],[-116.5049,33.96874],[-116.5038,33.96875],[-116.50303,33.96875],[-116.50138,33.96875],[-116.50137,33.96786],[-116.50138,33.96695],[-116.50138,33.96602],[-116.50137,33.96513],[-116.50136,33.96423],[-116.50135,33.96332],[-116.50137,33.96242],[-116.50135,33.96148],[-116.50308,33.96148],[-116.50575,33.96147],[-116.51014,33.96146],[-116.51058,33.96146]]]}},{"type":"Feature","properties":{"county_fips":65,"srprec":"403000","precinct_id":"065-403000","county_name":"Riverside","area_sq_mi":0.237,"place_primary":"Desert Hot Springs","place_primary_share":99.9,"place_also":[],"places":[{"name":"Desert Hot Springs","geoid":"0618996","kind":"city","pct":99.9}],"bbox":[-116.50348,33.97604,-116.49269,33.98331],"g22_asm":{"dem_pct":58.1,"margin_dem":16.3,"votes_two_party":227,"winner":"Dem"},"g24_asm":null},"geometry":{"type":"Polygon","coordinates":[[[-116.49269,33.97606],[-116.49345,33.97607],[-116.49466,33.97606],[-116.49591,33.97606],[-116.4967,33.97606],[-116.49695,33.97606],[-116.49782,33.97606],[-116.49854,33.97606],[-116.49975,33.97605],[-116.5,33.97605],[-116.50084,33.97604],[-116.50141,33.97604],[-116.50218,33.97604],[-116.50326,33.97604],[-116.50345,33.97645],[-116.50335,33.97664],[-116.50285,33.97733],[-116.50137,33.97931],[-116.50023,33.98081],[-116.49986,33.98103],[-116.49903,33.98145],[-116.49867,33.98168],[-116.49912,33.98209],[-116.49978,33.98265],[-116.49988,33.98313],[-116.49993,33.98321],[-116.50006,33.98322],[-116.49956,33.98323],[-116.49809,33.9832],[-116.49757,33.9832],[-116.49288,33.98331],[-116.49284,33.98296],[-116.49276,33.97851],[-116.49273,33.97703],[-116.4927,33.97646],[-116.49269,33.97606]]]}},{"type":"Feature","properties":{"county_fips":65,"srprec":"403007","precinct_id":"065-403007","county_name":"Riverside","area_sq_mi":2.03,"place_primary":"Desert Hot Springs","place_primary_share":99.8,"place_also":[],"places":[{"name":"Desert Hot Springs","geoid":"0618996","kind":"city","pct":99.8}],"bbox":[-116.50142,33.9505,-116.47465,33.97607],"g22_asm":{"dem_pct":65.2,"margin_dem":30.4,"votes_two_party":827,"winner":"Dem"},"g24_asm":null},"geometry":{"type":"Polygon","coordinates":[[[-116.50134,33.95529],[-116.50135,33.9571],[-116.50135,33.95891],[-116.50136,33.96074],[-116.50137,33.96242],[-116.50136,33.96423],[-116.50138,33.96602],[-116.50137,33.96786],[-116.50138,33.97103],[-116.50139,33.97318],[-116.50141,33.97498],[-116.50141,33.97602],[-116.50017,33.97605],[-116.49871,33.97606],[-116.49712,33.97606],[-116.49616,33.97606],[-116.49364,33.97607],[-116.49269,33.97598],[-116.49112,33.97604],[-116.47483,33.96692],[-116.48379,33.96002],[-116.4838,33.95808],[-116.48548,33.95781],[-116.48795,33.95781],[-116.48951,33.9578],[-116.49259,33.95762],[-116.49258,33.9558],[-116.49261,33.95379],[-116.49253,33.95244],[-116.49252,33.9519],[-116.49258,33.95054],[-116.49454,33.95052],[-116.4967,33.95052],[-116.49976,33.95052],[-116.50134,33.95124],[-116.50134,33.95492],[-116.50134,33.95529]]]}},{"type":"Feature","properties":{"county_fips":65,"srprec":"404002","precinct_id":"065-404002","county_name":"Riverside","area_sq_mi":0.127,"place_primary":"Desert Hot Springs","place_primary_share":100.0,"place_also":[],"places":[{"name":"Desert Hot Springs","geoid":"0618996","kind":"city","pct":100.0}],"bbox":[-116.50134,33.94682,-116.49255,33.95054],"g22_asm":{"dem_pct":74.1,"margin_dem":48.3,"votes_two_party":58,"winner":"Dem"},"g24_asm":null},"geometry":{"type":"Polygon","coordinates":[[[-116.50035,33.95052],[-116.5001,33.95052],[-116.49976,33.95052],[-116.49875,33.95052],[-116.49841,33.95052],[-116.49811,33.95052],[-116.49721,33.95052],[-116.49691,33.95052],[-116.4967,33.95052],[-116.49606,33.95052],[-116.49584,33.95052],[-116.49563,33.95052],[-116.49497,33.95052],[-116.49475,33.95052],[-116.49454,33.95052],[-116.49389,33.95053],[-116.49368,33.95053],[-116.49346,33.95053],[-116.4928,33.95054],[-116.49268,33.95054],[-116.49258,33.95054],[-116.49258,33.95047],[-116.49255,33.95023],[-116.49255,33.9498],[-116.49255,33.9496],[-116.49256,33.94925],[-116.49255,33.94814],[-116.49255,33.94771],[-116.49255,33.94758],[-116.49255,33.94697],[-116.49256,33.94683],[-116.49277,33.94683],[-116.4934,33.94683],[-116.49361,33.94683],[-116.49384,33.94683],[-116.49452,33.94684],[-116.49475,33.94684],[-116.49479,33.94684],[-116.49491,33.94684],[-116.49496,33.94684],[-116.49524,33.94684],[-116.49608,33.94684],[-116.49636,33.94684],[-116.49694,33.94684],[-116.49868,33.94685],[-116.49926,33.94685],[-116.49943,33.94685],[-116.49993,33.94685],[-116.50009,33.94685],[-116.50034,33.94685],[-116.50061,33.94684],[-116.50107,33.94683],[-116.50132,33.94682],[-116.50132,33.94756],[-116.50132,33.94842],[-116.50134,33.94952],[-116.50134,33.94976],[-116.50134,33.95047],[-116.50134,33.9505],[-116.50109,33.9505],[-116.50064,33.95051],[-116.50035,33.95052]]]}},{"type":"Feature","properties":{"county_fips":65,"srprec":"404005","precinct_id":"065-404005","county_name":"Riverside","area_sq_mi":0.31,"place_primary":"Desert Hot Springs","place_primary_share":100.0,"place_also":[],"places":[{"name":"Desert Hot Springs","geoid":"0618996","kind":"city","pct":100.0}],"bbox":[-116.48384,33.94706,-116.47503,33.95781],"g22_asm":{"dem_pct":57.1,"margin_dem":14.3,"votes_two_party":189,"winner":"Dem"},"g24_asm":null},"geometry":{"type":"Polygon","coordinates":[[[-116.47627,33.95778],[-116.47503,33.95777],[-116.47504,33.95702],[-116.47504,33.95679],[-116.47504,33.9557],[-116.47527,33.95415],[-116.47615,33.9535],[-116.47615,33.95226],[-116.47614,33.9507],[-116.47624,33.94886],[-116.47653,33.94841],[-116.47726,33.94776],[-116.47831,33.94726],[-116.4782,33.94819],[-116.4785,33.94853],[-116.47936,33.94863],[-116.48021,33.94886],[-116.48033,33.94842],[-116.48029,33.94819],[-116.4803,33.94766],[-116.48062,33.9473],[-116.48114,33.94728],[-116.4818,33.94736],[-116.48251,33.94736],[-116.48297,33.94754],[-116.48325,33.94803],[-116.48334,33.94953],[-116.48376,33.95004],[-116.48375,33.9512],[-116.48376,33.95249],[-116.48384,33.95393],[-116.4838,33.95636],[-116.4838,33.95762],[-116.48236,33.95781],[-116.48004,33.95778],[-116.47851,33.95778],[-116.47738,33.95777],[-116.47627,33.95778]]]}},{"type":"Feature","properties":{"county_fips":65,"srprec":"404007","precinct_id":"065-404007","county_name":"Riverside","area_sq_mi":1.419,"place_primary":"Desert Hot Springs","place_primary_share":99.9,"place_also":[],"places":[{"name":"Desert Hot Springs","geoid":"0618996","kind":"city","pct":99.9}],"bbox":[-116.49261,33.94678,-116.45752,33.96144],"g22_asm":{"dem_pct":59.8,"margin_dem":19.7,"votes_two_party":600,"winner":"Dem"},"g24_asm":{"dem_pct":54.6,"margin_dem":9.3,"votes_two_party":1356,"winner":"Dem"}},"geometry":{"type":"MultiPolygon","coordinates":[[[[-116.49261,33.95379],[-116.49259,33.95434],[-116.49259,33.95527],[-116.49258,33.95617],[-116.49259,33.95708],[-116.49145,33.95781],[-116.48992,33.95781],[-116.48906,33.9578],[-116.48816,33.95781],[-116.48714,33.95781],[-116.48566,33.95781],[-116.48479,33.9578],[-116.48379,33.9578],[-116.4838,33.95709],[-116.48379,33.9547],[-116.48384,33.95393],[-116.48377,33.9533],[-116.48377,33.95179],[-116.48375,33.95098],[-116.48386,33.95011],[-116.48522,33.9495],[-116.48615,33.94912],[-116.4869,33.94895],[-116.48847,33.94855],[-116.48987,33.94902],[-116.49123,33.95003],[-116.492,33.95052],[-116.49258,33.95084],[-116.49256,33.95173],[-116.49252,33.95204],[-116.49253,33.95226],[-116.49256,33.95264],[-116.4926,33.95333],[-116.49261,33.95379]]],[[[-116.48379,33.9578],[-116.4838,33.95911],[-116.48379,33.95982],[-116.4839,33.96144],[-116.47161,33.9614],[-116.47014,33.96139],[-116.46897,33.9614],[-116.46349,33.96137],[-116.45764,33.95175],[-116.45765,33.95076],[-116.45766,33.9493],[-116.45763,33.94812],[-116.45756,33.9476],[-116.45753,33.94721],[-116.45753,33.94678],[-116.45962,33.94681],[-116.4645,33.94684],[-116.4733,33.94686],[-116.47507,33.94744],[-116.47506,33.94992],[-116.47507,33.95079],[-116.47508,33.9517],[-116.47507,33.95294],[-116.47506,33.95415],[-116.47504,33.9557],[-116.47505,33.95651],[-116.47504,33.95698],[-116.47504,33.95717],[-116.47503,33.95777],[-116.47534,33.95778],[-116.47674,33.95778],[-116.47761,33.95778],[-116.47851,33.95778],[-116.47973,33.95778],[-116.48161,33.95779],[-116.48253,33.95781],[-116.48379,33.9578]]]]}},{"type":"Feature","properties":{"county_fips":65,"srprec":"404008","precinct_id":"065-404008","county_name":"Riverside","area_sq_mi":0.376,"place_primary":"Desert Hot Springs","place_primary_share":99.9,"place_also":[],"places":[{"name":"Desert Hot Springs","geoid":"0618996","kind":"city","pct":99.9},{"name":"Garnet","geoid":"0629112","kind":"cdp","pct":0.1}],"bbox":[-116.50175,33.93222,-116.49256,33.94685],"g22_asm":{"dem_pct":63.3,"margin_dem":26.5,"votes_two_party":245,"winner":"Dem"},"g24_asm":{"dem_pct":58.4,"margin_dem":16.8,"votes_two_party":488,"winner":"Dem"}},"geometry":{"type":"Polygon","coordinates":[[[-116.50034,33.94685],[-116.49926,33.94685],[-116.49608,33.94684],[-116.49479,33.94684],[-116.49361,33.94683],[-116.49257,33.94665],[-116.49269,33.94534],[-116.49287,33.94299],[-116.49291,33.94218],[-116.49297,33.93949],[-116.494,33.93948],[-116.49521,33.93948],[-116.49622,33.93948],[-116.49707,33.93939],[-116.49712,33.93808],[-116.49723,33.93591],[-116.49738,33.9337],[-116.49744,33.93296],[-116.49768,33.93222],[-116.49932,33.93224],[-116.49971,33.93224],[-116.5005,33.93223],[-116.50174,33.93233],[-116.50173,33.93299],[-116.50171,33.93381],[-116.5017,33.93451],[-116.50168,33.93522],[-116.50165,33.93611],[-116.50159,33.93756],[-116.50157,33.93824],[-116.50154,33.93952],[-116.50152,33.93992],[-116.5015,33.94055],[-116.50146,33.94222],[-116.50141,33.94396],[-116.50061,33.94684],[-116.50034,33.94685]]]}},{"type":"Feature","properties":{"county_fips":65,"srprec":"404010","precinct_id":"065-404010","county_name":"Riverside","area_sq_mi":0.614,"place_primary":"Desert Hot Springs","place_primary_share":99.7,"place_also":[],"places":[{"name":"Desert Hot Springs","geoid":"0618996","kind":"city","pct":99.7},{"name":"Garnet","geoid":"0629112","kind":"cdp","pct":0.3}],"bbox":[-116.49297,33.93947,-116.47506,33.95416],"g22_asm":{"dem_pct":48.4,"margin_dem":-3.2,"votes_two_party":95,"winner":"Rep"},"g24_asm":null},"geometry":{"type":"Polygon","coordinates":[[[-116.49259,33.94609],[-116.49116,33.94714],[-116.49019,33.94784],[-116.48883,33.94846],[-116.4863,33.94909],[-116.48386,33.95011],[-116.48324,33.9495],[-116.48297,33.94754],[-116.48198,33.94736],[-116.48083,33.94725],[-116.48029,33.9477],[-116.48033,33.94842],[-116.47944,33.94866],[-116.47817,33.94842],[-116.47827,33.94724],[-116.47653,33.94841],[-116.47615,33.95012],[-116.47615,33.95322],[-116.47506,33.95415],[-116.47508,33.95147],[-116.47506,33.94917],[-116.47518,33.94535],[-116.47529,33.94129],[-116.47755,33.93951],[-116.48032,33.94001],[-116.4825,33.94068],[-116.48403,33.94002],[-116.48536,33.9395],[-116.48966,33.93947],[-116.49072,33.93947],[-116.49115,33.93947],[-116.4929,33.94226],[-116.49269,33.94534],[-116.49259,33.94609]]]}},{"type":"Feature","properties":{"county_fips":65,"srprec":"404011","precinct_id":"065-404011","county_name":"Riverside","area_sq_mi":0.016,"place_primary":"Desert Hot Springs","place_primary_share":100.0,"place_also":[],"places":[{"name":"Desert Hot Springs","geoid":"0618996","kind":"city","pct":100.0}],"bbox":[-116.48407,33.9395,-116.48028,33.94074],"g22_asm":{"dem_pct":57.1,"margin_dem":14.3,"votes_two_party":14,"winner":"Dem"},"g24_asm":{"dem_pct":41.2,"margin_dem":-17.6,"votes_two_party":17,"winner":"Rep"}},"geometry":{"type":"Polygon","coordinates":[[[-116.48176,33.94065],[-116.48065,33.94062],[-116.48028,33.9406],[-116.48029,33.94046],[-116.48032,33.94001],[-116.48033,33.93986],[-116.48033,33.93976],[-116.48035,33.93953],[-116.48035,33.9395],[-116.48076,33.93952],[-116.48085,33.93952],[-116.48151,33.93955],[-116.48199,33.93956],[-116.48209,33.93957],[-116.48219,33.93957],[-116.48229,33.93957],[-116.48255,33.93958],[-116.4827,33.93959],[-116.48311,33.9396],[-116.48328,33.93961],[-116.48361,33.93962],[-116.4837,33.93962],[-116.48385,33.93963],[-116.48394,33.93963],[-116.48407,33.93962],[-116.48406,33.93966],[-116.48406,33.93966],[-116.48404,33.93993],[-116.48403,33.94002],[-116.48403,33.94016],[-116.48402,33.94059],[-116.48401,33.94074],[-116.48391,33.94073],[-116.48363,33.94073],[-116.48362,33.94073],[-116.4825,33.94068],[-116.48225,33.94067],[-116.48212,33.94067],[-116.48176,33.94065]]]}},{"type":"Feature","properties":{"county_fips":65,"srprec":"408000","precinct_id":"065-408000","county_name":"Riverside","area_sq_mi":2.977,"place_primary":"Unincorporated Riverside County","place_primary_share":0.1,"place_also":[],"places":[{"name":"Idyllwild-Pine Cove","geoid":"0636203","kind":"cdp","pct":0.1}],"bbox":[-116.77394,33.73695,-116.73814,33.77262],"g22_asm":{"dem_pct":100.0,"margin_dem":100.0,"votes_two_party":3,"winner":"Dem"},"g24_asm":null},"geometry":{"type":"Polygon","coordinates":[[[-116.77387,33.75955],[-116.7723,33.77233],[-116.76523,33.77236],[-116.7409,33.77259],[-116.74028,33.7722],[-116.74092,33.77024],[-116.74084,33.76906],[-116.74059,33.76759],[-116.74032,33.76627],[-116.73983,33.76575],[-116.73861,33.76521],[-116.73828,33.76484],[-116.73953,33.76434],[-116.74026,33.764],[-116.74144,33.76415],[-116.7415,33.7636],[-116.74177,33.76342],[-116.74484,33.76196],[-116.74503,33.76104],[-116.74646,33.76063],[-116.7506,33.75733],[-116.75346,33.75644],[-116.75564,33.75587],[-116.75853,33.7555],[-116.75781,33.75409],[-116.7588,33.75198],[-116.75922,33.75001],[-116.76027,33.74749],[-116.76081,33.74677],[-116.76265,33.7451],[-116.76185,33.74408],[-116.76072,33.74188],[-116.76039,33.74046],[-116.7612,33.73763],[-116.77251,33.73781],[-116.7738,33.74557],[-116.77387,33.75955]]]}},{"type":"Feature","properties":{"county_fips":65,"srprec":"408004","precinct_id":"065-408004","county_name":"Riverside","area_sq_mi":0.024,"place_primary":"Idyllwild-Pine Cove","place_primary_share":100.0,"place_also":[],"places":[{"name":"Idyllwild-Pine Cove","geoid":"0636203","kind":"cdp","pct":100.0}],"bbox":[-116.72712,33.74847,-116.72492,33.75214],"g22_asm":{"dem_pct":30.8,"margin_dem":-38.5,"votes_two_party":13,"winner":"Rep"},"g24_asm":null},"geometry":{"type":"Polygon","coordinates":[[[-116.72612,33.74851],[-116.72614,33.74851],[-116.72667,33.74848],[-116.72677,33.74847],[-116.72686,33.74847],[-116.72686,33.74853],[-116.72686,33.74865],[-116.72687,33.74896],[-116.72688,33.74921],[-116.7269,33.7494],[-116.72688,33.74952],[-116.72689,33.74967],[-116.7269,33.74985],[-116.72689,33.75022],[-116.72695,33.7504],[-116.72697,33.75046],[-116.72699,33.7505],[-116.72703,33.75055],[-116.72708,33.75061],[-116.72712,33.75069],[-116.72699,33.75085],[-116.72696,33.75088],[-116.72689,33.75094],[-116.72685,33.75096],[-116.72676,33.75102],[-116.7266,33.75111],[-116.7263,33.75122],[-116.72628,33.75123],[-116.72623,33.75129],[-116.7262,33.75133],[-116.72617,33.75137],[-116.72613,33.75139],[-116.72595,33.75159],[-116.72588,33.75167],[-116.72581,33.75176],[-116.72555,33.75199],[-116.72544,33.75203],[-116.72534,33.75207],[-116.72508,33.75214],[-116.72499,33.75196],[-116.72495,33.75186],[-116.72494,33.75173],[-116.72495,33.75148],[-116.72498,33.75084],[-116.72499,33.75052],[-116.72498,33.74984],[-116.72495,33.74941],[-116.72495,33.74936],[-116.72492,33.74888],[-116.72492,33.7488],[-116.72494,33.74872],[-116.72497,33.74859],[-116.725,33.74856],[-116.72504,33.74854],[-116.72505,33.74854],[-116.72511,33.74852],[-116.72516,33.74851],[-116.72527,33.74851],[-116.72552,33.7485],[-116.72571,33.74851],[-116.72594,33.74852],[-116.72612,33.74851]]]}},{"type":"Feature","properties":{"county_fips":65,"srprec":"408006","precinct_id":"065-408006","county_name":"Riverside","area_sq_mi":4.012,"place_primary":"Idyllwild-Pine Cove","place_primary_share":99.4,"place_also":[],"places":[{"name":"Idyllwild-Pine Cove","geoid":"0636203","kind":"cdp","pct":99.4}],"bbox":[-116.76385,33.7359,-116.68623,33.77267],"g22_asm":{"dem_pct":59.5,"margin_dem":19.1,"votes_two_party":398,"winner":"Dem"},"g24_asm":{"dem_pct":57.9,"margin_dem":15.8,"votes_two_party":530,"winner":"Dem"}},"geometry":{"type":"MultiPolygon","coordinates":[[[[-116.70294,33.77202],[-116.70295,33.77267],[-116.6996,33.77267],[-116.69473,33.77267],[-116.68957,33.77267],[-116.68624,33.77267],[-116.68623,33.77267],[-116.68627,33.7726],[-116.68632,33.77246],[-116.6864,33.77231],[-116.68645,33.77219],[-116.6865,33.77209],[-116.68655,33.77199],[-116.6866,33.77189],[-116.68663,33.77176],[-116.68669,33.77148],[-116.68674,33.77134],[-116.68678,33.7712],[-116.6868,33.77107],[-116.68682,33.77076],[-116.68685,33.77063],[-116.6869,33.77049],[-116.68716,33.76998],[-116.68735,33.7697],[-116.68737,33.76966],[-116.68761,33.76939],[-116.68775,33.76928],[-116.68787,33.76914],[-116.68798,33.769],[-116.68813,33.76879],[-116.6881,33.77097],[-116.70292,33.77055],[-116.70294,33.77202]]],[[[-116.71469,33.76637],[-116.71264,33.76635],[-116.71176,33.76634],[-116.71176,33.76632],[-116.71552,33.76636],[-116.71552,33.76638],[-116.71469,33.76637]]],[[[-116.72504,33.74421],[-116.75085,33.73643],[-116.75402,33.73782],[-116.7595,33.73843],[-116.76039,33.74146],[-116.76236,33.74412],[-116.76151,33.74617],[-116.76027,33.74749],[-116.75917,33.75065],[-116.75777,33.75391],[-116.75814,33.7559],[-116.75426,33.75618],[-116.75006,33.75786],[-116.74546,33.76085],[-116.74484,33.76196],[-116.74161,33.76346],[-116.74143,33.76412],[-116.73996,33.76409],[-116.73868,33.76466],[-116.73879,33.76528],[-116.74009,33.76596],[-116.74059,33.76759],[-116.74079,33.76937],[-116.74036,33.77205],[-116.73191,33.7725],[-116.71984,33.76948],[-116.72182,33.75912],[-116.72675,33.75553],[-116.72428,33.75349],[-116.72468,33.75344],[-116.7256,33.75294],[-116.72654,33.75207],[-116.72689,33.75094],[-116.7269,33.74985],[-116.72667,33.74848],[-116.72504,33.74854],[-116.72504,33.74421]]]]}},{"type":"Feature","properties":{"county_fips":65,"srprec":"408013","precinct_id":"065-408013","county_name":"Riverside","area_sq_mi":5.183,"place_primary":"Idyllwild-Pine Cove","place_primary_share":99.8,"place_also":[],"places":[{"name":"Idyllwild-Pine Cove","geoid":"0636203","kind":"cdp","pct":99.8}],"bbox":[-116.75085,33.72523,-116.68799,33.77097],"g22_asm":{"dem_pct":60.0,"margin_dem":20.0,"votes_two_party":1283,"winner":"Dem"},"g24_asm":{"dem_pct":60.3,"margin_dem":20.6,"votes_two_party":539,"winner":"Dem"}},"geometry":{"type":"Polygon","coordinates":[[[-116.70281,33.76279],[-116.69331,33.75635],[-116.69839,33.73555],[-116.70122,33.7368],[-116.71025,33.73013],[-116.71126,33.73033],[-116.7125,33.72998],[-116.71317,33.72981],[-116.71423,33.7298],[-116.71693,33.72637],[-116.72197,33.73024],[-116.74588,33.72525],[-116.74977,33.72825],[-116.74774,33.72935],[-116.74683,33.72972],[-116.74555,33.72963],[-116.74489,33.73052],[-116.74407,33.73197],[-116.74272,33.73215],[-116.74136,33.73233],[-116.74261,33.73269],[-116.74459,33.73245],[-116.74683,33.73102],[-116.74723,33.73269],[-116.74826,33.73411],[-116.72911,33.74106],[-116.72492,33.7488],[-116.72508,33.75214],[-116.72628,33.75123],[-116.72658,33.75203],[-116.72576,33.7528],[-116.72468,33.75344],[-116.72424,33.75349],[-116.71649,33.75909],[-116.70686,33.76275],[-116.70281,33.76279]]]}},{"type":"Feature","properties":{"county_fips":65,"srprec":"408026","precinct_id":"065-408026","county_name":"Riverside","area_sq_mi":4.98,"place_primary":"Unincorporated Riverside County","place_primary_share":29.0,"place_also":[],"places":[{"name":"Mountain Center","geoid":"0649544","kind":"cdp","pct":29.0},{"name":"Idyllwild-Pine Cove","geoid":"0636203","kind":"cdp","pct":9.3}],"bbox":[-116.75429,33.68766,-116.68312,33.71567],"g22_asm":{"dem_pct":43.8,"margin_dem":-12.5,"votes_two_party":32,"winner":"Rep"},"g24_asm":{"dem_pct":48.6,"margin_dem":-2.9,"votes_two_party":35,"winner":"Rep"}},"geometry":{"type":"Polygon","coordinates":[[[-116.70612,33.68922],[-116.71233,33.69435],[-116.71636,33.69973],[-116.7178,33.70085],[-116.71902,33.70135],[-116.72026,33.70163],[-116.72115,33.70245],[-116.72219,33.70233],[-116.7235,33.70285],[-116.72446,33.70327],[-116.72498,33.7044],[-116.72496,33.70501],[-116.72594,33.70484],[-116.72717,33.70445],[-116.72868,33.70459],[-116.72976,33.70554],[-116.73115,33.70544],[-116.73167,33.70549],[-116.7331,33.70543],[-116.73541,33.70429],[-116.73777,33.70327],[-116.7401,33.70313],[-116.74327,33.70133],[-116.74471,33.7017],[-116.74672,33.70204],[-116.74805,33.70097],[-116.75024,33.69973],[-116.75189,33.69981],[-116.7531,33.6997],[-116.75297,33.69859],[-116.75429,33.69852],[-116.72026,33.71537],[-116.68736,33.71526],[-116.68408,33.7107],[-116.6858,33.709],[-116.70612,33.68922]]]}},{"type":"Feature","properties":{"county_fips":65,"srprec":"408028","precinct_id":"065-408028","county_name":"Riverside","area_sq_mi":0.144,"place_primary":"Unincorporated Riverside County","place_primary_share":2.4,"place_also":[],"places":[{"name":"Mountain Center","geoid":"0649544","kind":"cdp","pct":2.4}],"bbox":[-116.75468,33.68922,-116.70612,33.70571],"g22_asm":{"dem_pct":69.2,"margin_dem":38.5,"votes_two_party":13,"winner":"Dem"},"g24_asm":{"dem_pct":33.3,"margin_dem":-33.3,"votes_two_party":24,"winner":"Rep"}},"geometry":{"type":"MultiPolygon","coordinates":[[[[-116.70614,33.68923],[-116.70752,33.69034],[-116.70711,33.69013],[-116.7069,33.69001],[-116.70669,33.68984],[-116.70665,33.6898],[-116.70653,33.68967],[-116.70633,33.68944],[-116.70613,33.68923],[-116.70612,33.68922],[-116.70614,33.68923]]],[[[-116.72241,33.70231],[-116.72228,33.70231],[-116.72217,33.70233],[-116.72192,33.70241],[-116.72174,33.70245],[-116.72157,33.70247],[-116.7213,33.70247],[-116.72107,33.70243],[-116.7208,33.70232],[-116.72067,33.7022],[-116.72052,33.70195],[-116.72029,33.70166],[-116.72022,33.7016],[-116.72001,33.7015],[-116.71988,33.70146],[-116.71956,33.70142],[-116.71913,33.70137],[-116.71898,33.70134],[-116.71877,33.70129],[-116.71857,33.70123],[-116.71828,33.70112],[-116.71804,33.701],[-116.71752,33.70069],[-116.71719,33.70051],[-116.71702,33.70042],[-116.71679,33.70026],[-116.71658,33.70004],[-116.71611,33.69937],[-116.71499,33.69778],[-116.71457,33.69724],[-116.71415,33.69668],[-116.71257,33.69465],[-116.71201,33.69394],[-116.72241,33.70231]]],[[[-116.73134,33.70542],[-116.73115,33.70544],[-116.73089,33.7055],[-116.73058,33.70565],[-116.73034,33.70571],[-116.73004,33.70569],[-116.72976,33.70554],[-116.72951,33.70536],[-116.72934,33.70515],[-116.72919,33.70485],[-116.72894,33.70466],[-116.72868,33.70459],[-116.72842,33.70454],[-116.72815,33.70457],[-116.72775,33.70457],[-116.72738,33.70447],[-116.72717,33.70445],[-116.7269,33.7045],[-116.72626,33.70474],[-116.72618,33.70477],[-116.72605,33.70481],[-116.72594,33.70484],[-116.72521,33.70508],[-116.72509,33.70513],[-116.72499,33.70519],[-116.72498,33.70514],[-116.72496,33.70501],[-116.72497,33.70486],[-116.725,33.70472],[-116.72503,33.7046],[-116.72504,33.70451],[-116.72498,33.7044],[-116.72486,33.70425],[-116.72471,33.70401],[-116.7246,33.7037],[-116.72454,33.70343],[-116.72446,33.70327],[-116.7243,33.70314],[-116.72419,33.70309],[-116.72396,33.703],[-116.72371,33.70292],[-116.7235,33.70285],[-116.72309,33.70265],[-116.72289,33.70248],[-116.73134,33.70542]]],[[[-116.73701,33.70331],[-116.73695,33.70368],[-116.73626,33.7037],[-116.73591,33.70386],[-116.73588,33.70389],[-116.73586,33.7039],[-116.7355,33.70417],[-116.73541,33.70429],[-116.73525,33.70439],[-116.73513,33.70453],[-116.73513,33.70453],[-116.73432,33.70524],[-116.73358,33.7054],[-116.73311,33.70543],[-116.73311,33.70543],[-116.73311,33.70543],[-116.7331,33.70543],[-116.7331,33.70543],[-116.7331,33.70543],[-116.73309,33.70543],[-116.73228,33.70548],[-116.73174,33.70551],[-116.73169,33.70553],[-116.73169,33.70553],[-116.73168,33.70553],[-116.73168,33.70553],[-116.73167,33.70553],[-116.73167,33.70549],[-116.73168,33.70542],[-116.73158,33.70542],[-116.73149,33.70543],[-116.73145,33.70543],[-116.73136,33.70542],[-116.73136,33.70542],[-116.73701,33.70331]]],[[[-116.74026,33.70209],[-116.74026,33.70259],[-116.74026,33.70274],[-116.74024,33.7029],[-116.74019,33.70299],[-116.7401,33.70313],[-116.73996,33.70323],[-116.73985,33.70327],[-116.73967,33.70332],[-116.73925,33.7034],[-116.7389,33.70347],[-116.73866,33.70351],[-116.73857,33.70351],[-116.73839,33.7035],[-116.73794,33.70332],[-116.73777,33.70327],[-116.73762,33.70324],[-116.73724,33.70322],[-116.74026,33.70209]]],[[[-116.74266,33.70119],[-116.75311,33.69811],[-116.75297,33.69831],[-116.75295,33.69851],[-116.75302,33.69874],[-116.75324,33.69917],[-116.75327,33.69938],[-116.7532,33.6996],[-116.75312,33.69969],[-116.75298,33.69977],[-116.75297,33.69978],[-116.75267,33.69985],[-116.75226,33.69981],[-116.75214,33.69981],[-116.75169,33.69985],[-116.75105,33.69997],[-116.75093,33.69994],[-116.75073,33.69986],[-116.75041,33.69974],[-116.74966,33.6998],[-116.74912,33.69992],[-116.74871,33.70014],[-116.7483,33.70053],[-116.74808,33.70086],[-116.74805,33.70107],[-116.74801,33.70141],[-116.74793,33.7015],[-116.74719,33.70193],[-116.74686,33.70204],[-116.74662,33.70202],[-116.74622,33.70191],[-116.7456,33.70192],[-116.74515,33.70177],[-116.74489,33.7017],[-116.74447,33.70169],[-116.74418,33.70161],[-116.74387,33.70143],[-116.74362,33.70133],[-116.74341,33.70132],[-116.74299,33.70132],[-116.74276,33.70126],[-116.74266,33.70119]]],[[[-116.75468,33.6981],[-116.75461,33.6982],[-116.75445,33.69809],[-116.75468,33.6981]]]]}},{"type":"Feature","properties":{"county_fips":65,"srprec":"408093","precinct_id":"065-408093","county_name":"Riverside","area_sq_mi":0.668,"place_primary":"Unincorporated Riverside County","place_primary_share":null,"place_also":[],"places":[],"bbox":[-116.63245,33.888,-116.61505,33.89949],"g22_asm":{"dem_pct":45.8,"margin_dem":-8.3,"votes_two_party":48,"winner":"Rep"},"g24_asm":{"dem_pct":50.0,"margin_dem":0.0,"votes_two_party":66,"winner":"Tie"}},"geometry":{"type":"Polygon","coordinates":[[[-116.63228,33.89944],[-116.63082,33.89901],[-116.63035,33.89893],[-116.63041,33.89883],[-116.62981,33.89868],[-116.62899,33.89852],[-116.62795,33.89845],[-116.62707,33.89872],[-116.62567,33.89893],[-116.62462,33.89907],[-116.62337,33.89895],[-116.62272,33.89885],[-116.6225,33.89878],[-116.62227,33.89874],[-116.6221,33.8987],[-116.622,33.89869],[-116.62173,33.89864],[-116.62129,33.89846],[-116.62055,33.89801],[-116.61894,33.89696],[-116.61646,33.89535],[-116.61646,33.89534],[-116.61561,33.89479],[-116.61544,33.89468],[-116.61516,33.89451],[-116.61516,33.89434],[-116.61517,33.89297],[-116.61517,33.89231],[-116.61516,33.88856],[-116.61511,33.88825],[-116.61508,33.88822],[-116.61853,33.88811],[-116.62897,33.88805],[-116.63217,33.88839],[-116.63223,33.89214],[-116.63226,33.89621],[-116.63226,33.89642],[-116.63227,33.89771],[-116.63227,33.89879],[-116.63245,33.89928],[-116.63245,33.89941],[-116.63227,33.89949],[-116.63228,33.89944]]]}},{"type":"Feature","properties":{"county_fips":65,"srprec":"408094","precinct_id":"065-408094","county_name":"Riverside","area_sq_mi":1.297,"place_primary":"Unincorporated Riverside County","place_primary_share":0.2,"place_also":[],"places":[{"name":"Palm Springs","geoid":"0655254","kind":"city","pct":0.2}],"bbox":[-116.61556,33.87453,-116.58279,33.90022],"g22_asm":{"dem_pct":62.7,"margin_dem":25.4,"votes_two_party":126,"winner":"Dem"},"g24_asm":{"dem_pct":61.3,"margin_dem":22.6,"votes_two_party":168,"winner":"Dem"}},"geometry":{"type":"MultiPolygon","coordinates":[[[[-116.61505,33.88346],[-116.61505,33.8844],[-116.61505,33.88722],[-116.61505,33.88817],[-116.61508,33.88822],[-116.61509,33.88822],[-116.61511,33.88825],[-116.61515,33.88831],[-116.61516,33.88856],[-116.61517,33.88867],[-116.61517,33.89231],[-116.61517,33.89232],[-116.61517,33.89297],[-116.61516,33.89414],[-116.61516,33.89434],[-116.61516,33.89445],[-116.61516,33.89451],[-116.61514,33.89453],[-116.61509,33.89458],[-116.61508,33.8946],[-116.61506,33.89462],[-116.61324,33.89354],[-116.6121,33.89287],[-116.60778,33.89031],[-116.60634,33.88947],[-116.60597,33.88922],[-116.60289,33.88743],[-116.59999,33.8857],[-116.59704,33.88396],[-116.59666,33.88375],[-116.59463,33.88252],[-116.5931,33.88166],[-116.59208,33.88108],[-116.59142,33.8807],[-116.59033,33.88002],[-116.58978,33.87967],[-116.58905,33.87915],[-116.58364,33.87512],[-116.5829,33.8746],[-116.58279,33.87453],[-116.58282,33.87453],[-116.58282,33.87453],[-116.58304,33.87453],[-116.58314,33.8746],[-116.58379,33.87508],[-116.5839,33.87505],[-116.58419,33.87499],[-116.58429,33.87497],[-116.58441,33.87491],[-116.5846,33.8748],[-116.58839,33.87525],[-116.58885,33.8753],[-116.59117,33.87512],[-116.59671,33.87468],[-116.60389,33.8747],[-116.61357,33.87455],[-116.61494,33.87453],[-116.61504,33.87513],[-116.61505,33.88063],[-116.61505,33.88289],[-116.61505,33.88346]]],[[[-116.61556,33.90003],[-116.61556,33.89985],[-116.61556,33.90022],[-116.61556,33.90003]]]]}},{"type":"Feature","properties":{"county_fips":65,"srprec":"409003","precinct_id":"065-409003","county_name":"Riverside","area_sq_mi":20.635,"place_primary":"Unincorporated Riverside County","place_primary_share":null,"place_also":[],"places":[],"bbox":[-116.61557,33.97609,-116.4924,34.03288],"g22_asm":{"dem_pct":48.1,"margin_dem":-3.7,"votes_two_party":698,"winner":"Rep"},"g24_asm":{"dem_pct":46.4,"margin_dem":-7.3,"votes_two_party":865,"winner":"Rep"}},"geometry":{"type":"Polygon","coordinates":[[[-116.58133,33.9911],[-116.58903,33.99127],[-116.61396,33.99001],[-116.61557,34.02681],[-116.60348,34.03258],[-116.5964,34.0326],[-116.58954,34.03261],[-116.55393,34.03276],[-116.51228,34.03288],[-116.49332,33.99014],[-116.49625,33.98811],[-116.51639,34.00001],[-116.51708,33.99927],[-116.5176,33.99691],[-116.51779,33.99531],[-116.52037,33.99203],[-116.52769,33.98841],[-116.52767,33.98619],[-116.52766,33.98334],[-116.52755,33.97661],[-116.53271,33.9761],[-116.54124,33.97615],[-116.5408,33.97788],[-116.54005,33.9775],[-116.54025,33.97786],[-116.54301,33.98111],[-116.54077,33.98446],[-116.53798,33.98721],[-116.53652,33.98918],[-116.54907,33.99097],[-116.55634,33.99096],[-116.57042,33.99115],[-116.57488,33.99123],[-116.58113,33.99111],[-116.58133,33.9911]]]}},{"type":"Feature","properties":{"county_fips":65,"srprec":"409005","precinct_id":"065-409005","county_name":"Riverside","area_sq_mi":1.083,"place_primary":"Unincorporated Riverside County","place_primary_share":0.1,"place_also":[],"places":[{"name":"Desert Hot Springs","geoid":"0618996","kind":"city","pct":0.1}],"bbox":[-116.52333,33.98041,-116.49285,34.00048],"g22_asm":{"dem_pct":0.0,"margin_dem":-100.0,"votes_two_party":1,"winner":"Rep"},"g24_asm":null},"geometry":{"type":"Polygon","coordinates":[[[-116.52004,33.99087],[-116.52333,33.99086],[-116.52016,33.99211],[-116.519,33.99299],[-116.51813,33.99447],[-116.51773,33.99557],[-116.51774,33.99618],[-116.51765,33.99652],[-116.51752,33.99802],[-116.51741,33.99872],[-116.51713,33.99915],[-116.51703,33.99969],[-116.51715,34.00026],[-116.51639,34.00001],[-116.50199,33.99144],[-116.49734,33.98876],[-116.49617,33.98807],[-116.49348,33.98539],[-116.49289,33.98372],[-116.49386,33.98329],[-116.49809,33.9832],[-116.49984,33.98323],[-116.50217,33.98323],[-116.50348,33.98041],[-116.50487,33.98042],[-116.50665,33.98327],[-116.50764,33.98325],[-116.50854,33.98324],[-116.50969,33.98329],[-116.51181,33.98324],[-116.51641,33.98324],[-116.51866,33.98325],[-116.51896,33.99011],[-116.52004,33.99087]]]}},{"type":"Feature","properties":{"county_fips":65,"srprec":"409010","precinct_id":"065-409010","county_name":"Riverside","area_sq_mi":0.253,"place_primary":"Unincorporated Riverside County","place_primary_share":null,"place_also":[],"places":[],"bbox":[-116.72849,33.95452,-116.71941,33.96189],"g22_asm":{"dem_pct":100.0,"margin_dem":100.0,"votes_two_party":2,"winner":"Dem"},"g24_asm":null},"geometry":{"type":"Polygon","coordinates":[[[-116.72342,33.95458],[-116.72438,33.95453],[-116.72849,33.95452],[-116.72844,33.96123],[-116.72844,33.96173],[-116.72844,33.96174],[-116.72842,33.96174],[-116.72407,33.96177],[-116.7235,33.9618],[-116.71971,33.9618],[-116.71971,33.96189],[-116.71949,33.96189],[-116.71941,33.96189],[-116.71965,33.95623],[-116.71967,33.95577],[-116.71971,33.95475],[-116.71971,33.95472],[-116.71972,33.95458],[-116.72342,33.95458]]]}},{"type":"Feature","properties":{"county_fips":65,"srprec":"409013","precinct_id":"065-409013","county_name":"Riverside","area_sq_mi":1.003,"place_primary":"Whitewater","place_primary_share":100.0,"place_also":[],"places":[{"name":"Whitewater","geoid":"0685208","kind":"cdp","pct":100.0}],"bbox":[-116.73741,33.93271,-116.71967,33.94732],"g22_asm":{"dem_pct":40.0,"margin_dem":-20.0,"votes_two_party":40,"winner":"Rep"},"g24_asm":{"dem_pct":50.0,"margin_dem":0.0,"votes_two_party":74,"winner":"Tie"}},"geometry":{"type":"Polygon","coordinates":[[[-116.71989,33.94732],[-116.71988,33.94726],[-116.71985,33.9467],[-116.71985,33.94669],[-116.71975,33.94404],[-116.71967,33.94273],[-116.71972,33.94222],[-116.71968,33.94196],[-116.71977,33.94023],[-116.71977,33.94018],[-116.71977,33.94003],[-116.71977,33.93998],[-116.71976,33.93929],[-116.71976,33.93736],[-116.71976,33.93735],[-116.71976,33.93735],[-116.71976,33.93723],[-116.71976,33.93655],[-116.71976,33.93602],[-116.71975,33.93445],[-116.71975,33.93393],[-116.71975,33.93368],[-116.71974,33.93299],[-116.71974,33.93296],[-116.71973,33.93295],[-116.7197,33.93271],[-116.72324,33.93274],[-116.73149,33.93283],[-116.73385,33.93286],[-116.735,33.93287],[-116.73725,33.93289],[-116.73725,33.93289],[-116.73728,33.93541],[-116.73727,33.9355],[-116.73728,33.93626],[-116.73729,33.93683],[-116.73729,33.93684],[-116.73729,33.93752],[-116.73741,33.94724],[-116.73708,33.94724],[-116.73708,33.94724],[-116.73412,33.94726],[-116.73397,33.94726],[-116.73298,33.94726],[-116.72855,33.94728],[-116.72411,33.9473],[-116.72275,33.94731],[-116.71989,33.94732]]]}},{"type":"Feature","properties":{"county_fips":65,"srprec":"409014","precinct_id":"065-409014","county_name":"Riverside","area_sq_mi":39.142,"place_primary":"Unincorporated Riverside County","place_primary_share":21.0,"place_also":[],"places":[{"name":"Whitewater","geoid":"0685208","kind":"cdp","pct":21.0}],"bbox":[-116.71989,33.9178,-116.61536,34.03382],"g22_asm":{"dem_pct":49.6,"margin_dem":-0.8,"votes_two_party":131,"winner":"Rep"},"g24_asm":{"dem_pct":48.1,"margin_dem":-3.8,"votes_two_party":237,"winner":"Rep"}},"geometry":{"type":"Polygon","coordinates":[[[-116.71974,33.92222],[-116.71971,33.92752],[-116.71968,33.93127],[-116.71976,33.93602],[-116.71972,33.94222],[-116.71971,33.95412],[-116.71984,33.97259],[-116.71633,34.03379],[-116.69878,34.03366],[-116.68145,34.03356],[-116.6675,34.03351],[-116.66225,34.03343],[-116.63635,34.03333],[-116.61557,34.02681],[-116.61538,33.9915],[-116.63305,33.98394],[-116.63194,33.93135],[-116.63311,33.92212],[-116.63711,33.92333],[-116.64531,33.9236],[-116.65194,33.92251],[-116.65858,33.92212],[-116.66635,33.9226],[-116.67565,33.9229],[-116.67651,33.92121],[-116.67358,33.91786],[-116.68547,33.91889],[-116.68787,33.92001],[-116.6916,33.9231],[-116.69461,33.92394],[-116.69728,33.92346],[-116.71297,33.92034],[-116.71973,33.92185],[-116.71974,33.92222]],[[-116.63797,33.94021],[-116.63685,33.94024],[-116.63685,33.94024],[-116.63697,33.94729],[-116.6371,33.95509],[-116.63898,33.95508],[-116.64087,33.95513],[-116.64087,33.95756],[-116.64087,33.96205],[-116.64101,33.96205],[-116.64579,33.96217],[-116.64681,33.96208],[-116.64928,33.96205],[-116.64942,33.96205],[-116.65011,33.96204],[-116.65009,33.96194],[-116.65008,33.96192],[-116.65008,33.96191],[-116.65005,33.95949],[-116.64976,33.94943],[-116.64976,33.94726],[-116.64568,33.94735],[-116.64568,33.94711],[-116.64567,33.94696],[-116.64564,33.94581],[-116.64564,33.94559],[-116.64564,33.94543],[-116.64564,33.94508],[-116.64563,33.94403],[-116.64563,33.94398],[-116.64563,33.94369],[-116.64546,33.94369],[-116.64508,33.9437],[-116.64496,33.9437],[-116.6448,33.9437],[-116.64461,33.9437],[-116.64404,33.94369],[-116.64385,33.94369],[-116.64367,33.94369],[-116.64315,33.94368],[-116.64297,33.94368],[-116.64294,33.94369],[-116.64286,33.94367],[-116.6428,33.94367],[-116.64256,33.94368],[-116.6423,33.94369],[-116.64213,33.9437],[-116.64213,33.94359],[-116.64212,33.94352],[-116.64207,33.94335],[-116.64199,33.94311],[-116.64199,33.94311],[-116.64176,33.94027],[-116.64169,33.94026],[-116.64172,33.94009],[-116.64047,33.9401],[-116.64009,33.94012],[-116.64009,33.94012],[-116.63917,33.94016],[-116.63797,33.94021]],[[-116.65853,33.97658],[-116.65853,33.97658],[-116.6585,33.96902],[-116.65207,33.96925],[-116.65118,33.96928],[-116.64989,33.96933],[-116.64819,33.96939],[-116.64826,33.97236],[-116.6483,33.97247],[-116.64832,33.97258],[-116.64834,33.97268],[-116.64834,33.97294],[-116.64831,33.97311],[-116.64832,33.97329],[-116.6483,33.97338],[-116.64831,33.97349],[-116.64832,33.974],[-116.64838,33.97621],[-116.64838,33.9772],[-116.64857,33.97863],[-116.64857,33.97863],[-116.6485,33.99949],[-116.64995,33.99938],[-116.64995,33.99938],[-116.65863,33.99934],[-116.65863,33.99874],[-116.65884,33.99872],[-116.65923,33.98977],[-116.65853,33.97658]]]}},{"type":"Feature","properties":{"county_fips":65,"srprec":"409015","precinct_id":"065-409015","county_name":"Riverside","area_sq_mi":0.839,"place_primary":"Unincorporated Riverside County","place_primary_share":null,"place_also":[],"places":[],"bbox":[-116.65011,33.94009,-116.63685,33.96217],"g22_asm":{"dem_pct":70.0,"margin_dem":40.0,"votes_two_party":10,"winner":"Dem"},"g24_asm":null},"geometry":{"type":"Polygon","coordinates":[[[-116.64976,33.94726],[-116.64976,33.94943],[-116.65005,33.95949],[-116.65008,33.96191],[-116.65008,33.96192],[-116.65009,33.96194],[-116.65011,33.96204],[-116.64942,33.96205],[-116.64928,33.96205],[-116.64681,33.96208],[-116.64579,33.96217],[-116.64101,33.96205],[-116.64087,33.96205],[-116.64087,33.95756],[-116.64087,33.95513],[-116.63898,33.95508],[-116.6371,33.95509],[-116.63697,33.94729],[-116.63685,33.94024],[-116.63685,33.94024],[-116.63797,33.94021],[-116.63917,33.94016],[-116.64009,33.94012],[-116.64009,33.94012],[-116.64047,33.9401],[-116.64172,33.94009],[-116.64169,33.94026],[-116.64176,33.94027],[-116.64199,33.94311],[-116.64199,33.94311],[-116.64207,33.94335],[-116.64212,33.94352],[-116.64213,33.94359],[-116.64213,33.9437],[-116.6423,33.94369],[-116.64256,33.94368],[-116.6428,33.94367],[-116.64286,33.94367],[-116.64294,33.94369],[-116.64297,33.94368],[-116.64315,33.94368],[-116.64367,33.94369],[-116.64385,33.94369],[-116.64404,33.94369],[-116.64461,33.9437],[-116.6448,33.9437],[-116.64496,33.9437],[-116.64508,33.9437],[-116.64546,33.94369],[-116.64563,33.94369],[-116.64563,33.94398],[-116.64563,33.94403],[-116.64564,33.94508],[-116.64564,33.94543],[-116.64564,33.94559],[-116.64564,33.94581],[-116.64567,33.94696],[-116.64568,33.94711],[-116.64568,33.94735],[-116.64976,33.94726]]]}},{"type":"Feature","properties":{"county_fips":65,"srprec":"409018","precinct_id":"065-409018","county_name":"Riverside","area_sq_mi":4.804,"place_primary":"Unincorporated Riverside County","place_primary_share":null,"place_also":[],"places":[],"bbox":[-116.71994,33.88799,-116.66968,33.92141],"g22_asm":{"dem_pct":100.0,"margin_dem":100.0,"votes_two_party":5,"winner":"Dem"},"g24_asm":null},"geometry":{"type":"Polygon","coordinates":[[[-116.71992,33.89161],[-116.71934,33.91651],[-116.70612,33.91649],[-116.69723,33.92059],[-116.69624,33.9211],[-116.6913,33.91775],[-116.68295,33.91605],[-116.66976,33.91153],[-116.67094,33.90994],[-116.67206,33.90855],[-116.67334,33.90696],[-116.67546,33.90433],[-116.67648,33.9031],[-116.68011,33.89873],[-116.68163,33.89691],[-116.6829,33.89392],[-116.68362,33.89227],[-116.68415,33.89172],[-116.68475,33.89138],[-116.68543,33.89107],[-116.68581,33.89105],[-116.68606,33.89109],[-116.6864,33.89074],[-116.68638,33.8905],[-116.68622,33.89012],[-116.6856,33.8899],[-116.68538,33.88955],[-116.68517,33.889],[-116.68489,33.88878],[-116.68458,33.88862],[-116.68399,33.88833],[-116.68386,33.88833],[-116.68485,33.88802],[-116.71975,33.88799],[-116.71992,33.89161]]]}},{"type":"Feature","properties":{"county_fips":65,"srprec":"409021","precinct_id":"065-409021","county_name":"Riverside","area_sq_mi":1.867,"place_primary":"Unincorporated Riverside County","place_primary_share":0.3,"place_also":[],"places":[{"name":"Palm Springs","geoid":"0655254","kind":"city","pct":0.3}],"bbox":[-116.71981,33.88792,-116.66698,33.92396],"g22_asm":{"dem_pct":36.0,"margin_dem":-28.0,"votes_two_party":25,"winner":"Rep"},"g24_asm":{"dem_pct":53.6,"margin_dem":7.1,"votes_two_party":28,"winner":"Dem"}},"geometry":{"type":"Polygon","coordinates":[[[-116.7198,33.91811],[-116.71812,33.92115],[-116.7107,33.92028],[-116.69879,33.92303],[-116.69539,33.92394],[-116.69405,33.92391],[-116.69188,33.92325],[-116.68929,33.92124],[-116.68703,33.91947],[-116.68585,33.91899],[-116.67394,33.91783],[-116.67206,33.91629],[-116.66911,33.91465],[-116.6672,33.9135],[-116.66705,33.90575],[-116.66705,33.89782],[-116.68386,33.88833],[-116.68458,33.88862],[-116.68517,33.889],[-116.6856,33.8899],[-116.68638,33.8905],[-116.68606,33.89109],[-116.68543,33.89107],[-116.68415,33.89172],[-116.6829,33.89392],[-116.68011,33.89873],[-116.67546,33.90433],[-116.67206,33.90855],[-116.66976,33.91153],[-116.6913,33.91775],[-116.69723,33.92059],[-116.71934,33.91651],[-116.7198,33.9179],[-116.7198,33.91811]]]}},{"type":"Feature","properties":{"county_fips":65,"srprec":"409030","precinct_id":"065-409030","county_name":"Riverside","area_sq_mi":10.862,"place_primary":"Unincorporated Riverside County","place_primary_share":null,"place_also":[],"places":[],"bbox":[-116.61529,33.90969,-116.52743,33.96147],"g22_asm":{"dem_pct":63.1,"margin_dem":26.2,"votes_two_party":103,"winner":"Dem"},"g24_asm":{"dem_pct":54.3,"margin_dem":8.5,"votes_two_party":164,"winner":"Dem"}},"geometry":{"type":"Polygon","coordinates":[[[-116.54503,33.96117],[-116.54516,33.95161],[-116.54519,33.94801],[-116.54518,33.9395],[-116.5451,33.93409],[-116.52744,33.93292],[-116.52757,33.92668],[-116.53451,33.92491],[-116.54085,33.92489],[-116.54466,33.92486],[-116.5509,33.92486],[-116.56969,33.92483],[-116.58021,33.93193],[-116.58032,33.9284],[-116.5803,33.92484],[-116.58293,33.92079],[-116.58005,33.91825],[-116.58022,33.91288],[-116.58505,33.91067],[-116.60851,33.91543],[-116.61507,33.91694],[-116.61528,33.93304],[-116.61528,33.93653],[-116.60673,33.9464],[-116.60216,33.94637],[-116.5976,33.94644],[-116.59774,33.9549],[-116.59773,33.95758],[-116.59772,33.96102],[-116.59001,33.96137],[-116.58153,33.96145],[-116.56225,33.96146],[-116.55608,33.96147],[-116.54502,33.96146],[-116.54503,33.96117]],[[-116.54977,33.93331],[-116.5498,33.93337],[-116.5498,33.93337],[-116.55055,33.93497],[-116.55524,33.93499],[-116.55524,33.93491],[-116.55533,33.93456],[-116.5647,33.93444],[-116.56577,33.93443],[-116.56762,33.93441],[-116.57005,33.93438],[-116.57003,33.93385],[-116.57001,33.93311],[-116.56975,33.93311],[-116.56898,33.93311],[-116.56873,33.93311],[-116.56853,33.93311],[-116.56794,33.93311],[-116.56775,33.93311],[-116.56735,33.93311],[-116.56615,33.93311],[-116.56575,33.93311],[-116.56554,33.93312],[-116.56494,33.93314],[-116.56473,33.93315],[-116.56441,33.93317],[-116.56346,33.9332],[-116.56315,33.93321],[-116.56285,33.93321],[-116.56194,33.93321],[-116.56165,33.93321],[-116.56148,33.93321],[-116.561,33.93321],[-116.56084,33.93321],[-116.55968,33.93321],[-116.5562,33.93321],[-116.55505,33.93321],[-116.55281,33.93325],[-116.54977,33.93331]]]}},{"type":"Feature","properties":{"county_fips":65,"srprec":"409036","precinct_id":"065-409036","county_name":"Riverside","area_sq_mi":1.664,"place_primary":"Unincorporated Riverside County","place_primary_share":null,"place_also":[],"places":[],"bbox":[-116.61505,33.90059,-116.58004,33.91676],"g22_asm":{"dem_pct":62.5,"margin_dem":25.0,"votes_two_party":8,"winner":"Dem"},"g24_asm":null},"geometry":{"type":"Polygon","coordinates":[[[-116.61505,33.91649],[-116.61492,33.91673],[-116.61431,33.9166],[-116.61362,33.91646],[-116.61192,33.91611],[-116.6109,33.91591],[-116.60884,33.91549],[-116.60754,33.91524],[-116.60479,33.91468],[-116.6037,33.91445],[-116.60038,33.91378],[-116.59552,33.91278],[-116.58769,33.91119],[-116.58505,33.91067],[-116.58122,33.90989],[-116.58021,33.90958],[-116.58013,33.90926],[-116.58009,33.90847],[-116.58005,33.90607],[-116.58006,33.90494],[-116.58005,33.90259],[-116.58005,33.90171],[-116.58004,33.90139],[-116.58005,33.90129],[-116.58976,33.901],[-116.60061,33.90068],[-116.60145,33.90064],[-116.60438,33.90059],[-116.60531,33.90067],[-116.60642,33.90088],[-116.60829,33.90125],[-116.61054,33.90168],[-116.61428,33.90237],[-116.61491,33.90271],[-116.61498,33.90729],[-116.61501,33.91059],[-116.61504,33.91465],[-116.61505,33.91649]]]}},{"type":"Feature","properties":{"county_fips":65,"srprec":"409037","precinct_id":"065-409037","county_name":"Riverside","area_sq_mi":0.388,"place_primary":"Unincorporated Riverside County","place_primary_share":0.3,"place_also":[],"places":[{"name":"Desert Hot Springs","geoid":"0618996","kind":"city","pct":0.3}],"bbox":[-116.53635,33.94674,-116.52742,33.96152],"g22_asm":{"dem_pct":44.4,"margin_dem":-11.1,"votes_two_party":72,"winner":"Rep"},"g24_asm":null},"geometry":{"type":"Polygon","coordinates":[[[-116.52766,33.96145],[-116.52765,33.96089],[-116.52766,33.96055],[-116.52765,33.96035],[-116.52763,33.95958],[-116.52762,33.95878],[-116.5276,33.958],[-116.52758,33.95668],[-116.52755,33.95463],[-116.52753,33.95412],[-116.52751,33.95263],[-116.52749,33.95079],[-116.52746,33.94946],[-116.52742,33.94674],[-116.52773,33.94674],[-116.52835,33.94676],[-116.53048,33.94676],[-116.53097,33.94792],[-116.53146,33.94898],[-116.53174,33.9496],[-116.53211,33.95045],[-116.53311,33.95265],[-116.53372,33.95411],[-116.5344,33.9541],[-116.5363,33.9541],[-116.53635,33.96146],[-116.53516,33.9615],[-116.53413,33.9615],[-116.53377,33.9615],[-116.53255,33.9615],[-116.53231,33.9615],[-116.53203,33.96151],[-116.52986,33.96151],[-116.52873,33.96152],[-116.52788,33.96151],[-116.52766,33.96145]]]}},{"type":"Feature","properties":{"county_fips":65,"srprec":"409038","precinct_id":"065-409038","county_name":"Riverside","area_sq_mi":0.374,"place_primary":"Unincorporated Riverside County","place_primary_share":null,"place_also":[],"places":[],"bbox":[-116.5452,33.94676,-116.53048,33.95413],"g22_asm":{"dem_pct":62.7,"margin_dem":25.5,"votes_two_party":51,"winner":"Dem"},"g24_asm":{"dem_pct":52.5,"margin_dem":4.9,"votes_two_party":265,"winner":"Dem"}},"geometry":{"type":"Polygon","coordinates":[[[-116.53622,33.9541],[-116.53423,33.9541],[-116.53368,33.95395],[-116.53295,33.95229],[-116.53203,33.95026],[-116.53168,33.94947],[-116.5313,33.94861],[-116.53074,33.9474],[-116.53081,33.94676],[-116.53184,33.94678],[-116.53432,33.94682],[-116.53638,33.94685],[-116.53716,33.94684],[-116.53764,33.94686],[-116.53823,33.94687],[-116.53902,33.94682],[-116.53958,33.94683],[-116.53991,33.94686],[-116.54132,33.94687],[-116.54284,33.94687],[-116.54358,33.94687],[-116.54479,33.94689],[-116.5452,33.94717],[-116.54519,33.94826],[-116.54518,33.94846],[-116.54518,33.94916],[-116.54516,33.95052],[-116.54515,33.95189],[-116.54514,33.9526],[-116.54513,33.95386],[-116.54354,33.95412],[-116.54298,33.95412],[-116.54187,33.95412],[-116.54087,33.9541],[-116.53971,33.95411],[-116.53962,33.95411],[-116.53936,33.9541],[-116.53885,33.95411],[-116.53788,33.95411],[-116.53726,33.95411],[-116.53644,33.9541],[-116.53622,33.9541]]]}},{"type":"Feature","properties":{"county_fips":65,"srprec":"409039","precinct_id":"065-409039","county_name":"Riverside","area_sq_mi":0.838,"place_primary":"Unincorporated Riverside County","place_primary_share":0.1,"place_also":[],"places":[{"name":"Desert Hot Springs","geoid":"0618996","kind":"city","pct":0.1}],"bbox":[-116.5452,33.93409,-116.52742,33.94689],"g22_asm":{"dem_pct":60.0,"margin_dem":20.0,"votes_two_party":10,"winner":"Dem"},"g24_asm":null},"geometry":{"type":"Polygon","coordinates":[[[-116.53965,33.94683],[-116.53943,33.94682],[-116.53902,33.94682],[-116.53867,33.94685],[-116.53801,33.94687],[-116.53764,33.94686],[-116.53731,33.94685],[-116.53665,33.94683],[-116.53638,33.94685],[-116.53473,33.94682],[-116.53246,33.94679],[-116.53184,33.94678],[-116.53168,33.94678],[-116.52949,33.94352],[-116.52751,33.94057],[-116.52744,33.93979],[-116.52744,33.93932],[-116.52744,33.93885],[-116.52744,33.93769],[-116.52743,33.93716],[-116.52742,33.93477],[-116.52742,33.9346],[-116.52743,33.93409],[-116.52925,33.93409],[-116.53244,33.93409],[-116.54068,33.93409],[-116.54377,33.93409],[-116.5451,33.93409],[-116.54518,33.93441],[-116.54518,33.93572],[-116.54518,33.93684],[-116.54518,33.93725],[-116.54518,33.9377],[-116.54518,33.93919],[-116.54519,33.94319],[-116.54519,33.94351],[-116.54519,33.94464],[-116.54519,33.94486],[-116.54519,33.94574],[-116.5452,33.94689],[-116.54479,33.94689],[-116.54391,33.94687],[-116.54317,33.94687],[-116.54284,33.94687],[-116.54152,33.94687],[-116.54104,33.94687],[-116.53991,33.94686],[-116.53965,33.94683]]]}},{"type":"Feature","properties":{"county_fips":65,"srprec":"409041","precinct_id":"065-409041","county_name":"Riverside","area_sq_mi":0.53,"place_primary":"Unincorporated Riverside County","place_primary_share":4.9,"place_also":[],"places":[{"name":"Desert Hot Springs","geoid":"0618996","kind":"city","pct":4.9}],"bbox":[-116.55406,33.91743,-116.53556,33.9249],"g22_asm":{"dem_pct":66.7,"margin_dem":33.3,"votes_two_party":36,"winner":"Dem"},"g24_asm":null},"geometry":{"type":"Polygon","coordinates":[[[-116.54511,33.92485],[-116.5445,33.92486],[-116.54427,33.92486],[-116.54399,33.92487],[-116.54311,33.92488],[-116.54225,33.92488],[-116.5418,33.92489],[-116.54085,33.92489],[-116.54005,33.92489],[-116.53981,33.92489],[-116.53967,33.92489],[-116.53708,33.9249],[-116.53643,33.9249],[-116.53581,33.9249],[-116.53575,33.92301],[-116.53556,33.91746],[-116.53655,33.91744],[-116.5367,33.91744],[-116.54095,33.91747],[-116.54182,33.91748],[-116.54263,33.91749],[-116.5435,33.91748],[-116.54391,33.91749],[-116.54531,33.91751],[-116.55231,33.91757],[-116.554,33.91904],[-116.55383,33.92391],[-116.55388,33.92485],[-116.55313,33.92486],[-116.55021,33.92486],[-116.54918,33.92486],[-116.54714,33.92486],[-116.54624,33.92485],[-116.54568,33.92485],[-116.54524,33.92485],[-116.54511,33.92485]]]}},{"type":"Feature","properties":{"county_fips":65,"srprec":"409051","precinct_id":"065-409051","county_name":"Riverside","area_sq_mi":0.117,"place_primary":"Garnet","place_primary_share":99.9,"place_also":[],"places":[{"name":"Garnet","geoid":"0629112","kind":"cdp","pct":99.9},{"name":"Desert Hot Springs","geoid":"0618996","kind":"city","pct":0.1}],"bbox":[-116.49747,33.93219,-116.49297,33.93949],"g22_asm":{"dem_pct":78.4,"margin_dem":56.8,"votes_two_party":111,"winner":"Dem"},"g24_asm":{"dem_pct":68.3,"margin_dem":36.7,"votes_two_party":480,"winner":"Dem"}},"geometry":{"type":"Polygon","coordinates":[[[-116.49746,33.93241],[-116.49744,33.93296],[-116.49744,33.93297],[-116.49743,33.93316],[-116.49743,33.93316],[-116.49738,33.9337],[-116.49731,33.93454],[-116.49726,33.93534],[-116.49723,33.93589],[-116.49723,33.93591],[-116.49722,33.93633],[-116.4972,33.93684],[-116.49715,33.93764],[-116.49712,33.93808],[-116.49711,33.93836],[-116.49708,33.9392],[-116.49707,33.93939],[-116.49707,33.93939],[-116.49707,33.93939],[-116.49706,33.93948],[-116.49686,33.93948],[-116.49622,33.93948],[-116.49614,33.93948],[-116.49601,33.93949],[-116.49581,33.93948],[-116.49521,33.93948],[-116.49501,33.93948],[-116.4948,33.93948],[-116.4942,33.93948],[-116.494,33.93948],[-116.4938,33.93948],[-116.49318,33.93947],[-116.49297,33.93947],[-116.49298,33.93892],[-116.49299,33.93874],[-116.49312,33.93657],[-116.49316,33.93584],[-116.49319,33.93531],[-116.4933,33.9337],[-116.49331,33.93343],[-116.49333,33.93316],[-116.49334,33.93296],[-116.49336,33.93238],[-116.49338,33.93219],[-116.49358,33.93219],[-116.49419,33.93219],[-116.49439,33.9322],[-116.4946,33.9322],[-116.49521,33.9322],[-116.49542,33.9322],[-116.49563,33.9322],[-116.49626,33.93221],[-116.49646,33.93221],[-116.49658,33.93221],[-116.49666,33.93221],[-116.49726,33.93222],[-116.49747,33.93222],[-116.49746,33.93241]]]}},{"type":"Feature","properties":{"county_fips":65,"srprec":"409055","precinct_id":"065-409055","county_name":"Riverside","area_sq_mi":0.531,"place_primary":"Garnet","place_primary_share":100.0,"place_also":[],"places":[{"name":"Garnet","geoid":"0629112","kind":"cdp","pct":100.0}],"bbox":[-116.49338,33.925,-116.48035,33.93963],"g22_asm":{"dem_pct":67.8,"margin_dem":35.7,"votes_two_party":258,"winner":"Dem"},"g24_asm":{"dem_pct":63.1,"margin_dem":26.2,"votes_two_party":591,"winner":"Dem"}},"geometry":{"type":"Polygon","coordinates":[[[-116.49331,33.93343],[-116.49316,33.93584],[-116.49298,33.93892],[-116.49183,33.93949],[-116.49113,33.93947],[-116.49072,33.93947],[-116.49046,33.93948],[-116.49005,33.93947],[-116.48966,33.93947],[-116.48747,33.93947],[-116.48569,33.93948],[-116.48407,33.93958],[-116.48385,33.93963],[-116.48328,33.93961],[-116.48255,33.93958],[-116.48209,33.93957],[-116.48085,33.93952],[-116.48036,33.93945],[-116.48037,33.93931],[-116.48039,33.93902],[-116.48041,33.93846],[-116.48047,33.93774],[-116.48227,33.93781],[-116.48357,33.93785],[-116.48416,33.93786],[-116.48422,33.93735],[-116.48433,33.93531],[-116.48445,33.93316],[-116.4845,33.93225],[-116.48448,33.92933],[-116.48446,33.92639],[-116.48446,33.92518],[-116.48619,33.92501],[-116.48768,33.925],[-116.48957,33.925],[-116.49281,33.925],[-116.49322,33.92572],[-116.49332,33.92932],[-116.49338,33.93219],[-116.49333,33.93316],[-116.49331,33.93343]]]}},{"type":"Feature","properties":{"county_fips":65,"srprec":"409056","precinct_id":"065-409056","county_name":"Riverside","area_sq_mi":0.479,"place_primary":"Garnet","place_primary_share":100.0,"place_also":[],"places":[{"name":"Garnet","geoid":"0629112","kind":"cdp","pct":100.0}],"bbox":[-116.48451,33.92497,-116.47537,33.93953],"g22_asm":{"dem_pct":61.7,"margin_dem":23.4,"votes_two_party":201,"winner":"Dem"},"g24_asm":{"dem_pct":62.6,"margin_dem":25.1,"votes_two_party":235,"winner":"Dem"}},"geometry":{"type":"Polygon","coordinates":[[[-116.47567,33.93223],[-116.47566,33.93081],[-116.47566,33.93075],[-116.47566,33.93052],[-116.47565,33.92909],[-116.47564,33.92849],[-116.47565,33.92692],[-116.47565,33.92536],[-116.47921,33.92499],[-116.4802,33.92499],[-116.48099,33.925],[-116.4821,33.925],[-116.48319,33.92501],[-116.48414,33.92501],[-116.48446,33.92518],[-116.48446,33.92639],[-116.48448,33.92933],[-116.4845,33.93225],[-116.48445,33.93316],[-116.48433,33.93531],[-116.48422,33.93735],[-116.48416,33.93786],[-116.48357,33.93785],[-116.48227,33.93781],[-116.48047,33.93774],[-116.48041,33.93846],[-116.48039,33.93902],[-116.48037,33.93931],[-116.48036,33.93945],[-116.47976,33.9395],[-116.47548,33.93953],[-116.47538,33.9392],[-116.4754,33.93878],[-116.47544,33.93779],[-116.47545,33.93741],[-116.47553,33.93553],[-116.4756,33.93406],[-116.47563,33.93315],[-116.47567,33.93235],[-116.47567,33.93223]]]}},{"type":"Feature","properties":{"county_fips":65,"srprec":"409060","precinct_id":"065-409060","county_name":"Riverside","area_sq_mi":1.512,"place_primary":"Garnet","place_primary_share":99.8,"place_also":[],"places":[{"name":"Garnet","geoid":"0629112","kind":"cdp","pct":99.8}],"bbox":[-116.47567,33.92497,-116.45753,33.94686],"g22_asm":{"dem_pct":46.2,"margin_dem":-7.7,"votes_two_party":13,"winner":"Rep"},"g24_asm":null},"geometry":{"type":"Polygon","coordinates":[[[-116.47538,33.9392],[-116.47534,33.93997],[-116.47529,33.94129],[-116.47524,33.94353],[-116.47522,33.94484],[-116.47512,33.94639],[-116.4733,33.94686],[-116.4645,33.94684],[-116.45962,33.94681],[-116.45753,33.94678],[-116.45753,33.94666],[-116.45754,33.94629],[-116.45756,33.94491],[-116.45758,33.94321],[-116.4576,33.94187],[-116.45766,33.93875],[-116.45776,33.93607],[-116.45791,33.93253],[-116.458,33.92986],[-116.45809,33.92717],[-116.45815,33.9253],[-116.45988,33.92527],[-116.46091,33.92526],[-116.46466,33.92518],[-116.46804,33.92512],[-116.46901,33.9251],[-116.46955,33.92509],[-116.47443,33.925],[-116.47565,33.92653],[-116.47565,33.92728],[-116.47564,33.92858],[-116.47566,33.93016],[-116.47566,33.93075],[-116.47566,33.93081],[-116.47566,33.93086],[-116.47567,33.93235],[-116.47563,33.93315],[-116.4756,33.93406],[-116.47553,33.93553],[-116.47545,33.93741],[-116.47544,33.93779],[-116.4754,33.93878],[-116.47538,33.9392]]]}},{"type":"Feature","properties":{"county_fips":65,"srprec":"409062","precinct_id":"065-409062","county_name":"Riverside","area_sq_mi":0.241,"place_primary":"Garnet","place_primary_share":99.9,"place_also":[],"places":[{"name":"Garnet","geoid":"0629112","kind":"cdp","pct":99.9}],"bbox":[-116.50177,33.925,-116.4932,33.93225],"g22_asm":{"dem_pct":72.6,"margin_dem":45.3,"votes_two_party":117,"winner":"Dem"},"g24_asm":null},"geometry":{"type":"Polygon","coordinates":[[[-116.49831,33.93223],[-116.49768,33.93222],[-116.49754,33.93222],[-116.49747,33.93222],[-116.49726,33.93222],[-116.49666,33.93221],[-116.49658,33.93221],[-116.49646,33.93221],[-116.49626,33.93221],[-116.49563,33.9322],[-116.49542,33.9322],[-116.49521,33.9322],[-116.4946,33.9322],[-116.49439,33.9322],[-116.49419,33.93219],[-116.49358,33.93219],[-116.49338,33.93219],[-116.49337,33.93147],[-116.49335,33.93007],[-116.49332,33.92932],[-116.49329,33.9286],[-116.49327,33.92788],[-116.49322,33.92572],[-116.4932,33.925],[-116.49363,33.925],[-116.49493,33.925],[-116.49537,33.92501],[-116.49579,33.925],[-116.49708,33.925],[-116.4975,33.925],[-116.49762,33.925],[-116.49792,33.925],[-116.49918,33.925],[-116.49961,33.92501],[-116.50004,33.925],[-116.50134,33.925],[-116.50177,33.925],[-116.50177,33.92609],[-116.50176,33.92862],[-116.50174,33.92937],[-116.50174,33.92946],[-116.50173,33.93024],[-116.50174,33.93046],[-116.50174,33.93082],[-116.50175,33.93162],[-116.50175,33.93188],[-116.50175,33.93211],[-116.50175,33.93223],[-116.5015,33.93223],[-116.50075,33.93223],[-116.5005,33.93223],[-116.50048,33.93223],[-116.50047,33.93223],[-116.5003,33.93224],[-116.49971,33.93224],[-116.49956,33.93225],[-116.49956,33.93225],[-116.49952,33.93225],[-116.49932,33.93224],[-116.49872,33.93224],[-116.49852,33.93224],[-116.49831,33.93223]]]}},{"type":"Feature","properties":{"county_fips":65,"srprec":"409066","precinct_id":"065-409066","county_name":"Riverside","area_sq_mi":4.97,"place_primary":"Garnet","place_primary_share":99.9,"place_also":[],"places":[{"name":"Garnet","geoid":"0629112","kind":"cdp","pct":99.9}],"bbox":[-116.50176,33.88847,-116.45799,33.9253],"g22_asm":{"dem_pct":56.7,"margin_dem":13.3,"votes_two_party":240,"winner":"Dem"},"g24_asm":{"dem_pct":52.0,"margin_dem":4.0,"votes_two_party":377,"winner":"Dem"}},"geometry":{"type":"Polygon","coordinates":[[[-116.48957,33.925],[-116.48619,33.92501],[-116.48341,33.92501],[-116.48118,33.925],[-116.4801,33.92499],[-116.47061,33.92507],[-116.46812,33.92512],[-116.46119,33.92525],[-116.45837,33.9253],[-116.45809,33.92161],[-116.45808,33.91289],[-116.45806,33.90908],[-116.45801,33.90469],[-116.45896,33.90322],[-116.47136,33.90321],[-116.4755,33.90182],[-116.4755,33.89556],[-116.47514,33.8925],[-116.47485,33.89163],[-116.47415,33.89038],[-116.47397,33.8892],[-116.48183,33.88853],[-116.48846,33.88861],[-116.4929,33.88954],[-116.49631,33.89025],[-116.49948,33.89092],[-116.50162,33.89399],[-116.50159,33.90032],[-116.50162,33.90414],[-116.50168,33.91045],[-116.5017,33.91175],[-116.50176,33.91776],[-116.496,33.91772],[-116.49413,33.91769],[-116.4933,33.92004],[-116.4933,33.92457],[-116.49193,33.925],[-116.48957,33.925]]]}},{"type":"Feature","properties":{"county_fips":65,"srprec":"409075","precinct_id":"065-409075","county_name":"Riverside","area_sq_mi":0.102,"place_primary":"Unincorporated Riverside County","place_primary_share":2.7,"place_also":[],"places":[{"name":"Desert Hot Springs","geoid":"0618996","kind":"city","pct":2.7}],"bbox":[-116.51455,33.96872,-116.51016,33.97608],"g22_asm":{"dem_pct":44.4,"margin_dem":-11.1,"votes_two_party":27,"winner":"Rep"},"g24_asm":{"dem_pct":53.8,"margin_dem":7.7,"votes_two_party":39,"winner":"Dem"}},"geometry":{"type":"Polygon","coordinates":[[[-116.51039,33.96872],[-116.51312,33.96875],[-116.51364,33.96874],[-116.51452,33.96876],[-116.51451,33.96908],[-116.51451,33.96946],[-116.5145,33.97014],[-116.5145,33.9706],[-116.51451,33.97083],[-116.51455,33.97239],[-116.51453,33.97299],[-116.51453,33.97385],[-116.51453,33.97394],[-116.51454,33.97422],[-116.51454,33.97471],[-116.51454,33.97495],[-116.51454,33.97513],[-116.51455,33.97589],[-116.51455,33.97608],[-116.51289,33.97608],[-116.51248,33.97588],[-116.51248,33.9751],[-116.51249,33.97418],[-116.51157,33.97419],[-116.51115,33.97418],[-116.51055,33.97239],[-116.51043,33.97238],[-116.51043,33.97238],[-116.51019,33.97237],[-116.51018,33.97155],[-116.51018,33.97119],[-116.51019,33.97057],[-116.51018,33.9704],[-116.51018,33.97015],[-116.51018,33.96934],[-116.51017,33.96885],[-116.51039,33.96874],[-116.51039,33.96872]]]}},{"type":"Feature","properties":{"county_fips":65,"srprec":"411107","precinct_id":"065-411107","county_name":"Riverside","area_sq_mi":2.951,"place_primary":"Palm Springs","place_primary_share":99.8,"place_also":[],"places":[{"name":"Palm Springs","geoid":"0655254","kind":"city","pct":99.8},{"name":"Desert Hot Springs","geoid":"0618996","kind":"city","pct":0.2}],"bbox":[-116.5803,33.8997,-116.53086,33.92485],"g22_asm":{"dem_pct":0.0,"margin_dem":-100.0,"votes_two_party":3,"winner":"Rep"},"g24_asm":null},"geometry":{"type":"Polygon","coordinates":[[[-116.54539,33.90634],[-116.54537,33.90587],[-116.54538,33.90501],[-116.54539,33.90438],[-116.54512,33.90326],[-116.54204,33.90341],[-116.53584,33.90165],[-116.53119,33.90003],[-116.53107,33.8997],[-116.54538,33.90232],[-116.55601,33.90145],[-116.55811,33.90175],[-116.56038,33.90188],[-116.56564,33.90174],[-116.57795,33.90135],[-116.58005,33.90171],[-116.58006,33.90494],[-116.58009,33.90847],[-116.58021,33.90958],[-116.5802,33.91],[-116.58021,33.91085],[-116.58022,33.91319],[-116.58024,33.91513],[-116.58026,33.91696],[-116.58005,33.91825],[-116.58016,33.91946],[-116.58023,33.92036],[-116.5803,33.92471],[-116.57289,33.92483],[-116.57103,33.92483],[-116.56676,33.92482],[-116.56065,33.92484],[-116.55388,33.92485],[-116.554,33.91904],[-116.54531,33.91751],[-116.54535,33.91089],[-116.54536,33.90968],[-116.54538,33.90841],[-116.5454,33.9073],[-116.54539,33.90634]]]}},{"type":"Feature","properties":{"county_fips":65,"srprec":"411113","precinct_id":"065-411113","county_name":"Riverside","area_sq_mi":4.186,"place_primary":"Palm Springs","place_primary_share":99.9,"place_also":[],"places":[{"name":"Palm Springs","geoid":"0655254","kind":"city","pct":99.9}],"bbox":[-116.61505,33.85833,-116.51507,33.8753],"g22_asm":{"dem_pct":78.4,"margin_dem":56.8,"votes_two_party":1634,"winner":"Dem"},"g24_asm":{"dem_pct":74.5,"margin_dem":49.0,"votes_two_party":2216,"winner":"Dem"}},"geometry":{"type":"Polygon","coordinates":[[[-116.57093,33.86594],[-116.57363,33.86066],[-116.60345,33.85963],[-116.60389,33.8747],[-116.58441,33.87491],[-116.58304,33.87453],[-116.58275,33.87429],[-116.57664,33.8698],[-116.57179,33.86688],[-116.56925,33.86677],[-116.56602,33.8685],[-116.56029,33.86993],[-116.5588,33.87012],[-116.5537,33.87043],[-116.5312,33.86951],[-116.52391,33.86613],[-116.51532,33.85951],[-116.51583,33.8594],[-116.52806,33.85953],[-116.53069,33.85954],[-116.53292,33.85955],[-116.53745,33.85952],[-116.54296,33.85952],[-116.54593,33.85953],[-116.55028,33.85953],[-116.55097,33.85952],[-116.55198,33.85957],[-116.55397,33.85959],[-116.55486,33.85958],[-116.55585,33.85935],[-116.55639,33.85901],[-116.558,33.85895],[-116.55959,33.86042],[-116.56127,33.86138],[-116.56596,33.86365],[-116.57028,33.86588],[-116.57093,33.86594]]]}},{"type":"Feature","properties":{"county_fips":65,"srprec":"411119","precinct_id":"065-411119","county_name":"Riverside","area_sq_mi":0.131,"place_primary":"Palm Springs","place_primary_share":100.0,"place_also":[],"places":[{"name":"Palm Springs","geoid":"0655254","kind":"city","pct":100.0}],"bbox":[-116.51075,33.84492,-116.50087,33.85532],"g22_asm":{"dem_pct":100.0,"margin_dem":100.0,"votes_two_party":1,"winner":"Dem"},"g24_asm":null},"geometry":{"type":"Polygon","coordinates":[[[-116.51065,33.85213],[-116.51075,33.85231],[-116.51075,33.85232],[-116.51075,33.85259],[-116.51075,33.85404],[-116.51075,33.85404],[-116.51075,33.85452],[-116.51075,33.85499],[-116.51075,33.85532],[-116.50586,33.85017],[-116.50087,33.84493],[-116.50125,33.84492],[-116.50193,33.84492],[-116.50202,33.84492],[-116.50202,33.84492],[-116.50465,33.84492],[-116.50511,33.84493],[-116.50557,33.84493],[-116.50581,33.84493],[-116.50581,33.84499],[-116.50583,33.84566],[-116.50584,33.84582],[-116.50589,33.84641],[-116.50588,33.84784],[-116.50587,33.84845],[-116.50587,33.84857],[-116.506,33.84857],[-116.50639,33.84856],[-116.50652,33.84856],[-116.5067,33.84856],[-116.50725,33.84856],[-116.50744,33.84856],[-116.50762,33.84856],[-116.50817,33.84856],[-116.50835,33.84856],[-116.50853,33.84856],[-116.50907,33.84856],[-116.50925,33.84856],[-116.50943,33.84856],[-116.50997,33.84856],[-116.51015,33.84856],[-116.51024,33.84856],[-116.5105,33.84856],[-116.51059,33.84856],[-116.5106,33.84928],[-116.51064,33.85142],[-116.51065,33.85173],[-116.51065,33.85174],[-116.51065,33.85203],[-116.51065,33.85213]]]}},{"type":"Feature","properties":{"county_fips":65,"srprec":"411121","precinct_id":"065-411121","county_name":"Riverside","area_sq_mi":1.906,"place_primary":"Palm Springs","place_primary_share":99.9,"place_also":[],"places":[{"name":"Palm Springs","geoid":"0655254","kind":"city","pct":99.9}],"bbox":[-116.51826,33.81586,-116.48855,33.84493],"g22_asm":{"dem_pct":84.6,"margin_dem":69.1,"votes_two_party":538,"winner":"Dem"},"g24_asm":null},"geometry":{"type":"Polygon","coordinates":[[[-116.51326,33.82435],[-116.51496,33.82432],[-116.51825,33.8245],[-116.51826,33.82686],[-116.51824,33.83114],[-116.51727,33.83397],[-116.51729,33.83052],[-116.51554,33.83042],[-116.51304,33.83041],[-116.51072,33.83043],[-116.51055,33.83235],[-116.51062,33.83759],[-116.50872,33.83761],[-116.50803,33.8377],[-116.50624,33.84101],[-116.50595,33.84252],[-116.50578,33.84349],[-116.50581,33.84493],[-116.50125,33.84492],[-116.49319,33.8323],[-116.49319,33.83164],[-116.49318,33.8312],[-116.49317,33.83075],[-116.49319,33.8304],[-116.49308,33.82923],[-116.49305,33.82451],[-116.493,33.82104],[-116.49305,33.81982],[-116.48856,33.81665],[-116.4921,33.81589],[-116.49609,33.81587],[-116.49752,33.81647],[-116.49864,33.81803],[-116.51065,33.81955],[-116.51258,33.82317],[-116.51326,33.82435]]]}},{"type":"Feature","properties":{"county_fips":65,"srprec":"411130","precinct_id":"065-411130","county_name":"Riverside","area_sq_mi":1.618,"place_primary":"Palm Springs","place_primary_share":100.0,"place_also":[],"places":[{"name":"Palm Springs","geoid":"0655254","kind":"city","pct":100.0}],"bbox":[-116.51069,33.79759,-116.47546,33.81593],"g22_asm":{"dem_pct":71.3,"margin_dem":42.6,"votes_two_party":753,"winner":"Dem"},"g24_asm":{"dem_pct":74.4,"margin_dem":48.8,"votes_two_party":1273,"winner":"Dem"}},"geometry":{"type":"Polygon","coordinates":[[[-116.51069,33.81593],[-116.50968,33.81592],[-116.50926,33.81592],[-116.50805,33.81592],[-116.50405,33.81592],[-116.50183,33.81592],[-116.49742,33.81592],[-116.49631,33.81587],[-116.49476,33.81588],[-116.4921,33.81589],[-116.48944,33.81587],[-116.48649,33.81587],[-116.48541,33.81588],[-116.4835,33.81589],[-116.47706,33.8064],[-116.47565,33.80254],[-116.47565,33.80145],[-116.47546,33.79773],[-116.47768,33.80139],[-116.48048,33.80143],[-116.48292,33.8014],[-116.48823,33.80143],[-116.49017,33.80147],[-116.49287,33.80178],[-116.4951,33.80388],[-116.49617,33.80407],[-116.49733,33.80316],[-116.49846,33.80296],[-116.49967,33.80316],[-116.49967,33.80513],[-116.50454,33.80576],[-116.50671,33.80709],[-116.50849,33.80861],[-116.50981,33.8096],[-116.51011,33.80976],[-116.51065,33.80985],[-116.51068,33.81075],[-116.51067,33.81229],[-116.51068,33.81446],[-116.51069,33.81593]]]}},{"type":"Feature","properties":{"county_fips":65,"srprec":"412107","precinct_id":"065-412107","county_name":"Riverside","area_sq_mi":1.032,"place_primary":"Palm Springs","place_primary_share":100.0,"place_also":[],"places":[{"name":"Palm Springs","geoid":"0655254","kind":"city","pct":100.0}],"bbox":[-116.52819,33.84485,-116.50581,33.85952],"g22_asm":{"dem_pct":68.0,"margin_dem":35.9,"votes_two_party":1105,"winner":"Dem"},"g24_asm":{"dem_pct":64.7,"margin_dem":29.4,"votes_two_party":1495,"winner":"Dem"}},"geometry":{"type":"Polygon","coordinates":[[[-116.51065,33.85203],[-116.51064,33.85142],[-116.5105,33.84856],[-116.50997,33.84856],[-116.50907,33.84856],[-116.50817,33.84856],[-116.50725,33.84856],[-116.50639,33.84856],[-116.50587,33.84845],[-116.50584,33.84582],[-116.50581,33.84493],[-116.50674,33.84492],[-116.51022,33.84494],[-116.51062,33.84493],[-116.51097,33.84495],[-116.51437,33.84493],[-116.51718,33.8449],[-116.51906,33.84489],[-116.51963,33.84489],[-116.52077,33.84489],[-116.52182,33.84488],[-116.52288,33.84488],[-116.52399,33.84487],[-116.52503,33.84488],[-116.52619,33.84487],[-116.52703,33.84485],[-116.52818,33.84486],[-116.52819,33.84556],[-116.52819,33.84615],[-116.52818,33.84698],[-116.52814,33.84909],[-116.52813,33.8515],[-116.52813,33.85219],[-116.5281,33.85563],[-116.52808,33.85845],[-116.52807,33.85944],[-116.52671,33.85952],[-116.51583,33.8594],[-116.51545,33.85942],[-116.51075,33.85499],[-116.51075,33.85404],[-116.51075,33.85231],[-116.51065,33.85203]]]}},{"type":"Feature","properties":{"county_fips":65,"srprec":"412108","precinct_id":"065-412108","county_name":"Riverside","area_sq_mi":5.561,"place_primary":"Palm Springs","place_primary_share":100.0,"place_also":[],"places":[{"name":"Palm Springs","geoid":"0655254","kind":"city","pct":100.0}],"bbox":[-116.61522,33.83859,-116.52806,33.86614],"g22_asm":{"dem_pct":76.3,"margin_dem":52.5,"votes_two_party":2162,"winner":"Dem"},"g24_asm":{"dem_pct":74.1,"margin_dem":48.2,"votes_two_party":2608,"winner":"Dem"}},"geometry":{"type":"Polygon","coordinates":[[[-116.59681,33.84499],[-116.60567,33.84207],[-116.61371,33.83859],[-116.61507,33.8567],[-116.59715,33.85962],[-116.57345,33.86115],[-116.57031,33.86589],[-116.56869,33.86505],[-116.56127,33.86138],[-116.55933,33.86023],[-116.55753,33.85846],[-116.55596,33.85928],[-116.55529,33.85954],[-116.55431,33.85959],[-116.55198,33.85957],[-116.55097,33.85952],[-116.54824,33.85952],[-116.54443,33.85953],[-116.53942,33.85952],[-116.5337,33.85955],[-116.53069,33.85954],[-116.52806,33.85952],[-116.5281,33.85563],[-116.52813,33.85133],[-116.52819,33.84643],[-116.52818,33.84486],[-116.53687,33.84488],[-116.54135,33.84491],[-116.54564,33.84489],[-116.54793,33.84488],[-116.54946,33.84487],[-116.55426,33.84484],[-116.56565,33.84492],[-116.58524,33.84484],[-116.59287,33.844],[-116.59479,33.84494],[-116.59665,33.84502],[-116.59681,33.84499]]]}},{"type":"Feature","properties":{"county_fips":65,"srprec":"412117","precinct_id":"065-412117","county_name":"Riverside","area_sq_mi":1.158,"place_primary":"Palm Springs","place_primary_share":100.0,"place_also":[],"places":[{"name":"Palm Springs","geoid":"0655254","kind":"city","pct":100.0}],"bbox":[-116.53112,33.83036,-116.50578,33.84495],"g22_asm":{"dem_pct":83.4,"margin_dem":66.9,"votes_two_party":719,"winner":"Dem"},"g24_asm":{"dem_pct":79.6,"margin_dem":59.3,"votes_two_party":732,"winner":"Dem"}},"geometry":{"type":"Polygon","coordinates":[[[-116.52356,33.84487],[-116.52077,33.84489],[-116.51802,33.8449],[-116.51106,33.84495],[-116.51022,33.84494],[-116.50581,33.84482],[-116.50579,33.84341],[-116.50619,33.84162],[-116.50624,33.84059],[-116.50805,33.83771],[-116.50877,33.83759],[-116.51059,33.83667],[-116.51055,33.83219],[-116.51073,33.83043],[-116.51475,33.8304],[-116.51568,33.83041],[-116.51729,33.83112],[-116.51732,33.83401],[-116.51824,33.83052],[-116.51985,33.83042],[-116.52165,33.83041],[-116.524,33.83038],[-116.52643,33.83037],[-116.52752,33.83037],[-116.52821,33.83218],[-116.52822,33.83413],[-116.52821,33.83573],[-116.52821,33.83689],[-116.5282,33.83942],[-116.52819,33.84064],[-116.53112,33.84407],[-116.52682,33.84486],[-116.52459,33.84488],[-116.52356,33.84487]]]}},{"type":"Feature","properties":{"county_fips":65,"srprec":"413103","precinct_id":"065-413103","county_name":"Riverside","area_sq_mi":2.936,"place_primary":"Palm Springs","place_primary_share":100.0,"place_also":[],"places":[{"name":"Palm Springs","geoid":"0655254","kind":"city","pct":100.0}],"bbox":[-116.58025,33.83014,-116.52819,33.84492],"g22_asm":{"dem_pct":73.4,"margin_dem":46.9,"votes_two_party":1404,"winner":"Dem"},"g24_asm":{"dem_pct":67.2,"margin_dem":34.5,"votes_two_party":1667,"winner":"Dem"}},"geometry":{"type":"Polygon","coordinates":[[[-116.54689,33.83033],[-116.54849,33.83033],[-116.55186,33.83033],[-116.5535,33.83035],[-116.56541,33.83042],[-116.57145,33.83052],[-116.58023,33.83135],[-116.57679,33.84492],[-116.55682,33.84486],[-116.55169,33.84487],[-116.54886,33.84487],[-116.5477,33.84488],[-116.54564,33.84489],[-116.54181,33.84491],[-116.53775,33.84489],[-116.53167,33.84486],[-116.52863,33.84124],[-116.52819,33.83991],[-116.52821,33.83798],[-116.52821,33.83675],[-116.52821,33.83573],[-116.52822,33.83458],[-116.52822,33.83286],[-116.52823,33.83036],[-116.53,33.83035],[-116.53086,33.83035],[-116.53258,33.83034],[-116.5365,33.83034],[-116.53888,33.83033],[-116.54004,33.83033],[-116.54173,33.83032],[-116.54361,33.83032],[-116.54565,33.83038],[-116.54682,33.83033],[-116.54689,33.83033]]]}},{"type":"Feature","properties":{"county_fips":65,"srprec":"413112","precinct_id":"065-413112","county_name":"Riverside","area_sq_mi":1.686,"place_primary":"Palm Springs","place_primary_share":100.0,"place_also":[],"places":[{"name":"Palm Springs","geoid":"0655254","kind":"city","pct":100.0}],"bbox":[-116.55415,33.81584,-116.51803,33.83042],"g22_asm":{"dem_pct":83.4,"margin_dem":66.8,"votes_two_party":1984,"winner":"Dem"},"g24_asm":{"dem_pct":77.8,"margin_dem":55.6,"votes_two_party":2538,"winner":"Dem"}},"geometry":{"type":"Polygon","coordinates":[[[-116.51824,33.82514],[-116.51823,33.82406],[-116.51803,33.82317],[-116.52628,33.81956],[-116.52822,33.81956],[-116.52842,33.81597],[-116.53069,33.81596],[-116.53299,33.81594],[-116.53482,33.81592],[-116.53754,33.81591],[-116.54007,33.81589],[-116.54137,33.81589],[-116.54295,33.81588],[-116.54451,33.81586],[-116.54679,33.81584],[-116.5468,33.82127],[-116.54682,33.8231],[-116.54905,33.82311],[-116.55331,33.83042],[-116.54981,33.83032],[-116.54689,33.83033],[-116.54558,33.83038],[-116.54261,33.83032],[-116.54017,33.83033],[-116.53822,33.83033],[-116.53475,33.83034],[-116.53103,33.83035],[-116.52983,33.83035],[-116.52752,33.83037],[-116.52587,33.83037],[-116.5236,33.83039],[-116.52066,33.83042],[-116.5189,33.83041],[-116.51826,33.82679],[-116.51824,33.82514]]]}},{"type":"Feature","properties":{"county_fips":65,"srprec":"414105","precinct_id":"065-414105","county_name":"Riverside","area_sq_mi":1.862,"place_primary":"Palm Springs","place_primary_share":100.0,"place_also":[],"places":[{"name":"Palm Springs","geoid":"0655254","kind":"city","pct":100.0}],"bbox":[-116.52829,33.79767,-116.49285,33.82438],"g22_asm":{"dem_pct":77.7,"margin_dem":55.4,"votes_two_party":2200,"winner":"Dem"},"g24_asm":{"dem_pct":71.9,"margin_dem":43.9,"votes_two_party":2442,"winner":"Dem"}},"geometry":{"type":"Polygon","coordinates":[[[-116.51328,33.82435],[-116.51219,33.82318],[-116.51066,33.81846],[-116.49774,33.8173],[-116.49975,33.81592],[-116.50625,33.81592],[-116.50946,33.81592],[-116.51068,33.81556],[-116.51069,33.81092],[-116.51026,33.80976],[-116.50849,33.8089],[-116.50628,33.80674],[-116.49967,33.80324],[-116.49816,33.80316],[-116.4951,33.8038],[-116.49495,33.80152],[-116.51056,33.79834],[-116.5109,33.79783],[-116.51146,33.79825],[-116.51391,33.80049],[-116.51609,33.80133],[-116.51986,33.8014],[-116.52415,33.80141],[-116.52828,33.80143],[-116.52828,33.80424],[-116.52826,33.80869],[-116.52824,33.81041],[-116.52824,33.81087],[-116.52824,33.81235],[-116.52822,33.81555],[-116.52822,33.81956],[-116.52628,33.81956],[-116.51803,33.82317],[-116.51823,33.82406],[-116.51505,33.82432],[-116.51328,33.82435]]]}},{"type":"Feature","properties":{"county_fips":65,"srprec":"414107","precinct_id":"065-414107","county_name":"Riverside","area_sq_mi":2.988,"place_primary":"Palm Springs","place_primary_share":99.9,"place_also":[],"places":[{"name":"Palm Springs","geoid":"0655254","kind":"city","pct":99.9}],"bbox":[-116.52839,33.77242,-116.4755,33.80152],"g22_asm":{"dem_pct":75.9,"margin_dem":51.8,"votes_two_party":1208,"winner":"Dem"},"g24_asm":{"dem_pct":73.1,"margin_dem":46.3,"votes_two_party":1444,"winner":"Dem"}},"geometry":{"type":"Polygon","coordinates":[[[-116.51947,33.78684],[-116.5282,33.78382],[-116.52825,33.78581],[-116.52816,33.79021],[-116.52824,33.79169],[-116.52827,33.79336],[-116.52827,33.79483],[-116.52831,33.79634],[-116.52831,33.79972],[-116.52645,33.80141],[-116.52371,33.80141],[-116.51941,33.8014],[-116.51609,33.80133],[-116.51417,33.80066],[-116.51198,33.79874],[-116.51116,33.79801],[-116.51065,33.79767],[-116.50454,33.80107],[-116.49285,33.80152],[-116.49285,33.80101],[-116.49286,33.79401],[-116.49246,33.79306],[-116.49238,33.79254],[-116.48853,33.79157],[-116.48628,33.79076],[-116.48641,33.78734],[-116.48424,33.78502],[-116.47986,33.78415],[-116.47553,33.7752],[-116.47565,33.77262],[-116.47638,33.77262],[-116.49914,33.78691],[-116.51947,33.78684]]]}},{"type":"Feature","properties":{"county_fips":65,"srprec":"414110","precinct_id":"065-414110","county_name":"Riverside","area_sq_mi":0.846,"place_primary":"Palm Springs","place_primary_share":99.2,"place_also":[],"places":[{"name":"Palm Springs","geoid":"0655254","kind":"city","pct":99.2},{"name":"Cathedral City","geoid":"0612048","kind":"city","pct":0.8}],"bbox":[-116.49289,33.78684,-116.46693,33.80152],"g22_asm":{"dem_pct":72.6,"margin_dem":45.2,"votes_two_party":1092,"winner":"Dem"},"g24_asm":{"dem_pct":70.5,"margin_dem":41.0,"votes_two_party":1285,"winner":"Dem"}},"geometry":{"type":"Polygon","coordinates":[[[-116.48303,33.79422],[-116.48413,33.79248],[-116.48428,33.79213],[-116.48425,33.79111],[-116.48435,33.79061],[-116.487,33.79105],[-116.48895,33.79172],[-116.49256,33.79276],[-116.49258,33.79394],[-116.49288,33.79959],[-116.49285,33.80126],[-116.49017,33.80147],[-116.48293,33.8014],[-116.47932,33.80142],[-116.47546,33.79773],[-116.47408,33.79591],[-116.47339,33.7936],[-116.47169,33.79261],[-116.47072,33.79333],[-116.4681,33.79052],[-116.46694,33.78911],[-116.4694,33.78692],[-116.47544,33.7869],[-116.47546,33.79043],[-116.4772,33.79053],[-116.47719,33.78879],[-116.47719,33.78799],[-116.47719,33.78712],[-116.4798,33.78691],[-116.47986,33.78978],[-116.47997,33.79427],[-116.48114,33.79428],[-116.48296,33.79432],[-116.48303,33.79422]]]}},{"type":"Feature","properties":{"county_fips":65,"srprec":"415100","precinct_id":"065-415100","county_name":"Riverside","area_sq_mi":0.757,"place_primary":"Palm Springs","place_primary_share":99.9,"place_also":[],"places":[{"name":"Palm Springs","geoid":"0655254","kind":"city","pct":99.9}],"bbox":[-116.57165,33.81582,-116.55415,33.83052],"g22_asm":{"dem_pct":100.0,"margin_dem":100.0,"votes_two_party":4,"winner":"Dem"},"g24_asm":null},"geometry":{"type":"Polygon","coordinates":[[[-116.55636,33.81586],[-116.55651,33.81586],[-116.55682,33.81586],[-116.55776,33.81586],[-116.5615,33.81587],[-116.56275,33.81587],[-116.56285,33.8203],[-116.5629,33.82287],[-116.5629,33.82287],[-116.56712,33.82302],[-116.56895,33.82301],[-116.57082,33.82315],[-116.57165,33.82321],[-116.57165,33.82322],[-116.57158,33.82517],[-116.57144,33.8296],[-116.57144,33.8305],[-116.57145,33.8305],[-116.57145,33.83052],[-116.56935,33.83052],[-116.56755,33.83052],[-116.56725,33.83042],[-116.56665,33.83042],[-116.56595,33.83042],[-116.56541,33.83042],[-116.56535,33.83042],[-116.56315,33.83052],[-116.55595,33.83044],[-116.55415,33.83042],[-116.55415,33.83014],[-116.55415,33.82379],[-116.55415,33.81598],[-116.55415,33.81588],[-116.55416,33.81585],[-116.55475,33.81585],[-116.55549,33.81584],[-116.55576,33.81582],[-116.5559,33.81586],[-116.55636,33.81586]]]}},{"type":"Feature","properties":{"county_fips":65,"srprec":"415104","precinct_id":"065-415104","county_name":"Riverside","area_sq_mi":1.04,"place_primary":"Palm Springs","place_primary_share":100.0,"place_also":[],"places":[{"name":"Palm Springs","geoid":"0655254","kind":"city","pct":100.0}],"bbox":[-116.56299,33.80857,-116.52822,33.82379],"g22_asm":{"dem_pct":80.1,"margin_dem":60.1,"votes_two_party":1123,"winner":"Dem"},"g24_asm":{"dem_pct":75.2,"margin_dem":50.4,"votes_two_party":955,"winner":"Dem"}},"geometry":{"type":"Polygon","coordinates":[[[-116.5537,33.81584],[-116.54893,33.81587],[-116.55415,33.81588],[-116.54905,33.82311],[-116.54684,33.8231],[-116.54679,33.82234],[-116.54678,33.81875],[-116.54558,33.81584],[-116.5438,33.81587],[-116.54228,33.81589],[-116.54126,33.81589],[-116.54007,33.81589],[-116.53775,33.81591],[-116.53527,33.81592],[-116.53402,33.81592],[-116.53169,33.81595],[-116.53006,33.81596],[-116.52822,33.81555],[-116.52824,33.81261],[-116.52824,33.81104],[-116.52824,33.81052],[-116.52825,33.80958],[-116.52896,33.80868],[-116.53083,33.80868],[-116.53275,33.80867],[-116.53413,33.80867],[-116.53859,33.80862],[-116.54226,33.80861],[-116.5456,33.80863],[-116.54557,33.81136],[-116.54578,33.8122],[-116.54989,33.81177],[-116.55716,33.81218],[-116.56299,33.80857],[-116.56287,33.81178],[-116.5615,33.81587],[-116.55549,33.81584],[-116.5537,33.81584]],[[-116.54786,33.81586],[-116.54785,33.81586],[-116.54786,33.81596],[-116.54786,33.81586]]]}},{"type":"Feature","properties":{"county_fips":65,"srprec":"415109","precinct_id":"065-415109","county_name":"Riverside","area_sq_mi":2.338,"place_primary":"Palm Springs","place_primary_share":100.0,"place_also":[],"places":[{"name":"Palm Springs","geoid":"0655254","kind":"city","pct":100.0}],"bbox":[-116.56316,33.791,-116.52825,33.81596],"g22_asm":{"dem_pct":78.8,"margin_dem":57.6,"votes_two_party":2212,"winner":"Dem"},"g24_asm":{"dem_pct":76.7,"margin_dem":53.3,"votes_two_party":2574,"winner":"Dem"}},"geometry":{"type":"MultiPolygon","coordinates":[[[[-116.54341,33.79414],[-116.54565,33.79402],[-116.54891,33.79342],[-116.54919,33.7924],[-116.56311,33.7985],[-116.56316,33.80264],[-116.5586,33.80857],[-116.55423,33.81179],[-116.54989,33.81177],[-116.54602,33.81221],[-116.54557,33.8115],[-116.54559,33.80911],[-116.5456,33.80858],[-116.53942,33.80863],[-116.53707,33.80863],[-116.53413,33.80867],[-116.53325,33.80867],[-116.53153,33.80867],[-116.52984,33.80868],[-116.52826,33.80869],[-116.52827,33.80506],[-116.52828,33.80326],[-116.52829,33.80101],[-116.52839,33.79933],[-116.52827,33.7958],[-116.52827,33.7946],[-116.52885,33.79372],[-116.53146,33.79367],[-116.53246,33.79366],[-116.53262,33.79648],[-116.53488,33.7951],[-116.53631,33.79428],[-116.53804,33.79415],[-116.54131,33.79414],[-116.54236,33.79414],[-116.54339,33.79414],[-116.54341,33.79414]]],[[[-116.54786,33.81596],[-116.54785,33.81586],[-116.54786,33.81586],[-116.54786,33.81596]]]]}},{"type":"Feature","properties":{"county_fips":65,"srprec":"415113","precinct_id":"065-415113","county_name":"Riverside","area_sq_mi":29.691,"place_primary":"Palm Springs","place_primary_share":100.0,"place_also":[],"places":[{"name":"Palm Springs","geoid":"0655254","kind":"city","pct":100.0}],"bbox":[-116.56336,33.64075,-116.45989,33.79648],"g22_asm":{"dem_pct":78.9,"margin_dem":57.7,"votes_two_party":1552,"winner":"Dem"},"g24_asm":{"dem_pct":74.2,"margin_dem":48.4,"votes_two_party":1998,"winner":"Dem"}},"geometry":{"type":"Polygon","coordinates":[[[-116.51211,33.66593],[-116.51585,33.68503],[-116.53021,33.70201],[-116.52808,33.71415],[-116.51292,33.7383],[-116.52083,33.7723],[-116.52993,33.76859],[-116.52993,33.77202],[-116.53688,33.77229],[-116.54629,33.77229],[-116.56316,33.78609],[-116.54951,33.79342],[-116.54489,33.79414],[-116.54229,33.79414],[-116.53804,33.79415],[-116.53492,33.79507],[-116.53264,33.79422],[-116.52986,33.79368],[-116.52826,33.79211],[-116.52822,33.78693],[-116.52823,33.78527],[-116.51055,33.78702],[-116.47638,33.77262],[-116.47554,33.77249],[-116.47731,33.77191],[-116.48005,33.76689],[-116.48196,33.76163],[-116.4778,33.75814],[-116.47764,33.74674],[-116.46029,33.7264],[-116.46005,33.71362],[-116.45995,33.68762],[-116.46042,33.65439],[-116.46019,33.65149],[-116.51211,33.66593]]]}},{"type":"Feature","properties":{"county_fips":65,"srprec":"421001","precinct_id":"065-421001","county_name":"Riverside","area_sq_mi":1.0,"place_primary":"Cathedral City","place_primary_share":99.9,"place_also":[],"places":[{"name":"Cathedral City","geoid":"0612048","kind":"city","pct":99.9}],"bbox":[-116.48157,33.78695,-116.46122,33.82321],"g22_asm":{"dem_pct":74.8,"margin_dem":49.7,"votes_two_party":910,"winner":"Dem"},"g24_asm":{"dem_pct":69.7,"margin_dem":39.3,"votes_two_party":966,"winner":"Dem"}},"geometry":{"type":"Polygon","coordinates":[[[-116.47565,33.81591],[-116.47919,33.81764],[-116.47885,33.8232],[-116.47559,33.82319],[-116.47299,33.81956],[-116.47233,33.81593],[-116.47122,33.81591],[-116.47015,33.81593],[-116.46905,33.81593],[-116.46694,33.81594],[-116.46521,33.81595],[-116.46401,33.81593],[-116.46405,33.81232],[-116.46628,33.81231],[-116.4668,33.80506],[-116.46676,33.80113],[-116.46676,33.79852],[-116.46678,33.79729],[-116.46678,33.7946],[-116.46678,33.79381],[-116.46679,33.79317],[-116.4668,33.79125],[-116.46229,33.78804],[-116.46679,33.78897],[-116.46726,33.78975],[-116.47043,33.79297],[-116.47133,33.79592],[-116.47408,33.79591],[-116.47455,33.79839],[-116.47518,33.80078],[-116.47565,33.80145],[-116.47565,33.80507],[-116.47565,33.81332],[-116.47565,33.81591]]]}},{"type":"Feature","properties":{"county_fips":65,"srprec":"421013","precinct_id":"065-421013","county_name":"Riverside","area_sq_mi":1.559,"place_primary":"Cathedral City","place_primary_share":98.0,"place_also":[],"places":[{"name":"Cathedral City","geoid":"0612048","kind":"city","pct":98.0},{"name":"Rancho Mirage","geoid":"0659500","kind":"city","pct":1.6},{"name":"Palm Springs","geoid":"0655254","kind":"city","pct":0.4}],"bbox":[-116.48173,33.75609,-116.45799,33.78939],"g22_asm":{"dem_pct":75.0,"margin_dem":50.0,"votes_two_party":1221,"winner":"Dem"},"g24_asm":null},"geometry":{"type":"Polygon","coordinates":[[[-116.4631,33.77245],[-116.4612,33.77034],[-116.46372,33.76963],[-116.46366,33.76758],[-116.46545,33.76962],[-116.46726,33.76761],[-116.4674,33.7671],[-116.46778,33.76638],[-116.46804,33.76566],[-116.46775,33.76453],[-116.47012,33.76452],[-116.4715,33.76302],[-116.47267,33.76334],[-116.47214,33.76127],[-116.47437,33.75782],[-116.47632,33.75609],[-116.47547,33.75908],[-116.47634,33.75878],[-116.47759,33.75786],[-116.47768,33.75929],[-116.48068,33.76544],[-116.4773,33.77132],[-116.47659,33.77243],[-116.47554,33.77273],[-116.47549,33.78266],[-116.47545,33.78639],[-116.4694,33.7871],[-116.46679,33.78939],[-116.45804,33.78142],[-116.45801,33.78041],[-116.45799,33.77898],[-116.45807,33.77763],[-116.4582,33.77713],[-116.4605,33.77576],[-116.4633,33.77244],[-116.4631,33.77245]]]}},{"type":"Feature","properties":{"county_fips":65,"srprec":"421016","precinct_id":"065-421016","county_name":"Riverside","area_sq_mi":0.311,"place_primary":"Cathedral City","place_primary_share":98.2,"place_also":[],"places":[{"name":"Cathedral City","geoid":"0612048","kind":"city","pct":98.2},{"name":"Palm Springs","geoid":"0655254","kind":"city","pct":1.8}],"bbox":[-116.48642,33.78141,-116.47544,33.79439],"g22_asm":{"dem_pct":82.4,"margin_dem":64.8,"votes_two_party":216,"winner":"Dem"},"g24_asm":{"dem_pct":76.9,"margin_dem":53.8,"votes_two_party":260,"winner":"Dem"}},"geometry":{"type":"Polygon","coordinates":[[[-116.48581,33.7906],[-116.48425,33.79067],[-116.48425,33.79111],[-116.48426,33.792],[-116.4843,33.7922],[-116.48429,33.79248],[-116.48322,33.79246],[-116.48303,33.79416],[-116.48309,33.79438],[-116.48296,33.79432],[-116.48192,33.79429],[-116.48109,33.79428],[-116.48027,33.79427],[-116.47983,33.79416],[-116.47987,33.79002],[-116.47987,33.78743],[-116.4798,33.78691],[-116.47775,33.78685],[-116.47719,33.78722],[-116.47719,33.78787],[-116.4772,33.7882],[-116.47719,33.7885],[-116.4772,33.78968],[-116.4772,33.79053],[-116.47702,33.79054],[-116.47546,33.79041],[-116.47544,33.787],[-116.47545,33.78639],[-116.47549,33.78446],[-116.47545,33.78372],[-116.47557,33.78141],[-116.47987,33.78412],[-116.48205,33.78412],[-116.48561,33.78682],[-116.48642,33.78689],[-116.48628,33.79059],[-116.48581,33.7906]]]}},{"type":"Feature","properties":{"county_fips":65,"srprec":"422003","precinct_id":"065-422003","county_name":"Riverside","area_sq_mi":0.947,"place_primary":"Cathedral City","place_primary_share":100.0,"place_also":[],"places":[{"name":"Cathedral City","geoid":"0612048","kind":"city","pct":100.0}],"bbox":[-116.46684,33.78264,-116.45801,33.81597],"g22_asm":{"dem_pct":75.7,"margin_dem":51.3,"votes_two_party":1298,"winner":"Dem"},"g24_asm":null},"geometry":{"type":"Polygon","coordinates":[[[-116.4668,33.79154],[-116.46679,33.79279],[-116.46678,33.79335],[-116.46678,33.79381],[-116.46678,33.79438],[-116.46678,33.79501],[-116.46678,33.79706],[-116.46676,33.79827],[-116.46676,33.79864],[-116.46677,33.79978],[-116.46675,33.80134],[-116.4668,33.80506],[-116.46683,33.81159],[-116.46577,33.81231],[-116.46422,33.81233],[-116.46337,33.81522],[-116.46296,33.81596],[-116.462,33.81595],[-116.46094,33.81596],[-116.45987,33.81596],[-116.45846,33.81597],[-116.45809,33.81366],[-116.45806,33.81052],[-116.45803,33.80725],[-116.45803,33.80544],[-116.45802,33.80289],[-116.45805,33.79783],[-116.45807,33.79502],[-116.45808,33.79332],[-116.4581,33.79197],[-116.45811,33.78982],[-116.45811,33.7889],[-116.45812,33.78693],[-116.45813,33.78516],[-116.45812,33.78403],[-116.46122,33.78696],[-116.46378,33.78904],[-116.46679,33.79124],[-116.4668,33.79154]]]}},{"type":"Feature","properties":{"county_fips":65,"srprec":"422014","precinct_id":"065-422014","county_name":"Riverside","area_sq_mi":0.156,"place_primary":"Cathedral City","place_primary_share":100.0,"place_also":[],"places":[{"name":"Cathedral City","geoid":"0612048","kind":"city","pct":100.0}],"bbox":[-116.45807,33.79421,-116.45258,33.80148],"g22_asm":{"dem_pct":70.1,"margin_dem":40.3,"votes_two_party":154,"winner":"Dem"},"g24_asm":{"dem_pct":66.9,"margin_dem":33.8,"votes_two_party":281,"winner":"Dem"}},"geometry":{"type":"Polygon","coordinates":[[[-116.45263,33.79712],[-116.45265,33.79572],[-116.45265,33.79494],[-116.45266,33.79422],[-116.45266,33.79421],[-116.45287,33.79421],[-116.45335,33.79422],[-116.45373,33.79422],[-116.45385,33.79422],[-116.45461,33.79422],[-116.45483,33.79422],[-116.45504,33.79422],[-116.45569,33.79421],[-116.45591,33.79421],[-116.45613,33.79421],[-116.45678,33.79421],[-116.45699,33.79421],[-116.45721,33.79421],[-116.45785,33.79422],[-116.45805,33.79422],[-116.45807,33.79422],[-116.45807,33.79494],[-116.45807,33.79502],[-116.45806,33.79518],[-116.45806,33.79711],[-116.45806,33.79782],[-116.45806,33.79783],[-116.45805,33.79783],[-116.45805,33.8009],[-116.45804,33.80144],[-116.45782,33.80144],[-116.45717,33.80146],[-116.45695,33.80146],[-116.45673,33.80146],[-116.45607,33.80147],[-116.45585,33.80147],[-116.45541,33.80147],[-116.4541,33.80147],[-116.45367,33.80148],[-116.45345,33.80148],[-116.45279,33.80147],[-116.45258,33.80147],[-116.45258,33.80075],[-116.45261,33.79857],[-116.45262,33.79784],[-116.45263,33.79712]]]}},{"type":"Feature","properties":{"county_fips":65,"srprec":"422015","precinct_id":"065-422015","county_name":"Riverside","area_sq_mi":0.657,"place_primary":"Cathedral City","place_primary_share":99.9,"place_also":[],"places":[{"name":"Cathedral City","geoid":"0612048","kind":"city","pct":99.9}],"bbox":[-116.4583,33.77252,-116.44077,33.787],"g22_asm":{"dem_pct":74.5,"margin_dem":49.1,"votes_two_party":903,"winner":"Dem"},"g24_asm":{"dem_pct":74.3,"margin_dem":48.6,"votes_two_party":1046,"winner":"Dem"}},"geometry":{"type":"Polygon","coordinates":[[[-116.45338,33.77634],[-116.45473,33.77256],[-116.45829,33.773],[-116.45825,33.77522],[-116.45822,33.77703],[-116.45815,33.7774],[-116.45807,33.77763],[-116.45801,33.77815],[-116.45799,33.77922],[-116.458,33.7798],[-116.45802,33.78058],[-116.45804,33.78117],[-116.45806,33.7819],[-116.45809,33.78288],[-116.45733,33.78391],[-116.45226,33.7798],[-116.45176,33.7798],[-116.45166,33.78088],[-116.45164,33.78309],[-116.45164,33.78428],[-116.45156,33.78611],[-116.44987,33.78696],[-116.44864,33.78697],[-116.44542,33.78699],[-116.44164,33.787],[-116.4408,33.78341],[-116.44081,33.78155],[-116.44081,33.78139],[-116.44083,33.78022],[-116.44083,33.77979],[-116.44119,33.77972],[-116.4431,33.77721],[-116.4431,33.77421],[-116.44515,33.77495],[-116.44814,33.7763],[-116.45079,33.77634],[-116.45338,33.77634]]]}},{"type":"Feature","properties":{"county_fips":65,"srprec":"423005","precinct_id":"065-423005","county_name":"Riverside","area_sq_mi":3.186,"place_primary":"Cathedral City","place_primary_share":100.0,"place_also":[],"places":[{"name":"Cathedral City","geoid":"0612048","kind":"city","pct":100.0}],"bbox":[-116.50369,33.84488,-116.47407,33.89138],"g22_asm":{"dem_pct":67.6,"margin_dem":35.2,"votes_two_party":506,"winner":"Dem"},"g24_asm":{"dem_pct":62.0,"margin_dem":24.0,"votes_two_party":747,"winner":"Dem"}},"geometry":{"type":"Polygon","coordinates":[[[-116.48401,33.84813],[-116.48448,33.84699],[-116.48458,33.84506],[-116.48941,33.84491],[-116.49323,33.84605],[-116.49329,33.8535],[-116.49348,33.86771],[-116.49357,33.87079],[-116.49671,33.87382],[-116.50074,33.8772],[-116.50327,33.88036],[-116.50198,33.88268],[-116.50169,33.88392],[-116.50163,33.88762],[-116.5014,33.89132],[-116.49649,33.89029],[-116.49583,33.89015],[-116.49143,33.88922],[-116.48825,33.88856],[-116.47407,33.8886],[-116.47525,33.88668],[-116.47574,33.87834],[-116.47533,33.85955],[-116.47545,33.85939],[-116.47606,33.85763],[-116.47873,33.85576],[-116.48102,33.85657],[-116.48135,33.85685],[-116.48152,33.85774],[-116.48335,33.85817],[-116.48691,33.85588],[-116.4869,33.85307],[-116.48289,33.85361],[-116.48249,33.85129],[-116.48276,33.85049],[-116.48364,33.84882],[-116.48401,33.84813]]]}},{"type":"Feature","properties":{"county_fips":65,"srprec":"423009","precinct_id":"065-423009","county_name":"Riverside","area_sq_mi":1.595,"place_primary":"Cathedral City","place_primary_share":99.9,"place_also":[],"places":[{"name":"Cathedral City","geoid":"0612048","kind":"city","pct":99.9},{"name":"Rancho Mirage","geoid":"0659500","kind":"city","pct":0.1}],"bbox":[-116.45823,33.79421,-116.44057,33.82328],"g22_asm":{"dem_pct":66.5,"margin_dem":33.0,"votes_two_party":1059,"winner":"Dem"},"g24_asm":null},"geometry":{"type":"Polygon","coordinates":[[[-116.45816,33.81602],[-116.45821,33.81691],[-116.45822,33.81818],[-116.45822,33.81903],[-116.4582,33.82312],[-116.45735,33.82321],[-116.456,33.82321],[-116.45447,33.82322],[-116.4512,33.82323],[-116.44897,33.82326],[-116.44607,33.82327],[-116.44298,33.82327],[-116.44075,33.82327],[-116.4407,33.8207],[-116.4407,33.81962],[-116.44065,33.81622],[-116.44065,33.8159],[-116.4406,33.81143],[-116.44058,33.80311],[-116.44085,33.8015],[-116.44586,33.80148],[-116.44763,33.80149],[-116.44934,33.80099],[-116.44934,33.8],[-116.44935,33.79919],[-116.44935,33.79825],[-116.44936,33.79787],[-116.44985,33.79423],[-116.45175,33.79422],[-116.45265,33.79494],[-116.45258,33.80075],[-116.4541,33.80147],[-116.45695,33.80146],[-116.45804,33.8018],[-116.45804,33.80508],[-116.45803,33.80725],[-116.45806,33.81015],[-116.45807,33.81267],[-116.45816,33.81597],[-116.45816,33.81602]]]}},{"type":"Feature","properties":{"county_fips":65,"srprec":"423013","precinct_id":"065-423013","county_name":"Riverside","area_sq_mi":1.302,"place_primary":"Cathedral City","place_primary_share":99.9,"place_also":[],"places":[{"name":"Cathedral City","geoid":"0612048","kind":"city","pct":99.9}],"bbox":[-116.45844,33.82321,-116.43876,33.84681],"g22_asm":{"dem_pct":58.2,"margin_dem":16.4,"votes_two_party":1057,"winner":"Dem"},"g24_asm":{"dem_pct":54.9,"margin_dem":9.7,"votes_two_party":1493,"winner":"Dem"}},"geometry":{"type":"Polygon","coordinates":[[[-116.44965,33.82322],[-116.4512,33.82323],[-116.45428,33.82322],[-116.45504,33.82322],[-116.45596,33.82321],[-116.45638,33.82322],[-116.45735,33.82321],[-116.45815,33.82322],[-116.45818,33.82546],[-116.45814,33.83051],[-116.45815,33.83089],[-116.45821,33.83412],[-116.45828,33.83774],[-116.4583,33.83936],[-116.45843,33.84379],[-116.45844,33.84502],[-116.45839,33.84672],[-116.45591,33.8453],[-116.44617,33.83957],[-116.44075,33.83634],[-116.43878,33.83217],[-116.43876,33.8305],[-116.44087,33.8305],[-116.44085,33.82852],[-116.44083,33.82729],[-116.44082,33.82681],[-116.44078,33.82595],[-116.44075,33.82403],[-116.44075,33.82327],[-116.44253,33.82327],[-116.44334,33.82328],[-116.44502,33.82326],[-116.44685,33.82326],[-116.44897,33.82326],[-116.44965,33.82322]]]}},{"type":"Feature","properties":{"county_fips":65,"srprec":"423017","precinct_id":"065-423017","county_name":"Riverside","area_sq_mi":0.376,"place_primary":"Cathedral City","place_primary_share":100.0,"place_also":[],"places":[{"name":"Cathedral City","geoid":"0612048","kind":"city","pct":100.0}],"bbox":[-116.45813,33.77966,-116.4494,33.79423],"g22_asm":{"dem_pct":73.8,"margin_dem":47.7,"votes_two_party":619,"winner":"Dem"},"g24_asm":{"dem_pct":73.7,"margin_dem":47.5,"votes_two_party":575,"winner":"Dem"}},"geometry":{"type":"Polygon","coordinates":[[[-116.45165,33.78156],[-116.45172,33.78039],[-116.45176,33.7798],[-116.45182,33.77968],[-116.45244,33.78005],[-116.45693,33.7836],[-116.45813,33.78455],[-116.45813,33.78521],[-116.45812,33.78661],[-116.45812,33.78729],[-116.45811,33.7889],[-116.45811,33.78945],[-116.45811,33.79039],[-116.4581,33.79169],[-116.45809,33.79238],[-116.45808,33.79332],[-116.45807,33.79422],[-116.45721,33.79421],[-116.45613,33.79421],[-116.45504,33.79422],[-116.45385,33.79422],[-116.45287,33.79421],[-116.45193,33.79422],[-116.45128,33.79422],[-116.44985,33.79423],[-116.4494,33.79349],[-116.44942,33.79116],[-116.44943,33.78933],[-116.44944,33.78846],[-116.44944,33.78802],[-116.44943,33.78761],[-116.44943,33.78708],[-116.44968,33.78697],[-116.45164,33.78696],[-116.45156,33.78611],[-116.45157,33.78442],[-116.45164,33.78427],[-116.45164,33.78325],[-116.45165,33.78227],[-116.45165,33.78156]]]}},{"type":"Feature","properties":{"county_fips":65,"srprec":"424001","precinct_id":"065-424001","county_name":"Riverside","area_sq_mi":1.337,"place_primary":"Cathedral City","place_primary_share":100.0,"place_also":[],"places":[{"name":"Cathedral City","geoid":"0612048","kind":"city","pct":100.0}],"bbox":[-116.49325,33.8159,-116.47559,33.84495],"g22_asm":{"dem_pct":63.5,"margin_dem":27.0,"votes_two_party":663,"winner":"Dem"},"g24_asm":null},"geometry":{"type":"Polygon","coordinates":[[[-116.48037,33.81591],[-116.4842,33.82314],[-116.48799,33.8287],[-116.48928,33.83059],[-116.49316,33.83681],[-116.49319,33.83844],[-116.49325,33.84122],[-116.49325,33.84432],[-116.49323,33.84481],[-116.49322,33.84493],[-116.49213,33.84492],[-116.49017,33.84491],[-116.48844,33.8449],[-116.48474,33.84488],[-116.48345,33.84487],[-116.47887,33.84486],[-116.47838,33.84486],[-116.47753,33.84488],[-116.47665,33.84491],[-116.47622,33.84494],[-116.4759,33.8449],[-116.4759,33.84479],[-116.47589,33.84432],[-116.47587,33.84351],[-116.47581,33.84087],[-116.47578,33.83834],[-116.47576,33.83734],[-116.47573,33.83592],[-116.4757,33.83447],[-116.47567,33.83338],[-116.47559,33.83051],[-116.47559,33.82975],[-116.4756,33.82684],[-116.47559,33.82536],[-116.47559,33.82463],[-116.47559,33.82319],[-116.47736,33.82321],[-116.47772,33.82321],[-116.47848,33.8232],[-116.47885,33.8232],[-116.4793,33.8231],[-116.48113,33.82266],[-116.47974,33.81946],[-116.47919,33.81764],[-116.47867,33.81591],[-116.47998,33.8159],[-116.48037,33.8159],[-116.48037,33.81591]]]}},{"type":"Feature","properties":{"county_fips":65,"srprec":"424002","precinct_id":"065-424002","county_name":"Riverside","area_sq_mi":0.471,"place_primary":"Cathedral City","place_primary_share":99.6,"place_also":[],"places":[{"name":"Cathedral City","geoid":"0612048","kind":"city","pct":99.6},{"name":"Palm Springs","geoid":"0655254","kind":"city","pct":0.4}],"bbox":[-116.49321,33.81587,-116.48037,33.83592],"g22_asm":{"dem_pct":79.5,"margin_dem":59.0,"votes_two_party":322,"winner":"Dem"},"g24_asm":{"dem_pct":65.8,"margin_dem":31.6,"votes_two_party":1295,"winner":"Dem"}},"geometry":{"type":"Polygon","coordinates":[[[-116.49318,33.83046],[-116.49317,33.83058],[-116.49317,33.83067],[-116.49317,33.83082],[-116.49317,33.83097],[-116.49317,33.83106],[-116.49318,33.8312],[-116.49318,33.83135],[-116.49319,33.83145],[-116.49319,33.83153],[-116.49319,33.83174],[-116.49318,33.83194],[-116.49318,33.83217],[-116.49319,33.8323],[-116.49313,33.8348],[-116.48928,33.83059],[-116.48799,33.8287],[-116.4842,33.82314],[-116.48037,33.81591],[-116.48111,33.8159],[-116.4835,33.81589],[-116.48458,33.81588],[-116.48541,33.81588],[-116.48585,33.81588],[-116.48649,33.81587],[-116.48814,33.81588],[-116.48856,33.81592],[-116.48856,33.81735],[-116.48855,33.81947],[-116.493,33.81946],[-116.49305,33.81982],[-116.493,33.82008],[-116.49299,33.82026],[-116.493,33.82102],[-116.49302,33.82373],[-116.49303,33.82445],[-116.49305,33.82449],[-116.49305,33.82451],[-116.49303,33.82462],[-116.49305,33.82594],[-116.49308,33.8292],[-116.49296,33.83035],[-116.49305,33.83035],[-116.49309,33.83035],[-116.49319,33.8304],[-116.49318,33.83046]]]}},{"type":"Feature","properties":{"county_fips":65,"srprec":"424004","precinct_id":"065-424004","county_name":"Riverside","area_sq_mi":0.962,"place_primary":"Cathedral City","place_primary_share":100.0,"place_also":[],"places":[{"name":"Cathedral City","geoid":"0612048","kind":"city","pct":100.0}],"bbox":[-116.4756,33.81591,-116.45814,33.83051],"g22_asm":{"dem_pct":67.4,"margin_dem":34.8,"votes_two_party":1329,"winner":"Dem"},"g24_asm":{"dem_pct":61.5,"margin_dem":23.0,"votes_two_party":2269,"winner":"Dem"}},"geometry":{"type":"Polygon","coordinates":[[[-116.47122,33.81591],[-116.47214,33.81593],[-116.47285,33.81593],[-116.47299,33.81956],[-116.47559,33.82247],[-116.47559,33.82463],[-116.4756,33.82757],[-116.47524,33.83048],[-116.47465,33.83048],[-116.47099,33.83049],[-116.46849,33.83049],[-116.4669,33.83051],[-116.46439,33.8305],[-116.46287,33.8305],[-116.46094,33.8305],[-116.45942,33.8305],[-116.45814,33.83051],[-116.4582,33.82322],[-116.45822,33.81945],[-116.45822,33.81819],[-116.45821,33.81732],[-116.45816,33.81613],[-116.45964,33.81596],[-116.46031,33.81595],[-116.46164,33.81595],[-116.46241,33.81595],[-116.46313,33.81595],[-116.46401,33.81593],[-116.46445,33.81594],[-116.46603,33.81595],[-116.46687,33.81594],[-116.46806,33.81594],[-116.46925,33.81593],[-116.46979,33.81593],[-116.47022,33.81594],[-116.47122,33.81591]]]}},{"type":"Feature","properties":{"county_fips":65,"srprec":"425007","precinct_id":"065-425007","county_name":"Riverside","area_sq_mi":0.999,"place_primary":"Cathedral City","place_primary_share":100.0,"place_also":[],"places":[{"name":"Cathedral City","geoid":"0612048","kind":"city","pct":100.0}],"bbox":[-116.4759,33.83047,-116.45814,33.84502],"g22_asm":{"dem_pct":61.9,"margin_dem":23.8,"votes_two_party":1780,"winner":"Dem"},"g24_asm":null},"geometry":{"type":"Polygon","coordinates":[[[-116.46705,33.8305],[-116.46808,33.8305],[-116.46972,33.83049],[-116.47099,33.83049],[-116.4738,33.83048],[-116.47468,33.83048],[-116.47524,33.83048],[-116.47536,33.83048],[-116.47561,33.8312],[-116.4757,33.83447],[-116.47574,33.83627],[-116.47578,33.83834],[-116.47583,33.84153],[-116.47589,33.84432],[-116.4759,33.84482],[-116.47566,33.84495],[-116.47472,33.84496],[-116.47055,33.84499],[-116.47011,33.84499],[-116.46956,33.84499],[-116.46692,33.845],[-116.46189,33.84499],[-116.45888,33.84502],[-116.45844,33.84478],[-116.4584,33.8429],[-116.45829,33.83904],[-116.45826,33.83702],[-116.45819,33.83347],[-116.45814,33.83081],[-116.45825,33.83051],[-116.4593,33.8305],[-116.45989,33.83051],[-116.46094,33.8305],[-116.46201,33.8305],[-116.46309,33.8305],[-116.46418,33.8305],[-116.46524,33.8305],[-116.4669,33.83051],[-116.46705,33.8305]]]}},{"type":"Feature","properties":{"county_fips":65,"srprec":"425010","precinct_id":"065-425010","county_name":"Riverside","area_sq_mi":1.415,"place_primary":"Cathedral City","place_primary_share":100.0,"place_also":[],"places":[{"name":"Cathedral City","geoid":"0612048","kind":"city","pct":100.0}],"bbox":[-116.48691,33.84486,-116.45822,33.85944],"g22_asm":{"dem_pct":66.4,"margin_dem":32.9,"votes_two_party":1055,"winner":"Dem"},"g24_asm":{"dem_pct":63.1,"margin_dem":26.1,"votes_two_party":1927,"winner":"Dem"}},"geometry":{"type":"Polygon","coordinates":[[[-116.47622,33.84494],[-116.47753,33.84488],[-116.47887,33.84486],[-116.48459,33.8449],[-116.48455,33.8464],[-116.48442,33.84723],[-116.48426,33.84765],[-116.48364,33.84882],[-116.48289,33.85021],[-116.48263,33.85078],[-116.48249,33.85129],[-116.48243,33.8521],[-116.48334,33.85307],[-116.4869,33.85307],[-116.48688,33.85548],[-116.4869,33.85668],[-116.48335,33.85817],[-116.48243,33.85775],[-116.4815,33.85705],[-116.48135,33.85685],[-116.48109,33.85665],[-116.4808,33.85633],[-116.47873,33.85576],[-116.47602,33.85681],[-116.47607,33.85918],[-116.47545,33.85939],[-116.47082,33.85941],[-116.45824,33.855],[-116.4583,33.85142],[-116.45832,33.8497],[-116.45834,33.84899],[-116.45836,33.84797],[-116.45839,33.84686],[-116.45843,33.84538],[-116.46019,33.84499],[-116.46566,33.845],[-116.46956,33.84499],[-116.4702,33.84499],[-116.47389,33.84496],[-116.47566,33.84495],[-116.47622,33.84494]],[[-116.45833,33.8495],[-116.45848,33.84959],[-116.45848,33.84959],[-116.45833,33.8495]]]}},{"type":"Feature","properties":{"county_fips":65,"srprec":"427001","precinct_id":"065-427001","county_name":"Riverside","area_sq_mi":13.338,"place_primary":"Unincorporated Riverside County","place_primary_share":null,"place_also":[],"places":[],"bbox":[-116.85996,33.78286,-116.72971,33.87004],"g22_asm":{"dem_pct":13.3,"margin_dem":-73.3,"votes_two_party":15,"winner":"Rep"},"g24_asm":{"dem_pct":0.0,"margin_dem":-100.0,"votes_two_party":15,"winner":"Rep"}},"geometry":{"type":"Polygon","coordinates":[[[-116.80629,33.82312],[-116.8595,33.84199],[-116.82408,33.86328],[-116.82207,33.86503],[-116.81835,33.8674],[-116.80999,33.86832],[-116.80432,33.85662],[-116.80532,33.85354],[-116.80165,33.85063],[-116.7977,33.84762],[-116.79291,33.84714],[-116.78737,33.84314],[-116.78598,33.83942],[-116.78694,33.83691],[-116.80828,33.83918],[-116.80143,33.8346],[-116.75135,33.82475],[-116.74932,33.81874],[-116.74509,33.81122],[-116.7393,33.81466],[-116.73795,33.81326],[-116.7339,33.80971],[-116.73272,33.80309],[-116.74125,33.78737],[-116.75111,33.78307],[-116.75073,33.78878],[-116.74359,33.79305],[-116.74365,33.79554],[-116.74912,33.79895],[-116.75962,33.7977],[-116.76392,33.79337],[-116.76786,33.78919],[-116.77468,33.79924],[-116.80629,33.82312]]]}},{"type":"Feature","properties":{"county_fips":65,"srprec":"427017","precinct_id":"065-427017","county_name":"Riverside","area_sq_mi":29.741,"place_primary":"Unincorporated Riverside County","place_primary_share":null,"place_also":[],"places":[],"bbox":[-116.77144,33.76434,-116.61435,33.83195],"g22_asm":{"dem_pct":80.0,"margin_dem":60.0,"votes_two_party":15,"winner":"Dem"},"g24_asm":{"dem_pct":90.0,"margin_dem":80.0,"votes_two_party":20,"winner":"Dem"}},"geometry":{"type":"Polygon","coordinates":[[[-116.68983,33.77452],[-116.73754,33.77568],[-116.75864,33.77251],[-116.76964,33.78766],[-116.76682,33.7907],[-116.764,33.79326],[-116.76179,33.79697],[-116.75462,33.79627],[-116.7492,33.79894],[-116.74614,33.79521],[-116.74114,33.79685],[-116.74357,33.79311],[-116.74915,33.791],[-116.75201,33.78676],[-116.75119,33.78313],[-116.74443,33.78657],[-116.73981,33.79215],[-116.73296,33.80256],[-116.73371,33.80714],[-116.73324,33.81301],[-116.73762,33.8132],[-116.7364,33.81531],[-116.74102,33.81351],[-116.74489,33.81138],[-116.75143,33.81106],[-116.7535,33.81476],[-116.7518,33.82398],[-116.65844,33.83155],[-116.65162,33.7727],[-116.65563,33.77086],[-116.65879,33.76919],[-116.66268,33.76562],[-116.66638,33.76782],[-116.68983,33.77452]]]}},{"type":"Feature","properties":{"county_fips":65,"srprec":"427019","precinct_id":"065-427019","county_name":"Riverside","area_sq_mi":0.034,"place_primary":"Idyllwild-Pine Cove","place_primary_share":99.7,"place_also":[],"places":[{"name":"Idyllwild-Pine Cove","geoid":"0636203","kind":"cdp","pct":99.7}],"bbox":[-116.73996,33.77247,-116.73625,33.77606],"g22_asm":{"dem_pct":42.9,"margin_dem":-14.3,"votes_two_party":7,"winner":"Rep"},"g24_asm":null},"geometry":{"type":"Polygon","coordinates":[[[-116.73724,33.77581],[-116.73704,33.77589],[-116.73662,33.77606],[-116.73661,33.77434],[-116.73684,33.77428],[-116.73674,33.77413],[-116.73669,33.77413],[-116.73661,33.77414],[-116.73633,33.77415],[-116.73631,33.77405],[-116.73626,33.77375],[-116.73625,33.77365],[-116.73637,33.77353],[-116.73658,33.77335],[-116.7366,33.77331],[-116.73662,33.77257],[-116.73681,33.77258],[-116.73705,33.77259],[-116.73706,33.77259],[-116.73706,33.77258],[-116.73706,33.77247],[-116.73734,33.77248],[-116.73839,33.77251],[-116.73954,33.77258],[-116.73973,33.7726],[-116.73996,33.77262],[-116.73991,33.77266],[-116.73981,33.77279],[-116.73981,33.7728],[-116.73976,33.77294],[-116.73972,33.77322],[-116.73971,33.77345],[-116.7397,33.77352],[-116.73969,33.7736],[-116.73966,33.77376],[-116.73963,33.77395],[-116.73959,33.77408],[-116.73952,33.77423],[-116.73952,33.77424],[-116.73944,33.77439],[-116.73934,33.77451],[-116.73932,33.77453],[-116.7392,33.77467],[-116.73905,33.7748],[-116.73888,33.77492],[-116.73861,33.77509],[-116.73803,33.77543],[-116.73773,33.77558],[-116.73754,33.77568],[-116.73725,33.7758],[-116.73724,33.77581]]]}},{"type":"Feature","properties":{"county_fips":65,"srprec":"427020","precinct_id":"065-427020","county_name":"Riverside","area_sq_mi":0.382,"place_primary":"Idyllwild-Pine Cove","place_primary_share":99.6,"place_also":[],"places":[{"name":"Idyllwild-Pine Cove","geoid":"0636203","kind":"cdp","pct":99.6}],"bbox":[-116.73706,33.77247,-116.71886,33.78171],"g22_asm":{"dem_pct":50.0,"margin_dem":0.0,"votes_two_party":4,"winner":"Tie"},"g24_asm":null},"geometry":{"type":"Polygon","coordinates":[[[-116.73191,33.7725],[-116.73706,33.77259],[-116.7366,33.77331],[-116.73626,33.77375],[-116.73669,33.77413],[-116.73662,33.77606],[-116.73641,33.77615],[-116.73628,33.77622],[-116.73614,33.77638],[-116.73519,33.77639],[-116.73412,33.77635],[-116.73329,33.77612],[-116.73254,33.77592],[-116.73162,33.77596],[-116.73078,33.77621],[-116.72999,33.77648],[-116.72934,33.77682],[-116.72844,33.77737],[-116.72806,33.77777],[-116.72764,33.77808],[-116.72695,33.77825],[-116.72569,33.77861],[-116.7252,33.77871],[-116.72432,33.77887],[-116.72381,33.77911],[-116.72346,33.77947],[-116.7228,33.77966],[-116.72228,33.77998],[-116.72155,33.78041],[-116.72077,33.78078],[-116.72023,33.78118],[-116.71985,33.78144],[-116.71935,33.78166],[-116.71914,33.78161],[-116.71886,33.77269],[-116.71999,33.77257],[-116.73161,33.7725],[-116.73191,33.7725]]]}},{"type":"Feature","properties":{"county_fips":65,"srprec":"427026","precinct_id":"065-427026","county_name":"Riverside","area_sq_mi":19.247,"place_primary":"Unincorporated Riverside County","place_primary_share":null,"place_also":[],"places":[],"bbox":[-116.86011,33.73011,-116.77143,33.81648],"g22_asm":{"dem_pct":0.0,"margin_dem":-100.0,"votes_two_party":1,"winner":"Rep"},"g24_asm":null},"geometry":{"type":"Polygon","coordinates":[[[-116.81838,33.73642],[-116.82525,33.73734],[-116.82841,33.73951],[-116.83289,33.74036],[-116.83936,33.74121],[-116.84117,33.75847],[-116.84173,33.77373],[-116.86007,33.81432],[-116.78888,33.81004],[-116.77392,33.78336],[-116.77566,33.77926],[-116.77677,33.77488],[-116.77837,33.77175],[-116.77839,33.76982],[-116.78412,33.76344],[-116.78288,33.75878],[-116.78446,33.75676],[-116.78677,33.75436],[-116.78607,33.7524],[-116.78824,33.75105],[-116.78928,33.74962],[-116.79011,33.74707],[-116.79175,33.74482],[-116.79291,33.74296],[-116.79402,33.74022],[-116.79434,33.74198],[-116.79766,33.74134],[-116.80015,33.73876],[-116.80161,33.73494],[-116.80284,33.73163],[-116.80925,33.73046],[-116.81438,33.73488],[-116.81838,33.73642]]]}},{"type":"Feature","properties":{"county_fips":65,"srprec":"427028","precinct_id":"065-427028","county_name":"Riverside","area_sq_mi":0.185,"place_primary":"Unincorporated Riverside County","place_primary_share":0.2,"place_also":[],"places":[{"name":"Idyllwild-Pine Cove","geoid":"0636203","kind":"cdp","pct":0.2}],"bbox":[-116.83566,33.6981,-116.75461,33.73765],"g22_asm":{"dem_pct":50.0,"margin_dem":0.0,"votes_two_party":2,"winner":"Tie"},"g24_asm":null},"geometry":{"type":"MultiPolygon","coordinates":[[[[-116.75649,33.69819],[-116.75574,33.69838],[-116.75556,33.69841],[-116.75534,33.69845],[-116.75522,33.69845],[-116.75506,33.69843],[-116.75494,33.6984],[-116.75484,33.69835],[-116.75474,33.69829],[-116.75461,33.6982],[-116.75468,33.6981],[-116.75649,33.69819]]],[[[-116.771,33.70266],[-116.75637,33.70766],[-116.75584,33.7072],[-116.75539,33.70677],[-116.75505,33.70638],[-116.75494,33.70599],[-116.75497,33.70572],[-116.75511,33.70545],[-116.75523,33.70531],[-116.75545,33.70518],[-116.75555,33.70514],[-116.75573,33.70509],[-116.75611,33.70503],[-116.75705,33.70485],[-116.7584,33.70475],[-116.75961,33.70469],[-116.76005,33.7047],[-116.76042,33.7048],[-116.76083,33.70487],[-116.76103,33.70488],[-116.76134,33.70483],[-116.76187,33.70469],[-116.76225,33.70463],[-116.76254,33.70463],[-116.76286,33.70466],[-116.76324,33.70464],[-116.76371,33.70446],[-116.76448,33.70417],[-116.76485,33.70408],[-116.76507,33.70407],[-116.76605,33.7039],[-116.76649,33.7038],[-116.76681,33.70368],[-116.76703,33.70355],[-116.76703,33.70354],[-116.76766,33.70308],[-116.76802,33.70284],[-116.76823,33.70274],[-116.76846,33.70267],[-116.76933,33.70267],[-116.77,33.70268],[-116.7708,33.70271],[-116.77099,33.70266],[-116.771,33.70266]]],[[[-116.75656,33.70772],[-116.75655,33.70772],[-116.75646,33.70769],[-116.75641,33.70768],[-116.75656,33.70772]]],[[[-116.76122,33.69843],[-116.76116,33.69847],[-116.76091,33.6987],[-116.76082,33.69878],[-116.76071,33.69884],[-116.76056,33.69889],[-116.76046,33.69891],[-116.76041,33.69892],[-116.76025,33.69891],[-116.76008,33.69886],[-116.75996,33.69881],[-116.75986,33.69874],[-116.75978,33.69865],[-116.75973,33.6985],[-116.75973,33.69841],[-116.75974,33.69836],[-116.76122,33.69843]]],[[[-116.76909,33.70183],[-116.76901,33.70184],[-116.76901,33.70184],[-116.76901,33.70184],[-116.76896,33.70184],[-116.76892,33.70184],[-116.76892,33.70184],[-116.76856,33.70184],[-116.76835,33.70182],[-116.768,33.70174],[-116.7668,33.70137],[-116.76629,33.7012],[-116.76533,33.70088],[-116.7651,33.70084],[-116.76477,33.70078],[-116.76447,33.70079],[-116.76427,33.7008],[-116.7641,33.70083],[-116.7641,33.70083],[-116.76406,33.70083],[-116.76394,33.70085],[-116.76378,33.70089],[-116.76325,33.70103],[-116.76295,33.70111],[-116.76272,33.70115],[-116.76255,33.70116],[-116.76248,33.70116],[-116.76225,33.70114],[-116.76212,33.70111],[-116.76205,33.70108],[-116.76197,33.70105],[-116.76191,33.70101],[-116.76184,33.70095],[-116.76176,33.70086],[-116.7617,33.70076],[-116.76164,33.70064],[-116.76162,33.70051],[-116.76163,33.70036],[-116.76167,33.70016],[-116.7617,33.70008],[-116.76178,33.69994],[-116.76185,33.69982],[-116.76194,33.69974],[-116.76211,33.69963],[-116.76226,33.69955],[-116.76228,33.69954],[-116.76244,33.69945],[-116.7625,33.69941],[-116.76261,33.69932],[-116.76265,33.69926],[-116.76268,33.69917],[-116.7627,33.69907],[-116.76909,33.70183]]],[[[-116.7636,33.70946],[-116.76356,33.70946],[-116.76336,33.70945],[-116.76323,33.70941],[-116.76308,33.70936],[-116.76297,33.70931],[-116.7636,33.70946]]],[[[-116.76559,33.70996],[-116.76535,33.70998],[-116.76508,33.70996],[-116.76492,33.70993],[-116.7648,33.70989],[-116.76465,33.70982],[-116.76432,33.70964],[-116.76559,33.70996]]],[[[-116.7687,33.71073],[-116.76996,33.71115],[-116.76991,33.71118],[-116.76977,33.71124],[-116.76962,33.71128],[-116.76956,33.71128],[-116.76956,33.71128],[-116.7695,33.71129],[-116.76937,33.71129],[-116.76934,33.71128],[-116.76925,33.71126],[-116.76913,33.71122],[-116.76907,33.71118],[-116.76897,33.71113],[-116.76885,33.71101],[-116.76882,33.71097],[-116.76875,33.71085],[-116.76869,33.71073],[-116.7687,33.71073]]],[[[-116.7891,33.71757],[-116.78885,33.71757],[-116.78848,33.71759],[-116.78824,33.7176],[-116.78811,33.71758],[-116.78805,33.71756],[-116.78796,33.71752],[-116.78786,33.71745],[-116.78774,33.71735],[-116.78769,33.71728],[-116.78765,33.71723],[-116.78757,33.7171],[-116.78755,33.71705],[-116.7891,33.71757]]],[[[-116.79904,33.72096],[-116.79893,33.72096],[-116.79866,33.72096],[-116.79847,33.72097],[-116.79811,33.72099],[-116.79801,33.72101],[-116.79774,33.72107],[-116.79769,33.72109],[-116.79757,33.72112],[-116.79714,33.7212],[-116.79701,33.72122],[-116.79687,33.72122],[-116.79657,33.72123],[-116.79627,33.72122],[-116.79613,33.7212],[-116.79597,33.72117],[-116.79574,33.72112],[-116.79548,33.72105],[-116.79509,33.7209],[-116.79477,33.72073],[-116.79461,33.72063],[-116.79437,33.72043],[-116.79423,33.72031],[-116.79423,33.72031],[-116.79422,33.72031],[-116.7942,33.72029],[-116.79415,33.72024],[-116.79415,33.72023],[-116.79394,33.72003],[-116.79386,33.71994],[-116.79376,33.71983],[-116.79352,33.71955],[-116.79328,33.71932],[-116.79292,33.71898],[-116.7927,33.7188],[-116.7927,33.7188],[-116.79904,33.72096]]],[[[-116.81837,33.73641],[-116.8182,33.73645],[-116.81807,33.73647],[-116.81806,33.73647],[-116.81796,33.73648],[-116.81769,33.73647],[-116.81756,33.73646],[-116.81741,33.73642],[-116.8172,33.73637],[-116.81707,33.73633],[-116.81614,33.73606],[-116.81604,33.73603],[-116.8157,33.73594],[-116.8156,33.73591],[-116.81548,33.73586],[-116.81527,33.73576],[-116.81511,33.73566],[-116.8151,33.73565],[-116.815,33.73555],[-116.81488,33.73541],[-116.81472,33.73519],[-116.8146,33.73506],[-116.81448,33.73496],[-116.81438,33.73488],[-116.81366,33.7345],[-116.81356,33.73443],[-116.81351,33.73439],[-116.81335,33.73425],[-116.81316,33.73405],[-116.8131,33.73394],[-116.81305,33.73386],[-116.8128,33.73339],[-116.81269,33.73326],[-116.81261,33.73318],[-116.81252,33.73309],[-116.81229,33.73294],[-116.8121,33.73284],[-116.81171,33.73261],[-116.81126,33.73229],[-116.81086,33.73198],[-116.81057,33.73173],[-116.81041,33.73158],[-116.81029,33.73147],[-116.80991,33.73106],[-116.80978,33.73092],[-116.80969,33.73081],[-116.8096,33.73071],[-116.80946,33.73053],[-116.80912,33.73004],[-116.80888,33.72966],[-116.80858,33.72915],[-116.80845,33.72888],[-116.80827,33.72854],[-116.80822,33.72843],[-116.8081,33.7282],[-116.81837,33.73641]]],[[[-116.82629,33.7369],[-116.82628,33.7369],[-116.82536,33.73696],[-116.82471,33.737],[-116.82364,33.73708],[-116.82355,33.73709],[-116.82334,33.73707],[-116.82302,33.73706],[-116.823,33.73706],[-116.82273,33.73704],[-116.82233,33.73701],[-116.82214,33.73698],[-116.82166,33.73689],[-116.82137,33.73682],[-116.82119,33.73676],[-116.82089,33.73668],[-116.82052,33.73655],[-116.82629,33.7369]]],[[[-116.83566,33.73747],[-116.83565,33.73765],[-116.83564,33.73765],[-116.8351,33.73745],[-116.83506,33.73743],[-116.83566,33.73747]]]]}},{"type":"Feature","properties":{"county_fips":65,"srprec":"427041","precinct_id":"065-427041","county_name":"Riverside","area_sq_mi":27.978,"place_primary":"Unincorporated Riverside County","place_primary_share":11.6,"place_also":[],"places":[{"name":"Idyllwild-Pine Cove","geoid":"0636203","kind":"cdp","pct":11.6},{"name":"Mountain Center","geoid":"0649544","kind":"cdp","pct":1.5}],"bbox":[-116.77099,33.64854,-116.61414,33.77459],"g22_asm":{"dem_pct":16.7,"margin_dem":-66.7,"votes_two_party":18,"winner":"Rep"},"g24_asm":{"dem_pct":32.0,"margin_dem":-36.0,"votes_two_party":25,"winner":"Rep"}},"geometry":{"type":"Polygon","coordinates":[[[-116.61436,33.68758],[-116.61988,33.6787],[-116.63418,33.64855],[-116.66913,33.6667],[-116.67738,33.67159],[-116.68583,33.67914],[-116.6919,33.68296],[-116.68432,33.71049],[-116.72295,33.71534],[-116.75461,33.6982],[-116.76082,33.69878],[-116.7617,33.70076],[-116.76533,33.70088],[-116.76837,33.70269],[-116.7643,33.70423],[-116.75993,33.70469],[-116.75496,33.70615],[-116.7648,33.70989],[-116.7676,33.71342],[-116.76296,33.71672],[-116.76171,33.72116],[-116.76021,33.72571],[-116.75602,33.72749],[-116.74588,33.72525],[-116.71693,33.72637],[-116.71317,33.72981],[-116.71126,33.73033],[-116.70122,33.7368],[-116.69331,33.75635],[-116.6866,33.77189],[-116.68618,33.77325],[-116.6164,33.72846],[-116.6142,33.70158],[-116.61436,33.68758]]]}},{"type":"Feature","properties":{"county_fips":65,"srprec":"427043","precinct_id":"065-427043","county_name":"Riverside","area_sq_mi":1.463,"place_primary":"Unincorporated Riverside County","place_primary_share":0.3,"place_also":[],"places":[{"name":"Palm Springs","geoid":"0655254","kind":"city","pct":0.3}],"bbox":[-116.55111,33.66593,-116.51211,33.68528],"g22_asm":{"dem_pct":36.8,"margin_dem":-26.3,"votes_two_party":19,"winner":"Rep"},"g24_asm":{"dem_pct":59.3,"margin_dem":18.5,"votes_two_party":27,"winner":"Dem"}},"geometry":{"type":"Polygon","coordinates":[[[-116.55111,33.68484],[-116.55111,33.68484],[-116.54765,33.68492],[-116.54419,33.68492],[-116.53381,33.68492],[-116.53341,33.68492],[-116.53035,33.68492],[-116.52275,33.68497],[-116.51958,33.68499],[-116.51613,33.68501],[-116.51585,33.68503],[-116.51559,33.68505],[-116.51245,33.68528],[-116.51245,33.68492],[-116.51245,33.68489],[-116.51242,33.6829],[-116.51241,33.6822],[-116.51221,33.67171],[-116.5122,33.67086],[-116.51219,33.67021],[-116.51211,33.66617],[-116.51211,33.66593],[-116.55111,33.68484]]]}},{"type":"Feature","properties":{"county_fips":65,"srprec":"427050","precinct_id":"065-427050","county_name":"Riverside","area_sq_mi":9.126,"place_primary":"Unincorporated Riverside County","place_primary_share":null,"place_also":[],"places":[],"bbox":[-116.81025,33.82728,-116.75315,33.88608],"g22_asm":{"dem_pct":0.0,"margin_dem":-100.0,"votes_two_party":3,"winner":"Rep"},"g24_asm":null},"geometry":{"type":"Polygon","coordinates":[[[-116.78936,33.88588],[-116.79627,33.82831],[-116.80155,33.83466],[-116.8085,33.83682],[-116.80694,33.83877],[-116.79633,33.83937],[-116.78637,33.83631],[-116.78443,33.83825],[-116.78642,33.83948],[-116.78699,33.84095],[-116.78837,33.84359],[-116.79088,33.84489],[-116.79352,33.84726],[-116.79611,33.84807],[-116.79812,33.84773],[-116.79946,33.84936],[-116.80244,33.85087],[-116.80411,33.85256],[-116.80553,33.8545],[-116.8055,33.85636],[-116.79035,33.85717],[-116.79807,33.86436],[-116.79407,33.87141],[-116.79157,33.87168],[-116.79329,33.87458],[-116.79179,33.87518],[-116.79159,33.87741],[-116.7923,33.87936],[-116.79161,33.87983],[-116.79213,33.88176],[-116.79384,33.88232],[-116.7958,33.88273],[-116.79724,33.88558],[-116.78936,33.88588]]]}},{"type":"Feature","properties":{"county_fips":65,"srprec":"428000","precinct_id":"065-428000","county_name":"Riverside","area_sq_mi":3.201,"place_primary":"Unincorporated Riverside County","place_primary_share":null,"place_also":[],"places":[],"bbox":[-116.44095,33.83053,-116.40569,33.85947],"g22_asm":{"dem_pct":100.0,"margin_dem":100.0,"votes_two_party":1,"winner":"Dem"},"g24_asm":null},"geometry":{"type":"Polygon","coordinates":[[[-116.40575,33.84529],[-116.40583,33.8449],[-116.40584,33.84423],[-116.40585,33.84236],[-116.40585,33.84031],[-116.40584,33.83666],[-116.40583,33.83439],[-116.40583,33.83094],[-116.40792,33.83087],[-116.4163,33.83057],[-116.42323,33.83053],[-116.42331,33.83409],[-116.42369,33.83601],[-116.42554,33.83738],[-116.42749,33.83882],[-116.42932,33.84016],[-116.43081,33.84125],[-116.43215,33.84224],[-116.43306,33.84293],[-116.43422,33.84379],[-116.43468,33.84411],[-116.4359,33.84501],[-116.43594,33.84504],[-116.43698,33.84506],[-116.44083,33.84489],[-116.44092,33.84795],[-116.44094,33.84866],[-116.44083,33.84978],[-116.44082,33.84983],[-116.44084,33.853],[-116.44087,33.85515],[-116.44095,33.85937],[-116.44078,33.85937],[-116.43122,33.85945],[-116.42514,33.8594],[-116.42361,33.85938],[-116.40624,33.85932],[-116.40606,33.85313],[-116.40606,33.85312],[-116.40576,33.84538],[-116.40575,33.84529]]]}},{"type":"Feature","properties":{"county_fips":65,"srprec":"428002","precinct_id":"065-428002","county_name":"Riverside","area_sq_mi":11.2,"place_primary":"Thousand Palms","place_primary_share":100.0,"place_also":[],"places":[{"name":"Thousand Palms","geoid":"0678596","kind":"cdp","pct":100.0}],"bbox":[-116.40624,33.81637,-116.32675,33.85977],"g22_asm":{"dem_pct":49.9,"margin_dem":-0.3,"votes_two_party":744,"winner":"Rep"},"g24_asm":{"dem_pct":49.7,"margin_dem":-0.7,"votes_two_party":1307,"winner":"Rep"}},"geometry":{"type":"Polygon","coordinates":[[[-116.40583,33.82865],[-116.40583,33.83282],[-116.40584,33.83843],[-116.40584,33.84319],[-116.40579,33.84517],[-116.40583,33.84539],[-116.40599,33.85932],[-116.35332,33.85951],[-116.35289,33.84577],[-116.3332,33.81967],[-116.33049,33.81844],[-116.32675,33.81682],[-116.32846,33.81665],[-116.33533,33.81672],[-116.33775,33.81669],[-116.34386,33.81663],[-116.34446,33.81663],[-116.34629,33.81659],[-116.3489,33.81656],[-116.35242,33.81656],[-116.35781,33.81652],[-116.36766,33.81654],[-116.37295,33.81654],[-116.37552,33.81652],[-116.37609,33.81651],[-116.38053,33.81646],[-116.38398,33.81644],[-116.38518,33.81643],[-116.38634,33.81642],[-116.38862,33.81643],[-116.39239,33.81641],[-116.39307,33.81641],[-116.39416,33.8164],[-116.39929,33.81638],[-116.40101,33.81638],[-116.40351,33.81919],[-116.40521,33.82138],[-116.40583,33.82216],[-116.40585,33.82403],[-116.40583,33.82865]]]}},{"type":"Feature","properties":{"county_fips":65,"srprec":"428010","precinct_id":"065-428010","county_name":"Riverside","area_sq_mi":12.935,"place_primary":"Thousand Palms","place_primary_share":87.1,"place_also":[],"places":[{"name":"Thousand Palms","geoid":"0678596","kind":"cdp","pct":87.1}],"bbox":[-116.40576,33.77275,-116.30101,33.84582],"g22_asm":{"dem_pct":51.7,"margin_dem":3.5,"votes_two_party":1185,"winner":"Dem"},"g24_asm":{"dem_pct":52.7,"margin_dem":5.4,"votes_two_party":1461,"winner":"Dem"}},"geometry":{"type":"MultiPolygon","coordinates":[[[[-116.30123,33.80334],[-116.30104,33.7793],[-116.30129,33.77563],[-116.30355,33.77358],[-116.30387,33.77302],[-116.32094,33.773],[-116.33088,33.77281],[-116.33208,33.77275],[-116.33331,33.77276],[-116.33594,33.77382],[-116.35497,33.7856],[-116.37085,33.79466],[-116.38,33.80048],[-116.39846,33.8114],[-116.40546,33.81556],[-116.4053,33.81635],[-116.40215,33.81638],[-116.4001,33.81637],[-116.39416,33.8164],[-116.39295,33.81642],[-116.38862,33.81643],[-116.38621,33.81642],[-116.38398,33.81644],[-116.3789,33.81647],[-116.37552,33.81652],[-116.37125,33.81653],[-116.35781,33.81652],[-116.35103,33.81657],[-116.34629,33.81659],[-116.34415,33.81663],[-116.33775,33.81669],[-116.33419,33.81668],[-116.32358,33.81457],[-116.30692,33.80658],[-116.30123,33.80334]]],[[[-116.31218,33.84466],[-116.3225,33.82282],[-116.32249,33.82281],[-116.32457,33.82146],[-116.32525,33.821],[-116.32553,33.82081],[-116.3259,33.82054],[-116.32602,33.82043],[-116.32603,33.82042],[-116.32617,33.82027],[-116.32634,33.82007],[-116.32655,33.81975],[-116.32666,33.81952],[-116.32673,33.81931],[-116.3268,33.81902],[-116.32682,33.81872],[-116.32682,33.81839],[-116.3268,33.818],[-116.32679,33.81778],[-116.32674,33.8169],[-116.32675,33.81682],[-116.32769,33.81721],[-116.32851,33.81754],[-116.33016,33.81829],[-116.33049,33.81844],[-116.33142,33.81885],[-116.33183,33.81903],[-116.33305,33.8196],[-116.3332,33.81967],[-116.33346,33.81978],[-116.33426,33.84581],[-116.31516,33.84582],[-116.31218,33.84466]]]]}},{"type":"Feature","properties":{"county_fips":65,"srprec":"428013","precinct_id":"065-428013","county_name":"Riverside","area_sq_mi":0.852,"place_primary":"Thousand Palms","place_primary_share":99.9,"place_also":[],"places":[{"name":"Thousand Palms","geoid":"0678596","kind":"cdp","pct":99.9}],"bbox":[-116.33181,33.76057,-116.30087,33.77614],"g22_asm":{"dem_pct":75.0,"margin_dem":50.0,"votes_two_party":4,"winner":"Dem"},"g24_asm":null},"geometry":{"type":"Polygon","coordinates":[[[-116.30886,33.76248],[-116.31685,33.76483],[-116.31725,33.76497],[-116.31908,33.76564],[-116.3214,33.76672],[-116.32354,33.76789],[-116.32412,33.76823],[-116.33178,33.77278],[-116.33078,33.77284],[-116.31826,33.77298],[-116.30387,33.77302],[-116.30368,33.77336],[-116.30173,33.77515],[-116.30108,33.77614],[-116.3013,33.77508],[-116.30181,33.77421],[-116.30302,33.77285],[-116.30327,33.77248],[-116.3036,33.77169],[-116.3037,33.77009],[-116.30356,33.76904],[-116.30317,33.76802],[-116.30249,33.76702],[-116.30151,33.76586],[-116.30121,33.76537],[-116.30087,33.76454],[-116.30229,33.76287],[-116.30115,33.7617],[-116.30119,33.76095],[-116.30374,33.76111],[-116.30587,33.7617],[-116.30679,33.7619],[-116.30825,33.76232],[-116.30886,33.76248]]]}},{"type":"Feature","properties":{"county_fips":65,"srprec":"428035","precinct_id":"065-428035","county_name":"Riverside","area_sq_mi":0.052,"place_primary":"Unincorporated Riverside County","place_primary_share":0.9,"place_also":[],"places":[{"name":"Cathedral City","geoid":"0612048","kind":"city","pct":0.9}],"bbox":[-116.40596,33.81634,-116.40124,33.8214],"g22_asm":{"dem_pct":33.3,"margin_dem":-33.3,"votes_two_party":3,"winner":"Rep"},"g24_asm":null},"geometry":{"type":"Polygon","coordinates":[[[-116.4041,33.81635],[-116.40421,33.81635],[-116.4053,33.81635],[-116.40575,33.81634],[-116.40587,33.81634],[-116.40594,33.81634],[-116.40593,33.81767],[-116.40593,33.81785],[-116.40593,33.81795],[-116.40592,33.81812],[-116.40588,33.81809],[-116.40586,33.81816],[-116.40596,33.81958],[-116.40596,33.81959],[-116.40578,33.81969],[-116.40578,33.81999],[-116.40578,33.82107],[-116.40577,33.82112],[-116.40573,33.82118],[-116.40569,33.8212],[-116.40553,33.8213],[-116.40543,33.82126],[-116.40523,33.8214],[-116.40521,33.82138],[-116.4051,33.82124],[-116.40433,33.82023],[-116.40407,33.8199],[-116.40351,33.81919],[-116.40275,33.81823],[-116.40181,33.81708],[-116.40124,33.81639],[-116.40147,33.81639],[-116.40188,33.81638],[-116.40215,33.81638],[-116.40238,33.81638],[-116.40364,33.81636],[-116.40386,33.81636],[-116.4041,33.81635]]]}},{"type":"Feature","properties":{"county_fips":65,"srprec":"428051","precinct_id":"065-428051","county_name":"Riverside","area_sq_mi":0.844,"place_primary":"Bermuda Dunes","place_primary_share":99.8,"place_also":[],"places":[{"name":"Bermuda Dunes","geoid":"0606028","kind":"cdp","pct":99.8},{"name":"Indio","geoid":"0636448","kind":"city","pct":0.2}],"bbox":[-116.30385,33.74189,-116.28113,33.75875],"g22_asm":{"dem_pct":37.8,"margin_dem":-24.3,"votes_two_party":489,"winner":"Rep"},"g24_asm":{"dem_pct":36.4,"margin_dem":-27.2,"votes_two_party":659,"winner":"Rep"}},"geometry":{"type":"Polygon","coordinates":[[[-116.30381,33.75091],[-116.3038,33.75329],[-116.30378,33.75464],[-116.30374,33.75502],[-116.30352,33.75581],[-116.30267,33.75785],[-116.30173,33.75784],[-116.29952,33.75819],[-116.29701,33.75802],[-116.29509,33.75703],[-116.29289,33.75635],[-116.28758,33.7547],[-116.28519,33.75388],[-116.28119,33.75138],[-116.28818,33.74918],[-116.28895,33.75137],[-116.28937,33.75163],[-116.29052,33.75159],[-116.29068,33.75069],[-116.29072,33.74922],[-116.28988,33.74951],[-116.28934,33.74901],[-116.29044,33.74815],[-116.2926,33.74847],[-116.29355,33.74697],[-116.29462,33.74695],[-116.29503,33.7469],[-116.29502,33.74549],[-116.29176,33.74533],[-116.29301,33.7437],[-116.29591,33.74367],[-116.29716,33.74194],[-116.30087,33.74352],[-116.30385,33.74399],[-116.30384,33.74586],[-116.30382,33.74787],[-116.30381,33.75079],[-116.30381,33.75091]]]}},{"type":"Feature","properties":{"county_fips":65,"srprec":"428056","precinct_id":"065-428056","county_name":"Riverside","area_sq_mi":0.255,"place_primary":"Bermuda Dunes","place_primary_share":100.0,"place_also":[],"places":[{"name":"Bermuda Dunes","geoid":"0606028","kind":"cdp","pct":100.0}],"bbox":[-116.29503,33.74372,-116.28101,33.75166],"g22_asm":{"dem_pct":44.9,"margin_dem":-10.2,"votes_two_party":441,"winner":"Rep"},"g24_asm":{"dem_pct":45.3,"margin_dem":-9.3,"votes_two_party":633,"winner":"Rep"}},"geometry":{"type":"Polygon","coordinates":[[[-116.28634,33.74379],[-116.28862,33.74376],[-116.2918,33.74372],[-116.29337,33.74535],[-116.29502,33.74549],[-116.29503,33.74686],[-116.29502,33.74691],[-116.29478,33.74692],[-116.29438,33.74697],[-116.29355,33.74697],[-116.29271,33.74698],[-116.29153,33.74848],[-116.29062,33.74813],[-116.28984,33.74831],[-116.28934,33.74901],[-116.2897,33.74918],[-116.29042,33.74931],[-116.29072,33.74923],[-116.29116,33.74946],[-116.29068,33.75069],[-116.2906,33.75158],[-116.2899,33.75164],[-116.28948,33.75166],[-116.28927,33.75158],[-116.28895,33.75137],[-116.28854,33.75109],[-116.28637,33.74921],[-116.28113,33.74915],[-116.28108,33.74701],[-116.28204,33.74692],[-116.28198,33.74535],[-116.28198,33.74494],[-116.28198,33.74445],[-116.28198,33.74391],[-116.28241,33.74378],[-116.28415,33.74378],[-116.2863,33.74379],[-116.28634,33.74379]]]}},{"type":"Feature","properties":{"county_fips":65,"srprec":"428069","precinct_id":"065-428069","county_name":"Riverside","area_sq_mi":1.019,"place_primary":"Bermuda Dunes","place_primary_share":99.9,"place_also":[],"places":[{"name":"Bermuda Dunes","geoid":"0606028","kind":"cdp","pct":99.9}],"bbox":[-116.30387,33.72912,-116.27549,33.74379],"g22_asm":{"dem_pct":37.2,"margin_dem":-25.6,"votes_two_party":906,"winner":"Rep"},"g24_asm":{"dem_pct":36.0,"margin_dem":-28.1,"votes_two_party":1104,"winner":"Rep"}},"geometry":{"type":"Polygon","coordinates":[[[-116.28553,33.74141],[-116.2837,33.74115],[-116.28242,33.74053],[-116.28219,33.74028],[-116.28174,33.73938],[-116.28074,33.73844],[-116.28047,33.73649],[-116.27792,33.73582],[-116.27593,33.73374],[-116.27591,33.73031],[-116.27603,33.7296],[-116.2764,33.72919],[-116.28004,33.72916],[-116.28572,33.72912],[-116.28628,33.72971],[-116.28628,33.73203],[-116.28749,33.7328],[-116.29837,33.73284],[-116.29909,33.73651],[-116.29977,33.73704],[-116.30225,33.73807],[-116.30287,33.73814],[-116.30386,33.73842],[-116.30387,33.74068],[-116.30385,33.7436],[-116.30087,33.74283],[-116.29716,33.74196],[-116.29511,33.74368],[-116.29251,33.74371],[-116.2892,33.74376],[-116.2863,33.74379],[-116.2863,33.74279],[-116.28621,33.74191],[-116.28599,33.74165],[-116.28559,33.74143],[-116.28553,33.74141]]]}},{"type":"Feature","properties":{"county_fips":65,"srprec":"428070","precinct_id":"065-428070","county_name":"Riverside","area_sq_mi":0.723,"place_primary":"Bermuda Dunes","place_primary_share":99.6,"place_also":[],"places":[{"name":"Bermuda Dunes","geoid":"0606028","kind":"cdp","pct":99.6},{"name":"Indio","geoid":"0636448","kind":"city","pct":0.3}],"bbox":[-116.28632,33.72914,-116.26661,33.75266],"g22_asm":{"dem_pct":41.4,"margin_dem":-17.3,"votes_two_party":880,"winner":"Rep"},"g24_asm":{"dem_pct":39.5,"margin_dem":-21.1,"votes_two_party":1062,"winner":"Rep"}},"geometry":{"type":"Polygon","coordinates":[[[-116.26661,33.74377],[-116.26678,33.74376],[-116.26701,33.74376],[-116.26724,33.74375],[-116.26747,33.74375],[-116.26844,33.74362],[-116.26867,33.74191],[-116.26823,33.74029],[-116.26813,33.739],[-116.26785,33.73831],[-116.27536,33.73612],[-116.27538,33.73264],[-116.27538,33.73078],[-116.27538,33.7297],[-116.27565,33.72915],[-116.27603,33.7296],[-116.27591,33.73031],[-116.27593,33.73374],[-116.27792,33.73582],[-116.28047,33.73649],[-116.28074,33.73844],[-116.28174,33.73938],[-116.28219,33.74028],[-116.28242,33.74053],[-116.2837,33.74115],[-116.28553,33.74141],[-116.28589,33.74157],[-116.28617,33.74185],[-116.28631,33.74245],[-116.2863,33.74372],[-116.28414,33.74378],[-116.28198,33.74391],[-116.28198,33.74482],[-116.28198,33.74536],[-116.28108,33.74701],[-116.28243,33.75188],[-116.26661,33.74377]]]}},{"type":"Feature","properties":{"county_fips":65,"srprec":"429000","precinct_id":"065-429000","county_name":"Riverside","area_sq_mi":0.0,"place_primary":"Desert Palms","place_primary_share":100.0,"place_also":[],"places":[{"name":"Desert Palms","geoid":"0619022","kind":"cdp","pct":100.0}],"bbox":[-116.30102,33.78104,-116.30099,33.78255],"g22_asm":{"dem_pct":53.3,"margin_dem":6.6,"votes_two_party":2697,"winner":"Dem"},"g24_asm":{"dem_pct":52.3,"margin_dem":4.5,"votes_two_party":2794,"winner":"Dem"}},"geometry":{"type":"Polygon","coordinates":[[[-116.30099,33.78104],[-116.30102,33.78105],[-116.30101,33.78232],[-116.30101,33.78255],[-116.30099,33.78104]]]}},{"type":"Feature","properties":{"county_fips":65,"srprec":"429005","precinct_id":"065-429005","county_name":"Riverside","area_sq_mi":0.127,"place_primary":"Desert Palms","place_primary_share":97.6,"place_also":[],"places":[{"name":"Desert Palms","geoid":"0619022","kind":"cdp","pct":97.6},{"name":"Thousand Palms","geoid":"0678596","kind":"cdp","pct":2.2},{"name":"Indio","geoid":"0636448","kind":"city","pct":0.2}],"bbox":[-116.3037,33.75832,-116.29087,33.78105],"g22_asm":{"dem_pct":53.3,"margin_dem":6.6,"votes_two_party":2204,"winner":"Dem"},"g24_asm":null},"geometry":{"type":"MultiPolygon","coordinates":[[[[-116.29087,33.75833],[-116.29129,33.75832],[-116.29178,33.75835],[-116.29191,33.75837],[-116.29215,33.75842],[-116.29312,33.75868],[-116.29406,33.75919],[-116.29485,33.75961],[-116.2949,33.75971],[-116.29517,33.75993],[-116.2955,33.75981],[-116.29554,33.7598],[-116.29559,33.75979],[-116.29572,33.75972],[-116.29595,33.75958],[-116.29605,33.75985],[-116.29618,33.76018],[-116.2964,33.76049],[-116.29667,33.76076],[-116.29682,33.76088],[-116.29716,33.7611],[-116.29759,33.76129],[-116.29791,33.76138],[-116.29814,33.76143],[-116.29845,33.76147],[-116.29864,33.76147],[-116.29986,33.76144],[-116.30097,33.76147],[-116.30088,33.76174],[-116.30076,33.76217],[-116.30069,33.76258],[-116.30065,33.76315],[-116.30069,33.76372],[-116.30079,33.76428],[-116.29087,33.75833]]],[[[-116.30081,33.76434],[-116.30087,33.76454],[-116.30097,33.76483],[-116.30113,33.76519],[-116.30122,33.76537],[-116.30151,33.76586],[-116.30151,33.76586],[-116.302,33.76646],[-116.30214,33.76663],[-116.30268,33.76725],[-116.30302,33.76776],[-116.30317,33.76802],[-116.3033,33.76829],[-116.30348,33.76876],[-116.30362,33.76933],[-116.30367,33.76961],[-116.3037,33.77009],[-116.3037,33.7711],[-116.30364,33.77151],[-116.30354,33.77191],[-116.30344,33.77215],[-116.30327,33.77248],[-116.30314,33.7727],[-116.30303,33.77284],[-116.30298,33.77291],[-116.3022,33.77379],[-116.30181,33.77421],[-116.30165,33.77442],[-116.3014,33.77485],[-116.30121,33.77531],[-116.30111,33.77578],[-116.30108,33.77614],[-116.30105,33.77887],[-116.30104,33.78005],[-116.30102,33.78105],[-116.30081,33.76434]]]]}},{"type":"Feature","properties":{"county_fips":65,"srprec":"429050","precinct_id":"065-429050","county_name":"Riverside","area_sq_mi":3.984,"place_primary":"Unincorporated Riverside County","place_primary_share":null,"place_also":[],"places":[],"bbox":[-116.44296,33.6705,-116.40787,33.71414],"g22_asm":{"dem_pct":36.8,"margin_dem":-26.4,"votes_two_party":87,"winner":"Rep"},"g24_asm":{"dem_pct":27.1,"margin_dem":-45.8,"votes_two_party":107,"winner":"Rep"}},"geometry":{"type":"Polygon","coordinates":[[[-116.4421,33.71397],[-116.4361,33.71409],[-116.42592,33.71414],[-116.42438,33.69956],[-116.40808,33.69955],[-116.40807,33.69914],[-116.408,33.69841],[-116.40799,33.69737],[-116.40798,33.69676],[-116.40794,33.69405],[-116.40902,33.69136],[-116.41031,33.69125],[-116.4103,33.69063],[-116.40805,33.69032],[-116.40802,33.69],[-116.40802,33.6897],[-116.40803,33.68932],[-116.40804,33.68707],[-116.40805,33.68501],[-116.40816,33.68502],[-116.40831,33.68502],[-116.40834,33.68502],[-116.40846,33.68502],[-116.40883,33.68502],[-116.40924,33.68502],[-116.41008,33.68505],[-116.41245,33.68495],[-116.41514,33.68496],[-116.41748,33.68502],[-116.41752,33.68501],[-116.41977,33.68502],[-116.42176,33.68503],[-116.42543,33.68493],[-116.42541,33.67736],[-116.42845,33.67062],[-116.43651,33.67057],[-116.4427,33.68378],[-116.44287,33.71396],[-116.4421,33.71397]]]}},{"type":"Feature","properties":{"county_fips":65,"srprec":"429060","precinct_id":"065-429060","county_name":"Riverside","area_sq_mi":5.114,"place_primary":"Unincorporated Riverside County","place_primary_share":0.3,"place_also":[],"places":[{"name":"Palm Desert","geoid":"0655184","kind":"city","pct":0.3}],"bbox":[-116.40845,33.63074,-116.37295,33.68495],"g22_asm":{"dem_pct":100.0,"margin_dem":100.0,"votes_two_party":1,"winner":"Dem"},"g24_asm":null},"geometry":{"type":"Polygon","coordinates":[[[-116.38368,33.64215],[-116.39928,33.64166],[-116.40131,33.63915],[-116.4027,33.63739],[-116.40316,33.6366],[-116.40332,33.6352],[-116.40369,33.63434],[-116.40404,33.63344],[-116.40303,33.63224],[-116.40804,33.6416],[-116.40825,33.64186],[-116.40824,33.64287],[-116.4082,33.64332],[-116.40831,33.64412],[-116.40822,33.6478],[-116.40833,33.64857],[-116.40845,33.64907],[-116.40826,33.64955],[-116.4082,33.65161],[-116.40817,33.65377],[-116.40793,33.66645],[-116.40788,33.6692],[-116.40795,33.67086],[-116.406,33.67609],[-116.40191,33.67789],[-116.39091,33.6779],[-116.39079,33.67552],[-116.38842,33.67505],[-116.38895,33.67921],[-116.38837,33.68295],[-116.38392,33.6849],[-116.37863,33.6798],[-116.37398,33.67072],[-116.38368,33.64215]]]}},{"type":"Feature","properties":{"county_fips":65,"srprec":"430004","precinct_id":"065-430004","county_name":"Riverside","area_sq_mi":1.742,"place_primary":"Rancho Mirage","place_primary_share":99.6,"place_also":[],"places":[{"name":"Rancho Mirage","geoid":"0659500","kind":"city","pct":99.6}],"bbox":[-116.44079,33.8015,-116.41027,33.82693],"g22_asm":{"dem_pct":61.1,"margin_dem":22.1,"votes_two_party":1533,"winner":"Dem"},"g24_asm":null},"geometry":{"type":"Polygon","coordinates":[[[-116.4148,33.81128],[-116.41182,33.8089],[-116.4108,33.80814],[-116.41035,33.80723],[-116.41035,33.80172],[-116.42315,33.80166],[-116.4241,33.80169],[-116.42687,33.80171],[-116.42813,33.80192],[-116.42973,33.80251],[-116.43109,33.80319],[-116.43323,33.80349],[-116.43456,33.80327],[-116.43649,33.80236],[-116.43828,33.80173],[-116.44023,33.80152],[-116.44061,33.80152],[-116.44057,33.80793],[-116.44065,33.81563],[-116.44065,33.81604],[-116.44067,33.81792],[-116.4407,33.8206],[-116.44072,33.82276],[-116.44079,33.8256],[-116.44073,33.82686],[-116.43919,33.82689],[-116.43753,33.82692],[-116.43644,33.82679],[-116.43644,33.82609],[-116.43611,33.82323],[-116.43232,33.81627],[-116.43052,33.81613],[-116.42299,33.81622],[-116.41738,33.81261],[-116.4148,33.81128]]]}},{"type":"Feature","properties":{"county_fips":65,"srprec":"430006","precinct_id":"065-430006","county_name":"Riverside","area_sq_mi":2.506,"place_primary":"Rancho Mirage","place_primary_share":100.0,"place_also":[],"places":[{"name":"Rancho Mirage","geoid":"0659500","kind":"city","pct":100.0}],"bbox":[-116.44944,33.78156,-116.40596,33.80349],"g22_asm":{"dem_pct":62.5,"margin_dem":25.1,"votes_two_party":1925,"winner":"Dem"},"g24_asm":{"dem_pct":61.0,"margin_dem":22.0,"votes_two_party":2202,"winner":"Dem"}},"geometry":{"type":"Polygon","coordinates":[[[-116.41637,33.78712],[-116.42294,33.787],[-116.42339,33.78549],[-116.42339,33.78389],[-116.42341,33.78161],[-116.42513,33.7816],[-116.42962,33.78158],[-116.43254,33.78156],[-116.43594,33.78157],[-116.43276,33.78702],[-116.43838,33.78701],[-116.44376,33.787],[-116.44864,33.78697],[-116.44944,33.78786],[-116.44943,33.78976],[-116.44937,33.79714],[-116.44935,33.79834],[-116.44934,33.80015],[-116.44763,33.80149],[-116.44158,33.8015],[-116.4394,33.80158],[-116.43623,33.80249],[-116.43323,33.80349],[-116.43035,33.80287],[-116.42713,33.80173],[-116.42344,33.80167],[-116.41028,33.80172],[-116.40596,33.79866],[-116.40788,33.79442],[-116.40874,33.79461],[-116.41222,33.79465],[-116.41479,33.79314],[-116.41465,33.78711],[-116.41637,33.78712]],[[-116.42989,33.78702],[-116.42591,33.78702],[-116.42559,33.78702],[-116.4238,33.78702],[-116.42359,33.78702],[-116.42377,33.78706],[-116.42385,33.78707],[-116.4242,33.78707],[-116.42524,33.78707],[-116.42559,33.78707],[-116.42738,33.78706],[-116.42875,33.78705],[-116.4299,33.78704],[-116.42989,33.78702]]]}},{"type":"Feature","properties":{"county_fips":65,"srprec":"430018","precinct_id":"065-430018","county_name":"Riverside","area_sq_mi":1.506,"place_primary":"Rancho Mirage","place_primary_share":98.8,"place_also":[],"places":[{"name":"Rancho Mirage","geoid":"0659500","kind":"city","pct":98.8},{"name":"Cathedral City","geoid":"0612048","kind":"city","pct":1.1}],"bbox":[-116.47792,33.74269,-116.46025,33.77313],"g22_asm":{"dem_pct":35.7,"margin_dem":-28.6,"votes_two_party":28,"winner":"Rep"},"g24_asm":{"dem_pct":48.1,"margin_dem":-3.7,"votes_two_party":27,"winner":"Rep"}},"geometry":{"type":"Polygon","coordinates":[[[-116.47778,33.75802],[-116.47728,33.75781],[-116.47647,33.75852],[-116.47539,33.75996],[-116.47548,33.75856],[-116.47631,33.75651],[-116.47547,33.75665],[-116.47386,33.75855],[-116.47203,33.76111],[-116.47269,33.76225],[-116.47224,33.76349],[-116.4715,33.76286],[-116.47124,33.76369],[-116.46955,33.76439],[-116.46787,33.76474],[-116.4668,33.76519],[-116.4686,33.76551],[-116.46772,33.76623],[-116.4684,33.7668],[-116.46727,33.76689],[-116.46702,33.76735],[-116.46669,33.76859],[-116.46495,33.76924],[-116.46385,33.76779],[-116.46301,33.76891],[-116.46368,33.77006],[-116.46101,33.77018],[-116.46254,33.77113],[-116.46025,33.77252],[-116.46066,33.74273],[-116.4778,33.74269],[-116.47789,33.75451],[-116.4779,33.75798],[-116.47778,33.75802]]]}},{"type":"Feature","properties":{"county_fips":65,"srprec":"430022","precinct_id":"065-430022","county_name":"Riverside","area_sq_mi":2.575,"place_primary":"Rancho Mirage","place_primary_share":100.0,"place_also":[],"places":[{"name":"Rancho Mirage","geoid":"0659500","kind":"city","pct":100.0}],"bbox":[-116.46037,33.75765,-116.41992,33.78707],"g22_asm":{"dem_pct":64.3,"margin_dem":28.7,"votes_two_party":1495,"winner":"Dem"},"g24_asm":{"dem_pct":63.7,"margin_dem":27.4,"votes_two_party":1773,"winner":"Dem"}},"geometry":{"type":"MultiPolygon","coordinates":[[[[-116.4583,33.77252],[-116.45338,33.77634],[-116.44814,33.7763],[-116.4431,33.77405],[-116.44202,33.77972],[-116.44083,33.7801],[-116.44081,33.78148],[-116.4408,33.78341],[-116.43838,33.78701],[-116.43276,33.78702],[-116.43594,33.78157],[-116.43254,33.78156],[-116.42962,33.78158],[-116.42513,33.7816],[-116.42341,33.78161],[-116.42064,33.77978],[-116.41996,33.7792],[-116.41993,33.77712],[-116.42073,33.77613],[-116.42549,33.77612],[-116.4256,33.77249],[-116.4256,33.76876],[-116.42562,33.75994],[-116.42561,33.75788],[-116.42706,33.75776],[-116.42874,33.75771],[-116.43175,33.75771],[-116.43411,33.7577],[-116.43611,33.75801],[-116.43841,33.75955],[-116.44032,33.76085],[-116.44219,33.76262],[-116.44345,33.76459],[-116.44536,33.7675],[-116.45158,33.76228],[-116.46033,33.76717],[-116.4583,33.77252]]],[[[-116.4238,33.78702],[-116.42559,33.78702],[-116.42591,33.78702],[-116.42989,33.78702],[-116.4299,33.78704],[-116.42875,33.78705],[-116.42738,33.78706],[-116.42559,33.78707],[-116.42524,33.78707],[-116.4242,33.78707],[-116.42385,33.78707],[-116.42377,33.78706],[-116.42359,33.78702],[-116.4238,33.78702]]]]}},{"type":"Feature","properties":{"county_fips":65,"srprec":"430023","precinct_id":"065-430023","county_name":"Riverside","area_sq_mi":7.366,"place_primary":"Rancho Mirage","place_primary_share":100.0,"place_also":[],"places":[{"name":"Rancho Mirage","geoid":"0659500","kind":"city","pct":100.0}],"bbox":[-116.42874,33.74124,-116.38815,33.81573],"g22_asm":{"dem_pct":52.4,"margin_dem":4.8,"votes_two_party":3409,"winner":"Dem"},"g24_asm":{"dem_pct":54.1,"margin_dem":8.2,"votes_two_party":2800,"winner":"Dem"}},"geometry":{"type":"Polygon","coordinates":[[[-116.38819,33.77893],[-116.39081,33.77128],[-116.39107,33.76097],[-116.39116,33.75792],[-116.3912,33.74694],[-116.39377,33.7416],[-116.40335,33.74305],[-116.40796,33.74497],[-116.41342,33.74771],[-116.42027,33.75004],[-116.42569,33.75415],[-116.42825,33.75771],[-116.42652,33.75784],[-116.42562,33.75969],[-116.4256,33.76814],[-116.42575,33.77252],[-116.42517,33.77613],[-116.42008,33.77642],[-116.41993,33.77905],[-116.42064,33.77978],[-116.42339,33.78234],[-116.4234,33.78424],[-116.42344,33.78699],[-116.41638,33.78712],[-116.41477,33.79235],[-116.41222,33.79465],[-116.40846,33.79469],[-116.40617,33.79443],[-116.40596,33.80157],[-116.40577,33.81412],[-116.40498,33.81528],[-116.39467,33.80183],[-116.38823,33.80189],[-116.38819,33.77908],[-116.38819,33.77893]]]}},{"type":"Feature","properties":{"county_fips":65,"srprec":"430032","precinct_id":"065-430032","county_name":"Riverside","area_sq_mi":9.508,"place_primary":"Rancho Mirage","place_primary_share":100.0,"place_also":[],"places":[{"name":"Rancho Mirage","geoid":"0659500","kind":"city","pct":100.0}],"bbox":[-116.46066,33.71362,-116.39119,33.76771],"g22_asm":{"dem_pct":57.8,"margin_dem":15.5,"votes_two_party":1295,"winner":"Dem"},"g24_asm":null},"geometry":{"type":"Polygon","coordinates":[[[-116.39525,33.74181],[-116.39134,33.74126],[-116.3912,33.74043],[-116.39146,33.73425],[-116.39604,33.73249],[-116.39849,33.73234],[-116.40043,33.73226],[-116.40512,33.73219],[-116.40627,33.73332],[-116.4078,33.73311],[-116.40813,33.71462],[-116.4361,33.71409],[-116.46005,33.71362],[-116.46015,33.72053],[-116.46046,33.75762],[-116.45789,33.76223],[-116.44549,33.76771],[-116.44361,33.76467],[-116.44251,33.76306],[-116.44152,33.76185],[-116.43905,33.75999],[-116.43825,33.75944],[-116.43563,33.75768],[-116.43411,33.7577],[-116.43203,33.75771],[-116.42964,33.75772],[-116.42635,33.75498],[-116.42481,33.75321],[-116.41952,33.74972],[-116.41532,33.74826],[-116.40863,33.74533],[-116.40584,33.74382],[-116.40075,33.74262],[-116.39525,33.74181]]]}},{"type":"Feature","properties":{"county_fips":65,"srprec":"441001","precinct_id":"065-441001","county_name":"Riverside","area_sq_mi":0.64,"place_primary":"Palm Desert","place_primary_share":99.9,"place_also":[],"places":[{"name":"Palm Desert","geoid":"0655184","kind":"city","pct":99.9}],"bbox":[-116.40077,33.72135,-116.38251,33.73452],"g22_asm":{"dem_pct":57.7,"margin_dem":15.4,"votes_two_party":662,"winner":"Dem"},"g24_asm":{"dem_pct":55.0,"margin_dem":10.1,"votes_two_party":436,"winner":"Dem"}},"geometry":{"type":"Polygon","coordinates":[[[-116.38739,33.72879],[-116.38393,33.72882],[-116.38255,33.72865],[-116.38257,33.72785],[-116.38256,33.72714],[-116.38257,33.7263],[-116.38257,33.72568],[-116.38254,33.7252],[-116.38252,33.72459],[-116.38252,33.72266],[-116.38252,33.72211],[-116.38251,33.72191],[-116.38262,33.72145],[-116.38402,33.72145],[-116.3864,33.72144],[-116.38771,33.72149],[-116.39128,33.72135],[-116.39555,33.72162],[-116.39719,33.72218],[-116.39794,33.72259],[-116.39862,33.72306],[-116.39907,33.72345],[-116.40036,33.72512],[-116.40077,33.72567],[-116.40015,33.72651],[-116.3997,33.72809],[-116.39969,33.72961],[-116.39919,33.73229],[-116.39787,33.73238],[-116.39708,33.73242],[-116.3957,33.73262],[-116.3945,33.73426],[-116.39123,33.73411],[-116.39119,33.73098],[-116.39121,33.72882],[-116.38739,33.72879]]]}},{"type":"Feature","properties":{"county_fips":65,"srprec":"441005","precinct_id":"065-441005","county_name":"Riverside","area_sq_mi":0.791,"place_primary":"Palm Desert","place_primary_share":100.0,"place_also":[],"places":[{"name":"Palm Desert","geoid":"0655184","kind":"city","pct":100.0}],"bbox":[-116.38257,33.72129,-116.36502,33.73875],"g22_asm":{"dem_pct":55.4,"margin_dem":10.8,"votes_two_party":1011,"winner":"Dem"},"g24_asm":null},"geometry":{"type":"Polygon","coordinates":[[[-116.37375,33.72129],[-116.38051,33.72135],[-116.38251,33.72152],[-116.38251,33.72236],[-116.38253,33.72498],[-116.38257,33.72611],[-116.38256,33.72769],[-116.38254,33.72884],[-116.3825,33.73426],[-116.3817,33.73608],[-116.37587,33.73833],[-116.37379,33.73643],[-116.37379,33.73248],[-116.37212,33.73249],[-116.37047,33.73256],[-116.36872,33.73331],[-116.36752,33.73326],[-116.36825,33.73243],[-116.36926,33.73204],[-116.37042,33.73158],[-116.36985,33.73114],[-116.36688,33.7298],[-116.3663,33.72891],[-116.36503,33.72844],[-116.37271,33.7284],[-116.3727,33.72882],[-116.37377,33.72812],[-116.37378,33.72703],[-116.37375,33.72515],[-116.36503,33.72512],[-116.36503,33.72188],[-116.36536,33.72135],[-116.36938,33.72133],[-116.37375,33.72129]]]}},{"type":"Feature","properties":{"county_fips":65,"srprec":"441008","precinct_id":"065-441008","county_name":"Riverside","area_sq_mi":0.29,"place_primary":"Palm Desert","place_primary_share":100.0,"place_also":[],"places":[{"name":"Palm Desert","geoid":"0655184","kind":"city","pct":100.0}],"bbox":[-116.37379,33.72886,-116.3563,33.73828],"g22_asm":{"dem_pct":51.9,"margin_dem":3.8,"votes_two_party":183,"winner":"Dem"},"g24_asm":{"dem_pct":57.8,"margin_dem":15.7,"votes_two_party":1390,"winner":"Dem"}},"geometry":{"type":"Polygon","coordinates":[[[-116.37378,33.73291],[-116.37379,33.73605],[-116.37377,33.73741],[-116.37377,33.73806],[-116.37176,33.73788],[-116.36562,33.7367],[-116.35975,33.73552],[-116.3563,33.73454],[-116.3563,33.73385],[-116.35971,33.73483],[-116.36081,33.73264],[-116.36084,33.73073],[-116.36083,33.72943],[-116.3609,33.72888],[-116.36195,33.72887],[-116.36271,33.72887],[-116.36514,33.72887],[-116.3663,33.72891],[-116.36676,33.72893],[-116.36689,33.72966],[-116.36689,33.73039],[-116.36764,33.73115],[-116.3706,33.73122],[-116.37048,33.73152],[-116.37031,33.73168],[-116.36949,33.73195],[-116.36889,33.73221],[-116.36835,33.73242],[-116.36745,33.73244],[-116.36726,33.73327],[-116.36809,33.73328],[-116.36856,33.73343],[-116.36934,33.73293],[-116.37021,33.73262],[-116.37101,33.7325],[-116.37182,33.73249],[-116.37271,33.73249],[-116.37367,33.73248],[-116.37378,33.73291]],[[-116.36472,33.73022],[-116.36334,33.73022],[-116.36334,33.73051],[-116.36334,33.73097],[-116.36333,33.73132],[-116.36335,33.73174],[-116.36335,33.73238],[-116.36295,33.73254],[-116.36176,33.73255],[-116.36136,33.73269],[-116.36134,33.73326],[-116.36135,33.73383],[-116.36135,33.73416],[-116.36135,33.73466],[-116.36136,33.73473],[-116.36146,33.73479],[-116.3618,33.73479],[-116.36228,33.73479],[-116.36272,33.73477],[-116.36292,33.73475],[-116.36343,33.73472],[-116.36357,33.73471],[-116.36465,33.73471],[-116.36506,33.73459],[-116.36506,33.73423],[-116.36506,33.73408],[-116.36506,33.73397],[-116.36507,33.73339],[-116.36508,33.7331],[-116.36507,33.73254],[-116.36507,33.73077],[-116.36507,33.73031],[-116.36507,33.73022],[-116.36472,33.73022]]]}},{"type":"Feature","properties":{"county_fips":65,"srprec":"441010","precinct_id":"065-441010","county_name":"Riverside","area_sq_mi":0.286,"place_primary":"Palm Desert","place_primary_share":100.0,"place_also":[],"places":[{"name":"Palm Desert","geoid":"0655184","kind":"city","pct":100.0}],"bbox":[-116.37378,33.73454,-116.35624,33.74345],"g22_asm":{"dem_pct":57.1,"margin_dem":14.3,"votes_two_party":259,"winner":"Dem"},"g24_asm":null},"geometry":{"type":"Polygon","coordinates":[[[-116.37378,33.73837],[-116.37371,33.73872],[-116.3728,33.73857],[-116.37211,33.73846],[-116.3714,33.73835],[-116.37108,33.7383],[-116.36937,33.738],[-116.36506,33.73728],[-116.36487,33.73782],[-116.36504,33.73807],[-116.36504,33.73902],[-116.36501,33.73977],[-116.36494,33.74043],[-116.36496,33.74261],[-116.36338,33.74342],[-116.36257,33.74343],[-116.36065,33.74343],[-116.35823,33.74345],[-116.35632,33.74344],[-116.35632,33.74273],[-116.35632,33.74197],[-116.35631,33.74153],[-116.3563,33.74105],[-116.3563,33.74042],[-116.35632,33.73981],[-116.35632,33.73925],[-116.35624,33.73732],[-116.35631,33.73718],[-116.35631,33.73652],[-116.3563,33.73532],[-116.3563,33.73457],[-116.35885,33.7353],[-116.36026,33.73564],[-116.36562,33.7367],[-116.37103,33.73775],[-116.37378,33.73828],[-116.37378,33.73837]]]}},{"type":"Feature","properties":{"county_fips":65,"srprec":"442000","precinct_id":"065-442000","county_name":"Riverside","area_sq_mi":0.203,"place_primary":"Palm Desert","place_primary_share":99.9,"place_also":[],"places":[{"name":"Palm Desert","geoid":"0655184","kind":"city","pct":99.9}],"bbox":[-116.39686,33.80182,-116.38817,33.81036],"g22_asm":null,"g24_asm":{"dem_pct":62.9,"margin_dem":25.7,"votes_two_party":35,"winner":"Dem"}},"geometry":{"type":"Polygon","coordinates":[[[-116.39342,33.80185],[-116.39467,33.80183],[-116.396,33.80183],[-116.39685,33.80182],[-116.39686,33.80182],[-116.39683,33.80353],[-116.3968,33.8051],[-116.39674,33.80865],[-116.39671,33.81036],[-116.38818,33.8053],[-116.38818,33.80514],[-116.38826,33.80384],[-116.38822,33.80311],[-116.38817,33.80221],[-116.38817,33.80189],[-116.38823,33.80189],[-116.38833,33.80189],[-116.38884,33.80188],[-116.38901,33.80188],[-116.38932,33.80188],[-116.39026,33.80187],[-116.39058,33.80186],[-116.39097,33.80186],[-116.39217,33.80186],[-116.39257,33.80186],[-116.39342,33.80185]]]}},{"type":"Feature","properties":{"county_fips":65,"srprec":"442004","precinct_id":"065-442004","county_name":"Riverside","area_sq_mi":5.019,"place_primary":"Palm Desert","place_primary_share":99.7,"place_also":[],"places":[{"name":"Palm Desert","geoid":"0655184","kind":"city","pct":99.7},{"name":"Thousand Palms","geoid":"0678596","kind":"cdp","pct":0.3}],"bbox":[-116.39098,33.75799,-116.33591,33.8053],"g22_asm":{"dem_pct":53.1,"margin_dem":6.3,"votes_two_party":2582,"winner":"Dem"},"g24_asm":{"dem_pct":54.7,"margin_dem":9.5,"votes_two_party":740,"winner":"Dem"}},"geometry":{"type":"Polygon","coordinates":[[[-116.39031,33.77257],[-116.38842,33.77261],[-116.38819,33.77893],[-116.38815,33.78561],[-116.38817,33.79456],[-116.38817,33.80221],[-116.38818,33.8053],[-116.38,33.80048],[-116.37088,33.79506],[-116.37084,33.79502],[-116.35497,33.7856],[-116.33675,33.77423],[-116.33699,33.77275],[-116.33853,33.77274],[-116.34095,33.77272],[-116.34421,33.77269],[-116.34508,33.7727],[-116.35317,33.77269],[-116.35543,33.77269],[-116.35603,33.76935],[-116.35604,33.76676],[-116.35609,33.76521],[-116.3562,33.76035],[-116.35875,33.75807],[-116.36074,33.75804],[-116.36498,33.75803],[-116.36841,33.75801],[-116.37184,33.75799],[-116.37375,33.75799],[-116.37367,33.7609],[-116.3736,33.76449],[-116.37828,33.76543],[-116.3817,33.76507],[-116.38325,33.76497],[-116.3909,33.76717],[-116.39079,33.77254],[-116.39031,33.77257]]]}},{"type":"Feature","properties":{"county_fips":65,"srprec":"442010","precinct_id":"065-442010","county_name":"Riverside","area_sq_mi":0.757,"place_primary":"Palm Desert","place_primary_share":100.0,"place_also":[],"places":[{"name":"Palm Desert","geoid":"0655184","kind":"city","pct":100.0}],"bbox":[-116.39119,33.75381,-116.3736,33.76565],"g22_asm":{"dem_pct":54.1,"margin_dem":8.2,"votes_two_party":1783,"winner":"Dem"},"g24_asm":null},"geometry":{"type":"Polygon","coordinates":[[[-116.39116,33.75792],[-116.39115,33.75828],[-116.39114,33.75896],[-116.39112,33.75943],[-116.39111,33.75981],[-116.39111,33.75983],[-116.3911,33.75991],[-116.3911,33.75993],[-116.3911,33.76014],[-116.39108,33.7607],[-116.39107,33.76076],[-116.39107,33.76097],[-116.39107,33.76104],[-116.39106,33.76126],[-116.39106,33.76153],[-116.39105,33.76191],[-116.39101,33.76352],[-116.39098,33.76491],[-116.39088,33.76491],[-116.38325,33.76497],[-116.38227,33.76498],[-116.38165,33.76498],[-116.38163,33.76499],[-116.3817,33.76507],[-116.37853,33.76563],[-116.37838,33.76565],[-116.37835,33.76556],[-116.37828,33.76543],[-116.37792,33.76548],[-116.37593,33.76548],[-116.37373,33.76548],[-116.3736,33.76449],[-116.37374,33.76163],[-116.37365,33.76163],[-116.37367,33.76096],[-116.37367,33.7609],[-116.37373,33.75871],[-116.37374,33.75809],[-116.37375,33.75802],[-116.37375,33.75799],[-116.37376,33.75712],[-116.37376,33.7569],[-116.37376,33.75433],[-116.37376,33.7543],[-116.38231,33.75431],[-116.38439,33.75416],[-116.38921,33.75381],[-116.39119,33.75383],[-116.39118,33.75423],[-116.39118,33.75463],[-116.39118,33.75769],[-116.39116,33.7579],[-116.39116,33.75792]]]}},{"type":"Feature","properties":{"county_fips":65,"srprec":"442012","precinct_id":"065-442012","county_name":"Riverside","area_sq_mi":1.948,"place_primary":"Palm Desert","place_primary_share":100.0,"place_also":[],"places":[{"name":"Palm Desert","geoid":"0655184","kind":"city","pct":100.0}],"bbox":[-116.35634,33.7435,-116.33853,33.77274],"g22_asm":{"dem_pct":44.8,"margin_dem":-10.5,"votes_two_party":1624,"winner":"Rep"},"g24_asm":{"dem_pct":49.3,"margin_dem":-1.3,"votes_two_party":2167,"winner":"Rep"}},"geometry":{"type":"Polygon","coordinates":[[[-116.35626,33.75864],[-116.35611,33.76445],[-116.35605,33.76647],[-116.35605,33.76852],[-116.35594,33.77269],[-116.3533,33.77269],[-116.34631,33.77269],[-116.3445,33.77269],[-116.343,33.7727],[-116.33936,33.77273],[-116.33854,33.77014],[-116.33861,33.76593],[-116.33877,33.75809],[-116.33879,33.75584],[-116.33878,33.75083],[-116.33879,33.74872],[-116.33879,33.74693],[-116.33879,33.74401],[-116.3412,33.74352],[-116.34362,33.74351],[-116.34483,33.74351],[-116.34653,33.74351],[-116.34714,33.74351],[-116.34722,33.74351],[-116.34842,33.74357],[-116.34958,33.74394],[-116.35011,33.74427],[-116.35063,33.74468],[-116.35116,33.74509],[-116.35307,33.74654],[-116.35368,33.74682],[-116.35507,33.74714],[-116.3563,33.7491],[-116.35634,33.75082],[-116.35631,33.75545],[-116.35628,33.75802],[-116.35626,33.75864]]]}},{"type":"Feature","properties":{"county_fips":65,"srprec":"442021","precinct_id":"065-442021","county_name":"Riverside","area_sq_mi":2.358,"place_primary":"Palm Desert","place_primary_share":100.0,"place_also":[],"places":[{"name":"Palm Desert","geoid":"0655184","kind":"city","pct":100.0}],"bbox":[-116.33879,33.73635,-116.30364,33.77277],"g22_asm":{"dem_pct":45.7,"margin_dem":-8.6,"votes_two_party":1818,"winner":"Rep"},"g24_asm":null},"geometry":{"type":"Polygon","coordinates":[[[-116.33863,33.76522],[-116.33855,33.76954],[-116.33853,33.77274],[-116.33699,33.77275],[-116.33535,33.77277],[-116.33433,33.77277],[-116.32773,33.76891],[-116.32315,33.76646],[-116.31947,33.76467],[-116.31745,33.76387],[-116.3086,33.76112],[-116.3037,33.75961],[-116.30365,33.75812],[-116.3038,33.75814],[-116.30403,33.75818],[-116.30622,33.75823],[-116.30862,33.75824],[-116.31087,33.75824],[-116.31704,33.75828],[-116.32129,33.75832],[-116.32128,33.75788],[-116.32132,33.74651],[-116.32114,33.74367],[-116.3209,33.74367],[-116.32087,33.74329],[-116.32117,33.73635],[-116.33005,33.74009],[-116.33072,33.74357],[-116.33827,33.74352],[-116.33879,33.74598],[-116.33879,33.74755],[-116.33878,33.75048],[-116.33878,33.75521],[-116.33878,33.75777],[-116.33877,33.75812],[-116.33863,33.76522]]]}},{"type":"Feature","properties":{"county_fips":65,"srprec":"442022","precinct_id":"065-442022","county_name":"Riverside","area_sq_mi":1.025,"place_primary":"Palm Desert","place_primary_share":100.0,"place_also":[],"places":[{"name":"Palm Desert","geoid":"0655184","kind":"city","pct":100.0}],"bbox":[-116.32133,33.7436,-116.30199,33.75959],"g22_asm":{"dem_pct":44.4,"margin_dem":-11.1,"votes_two_party":880,"winner":"Rep"},"g24_asm":null},"geometry":{"type":"Polygon","coordinates":[[[-116.32133,33.74383],[-116.32129,33.75504],[-116.32128,33.75797],[-116.32129,33.75832],[-116.31736,33.75829],[-116.31251,33.75826],[-116.31042,33.75824],[-116.30862,33.75824],[-116.30802,33.75824],[-116.30522,33.75822],[-116.30397,33.75818],[-116.3038,33.75814],[-116.30374,33.75812],[-116.30364,33.75929],[-116.30232,33.75922],[-116.30212,33.75887],[-116.30267,33.75785],[-116.3034,33.75611],[-116.30362,33.75553],[-116.30371,33.75518],[-116.30376,33.75488],[-116.30378,33.75464],[-116.30379,33.75384],[-116.3038,33.7522],[-116.30381,33.75108],[-116.30381,33.75079],[-116.30382,33.75041],[-116.30382,33.7477],[-116.30383,33.7469],[-116.30384,33.74513],[-116.30385,33.74399],[-116.3055,33.74361],[-116.31007,33.74363],[-116.31224,33.74365],[-116.31301,33.74365],[-116.31412,33.74366],[-116.31928,33.74367],[-116.32065,33.74367],[-116.32094,33.74367],[-116.32114,33.74367],[-116.32133,33.74383]]]}},{"type":"Feature","properties":{"county_fips":65,"srprec":"442024","precinct_id":"065-442024","county_name":"Riverside","area_sq_mi":2.659,"place_primary":"Palm Desert","place_primary_share":100.0,"place_also":[],"places":[{"name":"Palm Desert","geoid":"0655184","kind":"city","pct":100.0}],"bbox":[-116.39124,33.72878,-116.3554,33.75807],"g22_asm":{"dem_pct":51.6,"margin_dem":3.2,"votes_two_party":2154,"winner":"Dem"},"g24_asm":null},"geometry":{"type":"MultiPolygon","coordinates":[[[[-116.3567,33.74344],[-116.36065,33.74343],[-116.36316,33.74342],[-116.365,33.74258],[-116.36501,33.73977],[-116.36504,33.73864],[-116.36477,33.73722],[-116.36937,33.738],[-116.37124,33.73832],[-116.37245,33.73851],[-116.37371,33.73872],[-116.37378,33.73817],[-116.37457,33.73783],[-116.37786,33.73875],[-116.37928,33.73609],[-116.3825,33.73472],[-116.3825,33.73423],[-116.38254,33.72989],[-116.38577,33.7288],[-116.38759,33.72882],[-116.39119,33.73098],[-116.39122,33.73452],[-116.39119,33.7388],[-116.3912,33.74083],[-116.3912,33.74139],[-116.39119,33.74332],[-116.39121,33.75245],[-116.38231,33.75431],[-116.37375,33.75799],[-116.37156,33.75799],[-116.36627,33.75803],[-116.36077,33.75804],[-116.35875,33.75807],[-116.35631,33.75675],[-116.35634,33.75091],[-116.3563,33.7491],[-116.35631,33.7437],[-116.3567,33.74344]]],[[[-116.35632,33.74344],[-116.35631,33.74344],[-116.35622,33.74345],[-116.35604,33.74345],[-116.35597,33.74346],[-116.35591,33.74346],[-116.35585,33.74346],[-116.35577,33.74346],[-116.35569,33.74346],[-116.35562,33.74346],[-116.35555,33.74344],[-116.35549,33.74341],[-116.35544,33.74336],[-116.3554,33.74323],[-116.3554,33.74316],[-116.3554,33.74306],[-116.35545,33.74301],[-116.35545,33.74278],[-116.35545,33.74207],[-116.35545,33.74184],[-116.35563,33.74184],[-116.35607,33.74182],[-116.35615,33.74183],[-116.35632,33.74183],[-116.35632,33.74197],[-116.35632,33.7424],[-116.35632,33.74255],[-116.35632,33.74273],[-116.35632,33.74326],[-116.35632,33.74333],[-116.35632,33.74344]]]]}},{"type":"Feature","properties":{"county_fips":65,"srprec":"442029","precinct_id":"065-442029","county_name":"Riverside","area_sq_mi":0.107,"place_primary":"Palm Desert","place_primary_share":100.0,"place_also":[],"places":[{"name":"Palm Desert","geoid":"0655184","kind":"city","pct":100.0}],"bbox":[-116.37378,33.72491,-116.36502,33.72882],"g22_asm":{"dem_pct":44.4,"margin_dem":-11.3,"votes_two_party":239,"winner":"Rep"},"g24_asm":null},"geometry":{"type":"Polygon","coordinates":[[[-116.3727,33.72882],[-116.3727,33.72881],[-116.3727,33.72876],[-116.3727,33.72868],[-116.3727,33.72862],[-116.3727,33.72857],[-116.3727,33.72852],[-116.37271,33.72846],[-116.37271,33.7284],[-116.37271,33.72833],[-116.37223,33.72833],[-116.37184,33.72833],[-116.37048,33.72833],[-116.36639,33.72834],[-116.36514,33.72834],[-116.36503,33.72834],[-116.36503,33.72802],[-116.36503,33.7279],[-116.36503,33.72705],[-116.36503,33.72673],[-116.36503,33.72655],[-116.36502,33.72601],[-116.36502,33.72583],[-116.36502,33.72573],[-116.36502,33.72542],[-116.36503,33.72535],[-116.36514,33.72535],[-116.37374,33.72527],[-116.37374,33.72491],[-116.37376,33.72491],[-116.37375,33.72515],[-116.37375,33.72527],[-116.37376,33.7259],[-116.37376,33.72615],[-116.37377,33.7262],[-116.37377,33.72628],[-116.37378,33.72668],[-116.37378,33.72682],[-116.37378,33.72703],[-116.37378,33.72705],[-116.37378,33.72713],[-116.37377,33.72765],[-116.37377,33.72786],[-116.37377,33.7279],[-116.37377,33.72803],[-116.37377,33.72807],[-116.37377,33.72812],[-116.37377,33.72828],[-116.37377,33.72833],[-116.37377,33.72845],[-116.37377,33.72854],[-116.37377,33.72854],[-116.37378,33.7288],[-116.37378,33.72882],[-116.3727,33.72882]]]}},{"type":"Feature","properties":{"county_fips":65,"srprec":"442032","precinct_id":"065-442032","county_name":"Riverside","area_sq_mi":0.719,"place_primary":"Palm Desert","place_primary_share":100.0,"place_also":[],"places":[{"name":"Palm Desert","geoid":"0655184","kind":"city","pct":100.0}],"bbox":[-116.36508,33.72886,-116.34753,33.74714],"g22_asm":{"dem_pct":59.3,"margin_dem":18.6,"votes_two_party":555,"winner":"Dem"},"g24_asm":null},"geometry":{"type":"MultiPolygon","coordinates":[[[[-116.35634,33.72888],[-116.35712,33.72887],[-116.35797,33.72886],[-116.3592,33.72888],[-116.36057,33.72888],[-116.36084,33.72901],[-116.36084,33.73033],[-116.36081,33.73177],[-116.36081,33.73508],[-116.35717,33.73418],[-116.3563,33.73417],[-116.3563,33.73472],[-116.35631,33.73628],[-116.35631,33.73718],[-116.35625,33.73772],[-116.35632,33.7393],[-116.3563,33.74042],[-116.35631,33.74119],[-116.35632,33.74183],[-116.35545,33.74184],[-116.3554,33.74306],[-116.35549,33.74341],[-116.35577,33.74346],[-116.35604,33.74345],[-116.35632,33.74345],[-116.35631,33.74376],[-116.35622,33.74714],[-116.35442,33.74703],[-116.35353,33.74676],[-116.35164,33.74546],[-116.35081,33.74481],[-116.35023,33.74436],[-116.34976,33.74404],[-116.34899,33.7437],[-116.34783,33.74352],[-116.34754,33.73126],[-116.34753,33.72902],[-116.35054,33.72888],[-116.35458,33.72889],[-116.35634,33.72888]]],[[[-116.36465,33.73471],[-116.36357,33.73471],[-116.36343,33.73472],[-116.36292,33.73475],[-116.36272,33.73477],[-116.36228,33.73479],[-116.3618,33.73479],[-116.36146,33.73479],[-116.36136,33.73473],[-116.36135,33.73466],[-116.36135,33.73416],[-116.36135,33.73383],[-116.36134,33.73326],[-116.36136,33.73269],[-116.36176,33.73255],[-116.36295,33.73254],[-116.36335,33.73238],[-116.36335,33.73174],[-116.36333,33.73132],[-116.36334,33.73097],[-116.36334,33.73051],[-116.36334,33.73022],[-116.36472,33.73022],[-116.36507,33.73025],[-116.36507,33.73033],[-116.36507,33.7321],[-116.36507,33.73268],[-116.36508,33.73324],[-116.36506,33.73382],[-116.36506,33.734],[-116.36506,33.73411],[-116.36506,33.73429],[-116.36506,33.73471],[-116.36465,33.73471]]]]}},{"type":"Feature","properties":{"county_fips":65,"srprec":"442037","precinct_id":"065-442037","county_name":"Riverside","area_sq_mi":1.257,"place_primary":"Palm Desert","place_primary_share":100.0,"place_also":[],"places":[{"name":"Palm Desert","geoid":"0655184","kind":"city","pct":100.0}],"bbox":[-116.33009,33.72897,-116.30384,33.74367],"g22_asm":{"dem_pct":49.5,"margin_dem":-1.1,"votes_two_party":1731,"winner":"Rep"},"g24_asm":null},"geometry":{"type":"Polygon","coordinates":[[[-116.32224,33.72899],[-116.32573,33.72899],[-116.32966,33.72897],[-116.3299,33.72898],[-116.33009,33.72898],[-116.33006,33.7319],[-116.32961,33.73635],[-116.3208,33.74314],[-116.32089,33.74341],[-116.3209,33.74367],[-116.32063,33.74367],[-116.31543,33.74366],[-116.31387,33.74366],[-116.31272,33.74364],[-116.31212,33.74365],[-116.30715,33.74361],[-116.30426,33.7436],[-116.30385,33.74302],[-116.30387,33.74068],[-116.30385,33.73961],[-116.30386,33.73812],[-116.30384,33.73779],[-116.30384,33.73646],[-116.30387,33.73536],[-116.30388,33.73443],[-116.30388,33.73404],[-116.30388,33.73315],[-116.30388,33.73064],[-116.30389,33.72901],[-116.30824,33.729],[-116.31173,33.729],[-116.31247,33.72898],[-116.31319,33.72898],[-116.31672,33.72897],[-116.32137,33.72899],[-116.32224,33.72899]]]}},{"type":"Feature","properties":{"county_fips":65,"srprec":"442047","precinct_id":"065-442047","county_name":"Riverside","area_sq_mi":5.756,"place_primary":"Palm Desert","place_primary_share":99.8,"place_also":[],"places":[{"name":"Palm Desert","geoid":"0655184","kind":"city","pct":99.8}],"bbox":[-116.42551,33.67048,-116.37286,33.71471],"g22_asm":{"dem_pct":48.7,"margin_dem":-2.7,"votes_two_party":1876,"winner":"Rep"},"g24_asm":null},"geometry":{"type":"Polygon","coordinates":[[[-116.37341,33.6995],[-116.37326,33.69374],[-116.37311,33.68478],[-116.37294,33.67153],[-116.37968,33.68136],[-116.39005,33.68428],[-116.38892,33.67818],[-116.38981,33.6745],[-116.39208,33.6779],[-116.40602,33.67773],[-116.40819,33.67083],[-116.4139,33.67068],[-116.42543,33.68493],[-116.41752,33.68501],[-116.41245,33.68495],[-116.40883,33.68502],[-116.40831,33.68502],[-116.40804,33.68707],[-116.40802,33.69],[-116.41031,33.69125],[-116.40798,33.69676],[-116.40807,33.69914],[-116.42454,33.71414],[-116.40097,33.71431],[-116.39839,33.71003],[-116.39852,33.70617],[-116.39867,33.70331],[-116.39154,33.70278],[-116.38718,33.70277],[-116.38399,33.70278],[-116.37563,33.70278],[-116.37445,33.70252],[-116.37373,33.70379],[-116.37341,33.6995]]]}},{"type":"Feature","properties":{"county_fips":65,"srprec":"442048","precinct_id":"065-442048","county_name":"Riverside","area_sq_mi":1.711,"place_primary":"Palm Desert","place_primary_share":99.8,"place_also":[],"places":[{"name":"Palm Desert","geoid":"0655184","kind":"city","pct":99.8},{"name":"Rancho Mirage","geoid":"0659500","kind":"city","pct":0.2}],"bbox":[-116.40827,33.70277,-116.38202,33.7335],"g22_asm":{"dem_pct":50.7,"margin_dem":1.5,"votes_two_party":1301,"winner":"Dem"},"g24_asm":null},"geometry":{"type":"Polygon","coordinates":[[[-116.38514,33.71052],[-116.38735,33.71051],[-116.38696,33.71003],[-116.38669,33.70942],[-116.38661,33.7087],[-116.3866,33.70761],[-116.3866,33.70689],[-116.38676,33.70628],[-116.38722,33.70323],[-116.38895,33.70277],[-116.39716,33.7028],[-116.39864,33.70376],[-116.39851,33.70637],[-116.3986,33.71063],[-116.40097,33.71431],[-116.40815,33.71543],[-116.40718,33.73311],[-116.40575,33.73261],[-116.4041,33.73219],[-116.40027,33.73225],[-116.39971,33.72894],[-116.40051,33.726],[-116.39928,33.72367],[-116.39821,33.72277],[-116.39638,33.72187],[-116.38899,33.72148],[-116.38468,33.72144],[-116.38251,33.72142],[-116.38285,33.72055],[-116.38295,33.71791],[-116.3823,33.71685],[-116.38202,33.71621],[-116.38219,33.71537],[-116.38246,33.71472],[-116.38223,33.71057],[-116.38489,33.71052],[-116.38514,33.71052]]]}},{"type":"Feature","properties":{"county_fips":65,"srprec":"442049","precinct_id":"065-442049","county_name":"Riverside","area_sq_mi":1.076,"place_primary":"Palm Desert","place_primary_share":99.9,"place_also":[],"places":[{"name":"Palm Desert","geoid":"0655184","kind":"city","pct":99.9},{"name":"Indian Wells","geoid":"0636434","kind":"city","pct":0.1}],"bbox":[-116.38735,33.7025,-116.36506,33.72139],"g22_asm":{"dem_pct":49.3,"margin_dem":-1.4,"votes_two_party":1028,"winner":"Rep"},"g24_asm":null},"geometry":{"type":"Polygon","coordinates":[[[-116.37448,33.70252],[-116.3758,33.70279],[-116.38444,33.70278],[-116.38724,33.70286],[-116.3872,33.704],[-116.38659,33.70676],[-116.3866,33.70761],[-116.3866,33.70884],[-116.3867,33.70944],[-116.38707,33.71018],[-116.38598,33.71051],[-116.3846,33.71056],[-116.3825,33.7144],[-116.38224,33.71525],[-116.38203,33.71613],[-116.3823,33.71685],[-116.38295,33.71791],[-116.38263,33.72082],[-116.38093,33.72135],[-116.37375,33.72129],[-116.36869,33.72131],[-116.36511,33.72112],[-116.36513,33.71827],[-116.36511,33.71677],[-116.36511,33.71481],[-116.36519,33.71298],[-116.36629,33.71291],[-116.37013,33.71313],[-116.37107,33.71264],[-116.37086,33.71194],[-116.37321,33.71165],[-116.37365,33.71061],[-116.37356,33.7069],[-116.3736,33.70443],[-116.37385,33.70359],[-116.37448,33.70252]]]}},{"type":"Feature","properties":{"county_fips":65,"srprec":"442060","precinct_id":"065-442060","county_name":"Riverside","area_sq_mi":0.302,"place_primary":"Palm Desert","place_primary_share":99.5,"place_also":[],"places":[{"name":"Palm Desert","geoid":"0655184","kind":"city","pct":99.5},{"name":"Indian Wells","geoid":"0636434","kind":"city","pct":0.5}],"bbox":[-116.36518,33.71297,-116.35635,33.72888],"g22_asm":{"dem_pct":58.8,"margin_dem":17.7,"votes_two_party":362,"winner":"Dem"},"g24_asm":null},"geometry":{"type":"Polygon","coordinates":[[[-116.35688,33.71602],[-116.35645,33.71608],[-116.35635,33.71597],[-116.35636,33.71506],[-116.35636,33.71442],[-116.361,33.71426],[-116.36498,33.713],[-116.365,33.71311],[-116.36502,33.71302],[-116.36511,33.71466],[-116.36511,33.71591],[-116.36511,33.71677],[-116.36512,33.71756],[-116.36514,33.71829],[-116.36518,33.71985],[-116.36506,33.72136],[-116.36504,33.72173],[-116.36502,33.72254],[-116.36503,33.72512],[-116.36502,33.72573],[-116.36503,33.72705],[-116.36504,33.72876],[-116.36259,33.72887],[-116.36114,33.72888],[-116.36066,33.72732],[-116.36066,33.72139],[-116.36067,33.7183],[-116.36066,33.71612],[-116.36029,33.71599],[-116.36011,33.71601],[-116.36003,33.71598],[-116.36,33.71592],[-116.35942,33.71581],[-116.35706,33.71601],[-116.35688,33.71602]]]}},{"type":"Feature","properties":{"county_fips":65,"srprec":"442062","precinct_id":"065-442062","county_name":"Riverside","area_sq_mi":0.012,"place_primary":"Palm Desert","place_primary_share":98.5,"place_also":[],"places":[{"name":"Palm Desert","geoid":"0655184","kind":"city","pct":98.5},{"name":"Indian Wells","geoid":"0636434","kind":"city","pct":1.5}],"bbox":[-116.3711,33.71179,-116.36502,33.71389],"g22_asm":{"dem_pct":68.4,"margin_dem":36.8,"votes_two_party":19,"winner":"Dem"},"g24_asm":null},"geometry":{"type":"Polygon","coordinates":[[[-116.37085,33.71194],[-116.37093,33.71215],[-116.37103,33.71244],[-116.37106,33.71258],[-116.37109,33.71281],[-116.37109,33.71304],[-116.37084,33.71313],[-116.3681,33.71313],[-116.36724,33.71307],[-116.36634,33.71292],[-116.36555,33.71269],[-116.36534,33.71269],[-116.36522,33.71289],[-116.36516,33.71309],[-116.36511,33.71389],[-116.36502,33.713],[-116.36506,33.71291],[-116.36507,33.71287],[-116.36509,33.71282],[-116.36513,33.71275],[-116.36516,33.71268],[-116.36519,33.71262],[-116.36522,33.71254],[-116.36529,33.7125],[-116.36537,33.71249],[-116.36624,33.71244],[-116.3672,33.71263],[-116.36769,33.71269],[-116.36852,33.71271],[-116.36934,33.71271],[-116.37053,33.71266],[-116.37034,33.7119],[-116.37085,33.71194]]]}},{"type":"Feature","properties":{"county_fips":65,"srprec":"450000","precinct_id":"065-450000","county_name":"Riverside","area_sq_mi":1.912,"place_primary":"Indian Wells","place_primary_share":99.8,"place_also":[],"places":[{"name":"Indian Wells","geoid":"0636434","kind":"city","pct":99.8},{"name":"Palm Desert","geoid":"0655184","kind":"city","pct":0.1}],"bbox":[-116.34754,33.71783,-116.29495,33.74357],"g22_asm":{"dem_pct":30.9,"margin_dem":-38.2,"votes_two_party":249,"winner":"Rep"},"g24_asm":{"dem_pct":29.7,"margin_dem":-40.6,"votes_two_party":202,"winner":"Rep"}},"geometry":{"type":"Polygon","coordinates":[[[-116.32985,33.72897],[-116.32573,33.72899],[-116.32134,33.72899],[-116.31319,33.72898],[-116.31209,33.72899],[-116.30737,33.72901],[-116.30384,33.72846],[-116.3037,33.72782],[-116.3031,33.7265],[-116.30276,33.72604],[-116.30208,33.72532],[-116.29849,33.72238],[-116.2968,33.721],[-116.29589,33.72001],[-116.29535,33.71911],[-116.29506,33.71839],[-116.29498,33.71801],[-116.29519,33.71793],[-116.29945,33.71819],[-116.30377,33.71849],[-116.30892,33.72059],[-116.31206,33.72155],[-116.31651,33.7226],[-116.32156,33.72372],[-116.33368,33.72655],[-116.33859,33.72788],[-116.341,33.72863],[-116.34644,33.73071],[-116.34754,33.73206],[-116.34717,33.74351],[-116.34704,33.74351],[-116.34483,33.74351],[-116.34326,33.74351],[-116.33939,33.74352],[-116.33233,33.74357],[-116.33005,33.74009],[-116.33004,33.7315],[-116.3299,33.72898],[-116.32985,33.72897]]]}},{"type":"Feature","properties":{"county_fips":65,"srprec":"450005","precinct_id":"065-450005","county_name":"Riverside","area_sq_mi":9.621,"place_primary":"Indian Wells","place_primary_share":99.8,"place_also":[],"places":[{"name":"Indian Wells","geoid":"0636434","kind":"city","pct":99.8},{"name":"Palm Desert","geoid":"0655184","kind":"city","pct":0.2}],"bbox":[-116.37374,33.67019,-116.32103,33.73118],"g22_asm":{"dem_pct":37.9,"margin_dem":-24.2,"votes_two_party":1224,"winner":"Rep"},"g24_asm":{"dem_pct":38.1,"margin_dem":-23.7,"votes_two_party":1434,"winner":"Rep"}},"geometry":{"type":"Polygon","coordinates":[[[-116.37295,33.67072],[-116.37304,33.68512],[-116.37331,33.69526],[-116.3735,33.70183],[-116.37356,33.70467],[-116.37357,33.70739],[-116.37365,33.71165],[-116.37047,33.71243],[-116.36769,33.71269],[-116.36526,33.71251],[-116.36512,33.71278],[-116.36502,33.71302],[-116.36459,33.71298],[-116.35636,33.71484],[-116.35661,33.71605],[-116.35942,33.71581],[-116.36006,33.716],[-116.36066,33.71607],[-116.36066,33.72145],[-116.35848,33.72886],[-116.35634,33.72888],[-116.34754,33.73051],[-116.33863,33.72789],[-116.33823,33.72688],[-116.33886,33.72335],[-116.33888,33.72035],[-116.33883,33.71506],[-116.33991,33.71368],[-116.33871,33.7137],[-116.33444,33.71453],[-116.33142,33.71495],[-116.32103,33.68484],[-116.36267,33.67048],[-116.37295,33.67072]]]}},{"type":"Feature","properties":{"county_fips":65,"srprec":"450009","precinct_id":"065-450009","county_name":"Riverside","area_sq_mi":2.993,"place_primary":"Indian Wells","place_primary_share":99.9,"place_also":[],"places":[{"name":"Indian Wells","geoid":"0636434","kind":"city","pct":99.9},{"name":"La Quinta","geoid":"0640354","kind":"city","pct":0.1}],"bbox":[-116.34006,33.69938,-116.29491,33.72766],"g22_asm":{"dem_pct":32.3,"margin_dem":-35.3,"votes_two_party":996,"winner":"Rep"},"g24_asm":{"dem_pct":34.7,"margin_dem":-30.6,"votes_two_party":1089,"winner":"Rep"}},"geometry":{"type":"Polygon","coordinates":[[[-116.29519,33.71793],[-116.29491,33.7175],[-116.29492,33.71709],[-116.29757,33.71717],[-116.29931,33.71731],[-116.29959,33.71727],[-116.30036,33.71638],[-116.29999,33.71631],[-116.29941,33.71625],[-116.29885,33.70712],[-116.31243,33.69942],[-116.33023,33.71501],[-116.33165,33.71492],[-116.33255,33.71483],[-116.33467,33.71449],[-116.33709,33.71403],[-116.33886,33.71367],[-116.33987,33.71353],[-116.34003,33.71421],[-116.33904,33.71445],[-116.33884,33.71584],[-116.33889,33.71871],[-116.33888,33.72057],[-116.33887,33.72154],[-116.33887,33.7247],[-116.3387,33.72596],[-116.33806,33.72715],[-116.33481,33.72689],[-116.32156,33.72372],[-116.31383,33.72201],[-116.30893,33.72059],[-116.30625,33.7195],[-116.2998,33.71818],[-116.29519,33.71793]]]}},{"type":"Feature","properties":{"county_fips":65,"srprec":"459001","precinct_id":"065-459001","county_name":"Riverside","area_sq_mi":1.214,"place_primary":"Unincorporated Riverside County","place_primary_share":null,"place_also":[],"places":[],"bbox":[-116.30135,33.89021,-116.26578,33.90633],"g22_asm":{"dem_pct":100.0,"margin_dem":100.0,"votes_two_party":1,"winner":"Dem"},"g24_asm":null},"geometry":{"type":"Polygon","coordinates":[[[-116.2689,33.89142],[-116.30135,33.90481],[-116.30135,33.90497],[-116.30135,33.90516],[-116.30135,33.90603],[-116.29883,33.90605],[-116.26578,33.90633],[-116.26594,33.89531],[-116.26595,33.89438],[-116.26595,33.89438],[-116.26595,33.89438],[-116.26595,33.89386],[-116.26618,33.89021],[-116.2689,33.89142]]]}},{"type":"Feature","properties":{"county_fips":65,"srprec":"459005","precinct_id":"065-459005","county_name":"Riverside","area_sq_mi":0.301,"place_primary":"Indio Hills","place_primary_share":86.1,"place_also":[],"places":[{"name":"Indio Hills","geoid":"0636452","kind":"cdp","pct":86.1}],"bbox":[-116.26618,33.86134,-116.20082,33.89386],"g22_asm":{"dem_pct":54.0,"margin_dem":8.0,"votes_two_party":163,"winner":"Dem"},"g24_asm":{"dem_pct":44.4,"margin_dem":-11.2,"votes_two_party":286,"winner":"Rep"}},"geometry":{"type":"MultiPolygon","coordinates":[[[[-116.26182,33.88826],[-116.25646,33.88723],[-116.25392,33.88734],[-116.25392,33.88734],[-116.25356,33.88728],[-116.25358,33.88733],[-116.25344,33.88726],[-116.25344,33.88726],[-116.25292,33.88703],[-116.25286,33.88684],[-116.25264,33.88682],[-116.25208,33.88647],[-116.25187,33.88634],[-116.25173,33.88654],[-116.25157,33.88666],[-116.25084,33.88612],[-116.24989,33.88542],[-116.24457,33.88281],[-116.24492,33.88228],[-116.24415,33.8819],[-116.2412,33.88058],[-116.23646,33.8784],[-116.23165,33.87622],[-116.23154,33.87618],[-116.22897,33.87501],[-116.22555,33.87347],[-116.22554,33.87347],[-116.225,33.87323],[-116.22126,33.87152],[-116.22106,33.87143],[-116.22049,33.87118],[-116.21696,33.86957],[-116.2168,33.8695],[-116.21439,33.8684],[-116.21439,33.8684],[-116.21359,33.868],[-116.2135,33.86755],[-116.20082,33.86134],[-116.2135,33.86755],[-116.2135,33.8667],[-116.26182,33.88826]]],[[[-116.26618,33.89021],[-116.26595,33.89386],[-116.266,33.89013],[-116.26618,33.89021]]]]}},{"type":"Feature","properties":{"county_fips":65,"srprec":"459006","precinct_id":"065-459006","county_name":"Riverside","area_sq_mi":0.724,"place_primary":"Unincorporated Riverside County","place_primary_share":0.2,"place_also":[],"places":[{"name":"Indio Hills","geoid":"0636452","kind":"cdp","pct":0.2}],"bbox":[-116.21439,33.77411,-116.09194,33.8684],"g22_asm":{"dem_pct":0.0,"margin_dem":-100.0,"votes_two_party":1,"winner":"Rep"},"g24_asm":null},"geometry":{"type":"MultiPolygon","coordinates":[[[[-116.0998,33.78075],[-116.0961,33.78075],[-116.09489,33.78075],[-116.0949,33.79169],[-116.09491,33.79299],[-116.09459,33.79274],[-116.09216,33.79075],[-116.09194,33.79057],[-116.09194,33.79027],[-116.09194,33.78748],[-116.09196,33.78401],[-116.09194,33.78027],[-116.09194,33.77737],[-116.09196,33.77411],[-116.0998,33.78075]]],[[[-116.12262,33.80007],[-116.11404,33.8003],[-116.1134,33.80032],[-116.1134,33.79226],[-116.12262,33.80007]]],[[[-116.13267,33.80858],[-116.12695,33.80845],[-116.12695,33.80373],[-116.13267,33.80858]]],[[[-116.18774,33.8552],[-116.19547,33.85865],[-116.19603,33.85893],[-116.19603,33.8589],[-116.2135,33.8667],[-116.2135,33.86755],[-116.20082,33.86134],[-116.2135,33.86755],[-116.21359,33.868],[-116.21439,33.8684],[-116.21375,33.8681],[-116.20971,33.86626],[-116.20509,33.86393],[-116.20416,33.86346],[-116.20046,33.86161],[-116.2,33.86136],[-116.19833,33.86054],[-116.19812,33.86044],[-116.1945,33.8586],[-116.19253,33.85761],[-116.19066,33.85667],[-116.18773,33.8552],[-116.1848,33.85373],[-116.18396,33.85331],[-116.18346,33.85306],[-116.18301,33.85284],[-116.18243,33.85254],[-116.17215,33.84737],[-116.16521,33.84387],[-116.16188,33.84219],[-116.15473,33.8386],[-116.15469,33.83857],[-116.15329,33.83787],[-116.14913,33.83577],[-116.14774,33.83507],[-116.14771,33.83506],[-116.14664,33.83453],[-116.14583,33.83409],[-116.14012,33.82953],[-116.14004,33.82946],[-116.14014,33.82943],[-116.14072,33.82943],[-116.14165,33.82952],[-116.1423,33.82946],[-116.14266,33.8294],[-116.14316,33.82919],[-116.14413,33.82921],[-116.14449,33.82922],[-116.14477,33.82922],[-116.14489,33.82931],[-116.1456,33.82975],[-116.14852,33.83197],[-116.15548,33.83727],[-116.16132,33.84169],[-116.16215,33.84219],[-116.18666,33.85428],[-116.18774,33.8552]]],[[[-116.14428,33.8184],[-116.14333,33.81841],[-116.14295,33.81842],[-116.14295,33.81728],[-116.14428,33.8184]]]]}},{"type":"Feature","properties":{"county_fips":65,"srprec":"460002","precinct_id":"065-460002","county_name":"Riverside","area_sq_mi":0.356,"place_primary":"La Quinta","place_primary_share":93.4,"place_also":[],"places":[{"name":"La Quinta","geoid":"0640354","kind":"city","pct":93.4},{"name":"Bermuda Dunes","geoid":"0606028","kind":"cdp","pct":6.5}],"bbox":[-116.30389,33.72901,-116.28628,33.73814],"g22_asm":{"dem_pct":44.2,"margin_dem":-11.6,"votes_two_party":536,"winner":"Rep"},"g24_asm":{"dem_pct":45.1,"margin_dem":-9.7,"votes_two_party":711,"winner":"Rep"}},"geometry":{"type":"Polygon","coordinates":[[[-116.29837,33.73632],[-116.29837,33.73284],[-116.29147,33.73276],[-116.28897,33.73279],[-116.28636,33.73281],[-116.28628,33.73281],[-116.28628,33.73203],[-116.28628,33.73067],[-116.28629,33.72997],[-116.28628,33.72971],[-116.28633,33.72912],[-116.2901,33.72911],[-116.29119,33.7291],[-116.29175,33.72909],[-116.29405,33.72906],[-116.29498,33.72906],[-116.29865,33.72903],[-116.30282,33.72901],[-116.30389,33.72901],[-116.30388,33.73032],[-116.30388,33.73127],[-116.30388,33.73315],[-116.30388,33.73384],[-116.30388,33.73411],[-116.30388,33.73443],[-116.30387,33.73511],[-116.30384,33.73536],[-116.30384,33.73646],[-116.30384,33.73712],[-116.30384,33.73805],[-116.30366,33.73812],[-116.30287,33.73814],[-116.30253,33.73814],[-116.30225,33.73814],[-116.30224,33.73705],[-116.30001,33.73704],[-116.29977,33.73704],[-116.2996,33.73704],[-116.29908,33.73654],[-116.29909,33.73635],[-116.29837,33.73632]]]}},{"type":"Feature","properties":{"county_fips":65,"srprec":"460003","precinct_id":"065-460003","county_name":"Riverside","area_sq_mi":0.181,"place_primary":"La Quinta","place_primary_share":99.8,"place_also":[],"places":[{"name":"La Quinta","geoid":"0640354","kind":"city","pct":99.8},{"name":"Bermuda Dunes","geoid":"0606028","kind":"cdp","pct":0.2}],"bbox":[-116.2754,33.72914,-116.26826,33.73648],"g22_asm":{"dem_pct":34.2,"margin_dem":-31.6,"votes_two_party":386,"winner":"Rep"},"g24_asm":null},"geometry":{"type":"Polygon","coordinates":[[[-116.26991,33.72923],[-116.27086,33.72921],[-116.27146,33.7292],[-116.27212,33.72918],[-116.2723,33.72918],[-116.27283,33.72917],[-116.273,33.72917],[-116.27348,33.72916],[-116.27492,33.72915],[-116.2754,33.72914],[-116.27539,33.72937],[-116.27538,33.72961],[-116.27538,33.7297],[-116.27538,33.73008],[-116.27538,33.73032],[-116.27538,33.73046],[-116.27538,33.73046],[-116.27538,33.73078],[-116.27538,33.73119],[-116.27538,33.73165],[-116.27538,33.73165],[-116.27538,33.73218],[-116.27538,33.73264],[-116.27538,33.73399],[-116.27537,33.73523],[-116.27537,33.73527],[-116.27537,33.73606],[-116.27536,33.73612],[-116.27534,33.73647],[-116.26889,33.73647],[-116.26868,33.73648],[-116.26826,33.73648],[-116.26991,33.72923]]]}},{"type":"Feature","properties":{"county_fips":65,"srprec":"460007","precinct_id":"065-460007","county_name":"Riverside","area_sq_mi":0.886,"place_primary":"La Quinta","place_primary_share":99.5,"place_also":[],"places":[{"name":"La Quinta","geoid":"0640354","kind":"city","pct":99.5},{"name":"Indian Wells","geoid":"0636434","kind":"city","pct":0.5}],"bbox":[-116.30389,33.72176,-116.26991,33.72923],"g22_asm":{"dem_pct":42.7,"margin_dem":-14.6,"votes_two_party":1878,"winner":"Rep"},"g24_asm":{"dem_pct":41.2,"margin_dem":-17.6,"votes_two_party":3006,"winner":"Rep"}},"geometry":{"type":"Polygon","coordinates":[[[-116.27156,33.72196],[-116.27285,33.72194],[-116.27552,33.72192],[-116.27754,33.72191],[-116.28143,33.72188],[-116.28233,33.72187],[-116.28627,33.72184],[-116.28845,33.72185],[-116.28933,33.72186],[-116.29125,33.72184],[-116.294,33.72179],[-116.2952,33.72179],[-116.29757,33.72176],[-116.29849,33.72238],[-116.30153,33.72487],[-116.30228,33.72551],[-116.30275,33.72602],[-116.30279,33.72608],[-116.3031,33.7265],[-116.30352,33.72729],[-116.30376,33.72803],[-116.30383,33.72837],[-116.30388,33.72892],[-116.30282,33.72901],[-116.29676,33.72904],[-116.29405,33.72906],[-116.29161,33.7291],[-116.2901,33.72911],[-116.28628,33.72912],[-116.28572,33.72912],[-116.28264,33.72914],[-116.27936,33.72916],[-116.27665,33.7292],[-116.27565,33.72915],[-116.27492,33.72915],[-116.27283,33.72917],[-116.27146,33.7292],[-116.27156,33.72196]]]}},{"type":"Feature","properties":{"county_fips":65,"srprec":"460010","precinct_id":"065-460010","county_name":"Riverside","area_sq_mi":1.938,"place_primary":"La Quinta","place_primary_share":100.0,"place_also":[],"places":[{"name":"La Quinta","geoid":"0640354","kind":"city","pct":100.0}],"bbox":[-116.29773,33.69983,-116.26873,33.72191],"g22_asm":{"dem_pct":45.7,"margin_dem":-8.7,"votes_two_party":1844,"winner":"Rep"},"g24_asm":{"dem_pct":42.8,"margin_dem":-14.4,"votes_two_party":2593,"winner":"Rep"}},"geometry":{"type":"Polygon","coordinates":[[[-116.27056,33.70681],[-116.27156,33.70276],[-116.26884,33.70272],[-116.26873,33.70142],[-116.26873,33.69991],[-116.27069,33.69984],[-116.27204,33.69985],[-116.27747,33.69992],[-116.28309,33.69997],[-116.28592,33.7],[-116.29276,33.69996],[-116.29466,33.69993],[-116.29489,33.70324],[-116.29494,33.70754],[-116.29494,33.71252],[-116.29475,33.71249],[-116.29484,33.71323],[-116.29491,33.71452],[-116.29494,33.71514],[-116.29492,33.71664],[-116.29492,33.71709],[-116.29492,33.7174],[-116.29497,33.71797],[-116.29506,33.71839],[-116.29525,33.71887],[-116.29585,33.71997],[-116.29656,33.72078],[-116.29757,33.72176],[-116.29457,33.72178],[-116.28987,33.72185],[-116.28845,33.72185],[-116.28405,33.72185],[-116.28138,33.72188],[-116.27751,33.71978],[-116.27753,33.71747],[-116.27748,33.71501],[-116.27442,33.71467],[-116.27056,33.70681]]]}},{"type":"Feature","properties":{"county_fips":65,"srprec":"460013","precinct_id":"065-460013","county_name":"Riverside","area_sq_mi":3.363,"place_primary":"La Quinta","place_primary_share":100.0,"place_also":[],"places":[{"name":"La Quinta","geoid":"0640354","kind":"city","pct":100.0}],"bbox":[-116.32148,33.67068,-116.29475,33.71622],"g22_asm":{"dem_pct":53.5,"margin_dem":7.0,"votes_two_party":2055,"winner":"Dem"},"g24_asm":null},"geometry":{"type":"Polygon","coordinates":[[[-116.31338,33.6707],[-116.31561,33.6707],[-116.31748,33.6707],[-116.31951,33.6707],[-116.32148,33.67693],[-116.31243,33.69942],[-116.29913,33.7157],[-116.29795,33.71608],[-116.29633,33.71575],[-116.29492,33.71502],[-116.29484,33.71323],[-116.29494,33.71258],[-116.29494,33.70754],[-116.29488,33.69989],[-116.29485,33.69532],[-116.2952,33.69194],[-116.2949,33.68995],[-116.29483,33.68828],[-116.29484,33.68659],[-116.29484,33.68291],[-116.29486,33.681],[-116.29486,33.67884],[-116.29492,33.67643],[-116.29496,33.67451],[-116.2977,33.67427],[-116.29971,33.67374],[-116.30128,33.67285],[-116.30364,33.6709],[-116.3047,33.67071],[-116.30709,33.67072],[-116.30819,33.6707],[-116.31064,33.67071],[-116.31252,33.67071],[-116.31338,33.6707]]]}},{"type":"Feature","properties":{"county_fips":65,"srprec":"460021","precinct_id":"065-460021","county_name":"Riverside","area_sq_mi":2.771,"place_primary":"La Quinta","place_primary_share":100.0,"place_also":[],"places":[{"name":"La Quinta","geoid":"0640354","kind":"city","pct":100.0}],"bbox":[-116.2952,33.67095,-116.26867,33.7],"g22_asm":{"dem_pct":36.6,"margin_dem":-26.8,"votes_two_party":2000,"winner":"Rep"},"g24_asm":{"dem_pct":37.0,"margin_dem":-26.0,"votes_two_party":2204,"winner":"Rep"}},"geometry":{"type":"Polygon","coordinates":[[[-116.29131,33.67426],[-116.29482,33.67429],[-116.29496,33.67442],[-116.29495,33.676],[-116.29491,33.67661],[-116.29487,33.67817],[-116.29486,33.67972],[-116.29486,33.681],[-116.29484,33.68206],[-116.29484,33.68492],[-116.29484,33.68617],[-116.29484,33.68738],[-116.29483,33.68843],[-116.29487,33.68978],[-116.29512,33.69076],[-116.2952,33.69194],[-116.29492,33.6946],[-116.29485,33.69551],[-116.29487,33.69902],[-116.29402,33.69994],[-116.29214,33.69996],[-116.28438,33.69999],[-116.28086,33.69994],[-116.27668,33.69991],[-116.27168,33.69984],[-116.26926,33.69984],[-116.26873,33.69705],[-116.26874,33.69416],[-116.26872,33.68958],[-116.26871,33.68313],[-116.26867,33.67455],[-116.27037,33.67096],[-116.27533,33.6713],[-116.27959,33.67378],[-116.28611,33.67438],[-116.2904,33.67426],[-116.29131,33.67426]]]}},{"type":"Feature","properties":{"county_fips":65,"srprec":"460022","precinct_id":"065-460022","county_name":"Riverside","area_sq_mi":2.94,"place_primary":"La Quinta","place_primary_share":99.9,"place_also":[],"places":[{"name":"La Quinta","geoid":"0640354","kind":"city","pct":99.9},{"name":"Indio","geoid":"0636448","kind":"city","pct":0.1}],"bbox":[-116.26871,33.65649,-116.23392,33.6854],"g22_asm":{"dem_pct":35.6,"margin_dem":-28.8,"votes_two_party":764,"winner":"Rep"},"g24_asm":null},"geometry":{"type":"Polygon","coordinates":[[[-116.23393,33.66837],[-116.23394,33.66573],[-116.23396,33.66382],[-116.23398,33.66071],[-116.23399,33.65729],[-116.23746,33.65663],[-116.24123,33.65663],[-116.24785,33.65661],[-116.25132,33.6566],[-116.25174,33.6566],[-116.25594,33.65655],[-116.265,33.65651],[-116.26793,33.65649],[-116.26808,33.65778],[-116.2683,33.66286],[-116.26832,33.66346],[-116.26836,33.66423],[-116.26848,33.66682],[-116.26849,33.66703],[-116.2685,33.66713],[-116.26865,33.67019],[-116.26868,33.67208],[-116.26867,33.67455],[-116.2687,33.68141],[-116.26871,33.68537],[-116.26758,33.6854],[-116.2653,33.68538],[-116.26079,33.68535],[-116.25775,33.68535],[-116.25351,33.68536],[-116.25164,33.68536],[-116.25152,33.68536],[-116.25134,33.68487],[-116.25133,33.68291],[-116.25129,33.68269],[-116.25119,33.67822],[-116.2513,33.67102],[-116.24705,33.67103],[-116.24263,33.67103],[-116.23652,33.67104],[-116.23393,33.66837]]]}},{"type":"Feature","properties":{"county_fips":65,"srprec":"460026","precinct_id":"065-460026","county_name":"Riverside","area_sq_mi":1.885,"place_primary":"La Quinta","place_primary_share":100.0,"place_also":[],"places":[{"name":"La Quinta","geoid":"0640354","kind":"city","pct":100.0}],"bbox":[-116.32148,33.63867,-116.30134,33.67116],"g22_asm":{"dem_pct":57.2,"margin_dem":14.5,"votes_two_party":2565,"winner":"Dem"},"g24_asm":{"dem_pct":57.0,"margin_dem":14.1,"votes_two_party":3476,"winner":"Dem"}},"geometry":{"type":"Polygon","coordinates":[[[-116.32148,33.64963],[-116.32147,33.67068],[-116.32012,33.67071],[-116.31966,33.6707],[-116.31962,33.67068],[-116.31951,33.6707],[-116.31919,33.6707],[-116.31851,33.6707],[-116.31816,33.6707],[-116.31748,33.6707],[-116.3168,33.6707],[-116.31646,33.6707],[-116.31578,33.6707],[-116.31561,33.6707],[-116.31492,33.67071],[-116.31423,33.67071],[-116.31389,33.67071],[-116.31338,33.6707],[-116.31304,33.6707],[-116.31235,33.67071],[-116.31218,33.67071],[-116.3115,33.67071],[-116.31081,33.67071],[-116.31047,33.6707],[-116.30979,33.6707],[-116.30911,33.67071],[-116.30876,33.67071],[-116.30801,33.6707],[-116.30801,33.66936],[-116.30802,33.66869],[-116.30801,33.66734],[-116.30802,33.66578],[-116.30802,33.66499],[-116.30802,33.66344],[-116.30784,33.66343],[-116.30711,33.66343],[-116.30643,33.66343],[-116.30609,33.66343],[-116.30539,33.66344],[-116.30471,33.66343],[-116.30436,33.66343],[-116.30364,33.66343],[-116.30246,33.66344],[-116.30134,33.64202],[-116.30171,33.63867],[-116.32148,33.64963]]]}},{"type":"Feature","properties":{"county_fips":65,"srprec":"460029","precinct_id":"065-460029","county_name":"Riverside","area_sq_mi":6.032,"place_primary":"La Quinta","place_primary_share":100.0,"place_also":[],"places":[{"name":"La Quinta","geoid":"0640354","kind":"city","pct":100.0}],"bbox":[-116.30802,33.62004,-116.26773,33.67439],"g22_asm":{"dem_pct":44.3,"margin_dem":-11.4,"votes_two_party":718,"winner":"Rep"},"g24_asm":{"dem_pct":47.6,"margin_dem":-4.8,"votes_two_party":874,"winner":"Rep"}},"geometry":{"type":"Polygon","coordinates":[[[-116.30171,33.63867],[-116.30364,33.66343],[-116.30539,33.66344],[-116.30711,33.66343],[-116.30802,33.66499],[-116.30802,33.66869],[-116.30782,33.67071],[-116.30693,33.67072],[-116.30522,33.67071],[-116.30363,33.6707],[-116.30366,33.67253],[-116.30091,33.67301],[-116.29988,33.67364],[-116.29851,33.67418],[-116.29495,33.67428],[-116.29437,33.67428],[-116.28614,33.67438],[-116.2797,33.67384],[-116.27533,33.6713],[-116.26868,33.67097],[-116.2685,33.66712],[-116.26845,33.66617],[-116.26831,33.66308],[-116.26802,33.65652],[-116.26806,33.65442],[-116.26804,33.64868],[-116.26804,33.64256],[-116.26835,33.63656],[-116.26801,33.63594],[-116.26784,33.63548],[-116.26823,33.6347],[-116.26812,33.63085],[-116.26812,33.62694],[-116.26811,33.62029],[-116.30171,33.63867]]]}},{"type":"Feature","properties":{"county_fips":65,"srprec":"460039","precinct_id":"065-460039","county_name":"Riverside","area_sq_mi":3.942,"place_primary":"La Quinta","place_primary_share":100.0,"place_also":[],"places":[{"name":"La Quinta","geoid":"0640354","kind":"city","pct":100.0}],"bbox":[-116.26835,33.62744,-116.23359,33.65664],"g22_asm":{"dem_pct":37.5,"margin_dem":-24.9,"votes_two_party":1311,"winner":"Rep"},"g24_asm":{"dem_pct":37.3,"margin_dem":-25.4,"votes_two_party":2476,"winner":"Rep"}},"geometry":{"type":"Polygon","coordinates":[[[-116.23359,33.62745],[-116.23681,33.62747],[-116.23938,33.6275],[-116.23947,33.6275],[-116.24598,33.62759],[-116.24627,33.6276],[-116.25074,33.62762],[-116.25348,33.6276],[-116.25524,33.62761],[-116.25661,33.62761],[-116.25727,33.6276],[-116.25952,33.6276],[-116.26252,33.62763],[-116.26364,33.62759],[-116.26667,33.62749],[-116.26812,33.62856],[-116.26812,33.63305],[-116.26817,33.63375],[-116.26784,33.63513],[-116.26786,33.63535],[-116.26774,33.63567],[-116.2679,33.63579],[-116.26818,33.63625],[-116.26833,33.63653],[-116.26811,33.64039],[-116.26804,33.64222],[-116.26804,33.64322],[-116.26804,33.64829],[-116.26804,33.64895],[-116.26805,33.65238],[-116.26794,33.65487],[-116.26802,33.65649],[-116.26642,33.6565],[-116.25736,33.65654],[-116.2526,33.65659],[-116.25154,33.6566],[-116.24841,33.65661],[-116.24266,33.65663],[-116.23837,33.65663],[-116.234,33.65664],[-116.23395,33.65526],[-116.2338,33.65158],[-116.23359,33.62745]]]}},{"type":"Feature","properties":{"county_fips":65,"srprec":"460047","precinct_id":"065-460047","county_name":"Riverside","area_sq_mi":2.346,"place_primary":"La Quinta","place_primary_share":100.0,"place_also":[],"places":[{"name":"La Quinta","geoid":"0640354","kind":"city","pct":100.0}],"bbox":[-116.26812,33.60078,-116.23337,33.62763],"g22_asm":{"dem_pct":47.1,"margin_dem":-5.9,"votes_two_party":1245,"winner":"Rep"},"g24_asm":{"dem_pct":44.8,"margin_dem":-10.3,"votes_two_party":1401,"winner":"Rep"}},"geometry":{"type":"Polygon","coordinates":[[[-116.23337,33.60078],[-116.26811,33.62004],[-116.26811,33.62029],[-116.26812,33.62318],[-116.26812,33.62351],[-116.26812,33.62653],[-116.26812,33.62663],[-116.26812,33.62679],[-116.26812,33.62694],[-116.26812,33.62704],[-116.26812,33.62712],[-116.26812,33.62736],[-116.26812,33.62744],[-116.267,33.62748],[-116.26667,33.62749],[-116.26591,33.62751],[-116.26575,33.62752],[-116.26364,33.62759],[-116.26356,33.62759],[-116.26266,33.62762],[-116.26252,33.62763],[-116.26192,33.62762],[-116.26012,33.62761],[-116.25952,33.6276],[-116.25894,33.6276],[-116.25829,33.62759],[-116.25727,33.6276],[-116.25673,33.62761],[-116.2567,33.62761],[-116.25661,33.62761],[-116.25658,33.62761],[-116.25596,33.62761],[-116.25524,33.62761],[-116.25508,33.62761],[-116.2541,33.6276],[-116.25348,33.6276],[-116.25293,33.62761],[-116.25129,33.62762],[-116.25074,33.62762],[-116.24985,33.62762],[-116.24717,33.6276],[-116.24627,33.6276],[-116.24622,33.6276],[-116.24604,33.62759],[-116.24598,33.62759],[-116.24433,33.62758],[-116.24204,33.62756],[-116.23947,33.6275],[-116.23947,33.6275],[-116.23946,33.6275],[-116.23938,33.6275],[-116.2378,33.62747],[-116.23773,33.62747],[-116.23681,33.62747],[-116.23544,33.62748],[-116.23418,33.62746],[-116.23359,33.62745],[-116.23337,33.60078]]]}},{"type":"Feature","properties":{"county_fips":65,"srprec":"467004","precinct_id":"065-467004","county_name":"Riverside","area_sq_mi":0.005,"place_primary":"Vista Santa Rosa","place_primary_share":98.7,"place_also":[],"places":[{"name":"Vista Santa Rosa","geoid":"0683085","kind":"cdp","pct":98.7},{"name":"La Quinta","geoid":"0640354","kind":"city","pct":1.3}],"bbox":[-116.234,33.65131,-116.23379,33.66709],"g22_asm":{"dem_pct":73.5,"margin_dem":47.0,"votes_two_party":438,"winner":"Dem"},"g24_asm":{"dem_pct":52.9,"margin_dem":5.8,"votes_two_party":709,"winner":"Dem"}},"geometry":{"type":"Polygon","coordinates":[[[-116.23379,33.65131],[-116.2338,33.65158],[-116.2338,33.65177],[-116.2339,33.65425],[-116.23395,33.65526],[-116.23395,33.65537],[-116.234,33.65662],[-116.234,33.65664],[-116.23399,33.65729],[-116.23399,33.65926],[-116.23398,33.65991],[-116.23398,33.66071],[-116.23397,33.66192],[-116.23396,33.66309],[-116.23396,33.66382],[-116.23396,33.66388],[-116.23395,33.66478],[-116.23394,33.66573],[-116.23392,33.66655],[-116.23392,33.66709],[-116.23379,33.65131]]]}},{"type":"Feature","properties":{"county_fips":65,"srprec":"469002","precinct_id":"065-469002","county_name":"Riverside","area_sq_mi":277.467,"place_primary":"Unincorporated Riverside County","place_primary_share":null,"place_also":[],"places":[],"bbox":[-116.09227,33.66429,-115.57133,33.8606],"g22_asm":{"dem_pct":14.3,"margin_dem":-71.4,"votes_two_party":7,"winner":"Rep"},"g24_asm":{"dem_pct":40.0,"margin_dem":-20.0,"votes_two_party":10,"winner":"Rep"}},"geometry":{"type":"MultiPolygon","coordinates":[[[[-115.68452,33.66616],[-115.7218,33.66932],[-115.71924,33.67041],[-115.72433,33.67435],[-115.74744,33.67372],[-115.79808,33.67231],[-115.83695,33.67116],[-115.86593,33.67039],[-115.87591,33.67089],[-115.89284,33.67176],[-115.91766,33.67303],[-115.99211,33.75771],[-116.07767,33.76201],[-116.078,33.77353],[-116.09194,33.78748],[-116.09209,33.83243],[-116.09189,33.8572],[-116.07492,33.85995],[-116.04651,33.85999],[-115.98279,33.85998],[-115.96789,33.86004],[-115.95156,33.86001],[-115.92048,33.86006],[-115.87808,33.856],[-115.74568,33.85638],[-115.7049,33.85688],[-115.69946,33.85941],[-115.69681,33.86048],[-115.67158,33.86057],[-115.66527,33.85598],[-115.66396,33.80111],[-115.67721,33.77224],[-115.67751,33.74832],[-115.67815,33.69985],[-115.67814,33.6974],[-115.60645,33.68549],[-115.68452,33.66616]]],[[[-115.73036,33.66429],[-115.73036,33.66463],[-115.72957,33.66432],[-115.73036,33.66429]]]]}},{"type":"Feature","properties":{"county_fips":65,"srprec":"469010","precinct_id":"065-469010","county_name":"Riverside","area_sq_mi":386.022,"place_primary":"Unincorporated Riverside County","place_primary_share":null,"place_also":[],"places":[],"bbox":[-115.66669,33.67717,-115.19101,34.07786],"g22_asm":{"dem_pct":100.0,"margin_dem":100.0,"votes_two_party":2,"winner":"Dem"},"g24_asm":null},"geometry":{"type":"Polygon","coordinates":[[[-115.30414,34.07786],[-115.20315,34.05726],[-115.22334,34.04399],[-115.23353,34.03409],[-115.23688,34.00478],[-115.24111,33.96766],[-115.24598,33.9248],[-115.25112,33.87961],[-115.39664,33.7726],[-115.39925,33.76595],[-115.40426,33.76393],[-115.41058,33.76066],[-115.41575,33.75619],[-115.4384,33.72674],[-115.44858,33.72273],[-115.46177,33.70056],[-115.57026,33.69507],[-115.47747,33.81596],[-115.43966,33.81703],[-115.44189,33.82167],[-115.44182,33.83739],[-115.44099,33.87848],[-115.48814,33.90252],[-115.62582,33.90199],[-115.66665,33.92178],[-115.66655,33.96656],[-115.66635,34.0085],[-115.63638,34.01505],[-115.62999,34.03527],[-115.58812,34.03537],[-115.5238,34.03524],[-115.42391,34.03486],[-115.35755,34.03456],[-115.31612,34.06123],[-115.30414,34.07786]]]}},{"type":"Feature","properties":{"county_fips":65,"srprec":"469011","precinct_id":"065-469011","county_name":"Riverside","area_sq_mi":5.144,"place_primary":"Unincorporated Riverside County","place_primary_share":16.1,"place_also":[],"places":[{"name":"Desert Center","geoid":"0618982","kind":"cdp","pct":16.1}],"bbox":[-115.45158,33.71107,-115.19102,34.06407],"g22_asm":{"dem_pct":18.4,"margin_dem":-63.2,"votes_two_party":38,"winner":"Rep"},"g24_asm":{"dem_pct":30.2,"margin_dem":-39.5,"votes_two_party":43,"winner":"Rep"}},"geometry":{"type":"MultiPolygon","coordinates":[[[[-115.23939,33.98263],[-115.23886,33.98727],[-115.23861,33.98956],[-115.23851,33.99044],[-115.23793,33.9956],[-115.23756,33.99866],[-115.23728,34.00116],[-115.23688,34.00478],[-115.23631,34.00979],[-115.23596,34.01298],[-115.23551,34.01712],[-115.23423,34.02827],[-115.23386,34.03146],[-115.23374,34.0324],[-115.23363,34.03346],[-115.23356,34.03391],[-115.23347,34.03439],[-115.2333,34.0349],[-115.23285,34.03577],[-115.23195,34.03681],[-115.23139,34.0373],[-115.22952,34.03887],[-115.22722,34.04078],[-115.22444,34.04309],[-115.22334,34.04399],[-115.22073,34.0462],[-115.21968,34.04705],[-115.21717,34.0486],[-115.2152,34.04982],[-115.21341,34.05092],[-115.21053,34.05271],[-115.20546,34.05583],[-115.20414,34.05665],[-115.19911,34.05974],[-115.19653,34.06133],[-115.1948,34.06241],[-115.19301,34.06347],[-115.1923,34.06374],[-115.19167,34.06393],[-115.19102,34.06407],[-115.23939,33.98263]]],[[[-115.24193,33.9604],[-115.24179,33.9616],[-115.24172,33.96229],[-115.24151,33.96415],[-115.24148,33.96436],[-115.24141,33.96505],[-115.24111,33.96766],[-115.24063,33.97183],[-115.24193,33.9604]]],[[[-115.24279,33.95281],[-115.24272,33.95349],[-115.24262,33.95427],[-115.24279,33.95281]]],[[[-115.24529,33.93083],[-115.24499,33.93353],[-115.24475,33.93561],[-115.2443,33.9395],[-115.24426,33.93989],[-115.24424,33.94003],[-115.24529,33.93083]]],[[[-115.2475,33.91142],[-115.2472,33.91421],[-115.24652,33.92012],[-115.24622,33.9228],[-115.24618,33.92311],[-115.24598,33.9248],[-115.24583,33.92608],[-115.2475,33.91142]]],[[[-115.24886,33.8995],[-115.24872,33.90074],[-115.24841,33.90339],[-115.24886,33.8995]]],[[[-115.24967,33.89238],[-115.2494,33.89477],[-115.24923,33.89622],[-115.24967,33.89238]]],[[[-115.25112,33.87961],[-115.25107,33.88006],[-115.25105,33.88021],[-115.25086,33.8819],[-115.25021,33.88765],[-115.24991,33.89028],[-115.25112,33.87961]]],[[[-115.25358,33.85801],[-115.25353,33.85848],[-115.25347,33.85895],[-115.25337,33.85984],[-115.25327,33.86075],[-115.25358,33.85801]]],[[[-115.40159,33.76491],[-115.40125,33.7651],[-115.40082,33.76539],[-115.4007,33.76547],[-115.40051,33.76557],[-115.40027,33.76566],[-115.39997,33.76572],[-115.39979,33.76573],[-115.39953,33.76579],[-115.39925,33.76595],[-115.39873,33.7662],[-115.39853,33.76634],[-115.39807,33.76682],[-115.39788,33.76695],[-115.39766,33.76707],[-115.39716,33.76724],[-115.39687,33.76732],[-115.39662,33.76736],[-115.39662,33.76747],[-115.39662,33.76827],[-115.39662,33.76835],[-115.39662,33.76994],[-115.39664,33.77018],[-115.39664,33.77036],[-115.39663,33.77054],[-115.39664,33.77151],[-115.39664,33.7726],[-115.39644,33.7726],[-115.39594,33.7726],[-115.39258,33.7726],[-115.39138,33.77261],[-115.38649,33.77262],[-115.37935,33.77262],[-115.37897,33.77261],[-115.37857,33.7726],[-115.37549,33.77258],[-115.40159,33.76491]]],[[[-115.41727,33.74771],[-115.4172,33.74805],[-115.41678,33.75033],[-115.41649,33.75175],[-115.41642,33.75212],[-115.41628,33.75289],[-115.41586,33.75536],[-115.41583,33.75555],[-115.41581,33.75571],[-115.41575,33.75619],[-115.41573,33.75635],[-115.41558,33.75653],[-115.41531,33.75679],[-115.41459,33.75734],[-115.41445,33.75747],[-115.41434,33.75753],[-115.41428,33.75757],[-115.41337,33.75818],[-115.41298,33.7585],[-115.41295,33.75853],[-115.41244,33.75901],[-115.4123,33.75918],[-115.41182,33.75963],[-115.41095,33.76037],[-115.41085,33.76049],[-115.41072,33.7606],[-115.41058,33.76066],[-115.41044,33.76075],[-115.40991,33.76125],[-115.40952,33.76146],[-115.40929,33.76164],[-115.40907,33.76186],[-115.40893,33.76194],[-115.40876,33.76202],[-115.40866,33.76209],[-115.40814,33.76249],[-115.40793,33.76261],[-115.4074,33.76285],[-115.40614,33.76315],[-115.40576,33.76326],[-115.40545,33.7634],[-115.40504,33.76367],[-115.4046,33.76383],[-115.40426,33.76393],[-115.40405,33.76397],[-115.40399,33.76398],[-115.40254,33.76449],[-115.40186,33.76472],[-115.40178,33.76477],[-115.40168,33.76485],[-115.41727,33.74771]]],[[[-115.45158,33.71107],[-115.45156,33.71202],[-115.45152,33.71398],[-115.45151,33.71492],[-115.45149,33.71565],[-115.45139,33.72067],[-115.45135,33.72235],[-115.45125,33.72234],[-115.4511,33.72236],[-115.45045,33.72268],[-115.45004,33.72278],[-115.44953,33.72284],[-115.44936,33.72281],[-115.44914,33.72275],[-115.44893,33.7227],[-115.44881,33.7227],[-115.44858,33.72273],[-115.44758,33.72287],[-115.44647,33.72298],[-115.44599,33.72302],[-115.44583,33.72299],[-115.44556,33.72297],[-115.44456,33.72297],[-115.44438,33.72301],[-115.44341,33.7233],[-115.44318,33.7234],[-115.44295,33.72357],[-115.44256,33.72383],[-115.44214,33.72412],[-115.44098,33.72505],[-115.44036,33.7254],[-115.4396,33.72578],[-115.43918,33.72592],[-115.4384,33.72674],[-115.43816,33.72696],[-115.43775,33.72714],[-115.43713,33.72722],[-115.43675,33.72725],[-115.43611,33.72722],[-115.43578,33.72736],[-115.45158,33.71107]]]]}},{"type":"Feature","properties":{"county_fips":65,"srprec":"469020","precinct_id":"065-469020","county_name":"Riverside","area_sq_mi":59.084,"place_primary":"Unincorporated Riverside County","place_primary_share":null,"place_also":[],"places":[],"bbox":[-115.66678,33.81496,-115.43961,33.91942],"g22_asm":{"dem_pct":0.0,"margin_dem":-100.0,"votes_two_party":1,"winner":"Rep"},"g24_asm":null},"geometry":{"type":"Polygon","coordinates":[[[-115.59408,33.90218],[-115.56095,33.90216],[-115.50082,33.90192],[-115.48877,33.90229],[-115.48704,33.90248],[-115.48332,33.90253],[-115.45867,33.90315],[-115.44108,33.90363],[-115.44099,33.87847],[-115.44103,33.87143],[-115.44111,33.86025],[-115.44142,33.85561],[-115.44182,33.83739],[-115.44187,33.83493],[-115.44195,33.82981],[-115.44205,33.82307],[-115.44152,33.82156],[-115.44304,33.82167],[-115.44137,33.81945],[-115.4401,33.8177],[-115.43969,33.81717],[-115.43983,33.8169],[-115.44032,33.8173],[-115.44086,33.81758],[-115.47571,33.81572],[-115.47804,33.8158],[-115.56416,33.85875],[-115.60675,33.85949],[-115.63187,33.85997],[-115.65318,33.86035],[-115.66597,33.8606],[-115.66589,33.86889],[-115.66589,33.87189],[-115.66576,33.87302],[-115.66641,33.90006],[-115.66678,33.91338],[-115.66654,33.90729],[-115.66528,33.90514],[-115.63255,33.90205],[-115.59408,33.90218]]]}},{"type":"Feature","properties":{"county_fips":65,"srprec":"471103","precinct_id":"065-471103","county_name":"Riverside","area_sq_mi":0.017,"place_primary":"Indio","place_primary_share":100.0,"place_also":[],"places":[{"name":"Indio","geoid":"0636448","kind":"city","pct":100.0}],"bbox":[-116.2866,33.75163,-116.27972,33.75576],"g22_asm":{"dem_pct":49.0,"margin_dem":-2.0,"votes_two_party":1145,"winner":"Rep"},"g24_asm":{"dem_pct":39.9,"margin_dem":-20.2,"votes_two_party":1201,"winner":"Rep"}},"geometry":{"type":"Polygon","coordinates":[[[-116.27972,33.75163],[-116.28121,33.75225],[-116.28189,33.75253],[-116.28221,33.75266],[-116.28378,33.7533],[-116.28518,33.75388],[-116.28519,33.75388],[-116.28521,33.75389],[-116.28624,33.75429],[-116.28638,33.75434],[-116.28645,33.75477],[-116.28652,33.75522],[-116.28656,33.7555],[-116.2866,33.75575],[-116.2866,33.75576],[-116.27972,33.75163]]]}},{"type":"Feature","properties":{"county_fips":65,"srprec":"471119","precinct_id":"065-471119","county_name":"Riverside","area_sq_mi":0.025,"place_primary":"Indio","place_primary_share":100.0,"place_also":[],"places":[{"name":"Indio","geoid":"0636448","kind":"city","pct":100.0}],"bbox":[-116.26873,33.7383,-116.26661,33.74376],"g22_asm":{"dem_pct":53.8,"margin_dem":7.5,"votes_two_party":785,"winner":"Dem"},"g24_asm":null},"geometry":{"type":"Polygon","coordinates":[[[-116.26785,33.73831],[-116.26813,33.7383],[-116.26813,33.73839],[-116.26813,33.73845],[-116.26813,33.73872],[-116.26813,33.739],[-116.26813,33.73954],[-116.26813,33.73982],[-116.26819,33.74012],[-116.2682,33.74019],[-116.26823,33.74029],[-116.26837,33.7406],[-116.26848,33.74087],[-116.2687,33.74139],[-116.26873,33.7416],[-116.26867,33.74191],[-116.26859,33.7424],[-116.26849,33.74295],[-116.26844,33.74324],[-116.26844,33.7436],[-116.26844,33.74362],[-116.26843,33.74375],[-116.26761,33.74375],[-116.26757,33.74375],[-116.26752,33.74375],[-116.26747,33.74375],[-116.26743,33.74375],[-116.26738,33.74375],[-116.26734,33.74375],[-116.26729,33.74375],[-116.26724,33.74375],[-116.2672,33.74376],[-116.26715,33.74376],[-116.26711,33.74376],[-116.26706,33.74376],[-116.26701,33.74376],[-116.26697,33.74376],[-116.26692,33.74376],[-116.26688,33.74376],[-116.26683,33.74376],[-116.26678,33.74376],[-116.26674,33.74376],[-116.26669,33.74376],[-116.26665,33.74376],[-116.26661,33.74376],[-116.26785,33.73831]]]}},{"type":"Feature","properties":{"county_fips":65,"srprec":"471128","precinct_id":"065-471128","county_name":"Riverside","area_sq_mi":0.178,"place_primary":"Indio","place_primary_share":99.7,"place_also":[],"places":[{"name":"Indio","geoid":"0636448","kind":"city","pct":99.7},{"name":"La Quinta","geoid":"0640354","kind":"city","pct":0.3}],"bbox":[-116.27755,33.71465,-116.27108,33.72195],"g22_asm":{"dem_pct":42.2,"margin_dem":-15.6,"votes_two_party":1026,"winner":"Rep"},"g24_asm":{"dem_pct":41.6,"margin_dem":-16.7,"votes_two_party":1856,"winner":"Rep"}},"geometry":{"type":"Polygon","coordinates":[[[-116.27108,33.7147],[-116.27268,33.71468],[-116.27356,33.71468],[-116.27366,33.71467],[-116.27442,33.71467],[-116.27476,33.71466],[-116.27672,33.71465],[-116.27744,33.71465],[-116.27748,33.71465],[-116.27748,33.71501],[-116.2775,33.71611],[-116.2775,33.71648],[-116.27751,33.71672],[-116.27752,33.71733],[-116.27753,33.71747],[-116.27755,33.71772],[-116.27754,33.71816],[-116.27752,33.71949],[-116.27751,33.71977],[-116.27751,33.71978],[-116.27751,33.71993],[-116.27752,33.72191],[-116.27738,33.72191],[-116.27552,33.72192],[-116.27536,33.72192],[-116.27473,33.72192],[-116.27285,33.72194],[-116.27223,33.72195],[-116.27156,33.72195],[-116.27108,33.7147]]]}},{"type":"Feature","properties":{"county_fips":65,"srprec":"473104","precinct_id":"065-473104","county_name":"Riverside","area_sq_mi":0.008,"place_primary":"Beaumont","place_primary_share":100.0,"place_also":[],"places":[{"name":"Beaumont","geoid":"0604758","kind":"city","pct":100.0}],"bbox":[-116.95968,33.94635,-116.95544,33.94817],"g22_asm":{"dem_pct":57.7,"margin_dem":15.3,"votes_two_party":2145,"winner":"Dem"},"g24_asm":null},"geometry":{"type":"Polygon","coordinates":[[[-116.95911,33.94708],[-116.95916,33.947],[-116.9592,33.94692],[-116.95922,33.94688],[-116.95923,33.94685],[-116.95926,33.94678],[-116.95929,33.94671],[-116.95933,33.94663],[-116.95938,33.94656],[-116.95942,33.9465],[-116.95946,33.94644],[-116.9595,33.94637],[-116.95951,33.94635],[-116.95968,33.94639],[-116.95962,33.94654],[-116.95957,33.94654],[-116.9595,33.94656],[-116.95944,33.94664],[-116.9594,33.94678],[-116.9594,33.94688],[-116.95935,33.94692],[-116.95935,33.94692],[-116.9593,33.94698],[-116.95922,33.94708],[-116.95907,33.94754],[-116.95896,33.94753],[-116.95841,33.94747],[-116.95767,33.94739],[-116.95696,33.94731],[-116.95667,33.9473],[-116.95655,33.9473],[-116.95653,33.94772],[-116.95705,33.94775],[-116.95763,33.94781],[-116.95834,33.94789],[-116.95884,33.94794],[-116.95889,33.94796],[-116.95891,33.94805],[-116.95885,33.94817],[-116.9569,33.94797],[-116.95647,33.94795],[-116.95596,33.94784],[-116.95594,33.94765],[-116.95544,33.94764],[-116.95544,33.94757],[-116.95545,33.9472],[-116.95545,33.9472],[-116.95586,33.94721],[-116.95908,33.94714],[-116.95911,33.94708]]]}},{"type":"Feature","properties":{"county_fips":65,"srprec":"475101","precinct_id":"065-475101","county_name":"Riverside","area_sq_mi":0.073,"place_primary":"Indio","place_primary_share":98.7,"place_also":[],"places":[{"name":"Indio","geoid":"0636448","kind":"city","pct":98.7},{"name":"La Quinta","geoid":"0640354","kind":"city","pct":1.3}],"bbox":[-116.27156,33.69983,-116.264,33.7068],"g22_asm":{"dem_pct":64.6,"margin_dem":29.3,"votes_two_party":523,"winner":"Dem"},"g24_asm":{"dem_pct":54.6,"margin_dem":9.1,"votes_two_party":929,"winner":"Dem"}},"geometry":{"type":"Polygon","coordinates":[[[-116.264,33.69992],[-116.26434,33.69992],[-116.26462,33.69991],[-116.26474,33.69991],[-116.2653,33.6999],[-116.26698,33.69987],[-116.26704,33.69987],[-116.26738,33.69986],[-116.26745,33.69986],[-116.26754,33.69985],[-116.26777,33.69985],[-116.26849,33.69984],[-116.26873,33.69983],[-116.26873,33.69991],[-116.26873,33.69993],[-116.26873,33.70014],[-116.26873,33.70022],[-116.26873,33.70052],[-116.26873,33.70142],[-116.26874,33.70172],[-116.26874,33.70192],[-116.26874,33.70252],[-116.26874,33.70271],[-116.26884,33.70272],[-116.26952,33.70273],[-116.26962,33.70273],[-116.27035,33.70274],[-116.27156,33.70275],[-116.27156,33.70276],[-116.27121,33.70367],[-116.27065,33.70371],[-116.27058,33.70577],[-116.27055,33.7068],[-116.264,33.69992]]]}},{"type":"Feature","properties":{"county_fips":65,"srprec":"475110","precinct_id":"065-475110","county_name":"Riverside","area_sq_mi":1.122,"place_primary":"Indio","place_primary_share":99.9,"place_also":[],"places":[{"name":"Indio","geoid":"0636448","kind":"city","pct":99.9}],"bbox":[-116.26874,33.67102,-116.23648,33.69992],"g22_asm":{"dem_pct":52.4,"margin_dem":4.8,"votes_two_party":1374,"winner":"Dem"},"g24_asm":null},"geometry":{"type":"Polygon","coordinates":[[[-116.23648,33.67104],[-116.23692,33.67104],[-116.24263,33.67103],[-116.24442,33.67103],[-116.2479,33.67102],[-116.2513,33.67102],[-116.25121,33.67678],[-116.25121,33.67911],[-116.25129,33.68269],[-116.25132,33.68287],[-116.25134,33.6834],[-116.25134,33.68487],[-116.25138,33.68536],[-116.25152,33.68536],[-116.25164,33.68536],[-116.25312,33.68536],[-116.25457,33.68535],[-116.25775,33.68535],[-116.25947,33.68535],[-116.26131,33.68535],[-116.2653,33.68538],[-116.26673,33.6854],[-116.26843,33.68538],[-116.26871,33.68537],[-116.26872,33.68814],[-116.26872,33.68958],[-116.26873,33.69262],[-116.26873,33.69383],[-116.26873,33.6946],[-116.26873,33.69633],[-116.26873,33.69705],[-116.26873,33.69983],[-116.26777,33.69985],[-116.26745,33.69986],[-116.26704,33.69987],[-116.2653,33.6999],[-116.26462,33.69991],[-116.264,33.69992],[-116.23648,33.67104]]]}},{"type":"Feature","properties":{"county_fips":65,"srprec":"487001","precinct_id":"065-487001","county_name":"Riverside","area_sq_mi":0.182,"place_primary":"Unincorporated Riverside County","place_primary_share":null,"place_also":[],"places":[],"bbox":[-116.69609,33.65934,-116.66622,33.6839],"g22_asm":{"dem_pct":52.6,"margin_dem":5.3,"votes_two_party":38,"winner":"Dem"},"g24_asm":{"dem_pct":42.9,"margin_dem":-14.3,"votes_two_party":42,"winner":"Rep"}},"geometry":{"type":"MultiPolygon","coordinates":[[[[-116.66624,33.65935],[-116.68029,33.6734],[-116.68005,33.67324],[-116.67988,33.67314],[-116.67958,33.67296],[-116.67892,33.67253],[-116.67884,33.67249],[-116.67869,33.6724],[-116.67823,33.67213],[-116.6782,33.6721],[-116.67808,33.67203],[-116.67791,33.67192],[-116.67767,33.67177],[-116.6774,33.67161],[-116.67738,33.67159],[-116.67712,33.67144],[-116.67696,33.67136],[-116.67517,33.67044],[-116.67443,33.67005],[-116.67385,33.66976],[-116.67323,33.66944],[-116.67232,33.66898],[-116.67212,33.66887],[-116.67154,33.66857],[-116.6712,33.66839],[-116.67118,33.66838],[-116.67069,33.6681],[-116.67043,33.66793],[-116.67019,33.66775],[-116.67016,33.66773],[-116.66995,33.66757],[-116.66985,33.66748],[-116.66974,33.66737],[-116.66955,33.66719],[-116.6695,33.66714],[-116.66937,33.66699],[-116.66913,33.6667],[-116.66895,33.66646],[-116.66874,33.66613],[-116.66864,33.66596],[-116.66861,33.6659],[-116.66849,33.66566],[-116.66842,33.66552],[-116.66838,33.66542],[-116.66836,33.66536],[-116.66829,33.66517],[-116.66824,33.66499],[-116.66819,33.66486],[-116.66813,33.6647],[-116.66785,33.66393],[-116.66703,33.66163],[-116.66702,33.66159],[-116.66676,33.66086],[-116.66667,33.66058],[-116.66652,33.66017],[-116.66623,33.65935],[-116.66622,33.65934],[-116.66624,33.65935]]],[[[-116.68481,33.67792],[-116.69609,33.6839],[-116.69576,33.68387],[-116.69509,33.6838],[-116.69462,33.68373],[-116.69433,33.68367],[-116.69407,33.68361],[-116.69365,33.68349],[-116.69337,33.68341],[-116.69236,33.6831],[-116.6919,33.68296],[-116.69139,33.68279],[-116.69099,33.68263],[-116.69063,33.68248],[-116.69043,33.68239],[-116.68949,33.68194],[-116.68888,33.68167],[-116.68854,33.68151],[-116.68804,33.68124],[-116.68773,33.68105],[-116.68762,33.68097],[-116.68752,33.68087],[-116.68743,33.6808],[-116.68716,33.6806],[-116.68705,33.68051],[-116.68689,33.68038],[-116.68678,33.68028],[-116.68632,33.67976],[-116.68622,33.67966],[-116.68612,33.67954],[-116.68599,33.67938],[-116.68588,33.67924],[-116.68583,33.67914],[-116.68564,33.67884],[-116.68558,33.67875],[-116.68542,33.67854],[-116.68528,33.67838],[-116.68511,33.67823],[-116.68498,33.67808],[-116.6848,33.67792],[-116.68469,33.6778],[-116.68481,33.67792]]]]}},{"type":"Feature","properties":{"county_fips":65,"srprec":"487006","precinct_id":"065-487006","county_name":"Riverside","area_sq_mi":0.147,"place_primary":"Unincorporated Riverside County","place_primary_share":null,"place_also":[],"places":[],"bbox":[-116.63477,33.64855,-116.61436,33.68758],"g22_asm":{"dem_pct":25.9,"margin_dem":-48.2,"votes_two_party":112,"winner":"Rep"},"g24_asm":{"dem_pct":33.0,"margin_dem":-33.9,"votes_two_party":109,"winner":"Rep"}},"geometry":{"type":"MultiPolygon","coordinates":[[[[-116.61506,33.68619],[-116.615,33.68658],[-116.61461,33.68716],[-116.61436,33.68758],[-116.61506,33.68619]]],[[[-116.62441,33.66779],[-116.62443,33.66781],[-116.62461,33.6681],[-116.62474,33.66864],[-116.62462,33.66974],[-116.62405,33.67147],[-116.62375,33.67236],[-116.6234,33.67376],[-116.62303,33.67492],[-116.62271,33.67533],[-116.62244,33.67562],[-116.62198,33.67581],[-116.62119,33.6759],[-116.62061,33.67622],[-116.62017,33.67785],[-116.61988,33.6787],[-116.61968,33.6793],[-116.61911,33.68041],[-116.61914,33.68116],[-116.61951,33.68253],[-116.61979,33.68331],[-116.61989,33.68369],[-116.61968,33.68429],[-116.61849,33.68603],[-116.61802,33.68647],[-116.61744,33.68701],[-116.61732,33.68724],[-116.61723,33.68742],[-116.61685,33.68745],[-116.61608,33.68721],[-116.61571,33.68676],[-116.61557,33.68658],[-116.61546,33.68628],[-116.6154,33.68552],[-116.62441,33.66779]]],[[[-116.63418,33.64855],[-116.63477,33.64929],[-116.63477,33.64968],[-116.63442,33.6503],[-116.63365,33.65101],[-116.63255,33.65183],[-116.63246,33.65193],[-116.63418,33.64855]]]]}},{"type":"Feature","properties":{"county_fips":65,"srprec":"488070","precinct_id":"065-488070","county_name":"Riverside","area_sq_mi":2.269,"place_primary":"Unincorporated Riverside County","place_primary_share":32.8,"place_also":[],"places":[{"name":"Desert Edge","geoid":"0618986","kind":"cdp","pct":32.8}],"bbox":[-116.45815,33.92492,-116.42298,33.95389],"g22_asm":{"dem_pct":53.3,"margin_dem":6.6,"votes_two_party":441,"winner":"Dem"},"g24_asm":{"dem_pct":50.9,"margin_dem":1.8,"votes_two_party":650,"winner":"Dem"}},"geometry":{"type":"Polygon","coordinates":[[[-116.44071,33.92526],[-116.44266,33.92526],[-116.44334,33.92526],[-116.44385,33.92527],[-116.4442,33.92527],[-116.44469,33.92527],[-116.44492,33.92527],[-116.44823,33.92527],[-116.45087,33.92529],[-116.45815,33.9253],[-116.45803,33.92871],[-116.45791,33.93236],[-116.45776,33.93607],[-116.45763,33.93967],[-116.45758,33.94288],[-116.45756,33.94491],[-116.45753,33.94646],[-116.45753,33.94676],[-116.45308,33.95039],[-116.44031,33.94676],[-116.44029,33.94576],[-116.44067,33.93902],[-116.44008,33.93255],[-116.43686,33.9324],[-116.43372,33.93234],[-116.43182,33.93224],[-116.42308,33.93108],[-116.42313,33.92928],[-116.42301,33.92761],[-116.42307,33.92583],[-116.4235,33.92495],[-116.42574,33.925],[-116.4285,33.92505],[-116.43543,33.92518],[-116.43614,33.92519],[-116.43684,33.9252],[-116.43855,33.92523],[-116.43993,33.92526],[-116.44071,33.92526]],[[-116.42313,33.9292],[-116.42314,33.92921],[-116.42314,33.92921],[-116.42313,33.9292]]]}},{"type":"Feature","properties":{"county_fips":65,"srprec":"488078","precinct_id":"065-488078","county_name":"Riverside","area_sq_mi":7.965,"place_primary":"Unincorporated Riverside County","place_primary_share":19.0,"place_also":[],"places":[{"name":"Desert Edge","geoid":"0618986","kind":"cdp","pct":19.0}],"bbox":[-116.47553,33.85937,-116.4231,33.9253],"g22_asm":{"dem_pct":58.2,"margin_dem":16.4,"votes_two_party":742,"winner":"Dem"},"g24_asm":{"dem_pct":58.2,"margin_dem":16.5,"votes_two_party":886,"winner":"Dem"}},"geometry":{"type":"Polygon","coordinates":[[[-116.45802,33.90337],[-116.45804,33.90528],[-116.45806,33.91054],[-116.45805,33.91817],[-116.45812,33.92505],[-116.45087,33.92529],[-116.44582,33.92526],[-116.44469,33.92527],[-116.44401,33.92527],[-116.44334,33.92526],[-116.44239,33.92526],[-116.43993,33.92526],[-116.43707,33.9252],[-116.43614,33.92519],[-116.4318,33.92512],[-116.42574,33.925],[-116.4231,33.92492],[-116.42312,33.92289],[-116.42313,33.92156],[-116.42316,33.9186],[-116.42317,33.91584],[-116.42327,33.91038],[-116.42514,33.8594],[-116.44073,33.86827],[-116.44078,33.8889],[-116.45156,33.88901],[-116.46671,33.88846],[-116.47404,33.88876],[-116.47401,33.88991],[-116.4747,33.89135],[-116.47504,33.8921],[-116.47527,33.89355],[-116.47553,33.89765],[-116.47466,33.90321],[-116.46271,33.90322],[-116.45802,33.90337]]]}},{"type":"Feature","properties":{"county_fips":65,"srprec":"489003","precinct_id":"065-489003","county_name":"Riverside","area_sq_mi":7.392,"place_primary":"Unincorporated Riverside County","place_primary_share":0.1,"place_also":[],"places":[{"name":"Sky Valley","geoid":"0672156","kind":"cdp","pct":0.1}],"bbox":[-116.42361,33.85938,-116.37565,33.9181],"g22_asm":{"dem_pct":62.5,"margin_dem":25.0,"votes_two_party":16,"winner":"Dem"},"g24_asm":{"dem_pct":50.0,"margin_dem":0.0,"votes_two_party":12,"winner":"Tie"}},"geometry":{"type":"Polygon","coordinates":[[[-116.40632,33.90953],[-116.40648,33.90378],[-116.40158,33.90389],[-116.3963,33.89687],[-116.37565,33.88207],[-116.38071,33.88004],[-116.38214,33.8799],[-116.38274,33.88013],[-116.38362,33.87985],[-116.38445,33.87898],[-116.38422,33.87764],[-116.38508,33.87624],[-116.38365,33.87524],[-116.38455,33.87398],[-116.38403,33.87273],[-116.3836,33.87207],[-116.38463,33.87107],[-116.38448,33.87],[-116.38628,33.86994],[-116.38688,33.86837],[-116.38513,33.86854],[-116.38621,33.86703],[-116.38549,33.86624],[-116.38683,33.8641],[-116.38649,33.86325],[-116.38524,33.8618],[-116.38657,33.85994],[-116.4234,33.91038],[-116.42319,33.91486],[-116.42277,33.91806],[-116.41447,33.9181],[-116.41071,33.91697],[-116.40622,33.91109],[-116.40632,33.90953]]]}},{"type":"Feature","properties":{"county_fips":65,"srprec":"489004","precinct_id":"065-489004","county_name":"Riverside","area_sq_mi":4.402,"place_primary":"Sky Valley","place_primary_share":97.4,"place_also":[],"places":[{"name":"Sky Valley","geoid":"0672156","kind":"cdp","pct":97.4}],"bbox":[-116.42317,33.85071,-116.30135,33.94687],"g22_asm":{"dem_pct":45.1,"margin_dem":-9.8,"votes_two_party":621,"winner":"Rep"},"g24_asm":{"dem_pct":43.7,"margin_dem":-12.7,"votes_two_party":868,"winner":"Rep"}},"geometry":{"type":"MultiPolygon","coordinates":[[[[-116.37897,33.93683],[-116.40622,33.91097],[-116.40623,33.91253],[-116.41183,33.91808],[-116.41389,33.9181],[-116.41989,33.91806],[-116.42317,33.91806],[-116.42315,33.91945],[-116.42313,33.92156],[-116.42312,33.92258],[-116.42311,33.92383],[-116.4231,33.92492],[-116.42304,33.9268],[-116.42298,33.92905],[-116.42306,33.93153],[-116.40857,33.93214],[-116.40548,33.94687],[-116.40345,33.94614],[-116.39958,33.94374],[-116.39344,33.9415],[-116.38577,33.93944],[-116.38469,33.93904],[-116.37957,33.93976],[-116.37896,33.93683],[-116.37494,33.93526],[-116.35749,33.92828],[-116.34351,33.92286],[-116.33966,33.92137],[-116.33611,33.92001],[-116.32483,33.91671],[-116.32312,33.91501],[-116.31882,33.91503],[-116.31863,33.91302],[-116.30481,33.90673],[-116.30325,33.90602],[-116.30135,33.90481],[-116.37897,33.93683]]],[[[-116.34947,33.85919],[-116.35304,33.85071],[-116.35332,33.85951],[-116.38657,33.85994],[-116.3864,33.86019],[-116.38564,33.86101],[-116.38524,33.8618],[-116.38531,33.86217],[-116.38565,33.8626],[-116.38649,33.86325],[-116.38704,33.86363],[-116.38702,33.86388],[-116.38683,33.8641],[-116.38596,33.86466],[-116.38551,33.86525],[-116.38549,33.86624],[-116.38559,33.86641],[-116.38608,33.86659],[-116.38621,33.86703],[-116.38594,33.86753],[-116.38506,33.86832],[-116.38513,33.86854],[-116.38553,33.86852],[-116.38652,33.86833],[-116.38688,33.86837],[-116.38713,33.86865],[-116.38668,33.86917],[-116.38628,33.86994],[-116.38597,33.87011],[-116.38492,33.86995],[-116.38448,33.87],[-116.38428,33.87055],[-116.38459,33.87082],[-116.38463,33.87107],[-116.38426,33.87157],[-116.38401,33.87182],[-116.3836,33.87207],[-116.38358,33.87248],[-116.34947,33.85919]]],[[[-116.37565,33.88207],[-116.37565,33.88207],[-116.37582,33.88207],[-116.37612,33.88249],[-116.37565,33.88207]]],[[[-116.38359,33.87248],[-116.38366,33.87256],[-116.38403,33.87273],[-116.38424,33.87273],[-116.38444,33.87282],[-116.38456,33.87298],[-116.3847,33.87352],[-116.3847,33.87372],[-116.38455,33.87398],[-116.38438,33.87407],[-116.38384,33.8741],[-116.38363,33.87428],[-116.38347,33.87458],[-116.3835,33.87502],[-116.38365,33.87524],[-116.38408,33.87556],[-116.38419,33.87568],[-116.38444,33.87586],[-116.38463,33.87597],[-116.38478,33.87602],[-116.38508,33.87624],[-116.38528,33.87695],[-116.3856,33.87755],[-116.38532,33.87764],[-116.38491,33.87769],[-116.3844,33.87746],[-116.38422,33.87764],[-116.38413,33.87792],[-116.38399,33.87838],[-116.38413,33.87861],[-116.38431,33.8787],[-116.38445,33.87884],[-116.38445,33.87898],[-116.38436,33.87925],[-116.38413,33.87944],[-116.38403,33.87944],[-116.38394,33.87944],[-116.38385,33.87976],[-116.38362,33.87985],[-116.38334,33.87981],[-116.38316,33.87971],[-116.38293,33.87985],[-116.38293,33.87999],[-116.38283,33.88013],[-116.38274,33.88013],[-116.3827,33.88013],[-116.38256,33.88004],[-116.38251,33.8799],[-116.38242,33.8799],[-116.38223,33.8799],[-116.38214,33.8799],[-116.382,33.87999],[-116.38191,33.88008],[-116.38154,33.88008],[-116.38122,33.88013],[-116.38094,33.88013],[-116.38071,33.88004],[-116.38048,33.87976],[-116.38039,33.87958],[-116.38002,33.87944],[-116.37905,33.87944],[-116.37806,33.87916],[-116.38359,33.87248]]],[[[-116.39201,33.89672],[-116.39274,33.89675],[-116.39363,33.89678],[-116.3963,33.89687],[-116.39719,33.89691],[-116.39721,33.90137],[-116.39201,33.89672]]],[[[-116.40001,33.90388],[-116.40112,33.90389],[-116.40139,33.90389],[-116.40158,33.90389],[-116.40196,33.90389],[-116.4031,33.90388],[-116.40348,33.90387],[-116.40408,33.90385],[-116.40588,33.9038],[-116.40648,33.90378],[-116.4065,33.90417],[-116.40658,33.90532],[-116.4066,33.9057],[-116.40653,33.90666],[-116.40631,33.90952],[-116.40001,33.90388]]]]}},{"type":"Feature","properties":{"county_fips":65,"srprec":"497009","precinct_id":"065-497009","county_name":"Riverside","area_sq_mi":9.512,"place_primary":"Unincorporated Riverside County","place_primary_share":0.1,"place_also":[],"places":[{"name":"Palm Springs","geoid":"0655254","kind":"city","pct":0.1}],"bbox":[-116.46075,33.62763,-116.40788,33.71396],"g22_asm":{"dem_pct":70.0,"margin_dem":40.0,"votes_two_party":10,"winner":"Dem"},"g24_asm":{"dem_pct":76.9,"margin_dem":53.8,"votes_two_party":13,"winner":"Dem"}},"geometry":{"type":"Polygon","coordinates":[[[-116.41837,33.62763],[-116.41834,33.62843],[-116.41943,33.63004],[-116.42047,33.63101],[-116.4222,33.63241],[-116.42304,33.63337],[-116.42247,33.63553],[-116.42345,33.63609],[-116.42512,33.6358],[-116.42613,33.63636],[-116.43296,33.63554],[-116.43526,33.63672],[-116.43744,33.63607],[-116.43942,33.63426],[-116.44034,33.63324],[-116.44095,33.63159],[-116.44415,33.64182],[-116.44286,33.6551],[-116.46075,33.65592],[-116.45992,33.6982],[-116.44926,33.71383],[-116.43039,33.67064],[-116.41006,33.6707],[-116.40794,33.67068],[-116.40789,33.66819],[-116.40817,33.6532],[-116.40825,33.64981],[-116.4084,33.64894],[-116.40821,33.64802],[-116.40821,33.64338],[-116.40823,33.64309],[-116.40826,33.64166],[-116.41837,33.62763]]]}},{"type":"Feature","properties":{"county_fips":65,"srprec":"497010","precinct_id":"065-497010","county_name":"Riverside","area_sq_mi":0.133,"place_primary":"Unincorporated Riverside County","place_primary_share":null,"place_also":[],"places":[],"bbox":[-116.441,33.62763,-116.41832,33.63672],"g22_asm":{"dem_pct":60.0,"margin_dem":20.0,"votes_two_party":95,"winner":"Dem"},"g24_asm":{"dem_pct":60.0,"margin_dem":20.0,"votes_two_party":105,"winner":"Dem"}},"geometry":{"type":"MultiPolygon","coordinates":[[[[-116.42613,33.63636],[-116.42591,33.63629],[-116.42564,33.63615],[-116.4253,33.63593],[-116.42512,33.6358],[-116.42473,33.63573],[-116.42444,33.63576],[-116.42411,33.63595],[-116.4237,33.6361],[-116.42333,33.63606],[-116.42284,33.63601],[-116.42263,33.63597],[-116.42253,33.63576],[-116.42247,33.63553],[-116.42243,33.63524],[-116.42236,33.6348],[-116.42242,33.63448],[-116.42291,33.63359],[-116.42308,33.63329],[-116.42311,33.6331],[-116.42302,33.63288],[-116.42288,33.63273],[-116.4222,33.63241],[-116.42154,33.63211],[-116.42122,33.63181],[-116.42101,33.63148],[-116.42075,33.63116],[-116.42024,33.63091],[-116.41995,33.63076],[-116.41976,33.63062],[-116.41964,33.63042],[-116.41943,33.63004],[-116.419,33.62968],[-116.41847,33.62911],[-116.41835,33.62884],[-116.41832,33.62849],[-116.41838,33.62826],[-116.41848,33.62799],[-116.41847,33.62779],[-116.41843,33.62769],[-116.42613,33.63636]]],[[[-116.41837,33.62763],[-116.41841,33.62767],[-116.41837,33.62763]]],[[[-116.42691,33.6361],[-116.42687,33.63614],[-116.42666,33.6363],[-116.42655,33.63634],[-116.42648,33.63637],[-116.42632,33.63638],[-116.42613,33.63636],[-116.42691,33.6361]]],[[[-116.44091,33.63142],[-116.44095,33.63159],[-116.441,33.63179],[-116.44098,33.63192],[-116.44088,33.63205],[-116.44066,33.6323],[-116.44058,33.63249],[-116.44056,33.63276],[-116.44061,33.63307],[-116.44057,33.63312],[-116.44034,33.63324],[-116.44009,33.63334],[-116.44004,33.63342],[-116.44004,33.63352],[-116.44009,33.63366],[-116.44007,33.63379],[-116.44006,33.63385],[-116.43989,33.634],[-116.43952,33.63405],[-116.43942,33.63426],[-116.43933,33.63451],[-116.43929,33.63487],[-116.43914,33.63519],[-116.43895,33.63532],[-116.43866,33.63555],[-116.43843,33.63581],[-116.43807,33.63594],[-116.43805,33.63594],[-116.43744,33.63607],[-116.43718,33.63604],[-116.43702,33.63613],[-116.43682,33.63609],[-116.43659,33.63615],[-116.43642,33.63625],[-116.4361,33.63643],[-116.43583,33.63654],[-116.43551,33.63665],[-116.43526,33.63672],[-116.43505,33.63671],[-116.43501,33.6367],[-116.43481,33.63665],[-116.43465,33.6366],[-116.43455,33.63653],[-116.43435,33.63629],[-116.43407,33.63605],[-116.43364,33.63579],[-116.43296,33.63554],[-116.43073,33.63482],[-116.44091,33.63142]]]]}},{"type":"Feature","properties":{"county_fips":65,"srprec":"498012","precinct_id":"065-498012","county_name":"Riverside","area_sq_mi":40.128,"place_primary":"Unincorporated Riverside County","place_primary_share":null,"place_also":[],"places":[],"bbox":[-116.6145,33.68484,-116.51285,33.81602],"g22_asm":{"dem_pct":65.8,"margin_dem":31.7,"votes_two_party":120,"winner":"Dem"},"g24_asm":{"dem_pct":66.7,"margin_dem":33.3,"votes_two_party":144,"winner":"Dem"}},"geometry":{"type":"Polygon","coordinates":[[[-116.55112,33.68484],[-116.61425,33.69962],[-116.61429,33.71059],[-116.61436,33.71617],[-116.61442,33.72327],[-116.61435,33.72972],[-116.61438,33.74041],[-116.61435,33.754],[-116.61435,33.76926],[-116.61445,33.8015],[-116.60108,33.81595],[-116.59135,33.81597],[-116.58017,33.81249],[-116.5804,33.80508],[-116.58045,33.8013],[-116.56737,33.80138],[-116.56315,33.80161],[-116.56313,33.79244],[-116.56316,33.78591],[-116.5523,33.77229],[-116.54588,33.77228],[-116.54049,33.77227],[-116.53262,33.77231],[-116.52994,33.77213],[-116.52997,33.77131],[-116.52992,33.76874],[-116.52991,33.76622],[-116.52083,33.7723],[-116.51285,33.74636],[-116.51295,33.73639],[-116.5129,33.71425],[-116.52974,33.71413],[-116.52993,33.71186],[-116.53027,33.6967],[-116.53381,33.68492],[-116.55112,33.68484]]]}},{"type":"Feature","properties":{"county_fips":65,"srprec":"502005","precinct_id":"065-502005","county_name":"Riverside","area_sq_mi":0.311,"place_primary":"Moreno Valley","place_primary_share":99.4,"place_also":[],"places":[{"name":"Moreno Valley","geoid":"0649270","kind":"city","pct":99.4}],"bbox":[-117.26644,33.97692,-117.23234,33.98809],"g22_asm":{"dem_pct":56.7,"margin_dem":13.3,"votes_two_party":1551,"winner":"Dem"},"g24_asm":{"dem_pct":55.2,"margin_dem":10.5,"votes_two_party":2116,"winner":"Dem"}},"geometry":{"type":"MultiPolygon","coordinates":[[[[-117.25522,33.98293],[-117.25077,33.98297],[-117.24999,33.98299],[-117.2487,33.98302],[-117.24649,33.98305],[-117.24421,33.98308],[-117.24332,33.98304],[-117.23243,33.98261],[-117.23236,33.98218],[-117.23234,33.98188],[-117.23234,33.98144],[-117.23235,33.98114],[-117.23239,33.98047],[-117.23243,33.98025],[-117.23247,33.98017],[-117.2325,33.98013],[-117.23253,33.98009],[-117.23248,33.98006],[-117.23247,33.98006],[-117.23244,33.98003],[-117.23241,33.98],[-117.23241,33.97996],[-117.23241,33.97986],[-117.23241,33.97985],[-117.23247,33.9795],[-117.23246,33.97938],[-117.23246,33.97933],[-117.23243,33.97919],[-117.23255,33.97798],[-117.23256,33.97786],[-117.23262,33.97692],[-117.25522,33.98293]]],[[[-117.26644,33.98591],[-117.26628,33.98603],[-117.26586,33.98634],[-117.26547,33.98635],[-117.26505,33.98601],[-117.26473,33.98628],[-117.26454,33.9869],[-117.26457,33.98713],[-117.26451,33.9874],[-117.26432,33.98783],[-117.26388,33.98797],[-117.26349,33.98779],[-117.26303,33.98809],[-117.26208,33.98781],[-117.26163,33.9873],[-117.26162,33.98669],[-117.26094,33.98501],[-117.26089,33.9849],[-117.2611,33.98449],[-117.26644,33.98591]]]]}},{"type":"Feature","properties":{"county_fips":65,"srprec":"502026","precinct_id":"065-502026","county_name":"Riverside","area_sq_mi":0.168,"place_primary":"Moreno Valley","place_primary_share":99.7,"place_also":[],"places":[{"name":"Moreno Valley","geoid":"0649270","kind":"city","pct":99.7}],"bbox":[-117.23262,33.97526,-117.22531,33.98261],"g22_asm":{"dem_pct":56.0,"margin_dem":11.9,"votes_two_party":1469,"winner":"Dem"},"g24_asm":null},"geometry":{"type":"Polygon","coordinates":[[[-117.2264,33.97527],[-117.23262,33.97692],[-117.23256,33.97786],[-117.23255,33.97798],[-117.23243,33.97919],[-117.23246,33.97933],[-117.23246,33.97938],[-117.23247,33.9795],[-117.23241,33.97985],[-117.23241,33.97986],[-117.23241,33.97996],[-117.23241,33.98],[-117.23244,33.98003],[-117.23247,33.98006],[-117.23248,33.98006],[-117.23253,33.98009],[-117.2325,33.98013],[-117.23247,33.98017],[-117.23243,33.98025],[-117.23239,33.98047],[-117.23235,33.98114],[-117.23234,33.98144],[-117.23234,33.98188],[-117.23236,33.98218],[-117.23243,33.98261],[-117.2324,33.98261],[-117.23168,33.98258],[-117.22761,33.98241],[-117.22654,33.98237],[-117.22605,33.98235],[-117.22576,33.98234],[-117.22531,33.98232],[-117.22544,33.98087],[-117.22594,33.97886],[-117.22638,33.97554],[-117.22638,33.97532],[-117.22638,33.97527],[-117.22638,33.97526],[-117.2264,33.97527]]]}},{"type":"Feature","properties":{"county_fips":65,"srprec":"502039","precinct_id":"065-502039","county_name":"Riverside","area_sq_mi":0.114,"place_primary":"Moreno Valley","place_primary_share":100.0,"place_also":[],"places":[{"name":"Moreno Valley","geoid":"0649270","kind":"city","pct":100.0}],"bbox":[-117.17931,33.95701,-117.16521,33.96118],"g22_asm":{"dem_pct":50.0,"margin_dem":0.1,"votes_two_party":1565,"winner":"Dem"},"g24_asm":{"dem_pct":52.0,"margin_dem":4.1,"votes_two_party":1995,"winner":"Dem"}},"geometry":{"type":"Polygon","coordinates":[[[-117.17931,33.96117],[-117.17411,33.96118],[-117.1698,33.96117],[-117.16521,33.96115],[-117.16522,33.96103],[-117.16522,33.96094],[-117.16525,33.9609],[-117.16531,33.96082],[-117.16534,33.96068],[-117.1654,33.96047],[-117.16544,33.96013],[-117.16543,33.95955],[-117.16543,33.95916],[-117.16544,33.95909],[-117.16544,33.95873],[-117.16544,33.95765],[-117.16545,33.95739],[-117.16545,33.9573],[-117.16546,33.95701],[-117.17931,33.96117]]]}},{"type":"Feature","properties":{"county_fips":65,"srprec":"502041","precinct_id":"065-502041","county_name":"Riverside","area_sq_mi":0.639,"place_primary":"Moreno Valley","place_primary_share":99.0,"place_also":[],"places":[{"name":"Moreno Valley","geoid":"0649270","kind":"city","pct":99.0}],"bbox":[-117.16546,33.94908,-117.13895,33.96827],"g22_asm":{"dem_pct":40.2,"margin_dem":-19.7,"votes_two_party":513,"winner":"Rep"},"g24_asm":null},"geometry":{"type":"MultiPolygon","coordinates":[[[[-117.14279,33.95023],[-117.13895,33.95022],[-117.13897,33.94908],[-117.14279,33.95023]]],[[[-117.16546,33.95701],[-117.16545,33.9573],[-117.16545,33.95739],[-117.16544,33.95765],[-117.16544,33.95873],[-117.16544,33.95909],[-117.16543,33.95916],[-117.16543,33.95955],[-117.16544,33.96013],[-117.1654,33.96047],[-117.16534,33.96068],[-117.16531,33.96082],[-117.16525,33.9609],[-117.16522,33.96094],[-117.16522,33.96103],[-117.16521,33.96115],[-117.1652,33.96135],[-117.1652,33.96136],[-117.16519,33.96166],[-117.16519,33.96183],[-117.16518,33.96232],[-117.16521,33.96243],[-117.16525,33.96251],[-117.16528,33.96257],[-117.16531,33.9627],[-117.16532,33.96281],[-117.16531,33.96311],[-117.16529,33.96326],[-117.16527,33.96347],[-117.16524,33.96374],[-117.16523,33.96393],[-117.16519,33.96449],[-117.16518,33.96468],[-117.16511,33.96533],[-117.16511,33.96534],[-117.16509,33.96586],[-117.16507,33.96733],[-117.16506,33.96777],[-117.16508,33.968],[-117.16503,33.96821],[-117.16461,33.96789],[-117.16461,33.96827],[-117.16161,33.9647],[-117.1616,33.9647],[-117.15877,33.96133],[-117.15876,33.96132],[-117.15846,33.96132],[-117.15835,33.96132],[-117.15512,33.9613],[-117.15506,33.9613],[-117.15351,33.96129],[-117.15336,33.96129],[-117.14852,33.96126],[-117.14782,33.96126],[-117.14761,33.96126],[-117.14767,33.95385],[-117.14327,33.95382],[-117.14333,33.95039],[-117.16546,33.95701]]]]}},{"type":"Feature","properties":{"county_fips":65,"srprec":"508001","precinct_id":"065-508001","county_name":"Riverside","area_sq_mi":0.268,"place_primary":"Cherry Valley","place_primary_share":100.0,"place_also":[],"places":[{"name":"Cherry Valley","geoid":"0612916","kind":"cdp","pct":100.0}],"bbox":[-116.98984,33.97234,-116.97653,33.98061],"g22_asm":{"dem_pct":13.8,"margin_dem":-72.4,"votes_two_party":58,"winner":"Rep"},"g24_asm":null},"geometry":{"type":"Polygon","coordinates":[[[-116.9881,33.97601],[-116.98867,33.97601],[-116.98952,33.97602],[-116.98982,33.97602],[-116.98981,33.9765],[-116.9898,33.97772],[-116.9898,33.97794],[-116.98979,33.97842],[-116.98984,33.98046],[-116.98452,33.98055],[-116.98117,33.98061],[-116.98118,33.97997],[-116.98118,33.9799],[-116.98119,33.97965],[-116.98113,33.97966],[-116.98113,33.97963],[-116.98021,33.97965],[-116.98016,33.97965],[-116.97885,33.97969],[-116.97704,33.97973],[-116.97704,33.97973],[-116.97661,33.97974],[-116.97653,33.97974],[-116.97656,33.97972],[-116.97656,33.97972],[-116.9767,33.9796],[-116.97699,33.97936],[-116.97712,33.97924],[-116.9772,33.97913],[-116.97722,33.97909],[-116.97725,33.97903],[-116.97726,33.97896],[-116.97728,33.97878],[-116.97728,33.97872],[-116.97728,33.97783],[-116.97728,33.97751],[-116.97728,33.97745],[-116.97728,33.97721],[-116.97728,33.97702],[-116.97729,33.97629],[-116.9773,33.97614],[-116.9773,33.97599],[-116.9773,33.97526],[-116.97729,33.97308],[-116.97729,33.97235],[-116.97886,33.97235],[-116.98123,33.97234],[-116.98122,33.97303],[-116.98121,33.97381],[-116.9812,33.97499],[-116.98117,33.976],[-116.98122,33.976],[-116.98294,33.97601],[-116.98499,33.97601],[-116.98545,33.97601],[-116.9881,33.97601]]]}},{"type":"Feature","properties":{"county_fips":65,"srprec":"508005","precinct_id":"065-508005","county_name":"Riverside","area_sq_mi":0.349,"place_primary":"Cherry Valley","place_primary_share":99.9,"place_also":[],"places":[{"name":"Cherry Valley","geoid":"0612916","kind":"cdp","pct":99.9}],"bbox":[-117.00106,33.95991,-116.99006,33.97239],"g22_asm":{"dem_pct":16.7,"margin_dem":-66.7,"votes_two_party":12,"winner":"Rep"},"g24_asm":{"dem_pct":33.3,"margin_dem":-33.3,"votes_two_party":9,"winner":"Rep"}},"geometry":{"type":"Polygon","coordinates":[[[-116.99893,33.95991],[-116.99909,33.95992],[-116.99932,33.9601],[-117.00013,33.96057],[-117.00026,33.96064],[-117.00106,33.961],[-117.00106,33.9611],[-117.00104,33.96139],[-117.00103,33.96149],[-117.00103,33.96151],[-117.00101,33.96264],[-117.00094,33.96609],[-117.00091,33.96724],[-117.00091,33.96744],[-117.00091,33.96754],[-117.00089,33.96845],[-117.00088,33.96875],[-117.00088,33.96947],[-117.00088,33.96995],[-117.00085,33.97163],[-117.00084,33.97235],[-117.00084,33.97235],[-117.00049,33.97237],[-117.00041,33.97237],[-116.9991,33.97238],[-116.99866,33.97239],[-116.99872,33.96876],[-116.99785,33.96875],[-116.9971,33.96875],[-116.99691,33.96875],[-116.99689,33.96875],[-116.99636,33.96875],[-116.99618,33.96875],[-116.99615,33.96875],[-116.99605,33.96875],[-116.99602,33.96875],[-116.99578,33.96875],[-116.99504,33.96875],[-116.99479,33.96875],[-116.99385,33.96875],[-116.99101,33.96874],[-116.99012,33.96874],[-116.99006,33.96874],[-116.9901,33.96728],[-116.99022,33.96292],[-116.99025,33.96161],[-116.99026,33.96147],[-116.99027,33.96147],[-116.99034,33.96147],[-116.99036,33.96147],[-116.99066,33.96146],[-116.99107,33.96146],[-116.99168,33.96146],[-116.99563,33.96147],[-116.99687,33.96148],[-116.99695,33.96148],[-116.99719,33.96148],[-116.99761,33.96148],[-116.99843,33.96148],[-116.99889,33.96148],[-116.99893,33.95991]]]}},{"type":"Feature","properties":{"county_fips":65,"srprec":"508007","precinct_id":"065-508007","county_name":"Riverside","area_sq_mi":0.589,"place_primary":"Unincorporated Riverside County","place_primary_share":45.2,"place_also":[],"places":[{"name":"Cherry Valley","geoid":"0612916","kind":"cdp","pct":45.2}],"bbox":[-116.99445,33.9904,-116.98041,34.00474],"g22_asm":{"dem_pct":27.5,"margin_dem":-45.1,"votes_two_party":295,"winner":"Rep"},"g24_asm":{"dem_pct":23.1,"margin_dem":-53.7,"votes_two_party":376,"winner":"Rep"}},"geometry":{"type":"Polygon","coordinates":[[[-116.98279,33.99043],[-116.98842,33.99069],[-116.99025,33.99059],[-116.98995,33.995],[-116.98986,33.997],[-116.98985,33.99772],[-116.98985,33.99858],[-116.98982,34.00092],[-116.99432,34.00094],[-116.99413,34.00454],[-116.99357,34.00456],[-116.9912,34.00462],[-116.9898,34.00466],[-116.9896,34.00466],[-116.98846,34.00469],[-116.98821,34.00469],[-116.98812,34.00469],[-116.98713,34.00471],[-116.98664,34.00472],[-116.98626,34.00473],[-116.98492,34.00473],[-116.98212,34.00474],[-116.98054,34.00474],[-116.98053,34.00375],[-116.98053,34.00314],[-116.98044,34.00298],[-116.98043,34.00114],[-116.98041,33.99814],[-116.98043,33.99775],[-116.98046,33.99736],[-116.98076,33.99141],[-116.98086,33.99086],[-116.98093,33.99054],[-116.98279,33.99043]]]}},{"type":"Feature","properties":{"county_fips":65,"srprec":"508010","precinct_id":"065-508010","county_name":"Riverside","area_sq_mi":1.631,"place_primary":"Unincorporated Riverside County","place_primary_share":0.1,"place_also":[],"places":[{"name":"Beaumont","geoid":"0604758","kind":"city","pct":0.1}],"bbox":[-117.02548,33.96131,-116.99635,33.98307],"g22_asm":{"dem_pct":25.5,"margin_dem":-49.0,"votes_two_party":51,"winner":"Rep"},"g24_asm":{"dem_pct":24.7,"margin_dem":-50.6,"votes_two_party":77,"winner":"Rep"}},"geometry":{"type":"MultiPolygon","coordinates":[[[[-117.00669,33.98304],[-117.00579,33.98304],[-117.00195,33.98307],[-117.00077,33.98307],[-117.00669,33.98304]]],[[[-117.00669,33.98304],[-117.00494,33.98248],[-117.00411,33.98266],[-117.00298,33.98273],[-117.00077,33.98204],[-116.99871,33.98113],[-116.99726,33.98022],[-116.99635,33.97949],[-116.99639,33.97611],[-116.99756,33.97602],[-116.99861,33.97528],[-116.99865,33.97328],[-116.9991,33.97238],[-117.00084,33.97235],[-117.00088,33.96875],[-117.00091,33.96724],[-117.00103,33.96149],[-117.0028,33.96148],[-117.00462,33.96147],[-117.0058,33.96147],[-117.00752,33.96146],[-117.0085,33.96146],[-117.01265,33.96142],[-117.01553,33.96141],[-117.01773,33.9614],[-117.02133,33.96138],[-117.02211,33.96137],[-117.02136,33.96142],[-117.01847,33.96142],[-117.01645,33.96328],[-117.014,33.96865],[-117.01654,33.96863],[-117.02547,33.97852],[-117.02484,33.98287],[-117.00728,33.98303],[-117.00669,33.98304]]]]}},{"type":"Feature","properties":{"county_fips":65,"srprec":"508015","precinct_id":"065-508015","county_name":"Riverside","area_sq_mi":1.431,"place_primary":"Cherry Valley","place_primary_share":89.6,"place_also":[],"places":[{"name":"Cherry Valley","geoid":"0612916","kind":"cdp","pct":89.6}],"bbox":[-117.00077,33.96146,-116.98097,33.99069],"g22_asm":{"dem_pct":30.6,"margin_dem":-38.8,"votes_two_party":327,"winner":"Rep"},"g24_asm":{"dem_pct":33.3,"margin_dem":-33.3,"votes_two_party":387,"winner":"Rep"}},"geometry":{"type":"Polygon","coordinates":[[[-116.99863,33.97438],[-116.99816,33.97601],[-116.99639,33.97611],[-116.99637,33.97964],[-116.99866,33.98096],[-117.00062,33.98216],[-116.99918,33.98243],[-116.99878,33.98955],[-116.99879,33.99026],[-116.99025,33.99059],[-116.98811,33.99068],[-116.98112,33.99004],[-116.981,33.98927],[-116.98103,33.98511],[-116.98108,33.98287],[-116.98111,33.98105],[-116.98113,33.97969],[-116.98117,33.98061],[-116.9898,33.97772],[-116.9881,33.97601],[-116.98117,33.976],[-116.98125,33.97216],[-116.98132,33.96984],[-116.98129,33.96895],[-116.98131,33.96874],[-116.98141,33.9681],[-116.9826,33.9681],[-116.9871,33.96617],[-116.98806,33.96512],[-116.98707,33.96146],[-116.98807,33.96146],[-116.98951,33.96146],[-116.9901,33.96728],[-116.99479,33.96875],[-116.99615,33.96875],[-116.9971,33.96875],[-116.99865,33.97311],[-116.99863,33.97438]]]}},{"type":"Feature","properties":{"county_fips":65,"srprec":"508016","precinct_id":"065-508016","county_name":"Riverside","area_sq_mi":2.057,"place_primary":"Cherry Valley","place_primary_share":92.7,"place_also":[],"places":[{"name":"Cherry Valley","geoid":"0612916","kind":"cdp","pct":92.7}],"bbox":[-116.98121,33.97561,-116.94998,34.00482],"g22_asm":{"dem_pct":28.4,"margin_dem":-43.2,"votes_two_party":475,"winner":"Rep"},"g24_asm":{"dem_pct":27.9,"margin_dem":-44.1,"votes_two_party":315,"winner":"Rep"}},"geometry":{"type":"Polygon","coordinates":[[[-116.96561,33.98605],[-116.96076,33.99298],[-116.95913,33.99491],[-116.95881,33.99677],[-116.95968,33.99957],[-116.95868,34.0025],[-116.95643,34.00481],[-116.95169,34.00274],[-116.95468,33.99768],[-116.95446,33.99242],[-116.95508,33.99051],[-116.95603,33.98339],[-116.9633,33.97889],[-116.96378,33.97612],[-116.96567,33.97804],[-116.96438,33.97985],[-116.96302,33.98136],[-116.9625,33.98284],[-116.962,33.9844],[-116.96086,33.98642],[-116.96452,33.98631],[-116.9656,33.98357],[-116.96875,33.98071],[-116.9722,33.97643],[-116.98113,33.97984],[-116.981,33.98927],[-116.98045,33.99753],[-116.98054,34.00455],[-116.96789,34.00477],[-116.96241,34.00241],[-116.96209,33.99902],[-116.96335,33.99379],[-116.97098,33.99754],[-116.96369,33.992],[-116.96561,33.98605]]]}},{"type":"Feature","properties":{"county_fips":65,"srprec":"508019","precinct_id":"065-508019","county_name":"Riverside","area_sq_mi":0.066,"place_primary":"Cherry Valley","place_primary_share":100.0,"place_also":[],"places":[{"name":"Cherry Valley","geoid":"0612916","kind":"cdp","pct":100.0}],"bbox":[-116.98807,33.96146,-116.98141,33.96811],"g22_asm":{"dem_pct":56.2,"margin_dem":12.5,"votes_two_party":16,"winner":"Dem"},"g24_asm":{"dem_pct":10.0,"margin_dem":-80.0,"votes_two_party":10,"winner":"Rep"}},"geometry":{"type":"Polygon","coordinates":[[[-116.98702,33.96146],[-116.98707,33.96146],[-116.98704,33.96157],[-116.98807,33.96155],[-116.98807,33.96424],[-116.98807,33.96424],[-116.98806,33.96512],[-116.9876,33.96511],[-116.98712,33.9651],[-116.98712,33.96611],[-116.9871,33.96611],[-116.9871,33.96617],[-116.98365,33.9661],[-116.98318,33.96755],[-116.98259,33.96755],[-116.98259,33.96803],[-116.9826,33.9681],[-116.98259,33.9681],[-116.98259,33.96811],[-116.9824,33.9681],[-116.98238,33.9681],[-116.98141,33.9681],[-116.98141,33.96809],[-116.98142,33.96768],[-116.98144,33.9671],[-116.98145,33.96669],[-116.98147,33.96612],[-116.98149,33.9656],[-116.9815,33.96532],[-116.9815,33.96526],[-116.9815,33.96516],[-116.98583,33.96508],[-116.98585,33.96508],[-116.986,33.96508],[-116.98598,33.96349],[-116.98598,33.96348],[-116.98597,33.96309],[-116.98596,33.96309],[-116.98592,33.96309],[-116.98592,33.96309],[-116.98597,33.96308],[-116.98596,33.9624],[-116.98595,33.96165],[-116.98595,33.96146],[-116.98702,33.96146]]]}},{"type":"Feature","properties":{"county_fips":65,"srprec":"508030","precinct_id":"065-508030","county_name":"Riverside","area_sq_mi":4.057,"place_primary":"Unincorporated Riverside County","place_primary_share":41.4,"place_also":[],"places":[{"name":"Cherry Valley","geoid":"0612916","kind":"cdp","pct":41.4}],"bbox":[-116.97098,33.95788,-116.92934,34.00491],"g22_asm":{"dem_pct":34.7,"margin_dem":-30.6,"votes_two_party":418,"winner":"Rep"},"g24_asm":{"dem_pct":32.6,"margin_dem":-34.9,"votes_two_party":1907,"winner":"Rep"}},"geometry":{"type":"MultiPolygon","coordinates":[[[[-116.94656,33.96892],[-116.94205,33.97132],[-116.94542,33.97556],[-116.94815,33.97734],[-116.95073,33.97474],[-116.95417,33.97778],[-116.95514,33.98325],[-116.95589,33.98349],[-116.95435,33.98813],[-116.95508,33.99051],[-116.95505,33.9915],[-116.95446,33.99242],[-116.95443,33.99373],[-116.95381,33.99548],[-116.95571,33.99765],[-116.95332,34.00137],[-116.95012,34.00458],[-116.94635,34.00481],[-116.93691,34.00491],[-116.93158,33.99751],[-116.93053,33.9849],[-116.92958,33.97405],[-116.93796,33.96893],[-116.93872,33.96171],[-116.9425,33.95989],[-116.9468,33.95828],[-116.95143,33.95883],[-116.95394,33.95973],[-116.95991,33.96171],[-116.95621,33.96702],[-116.95049,33.96673],[-116.95019,33.96769],[-116.94945,33.96793],[-116.94764,33.96721],[-116.94656,33.96892]]],[[[-116.9633,33.98952],[-116.96403,33.99142],[-116.96523,33.98955],[-116.97089,33.99168],[-116.96698,34.00237],[-116.96328,33.99754],[-116.96335,33.99379],[-116.96241,33.99235],[-116.96215,33.99845],[-116.96211,33.99956],[-116.96256,34.00096],[-116.96259,34.00197],[-116.9624,34.00283],[-116.96324,34.00475],[-116.96229,34.00482],[-116.95701,34.00481],[-116.95792,34.00395],[-116.95842,34.00288],[-116.95893,34.00199],[-116.95942,34.00026],[-116.95977,33.99967],[-116.95934,33.99905],[-116.95925,33.99765],[-116.95867,33.9967],[-116.95835,33.99611],[-116.95876,33.99517],[-116.95971,33.99469],[-116.96048,33.99384],[-116.96046,33.99343],[-116.96144,33.99168],[-116.96255,33.98981],[-116.96561,33.98605],[-116.96311,33.98937],[-116.9633,33.98952]]]]}},{"type":"Feature","properties":{"county_fips":65,"srprec":"508031","precinct_id":"065-508031","county_name":"Riverside","area_sq_mi":1.487,"place_primary":"Cherry Valley","place_primary_share":99.9,"place_also":[],"places":[{"name":"Cherry Valley","geoid":"0612916","kind":"cdp","pct":99.9}],"bbox":[-116.98132,33.95426,-116.94181,33.97734],"g22_asm":{"dem_pct":30.7,"margin_dem":-38.5,"votes_two_party":1103,"winner":"Rep"},"g24_asm":null},"geometry":{"type":"MultiPolygon","coordinates":[[[[-116.95024,33.97492],[-116.94782,33.97724],[-116.94474,33.97536],[-116.94181,33.97047],[-116.94656,33.96892],[-116.94726,33.96758],[-116.94928,33.96793],[-116.95011,33.96777],[-116.95044,33.96737],[-116.95099,33.96647],[-116.95977,33.96646],[-116.96071,33.96158],[-116.96421,33.96151],[-116.96424,33.96003],[-116.96425,33.95758],[-116.96427,33.95535],[-116.9654,33.95428],[-116.96647,33.95555],[-116.96644,33.95716],[-116.96864,33.95885],[-116.97118,33.96149],[-116.97379,33.96147],[-116.97727,33.96267],[-116.9773,33.96874],[-116.98131,33.96963],[-116.98125,33.97216],[-116.97726,33.97235],[-116.97595,33.97236],[-116.9725,33.97239],[-116.96844,33.97232],[-116.96824,33.97297],[-116.96298,33.97425],[-116.95783,33.97426],[-116.95476,33.97609],[-116.95073,33.97427],[-116.95024,33.97492]]],[[[-116.97224,33.97634],[-116.97225,33.97632],[-116.97233,33.97611],[-116.97234,33.97608],[-116.97236,33.97598],[-116.97248,33.97598],[-116.97282,33.97599],[-116.97294,33.97599],[-116.9729,33.97602],[-116.97272,33.97619],[-116.97261,33.97632],[-116.97249,33.97643],[-116.97233,33.97672],[-116.9722,33.97643],[-116.97224,33.97634]]]]}},{"type":"Feature","properties":{"county_fips":65,"srprec":"508034","precinct_id":"065-508034","county_name":"Riverside","area_sq_mi":0.042,"place_primary":"Unincorporated Riverside County","place_primary_share":20.5,"place_also":[],"places":[{"name":"Beaumont","geoid":"0604758","kind":"city","pct":20.5}],"bbox":[-117.00782,33.95865,-117.00103,33.96149],"g22_asm":{"dem_pct":43.8,"margin_dem":-12.5,"votes_two_party":16,"winner":"Rep"},"g24_asm":null},"geometry":{"type":"Polygon","coordinates":[[[-117.00752,33.96146],[-117.00693,33.96147],[-117.00693,33.96147],[-117.00665,33.96147],[-117.0058,33.96147],[-117.00556,33.96147],[-117.00552,33.96147],[-117.00542,33.96147],[-117.00462,33.96147],[-117.00456,33.96147],[-117.00336,33.96148],[-117.00328,33.96148],[-117.0028,33.96148],[-117.00247,33.96148],[-117.00242,33.96148],[-117.00193,33.96148],[-117.00103,33.96149],[-117.00104,33.96139],[-117.00106,33.9611],[-117.00106,33.961],[-117.00107,33.96095],[-117.0011,33.96082],[-117.0011,33.96081],[-117.00118,33.96067],[-117.00126,33.96056],[-117.00136,33.96047],[-117.00146,33.96041],[-117.0017,33.96028],[-117.00185,33.96021],[-117.00252,33.9599],[-117.00262,33.95985],[-117.00446,33.95899],[-117.00453,33.95896],[-117.00454,33.95895],[-117.00491,33.95878],[-117.00519,33.95867],[-117.00529,33.95865],[-117.00536,33.95865],[-117.00541,33.95866],[-117.00546,33.95867],[-117.00548,33.95868],[-117.00551,33.95869],[-117.00552,33.95869],[-117.00552,33.95905],[-117.00552,33.96012],[-117.00552,33.96048],[-117.00552,33.96051],[-117.00552,33.96054],[-117.0069,33.96054],[-117.00771,33.96053],[-117.00782,33.96053],[-117.00782,33.96054],[-117.00781,33.96146],[-117.00752,33.96146]]]}},{"type":"Feature","properties":{"county_fips":65,"srprec":"508043","precinct_id":"065-508043","county_name":"Riverside","area_sq_mi":0.685,"place_primary":"Cherry Valley","place_primary_share":100.0,"place_also":[],"places":[{"name":"Cherry Valley","geoid":"0612916","kind":"cdp","pct":100.0}],"bbox":[-116.9773,33.97232,-116.95411,33.98671],"g22_asm":{"dem_pct":27.2,"margin_dem":-45.5,"votes_two_party":246,"winner":"Rep"},"g24_asm":{"dem_pct":26.6,"margin_dem":-46.9,"votes_two_party":557,"winner":"Rep"}},"geometry":{"type":"Polygon","coordinates":[[[-116.96844,33.97232],[-116.97375,33.97238],[-116.97624,33.97235],[-116.97728,33.97721],[-116.97712,33.97924],[-116.97379,33.97973],[-116.97248,33.97598],[-116.97145,33.97809],[-116.97041,33.98054],[-116.96797,33.98085],[-116.96627,33.98295],[-116.96501,33.98474],[-116.96498,33.98608],[-116.96254,33.98638],[-116.96103,33.98658],[-116.96113,33.98588],[-116.96165,33.98476],[-116.9625,33.98352],[-116.9625,33.98284],[-116.96274,33.98219],[-116.96307,33.98128],[-116.96358,33.9807],[-116.96447,33.97969],[-116.9652,33.97869],[-116.96611,33.97762],[-116.96819,33.97596],[-116.96262,33.97774],[-116.96352,33.97859],[-116.96319,33.97907],[-116.95948,33.98277],[-116.95502,33.98323],[-116.95476,33.97612],[-116.95792,33.97426],[-116.96698,33.97423],[-116.96823,33.97241],[-116.96844,33.97232]]]}},{"type":"Feature","properties":{"county_fips":65,"srprec":"509008","precinct_id":"065-509008","county_name":"Riverside","area_sq_mi":0.078,"place_primary":"Unincorporated Riverside County","place_primary_share":null,"place_also":[],"places":[],"bbox":[-117.28053,33.98965,-117.27518,33.99523],"g22_asm":{"dem_pct":44.0,"margin_dem":-12.0,"votes_two_party":25,"winner":"Rep"},"g24_asm":{"dem_pct":28.1,"margin_dem":-43.8,"votes_two_party":32,"winner":"Rep"}},"geometry":{"type":"Polygon","coordinates":[[[-117.28053,33.98966],[-117.27925,33.99523],[-117.27924,33.99522],[-117.27918,33.9952],[-117.27913,33.99518],[-117.27912,33.99518],[-117.27906,33.99516],[-117.27889,33.9951],[-117.27857,33.99502],[-117.27843,33.99498],[-117.27829,33.99491],[-117.27817,33.99484],[-117.27795,33.99469],[-117.27748,33.99444],[-117.27716,33.99426],[-117.27687,33.99405],[-117.27678,33.99397],[-117.27677,33.99397],[-117.27669,33.9939],[-117.27667,33.99387],[-117.27666,33.99386],[-117.27643,33.99366],[-117.27636,33.99359],[-117.27632,33.99351],[-117.27627,33.99337],[-117.27604,33.9926],[-117.27599,33.99246],[-117.27576,33.99165],[-117.27535,33.9903],[-117.27531,33.99017],[-117.27525,33.98999],[-117.27525,33.98998],[-117.2752,33.98985],[-117.27518,33.9898],[-117.27533,33.98979],[-117.27625,33.98977],[-117.27903,33.98971],[-117.27945,33.98969],[-117.2805,33.98965],[-117.28053,33.98966]]]}},{"type":"Feature","properties":{"county_fips":65,"srprec":"509009","precinct_id":"065-509009","county_name":"Riverside","area_sq_mi":0.398,"place_primary":"Unincorporated Riverside County","place_primary_share":0.2,"place_also":[],"places":[{"name":"Moreno Valley","geoid":"0649270","kind":"city","pct":0.2}],"bbox":[-117.27925,33.9835,-117.25736,33.99719],"g22_asm":{"dem_pct":39.1,"margin_dem":-21.7,"votes_two_party":23,"winner":"Rep"},"g24_asm":{"dem_pct":37.5,"margin_dem":-25.0,"votes_two_party":32,"winner":"Rep"}},"geometry":{"type":"Polygon","coordinates":[[[-117.2611,33.98449],[-117.26162,33.98669],[-117.26303,33.98809],[-117.26432,33.98783],[-117.26454,33.9869],[-117.26547,33.98635],[-117.26644,33.98591],[-117.26714,33.98639],[-117.26746,33.98694],[-117.26802,33.98876],[-117.26822,33.98939],[-117.26855,33.98972],[-117.26866,33.98979],[-117.26874,33.98983],[-117.26907,33.98993],[-117.26951,33.98991],[-117.27203,33.98987],[-117.27387,33.98983],[-117.27478,33.98981],[-117.2752,33.98985],[-117.27531,33.99017],[-117.27599,33.99246],[-117.27632,33.99351],[-117.27666,33.99386],[-117.27677,33.99397],[-117.27716,33.99426],[-117.27817,33.99484],[-117.27857,33.99502],[-117.27912,33.99518],[-117.27924,33.99522],[-117.27428,33.99704],[-117.27316,33.99454],[-117.27295,33.99356],[-117.2717,33.99348],[-117.27101,33.99594],[-117.2701,33.99552],[-117.26949,33.99549],[-117.26778,33.99353],[-117.2655,33.9936],[-117.26485,33.99028],[-117.25736,33.99026],[-117.2611,33.98449]]]}},{"type":"Feature","properties":{"county_fips":65,"srprec":"509011","precinct_id":"065-509011","county_name":"Riverside","area_sq_mi":0.092,"place_primary":"Unincorporated Riverside County","place_primary_share":null,"place_also":[],"places":[],"bbox":[-117.2805,33.98603,-117.26687,33.98994],"g22_asm":{"dem_pct":31.6,"margin_dem":-36.8,"votes_two_party":57,"winner":"Rep"},"g24_asm":{"dem_pct":29.0,"margin_dem":-41.9,"votes_two_party":93,"winner":"Rep"}},"geometry":{"type":"Polygon","coordinates":[[[-117.2805,33.98965],[-117.27945,33.98969],[-117.27903,33.98971],[-117.27625,33.98977],[-117.27533,33.98979],[-117.27518,33.9898],[-117.27508,33.9898],[-117.27478,33.98981],[-117.27469,33.98981],[-117.27432,33.98982],[-117.27387,33.98983],[-117.27323,33.98984],[-117.27287,33.98985],[-117.27203,33.98987],[-117.27033,33.9899],[-117.26994,33.9899],[-117.26951,33.98991],[-117.26928,33.98992],[-117.26918,33.98992],[-117.26907,33.98993],[-117.26898,33.98994],[-117.26885,33.9899],[-117.26874,33.98983],[-117.26874,33.98983],[-117.26869,33.9898],[-117.26866,33.98979],[-117.26861,33.98976],[-117.26857,33.98974],[-117.26855,33.98972],[-117.26848,33.98968],[-117.26833,33.98954],[-117.26822,33.98939],[-117.26815,33.98922],[-117.26805,33.98886],[-117.26802,33.98876],[-117.26793,33.98843],[-117.26753,33.98712],[-117.26746,33.98694],[-117.26738,33.98677],[-117.26724,33.98652],[-117.26714,33.98639],[-117.267,33.98619],[-117.26687,33.98603],[-117.2805,33.98965]]]}},{"type":"Feature","properties":{"county_fips":65,"srprec":"517000","precinct_id":"065-517000","county_name":"Riverside","area_sq_mi":3.535,"place_primary":"Unincorporated Riverside County","place_primary_share":0.7,"place_also":[],"places":[{"name":"Banning","geoid":"0603820","kind":"city","pct":0.7}],"bbox":[-116.92956,33.98692,-116.89456,34.03411],"g22_asm":{"dem_pct":22.0,"margin_dem":-56.1,"votes_two_party":41,"winner":"Rep"},"g24_asm":{"dem_pct":22.6,"margin_dem":-54.7,"votes_two_party":53,"winner":"Rep"}},"geometry":{"type":"Polygon","coordinates":[[[-116.92889,34.00158],[-116.92954,34.00491],[-116.92946,34.01624],[-116.92949,34.02265],[-116.9228,34.03411],[-116.90383,34.03408],[-116.90295,34.01965],[-116.91182,34.00553],[-116.91077,34.00509],[-116.91118,34.00371],[-116.91069,34.00132],[-116.91008,33.99851],[-116.91056,33.99547],[-116.91039,33.9935],[-116.91147,33.99296],[-116.91186,33.98822],[-116.91354,33.98742],[-116.91599,33.98719],[-116.91591,33.9878],[-116.91612,33.98901],[-116.91545,33.99025],[-116.91535,33.99197],[-116.91514,33.99298],[-116.91495,33.99499],[-116.91464,33.99582],[-116.91455,33.99686],[-116.91432,33.99761],[-116.9149,33.99836],[-116.91442,33.99948],[-116.91492,34.00049],[-116.91483,34.00194],[-116.91495,34.0028],[-116.91458,34.00388],[-116.91462,34.00439],[-116.92144,34.00166],[-116.92814,34.00159],[-116.92889,34.00158]]]}},{"type":"Feature","properties":{"county_fips":65,"srprec":"517001","precinct_id":"065-517001","county_name":"Riverside","area_sq_mi":3.073,"place_primary":"Unincorporated Riverside County","place_primary_share":1.6,"place_also":[],"places":[{"name":"Banning","geoid":"0603820","kind":"city","pct":1.6}],"bbox":[-116.92961,33.93825,-116.89716,33.98275],"g22_asm":{"dem_pct":27.5,"margin_dem":-45.1,"votes_two_party":153,"winner":"Rep"},"g24_asm":{"dem_pct":26.2,"margin_dem":-47.6,"votes_two_party":187,"winner":"Rep"}},"geometry":{"type":"Polygon","coordinates":[[[-116.92938,33.95953],[-116.92958,33.97405],[-116.92451,33.97689],[-116.92325,33.9781],[-116.92236,33.97889],[-116.92178,33.97906],[-116.92108,33.97908],[-116.91378,33.97995],[-116.91141,33.98214],[-116.90601,33.97601],[-116.90391,33.97329],[-116.9029,33.97134],[-116.90046,33.96939],[-116.90101,33.96817],[-116.90153,33.96804],[-116.90061,33.96594],[-116.89968,33.96402],[-116.89991,33.96174],[-116.89813,33.96134],[-116.89765,33.9591],[-116.89881,33.95922],[-116.89998,33.96033],[-116.90041,33.9606],[-116.9051,33.96206],[-116.90555,33.95967],[-116.90782,33.95815],[-116.90797,33.95556],[-116.9097,33.95235],[-116.91047,33.94712],[-116.9104,33.94202],[-116.92028,33.9398],[-116.92066,33.94014],[-116.92063,33.94618],[-116.92422,33.95335],[-116.92938,33.95953]]]}},{"type":"Feature","properties":{"county_fips":65,"srprec":"518011","precinct_id":"065-518011","county_name":"Riverside","area_sq_mi":55.962,"place_primary":"Unincorporated Riverside County","place_primary_share":1.1,"place_also":[],"places":[{"name":"Whitewater","geoid":"0685208","kind":"cdp","pct":1.1},{"name":"Cabazon","geoid":"0609360","kind":"cdp","pct":0.4}],"bbox":[-116.87711,33.91786,-116.71967,34.03401],"g22_asm":{"dem_pct":58.4,"margin_dem":16.7,"votes_two_party":221,"winner":"Dem"},"g24_asm":{"dem_pct":45.6,"margin_dem":-8.7,"votes_two_party":379,"winner":"Rep"}},"geometry":{"type":"Polygon","coordinates":[[[-116.87686,34.02929],[-116.85985,34.03379],[-116.84177,34.0338],[-116.82091,34.03386],[-116.75461,33.97672],[-116.73177,33.97622],[-116.72407,33.96177],[-116.71989,33.94732],[-116.73728,33.93541],[-116.71968,33.9307],[-116.71973,33.92456],[-116.71976,33.92143],[-116.73291,33.91805],[-116.7617,33.91799],[-116.77208,33.91832],[-116.77208,33.92429],[-116.77217,33.92868],[-116.78472,33.93263],[-116.7895,33.93207],[-116.79939,33.91801],[-116.80678,33.92063],[-116.80706,33.92116],[-116.80695,33.92245],[-116.80676,33.93057],[-116.81366,33.93269],[-116.82447,33.93271],[-116.82771,33.93981],[-116.84124,33.93979],[-116.84214,33.93253],[-116.85931,33.93408],[-116.8649,33.94708],[-116.87587,33.94716],[-116.87671,33.96529],[-116.87711,34.01581],[-116.87686,34.02929]]]}},{"type":"Feature","properties":{"county_fips":65,"srprec":"518020","precinct_id":"065-518020","county_name":"Riverside","area_sq_mi":5.089,"place_primary":"Unincorporated Riverside County","place_primary_share":0.1,"place_also":[],"places":[{"name":"Banning","geoid":"0603820","kind":"city","pct":0.1}],"bbox":[-116.90316,33.9544,-116.87664,34.01964],"g22_asm":{"dem_pct":47.1,"margin_dem":-5.9,"votes_two_party":17,"winner":"Rep"},"g24_asm":null},"geometry":{"type":"Polygon","coordinates":[[[-116.88002,33.95525],[-116.88035,33.95551],[-116.88139,33.95603],[-116.8817,33.95623],[-116.88687,33.96027],[-116.88862,33.96164],[-116.89002,33.96281],[-116.89006,33.96288],[-116.89007,33.96891],[-116.8945,33.97619],[-116.89448,33.97975],[-116.89446,33.98218],[-116.89466,33.98343],[-116.89524,33.98343],[-116.89881,33.98344],[-116.90316,33.98408],[-116.90315,33.98587],[-116.90088,33.99069],[-116.90094,33.99793],[-116.90312,33.99922],[-116.90313,34.01216],[-116.90288,34.0124],[-116.89943,34.01238],[-116.89877,34.01592],[-116.89863,34.01602],[-116.89442,34.0196],[-116.88789,34.01964],[-116.88613,34.01964],[-116.87692,34.01962],[-116.87711,34.01581],[-116.87697,34.00865],[-116.8769,34.00507],[-116.87676,33.99937],[-116.87683,33.99053],[-116.87681,33.98178],[-116.87678,33.9771],[-116.87664,33.97212],[-116.87672,33.96403],[-116.87678,33.95519],[-116.87679,33.9544],[-116.87975,33.95487],[-116.87983,33.95522],[-116.88002,33.95525]]]}},{"type":"Feature","properties":{"county_fips":65,"srprec":"518053","precinct_id":"065-518053","county_name":"Riverside","area_sq_mi":10.665,"place_primary":"Unincorporated Riverside County","place_primary_share":43.5,"place_also":[],"places":[{"name":"Cabazon","geoid":"0609360","kind":"cdp","pct":43.5}],"bbox":[-116.82571,33.88588,-116.73695,33.93271],"g22_asm":{"dem_pct":46.4,"margin_dem":-7.1,"votes_two_party":267,"winner":"Rep"},"g24_asm":{"dem_pct":44.4,"margin_dem":-11.2,"votes_two_party":534,"winner":"Rep"}},"geometry":{"type":"MultiPolygon","coordinates":[[[[-116.81448,33.93269],[-116.80674,33.93266],[-116.80676,33.93028],[-116.80689,33.92244],[-116.80699,33.92195],[-116.80699,33.92099],[-116.80684,33.92067],[-116.80134,33.91811],[-116.78997,33.91798],[-116.78954,33.93021],[-116.78855,33.93262],[-116.77707,33.93261],[-116.77217,33.92974],[-116.77212,33.92552],[-116.77207,33.92398],[-116.77208,33.91834],[-116.76555,33.91798],[-116.75682,33.91796],[-116.73719,33.91446],[-116.73695,33.90085],[-116.75354,33.88595],[-116.76322,33.89608],[-116.77197,33.8898],[-116.78894,33.88591],[-116.78938,33.88972],[-116.78939,33.89332],[-116.79744,33.89603],[-116.80257,33.89693],[-116.82437,33.90317],[-116.82452,33.90423],[-116.82479,33.91774],[-116.82453,33.92538],[-116.8245,33.93114],[-116.82415,33.93271],[-116.8167,33.93269],[-116.81448,33.93269]]],[[[-116.79819,33.88991],[-116.79819,33.89027],[-116.79819,33.89039],[-116.7982,33.89048],[-116.79823,33.89074],[-116.79824,33.89083],[-116.79808,33.89315],[-116.79801,33.89315],[-116.79801,33.89327],[-116.79374,33.8933],[-116.79374,33.89293],[-116.79373,33.89272],[-116.7938,33.89187],[-116.7938,33.89187],[-116.79382,33.89162],[-116.79369,33.89166],[-116.79369,33.89127],[-116.79368,33.88973],[-116.796,33.8897],[-116.79612,33.8897],[-116.79696,33.88972],[-116.79696,33.88972],[-116.7978,33.88958],[-116.79821,33.88952],[-116.7982,33.88957],[-116.79819,33.88973],[-116.79819,33.88979],[-116.79819,33.88991]]]]}},{"type":"Feature","properties":{"county_fips":65,"srprec":"519008","precinct_id":"065-519008","county_name":"Riverside","area_sq_mi":0.525,"place_primary":"Unincorporated Riverside County","place_primary_share":0.2,"place_also":[],"places":[{"name":"Beaumont","geoid":"0604758","kind":"city","pct":0.2}],"bbox":[-116.9947,33.90449,-116.96411,33.92249],"g22_asm":{"dem_pct":34.1,"margin_dem":-31.7,"votes_two_party":41,"winner":"Rep"},"g24_asm":{"dem_pct":17.3,"margin_dem":-65.3,"votes_two_party":75,"winner":"Rep"}},"geometry":{"type":"MultiPolygon","coordinates":[[[[-116.98591,33.91608],[-116.98592,33.91817],[-116.98592,33.91851],[-116.98592,33.9188],[-116.98583,33.9188],[-116.98464,33.91879],[-116.98417,33.91879],[-116.98366,33.91877],[-116.98286,33.91876],[-116.98216,33.91876],[-116.98146,33.91876],[-116.98059,33.91875],[-116.97798,33.91874],[-116.97711,33.91874],[-116.97653,33.91872],[-116.97478,33.91867],[-116.9742,33.91865],[-116.97404,33.91865],[-116.97356,33.91865],[-116.9734,33.91865],[-116.97304,33.91865],[-116.97281,33.91865],[-116.9728,33.91719],[-116.97278,33.9163],[-116.97278,33.91597],[-116.97275,33.91396],[-116.97276,33.91383],[-116.97276,33.91383],[-116.97274,33.91326],[-116.96872,33.91318],[-116.96839,33.91317],[-116.96834,33.91317],[-116.96839,33.91227],[-116.96838,33.91219],[-116.96837,33.91178],[-116.96837,33.91177],[-116.96837,33.91144],[-116.96832,33.9113],[-116.96832,33.91119],[-116.9683,33.91087],[-116.96827,33.91035],[-116.96824,33.90978],[-116.96822,33.90939],[-116.96822,33.90939],[-116.96765,33.90939],[-116.96765,33.90932],[-116.96755,33.90932],[-116.96755,33.90939],[-116.96699,33.9094],[-116.96411,33.90948],[-116.96412,33.90863],[-116.96412,33.90829],[-116.96412,33.90814],[-116.96412,33.9076],[-116.96412,33.9076],[-116.96412,33.90741],[-116.96412,33.90644],[-116.96412,33.90449],[-116.98591,33.91608]]],[[[-116.99454,33.92068],[-116.99455,33.92072],[-116.99466,33.92199],[-116.9947,33.92241],[-116.99247,33.92241],[-116.99021,33.92249],[-116.99021,33.92142],[-116.9902,33.9189],[-116.99021,33.91874],[-116.9902,33.91837],[-116.99454,33.92068]]]]}},{"type":"Feature","properties":{"county_fips":65,"srprec":"527000","precinct_id":"065-527000","county_name":"Riverside","area_sq_mi":2.783,"place_primary":"Unincorporated Riverside County","place_primary_share":null,"place_also":[],"places":[],"bbox":[-116.8245,33.85695,-116.78942,33.88652],"g22_asm":{"dem_pct":21.4,"margin_dem":-57.1,"votes_two_party":14,"winner":"Rep"},"g24_asm":{"dem_pct":16.7,"margin_dem":-66.7,"votes_two_party":18,"winner":"Rep"}},"geometry":{"type":"Polygon","coordinates":[[[-116.82187,33.86591],[-116.8231,33.86528],[-116.82351,33.86425],[-116.82416,33.86307],[-116.81939,33.88601],[-116.81744,33.88575],[-116.81543,33.88453],[-116.81359,33.88556],[-116.81189,33.88648],[-116.80883,33.88593],[-116.79668,33.88376],[-116.79544,33.88229],[-116.7939,33.88222],[-116.79222,33.88213],[-116.79166,33.88068],[-116.79121,33.87933],[-116.79234,33.87933],[-116.79163,33.87776],[-116.79143,33.87556],[-116.79284,33.87587],[-116.7931,33.87419],[-116.7916,33.872],[-116.79324,33.87141],[-116.79545,33.87143],[-116.79734,33.86243],[-116.78963,33.85715],[-116.80685,33.86731],[-116.80878,33.86913],[-116.80974,33.86742],[-116.81546,33.86693],[-116.81792,33.8673],[-116.821,33.86786],[-116.82266,33.86707],[-116.82187,33.86591]]]}},{"type":"Feature","properties":{"county_fips":65,"srprec":"528001","precinct_id":"065-528001","county_name":"Riverside","area_sq_mi":3.903,"place_primary":"Unincorporated Riverside County","place_primary_share":0.3,"place_also":[],"places":[{"name":"Beaumont","geoid":"0604758","kind":"city","pct":0.3},{"name":"Banning","geoid":"0603820","kind":"city","pct":0.3}],"bbox":[-116.92971,33.88307,-116.8936,33.91806],"g22_asm":{"dem_pct":17.4,"margin_dem":-65.2,"votes_two_party":46,"winner":"Rep"},"g24_asm":{"dem_pct":29.5,"margin_dem":-41.0,"votes_two_party":78,"winner":"Rep"}},"geometry":{"type":"MultiPolygon","coordinates":[[[[-116.89414,33.89938],[-116.8941,33.89778],[-116.89534,33.89717],[-116.89687,33.89682],[-116.8979,33.89622],[-116.89405,33.88676],[-116.9048,33.88629],[-116.91097,33.88566],[-116.92322,33.88599],[-116.92904,33.88649],[-116.9292,33.90353],[-116.9292,33.91299],[-116.9261,33.91798],[-116.9245,33.91797],[-116.92194,33.91795],[-116.91811,33.91806],[-116.91421,33.9179],[-116.91161,33.91806],[-116.91162,33.91784],[-116.9116,33.91542],[-116.91153,33.91451],[-116.9115,33.91413],[-116.9116,33.91216],[-116.89922,33.91064],[-116.89715,33.91066],[-116.8942,33.90954],[-116.89417,33.90711],[-116.89411,33.90353],[-116.89372,33.90344],[-116.89402,33.90332],[-116.89415,33.90305],[-116.89415,33.90187],[-116.89416,33.90028],[-116.89414,33.89938]]],[[[-116.92928,33.8864],[-116.92954,33.88621],[-116.92957,33.88623],[-116.92968,33.88628],[-116.92971,33.88629],[-116.9297,33.88887],[-116.9297,33.88898],[-116.9297,33.88898],[-116.9297,33.88972],[-116.9297,33.89172],[-116.9297,33.8927],[-116.92947,33.89269],[-116.92923,33.89269],[-116.92925,33.89048],[-116.92926,33.88972],[-116.92925,33.88907],[-116.92922,33.8871],[-116.92921,33.88644],[-116.92928,33.8864]]]]}},{"type":"Feature","properties":{"county_fips":65,"srprec":"528015","precinct_id":"065-528015","county_name":"Riverside","area_sq_mi":10.37,"place_primary":"Unincorporated Riverside County","place_primary_share":null,"place_also":[],"places":[],"bbox":[-116.92467,33.85558,-116.84195,33.91088],"g22_asm":{"dem_pct":66.7,"margin_dem":33.3,"votes_two_party":3,"winner":"Dem"},"g24_asm":{"dem_pct":23.1,"margin_dem":-53.8,"votes_two_party":13,"winner":"Rep"}},"geometry":{"type":"Polygon","coordinates":[[[-116.87665,33.90781],[-116.87339,33.90897],[-116.86749,33.90907],[-116.86242,33.91083],[-116.85935,33.90897],[-116.84224,33.90683],[-116.8587,33.90277],[-116.85662,33.90096],[-116.85483,33.89931],[-116.85646,33.89868],[-116.85759,33.90053],[-116.85925,33.89036],[-116.85804,33.89027],[-116.85565,33.89021],[-116.8541,33.88851],[-116.8565,33.88834],[-116.85746,33.88706],[-116.85952,33.8822],[-116.85675,33.87035],[-116.85567,33.86529],[-116.85984,33.86093],[-116.89359,33.85633],[-116.91123,33.85706],[-116.91411,33.85649],[-116.91712,33.8557],[-116.91972,33.85744],[-116.92153,33.87854],[-116.91485,33.88063],[-116.91097,33.88601],[-116.8941,33.89778],[-116.89415,33.90187],[-116.89375,33.90343],[-116.88827,33.90347],[-116.87662,33.90337],[-116.87665,33.90781]]]}},{"type":"Feature","properties":{"county_fips":65,"srprec":"528017","precinct_id":"065-528017","county_name":"Riverside","area_sq_mi":0.133,"place_primary":"Unincorporated Riverside County","place_primary_share":0.6,"place_also":[],"places":[{"name":"Banning","geoid":"0603820","kind":"city","pct":0.6}],"bbox":[-116.85935,33.90686,-116.85077,33.91116],"g22_asm":{"dem_pct":0.0,"margin_dem":-100.0,"votes_two_party":1,"winner":"Rep"},"g24_asm":null},"geometry":{"type":"Polygon","coordinates":[[[-116.85935,33.90895],[-116.85934,33.90906],[-116.85934,33.90926],[-116.85933,33.90997],[-116.85932,33.91065],[-116.85932,33.91082],[-116.85932,33.91081],[-116.85884,33.91078],[-116.85688,33.91078],[-116.85636,33.91078],[-116.85609,33.91078],[-116.85565,33.91078],[-116.85523,33.9108],[-116.85437,33.91078],[-116.85409,33.91078],[-116.85381,33.91077],[-116.85343,33.91076],[-116.85323,33.91077],[-116.85283,33.91085],[-116.85278,33.91087],[-116.85222,33.91106],[-116.85175,33.91116],[-116.85155,33.9111],[-116.85145,33.91107],[-116.85112,33.9111],[-116.85082,33.91091],[-116.85078,33.91062],[-116.85078,33.91061],[-116.85086,33.91015],[-116.85086,33.90752],[-116.85086,33.90686],[-116.8525,33.90689],[-116.8538,33.9069],[-116.85739,33.90688],[-116.85888,33.90687],[-116.85925,33.90687],[-116.85935,33.90895]]]}},{"type":"Feature","properties":{"county_fips":65,"srprec":"528018","precinct_id":"065-528018","county_name":"Riverside","area_sq_mi":0.012,"place_primary":"Unincorporated Riverside County","place_primary_share":null,"place_also":[],"places":[],"bbox":[-116.89806,33.89619,-116.89407,33.89761],"g22_asm":{"dem_pct":0.0,"margin_dem":-100.0,"votes_two_party":3,"winner":"Rep"},"g24_asm":null},"geometry":{"type":"Polygon","coordinates":[[[-116.89407,33.89619],[-116.89806,33.89619],[-116.89798,33.8962],[-116.8979,33.89622],[-116.8977,33.89628],[-116.89736,33.89644],[-116.89732,33.89647],[-116.89717,33.89659],[-116.89702,33.8967],[-116.89687,33.89682],[-116.89678,33.89687],[-116.89662,33.89693],[-116.89612,33.89703],[-116.89581,33.89708],[-116.89538,33.89716],[-116.89534,33.89717],[-116.89489,33.89723],[-116.89451,33.89729],[-116.89438,33.89732],[-116.89417,33.89739],[-116.89411,33.89761],[-116.89407,33.89619]]]}},{"type":"Feature","properties":{"county_fips":65,"srprec":"528023","precinct_id":"065-528023","county_name":"Riverside","area_sq_mi":7.886,"place_primary":"Unincorporated Riverside County","place_primary_share":null,"place_also":[],"places":[],"bbox":[-116.86034,33.85697,-116.78936,33.90349],"g22_asm":{"dem_pct":44.8,"margin_dem":-10.4,"votes_two_party":67,"winner":"Rep"},"g24_asm":{"dem_pct":47.3,"margin_dem":-5.4,"votes_two_party":74,"winner":"Rep"}},"geometry":{"type":"Polygon","coordinates":[[[-116.8598,33.87869],[-116.85711,33.88639],[-116.85741,33.88799],[-116.85495,33.88798],[-116.8542,33.88907],[-116.85565,33.89021],[-116.85785,33.89038],[-116.85893,33.88942],[-116.85906,33.90102],[-116.85725,33.90016],[-116.85633,33.89864],[-116.85489,33.89914],[-116.85581,33.90035],[-116.8578,33.90194],[-116.85852,33.90337],[-116.84176,33.90089],[-116.8072,33.90349],[-116.79806,33.89634],[-116.78939,33.89332],[-116.78937,33.88741],[-116.80809,33.88599],[-116.81047,33.8861],[-116.81218,33.88617],[-116.81351,33.88577],[-116.81409,33.88491],[-116.8157,33.88433],[-116.81702,33.88554],[-116.81836,33.88576],[-116.81958,33.88625],[-116.8241,33.86941],[-116.84275,33.85698],[-116.85933,33.86159],[-116.85389,33.86563],[-116.85661,33.86994],[-116.86012,33.87451],[-116.8598,33.87869]],[[-116.79819,33.88973],[-116.7982,33.88957],[-116.79821,33.88952],[-116.7978,33.88958],[-116.79696,33.88972],[-116.79696,33.88972],[-116.79612,33.8897],[-116.796,33.8897],[-116.79368,33.88973],[-116.79369,33.89127],[-116.79369,33.89166],[-116.79382,33.89162],[-116.7938,33.89187],[-116.7938,33.89187],[-116.79373,33.89272],[-116.79374,33.89293],[-116.79374,33.8933],[-116.79801,33.89327],[-116.79801,33.89315],[-116.79808,33.89315],[-116.79824,33.89083],[-116.79823,33.89074],[-116.7982,33.89048],[-116.79819,33.89039],[-116.79819,33.89027],[-116.79819,33.88991],[-116.79819,33.88979],[-116.79819,33.88973]]]}},{"type":"Feature","properties":{"county_fips":65,"srprec":"528037","precinct_id":"065-528037","county_name":"Riverside","area_sq_mi":10.003,"place_primary":"Unincorporated Riverside County","place_primary_share":0.5,"place_also":[],"places":[{"name":"Beaumont","geoid":"0604758","kind":"city","pct":0.5}],"bbox":[-116.94267,33.81457,-116.85991,33.85733],"g22_asm":{"dem_pct":100.0,"margin_dem":100.0,"votes_two_party":2,"winner":"Dem"},"g24_asm":null},"geometry":{"type":"Polygon","coordinates":[[[-116.89262,33.81506],[-116.90614,33.81524],[-116.91076,33.81634],[-116.92863,33.81732],[-116.93001,33.82751],[-116.93296,33.84252],[-116.94229,33.85108],[-116.9407,33.85333],[-116.92896,33.85402],[-116.92684,33.85389],[-116.92452,33.85561],[-116.92377,33.85669],[-116.91973,33.85685],[-116.91895,33.85579],[-116.91767,33.85578],[-116.91696,33.85575],[-116.9157,33.85612],[-116.9149,33.85632],[-116.91411,33.85649],[-116.91289,33.85636],[-116.91194,33.85732],[-116.91133,33.85708],[-116.91022,33.85689],[-116.91051,33.85623],[-116.89976,33.85614],[-116.8775,33.85673],[-116.87618,33.85078],[-116.87543,33.83061],[-116.85999,33.82204],[-116.87248,33.81615],[-116.87952,33.81524],[-116.88191,33.81498],[-116.89173,33.81505],[-116.89262,33.81506]]]}},{"type":"Feature","properties":{"county_fips":65,"srprec":"528038","precinct_id":"065-528038","county_name":"Riverside","area_sq_mi":2.681,"place_primary":"Unincorporated Riverside County","place_primary_share":null,"place_also":[],"places":[],"bbox":[-116.87627,33.8303,-116.84237,33.85704],"g22_asm":{"dem_pct":36.5,"margin_dem":-27.0,"votes_two_party":63,"winner":"Rep"},"g24_asm":{"dem_pct":38.9,"margin_dem":-22.2,"votes_two_party":36,"winner":"Rep"}},"geometry":{"type":"Polygon","coordinates":[[[-116.85996,33.83996],[-116.85994,33.83971],[-116.85987,33.83818],[-116.85987,33.83539],[-116.85991,33.8303],[-116.87574,33.842],[-116.87618,33.85077],[-116.87611,33.85155],[-116.87319,33.85674],[-116.86888,33.85674],[-116.86026,33.85701],[-116.85926,33.85703],[-116.8451,33.85704],[-116.84237,33.85696],[-116.84247,33.85392],[-116.84252,33.85071],[-116.84258,33.84912],[-116.84257,33.84528],[-116.84261,33.84263],[-116.8456,33.84208],[-116.84768,33.84211],[-116.85165,33.84206],[-116.85345,33.84202],[-116.85517,33.842],[-116.85689,33.84199],[-116.859,33.84199],[-116.85967,33.84202],[-116.85987,33.84128],[-116.85974,33.84102],[-116.85967,33.84078],[-116.85979,33.84065],[-116.85987,33.8406],[-116.85995,33.84009],[-116.85996,33.83996]]]}},{"type":"Feature","properties":{"county_fips":65,"srprec":"528052","precinct_id":"065-528052","county_name":"Riverside","area_sq_mi":0.015,"place_primary":"Unincorporated Riverside County","place_primary_share":null,"place_also":[],"places":[],"bbox":[-116.94433,33.8016,-116.94043,33.80561],"g22_asm":{"dem_pct":43.8,"margin_dem":-12.5,"votes_two_party":32,"winner":"Rep"},"g24_asm":{"dem_pct":47.5,"margin_dem":-4.9,"votes_two_party":61,"winner":"Rep"}},"geometry":{"type":"Polygon","coordinates":[[[-116.94433,33.80561],[-116.94416,33.80547],[-116.94291,33.8046],[-116.94246,33.80434],[-116.94207,33.80412],[-116.94156,33.80373],[-116.94085,33.80289],[-116.94049,33.80187],[-116.94043,33.8016],[-116.94043,33.8016],[-116.94166,33.80239],[-116.94278,33.80312],[-116.94433,33.80561]]]}},{"type":"Feature","properties":{"county_fips":65,"srprec":"528053","precinct_id":"065-528053","county_name":"Riverside","area_sq_mi":7.41,"place_primary":"Unincorporated Riverside County","place_primary_share":0.7,"place_also":[],"places":[{"name":"Beaumont","geoid":"0604758","kind":"city","pct":0.7}],"bbox":[-116.95806,33.78605,-116.85985,33.84257],"g22_asm":{"dem_pct":26.0,"margin_dem":-48.0,"votes_two_party":50,"winner":"Rep"},"g24_asm":{"dem_pct":31.6,"margin_dem":-36.8,"votes_two_party":57,"winner":"Rep"}},"geometry":{"type":"Polygon","coordinates":[[[-116.94907,33.81323],[-116.95806,33.8277],[-116.94741,33.82769],[-116.94583,33.8423],[-116.93001,33.82735],[-116.91076,33.81634],[-116.90316,33.8152],[-116.88043,33.81457],[-116.8685,33.81613],[-116.86002,33.81252],[-116.86382,33.80204],[-116.88008,33.80162],[-116.88411,33.80159],[-116.88556,33.80546],[-116.89604,33.80529],[-116.90206,33.80226],[-116.91075,33.79702],[-116.91711,33.78746],[-116.92227,33.78748],[-116.92252,33.78615],[-116.92679,33.79047],[-116.92291,33.79349],[-116.92027,33.79845],[-116.92394,33.80211],[-116.92421,33.79994],[-116.92863,33.79846],[-116.92957,33.79826],[-116.93117,33.79999],[-116.93245,33.8009],[-116.93582,33.80186],[-116.93686,33.80246],[-116.93854,33.80049],[-116.94043,33.8016],[-116.94433,33.80561],[-116.94907,33.81323]],[[-116.90639,33.80543],[-116.90646,33.80221],[-116.90627,33.80221],[-116.90639,33.80543]]]}},{"type":"Feature","properties":{"county_fips":65,"srprec":"528060","precinct_id":"065-528060","county_name":"Riverside","area_sq_mi":9.233,"place_primary":"Unincorporated Riverside County","place_primary_share":null,"place_also":[],"places":[],"bbox":[-116.92819,33.75874,-116.85828,33.80885],"g22_asm":{"dem_pct":50.8,"margin_dem":1.6,"votes_two_party":124,"winner":"Dem"},"g24_asm":{"dem_pct":48.2,"margin_dem":-3.6,"votes_two_party":137,"winner":"Rep"}},"geometry":{"type":"MultiPolygon","coordinates":[[[[-116.92819,33.78023],[-116.92603,33.78264],[-116.92413,33.78444],[-116.92234,33.78612],[-116.91918,33.78749],[-116.91703,33.78746],[-116.91075,33.79693],[-116.90959,33.80212],[-116.90219,33.80542],[-116.89418,33.80519],[-116.88556,33.80546],[-116.88479,33.80278],[-116.88135,33.80157],[-116.87845,33.80169],[-116.85985,33.80212],[-116.85991,33.78521],[-116.8599,33.78302],[-116.85988,33.7739],[-116.85964,33.76159],[-116.85889,33.76184],[-116.85839,33.76141],[-116.85893,33.75957],[-116.86078,33.75878],[-116.87114,33.75895],[-116.88189,33.75893],[-116.88392,33.7601],[-116.88741,33.76249],[-116.88808,33.76296],[-116.89601,33.76497],[-116.90686,33.76563],[-116.90954,33.76522],[-116.91055,33.76504],[-116.91419,33.7677],[-116.91599,33.76918],[-116.92819,33.78023]]],[[[-116.90639,33.80543],[-116.90627,33.80221],[-116.90646,33.80221],[-116.90639,33.80543]]]]}},{"type":"Feature","properties":{"county_fips":65,"srprec":"529024","precinct_id":"065-529024","county_name":"Riverside","area_sq_mi":0.017,"place_primary":"Unincorporated Riverside County","place_primary_share":null,"place_also":[],"places":[],"bbox":[-117.27651,34.0071,-117.27441,34.01105],"g22_asm":{"dem_pct":50.0,"margin_dem":0.0,"votes_two_party":2,"winner":"Tie"},"g24_asm":null},"geometry":{"type":"Polygon","coordinates":[[[-117.27566,34.01086],[-117.27544,34.01091],[-117.27518,34.01096],[-117.27512,34.01096],[-117.27465,34.01102],[-117.2745,34.01105],[-117.27445,34.01084],[-117.27441,34.01063],[-117.27441,34.01028],[-117.27443,34.01017],[-117.27448,34.01004],[-117.27456,34.00987],[-117.27488,34.00928],[-117.27519,34.00854],[-117.27526,34.00841],[-117.27532,34.00826],[-117.27537,34.0081],[-117.27538,34.00797],[-117.27533,34.0076],[-117.27566,34.00749],[-117.27576,34.00743],[-117.27579,34.00735],[-117.27589,34.00719],[-117.27604,34.00711],[-117.27623,34.0071],[-117.27637,34.00712],[-117.2765,34.00718],[-117.27651,34.00718],[-117.27566,34.01086]]]}},{"type":"Feature","properties":{"county_fips":65,"srprec":"529028","precinct_id":"065-529028","county_name":"Riverside","area_sq_mi":0.86,"place_primary":"Unincorporated Riverside County","place_primary_share":null,"place_also":[],"places":[],"bbox":[-117.2788,33.99,-117.25003,34.00456],"g22_asm":{"dem_pct":50.0,"margin_dem":0.0,"votes_two_party":2,"winner":"Tie"},"g24_asm":null},"geometry":{"type":"Polygon","coordinates":[[[-117.27711,34.00456],[-117.27398,34.00453],[-117.27378,34.00452],[-117.27378,34.00451],[-117.27058,34.00448],[-117.26142,34.00439],[-117.26145,34.00063],[-117.26156,34.00063],[-117.26153,33.99693],[-117.26151,33.99435],[-117.26151,33.99435],[-117.26151,33.99432],[-117.25066,33.99417],[-117.25068,33.99054],[-117.25003,33.99053],[-117.25003,33.99053],[-117.25518,33.99034],[-117.25527,33.99034],[-117.25534,33.99033],[-117.25736,33.99026],[-117.26265,33.99006],[-117.26439,33.99],[-117.26485,33.99028],[-117.2652,33.9905],[-117.26522,33.99067],[-117.2655,33.9936],[-117.2657,33.99359],[-117.26776,33.99353],[-117.26778,33.99353],[-117.26958,33.99345],[-117.26949,33.99538],[-117.26949,33.99549],[-117.26949,33.99552],[-117.27006,33.99552],[-117.2701,33.99552],[-117.2701,33.99567],[-117.2701,33.99594],[-117.27101,33.99594],[-117.27101,33.99352],[-117.27101,33.99351],[-117.2717,33.99348],[-117.27174,33.99348],[-117.27294,33.99341],[-117.27295,33.99356],[-117.27295,33.99356],[-117.27302,33.99386],[-117.27316,33.99454],[-117.27318,33.9946],[-117.27424,33.99456],[-117.27428,33.99704],[-117.2788,33.99719],[-117.27711,34.00456]]]}},{"type":"Feature","properties":{"county_fips":65,"srprec":"529029","precinct_id":"065-529029","county_name":"Riverside","area_sq_mi":2.598,"place_primary":"Unincorporated Riverside County","place_primary_share":0.2,"place_also":[],"places":[{"name":"Loma Linda","geoid":"0642370","kind":"city","pct":0.2}],"bbox":[-117.27711,33.99684,-117.22537,34.01874],"g22_asm":{"dem_pct":32.1,"margin_dem":-35.8,"votes_two_party":109,"winner":"Rep"},"g24_asm":{"dem_pct":40.5,"margin_dem":-19.1,"votes_two_party":257,"winner":"Rep"}},"geometry":{"type":"Polygon","coordinates":[[[-117.27651,34.00718],[-117.27637,34.00712],[-117.27604,34.00711],[-117.27579,34.00735],[-117.27566,34.00749],[-117.27538,34.00797],[-117.27532,34.00826],[-117.27519,34.00854],[-117.27456,34.00987],[-117.27443,34.01017],[-117.27441,34.01063],[-117.2745,34.01105],[-117.27512,34.01096],[-117.27544,34.01091],[-117.27385,34.01874],[-117.27355,34.01872],[-117.27268,34.01872],[-117.27226,34.01872],[-117.27064,34.01872],[-117.2706,34.01872],[-117.26953,34.01863],[-117.26823,34.01856],[-117.26695,34.01857],[-117.26312,34.01868],[-117.25822,34.01872],[-117.24564,34.01872],[-117.24376,34.01872],[-117.2399,34.01872],[-117.23647,34.01872],[-117.22594,34.01872],[-117.22537,34.01797],[-117.22537,34.01277],[-117.23601,34.01273],[-117.23989,34.00921],[-117.23993,34.01054],[-117.24761,34.00549],[-117.24743,34.0006],[-117.24726,33.99689],[-117.25001,33.99687],[-117.26087,33.99687],[-117.26087,34.00051],[-117.26145,34.00063],[-117.27058,34.00448],[-117.27378,34.00452],[-117.27711,34.00456],[-117.27651,34.00718]]]}},{"type":"Feature","properties":{"county_fips":65,"srprec":"529031","precinct_id":"065-529031","county_name":"Riverside","area_sq_mi":0.722,"place_primary":"Unincorporated Riverside County","place_primary_share":null,"place_also":[],"places":[],"bbox":[-117.25736,33.98261,-117.23243,33.99053],"g22_asm":{"dem_pct":55.6,"margin_dem":11.1,"votes_two_party":27,"winner":"Dem"},"g24_asm":{"dem_pct":55.2,"margin_dem":10.3,"votes_two_party":29,"winner":"Dem"}},"geometry":{"type":"Polygon","coordinates":[[[-117.25736,33.9835],[-117.25736,33.99026],[-117.25534,33.99033],[-117.25527,33.99034],[-117.25518,33.99034],[-117.25003,33.99053],[-117.24436,33.99051],[-117.24331,33.99051],[-117.24177,33.99051],[-117.23525,33.99049],[-117.23493,33.99049],[-117.23452,33.99049],[-117.23374,33.98954],[-117.23363,33.98941],[-117.23331,33.98902],[-117.23301,33.98866],[-117.23299,33.98863],[-117.23297,33.98861],[-117.23297,33.98861],[-117.23295,33.9886],[-117.23289,33.98854],[-117.23284,33.98849],[-117.23282,33.98845],[-117.2328,33.9884],[-117.23274,33.98802],[-117.23272,33.98799],[-117.2327,33.98796],[-117.23268,33.98794],[-117.23253,33.98787],[-117.23262,33.98769],[-117.23265,33.98762],[-117.23274,33.98734],[-117.23288,33.98678],[-117.23299,33.98623],[-117.23302,33.98608],[-117.23304,33.98579],[-117.23304,33.98564],[-117.23301,33.98543],[-117.23298,33.9853],[-117.23294,33.98515],[-117.23287,33.98492],[-117.23281,33.98461],[-117.23273,33.98431],[-117.2327,33.98415],[-117.2327,33.98413],[-117.23265,33.98389],[-117.2325,33.98314],[-117.23248,33.98303],[-117.23248,33.98303],[-117.23245,33.98272],[-117.23245,33.9827],[-117.23243,33.98261],[-117.24332,33.98304],[-117.24421,33.98308],[-117.24649,33.98305],[-117.2487,33.98302],[-117.24999,33.98299],[-117.25077,33.98297],[-117.25522,33.98293],[-117.25736,33.9835]]]}},{"type":"Feature","properties":{"county_fips":65,"srprec":"529032","precinct_id":"065-529032","county_name":"Riverside","area_sq_mi":1.585,"place_primary":"Unincorporated Riverside County","place_primary_share":null,"place_also":[],"places":[],"bbox":[-117.26156,33.98231,-117.22355,34.01277],"g22_asm":{"dem_pct":35.4,"margin_dem":-29.2,"votes_two_party":65,"winner":"Rep"},"g24_asm":null},"geometry":{"type":"MultiPolygon","coordinates":[[[[-117.22531,33.98233],[-117.22821,33.98549],[-117.23027,33.98817],[-117.23161,33.98842],[-117.2325,33.98789],[-117.2328,33.9884],[-117.23297,33.98861],[-117.23452,33.99049],[-117.25003,33.99053],[-117.24726,33.99684],[-117.24765,34.01054],[-117.22537,34.01277],[-117.22537,34.00535],[-117.22622,34.00457],[-117.22768,34.00392],[-117.22948,34.0028],[-117.23088,34.00285],[-117.23182,34.00295],[-117.23296,34.0025],[-117.23338,34.00212],[-117.23211,34.00136],[-117.23161,34.00065],[-117.23158,33.99912],[-117.23205,33.99623],[-117.23138,33.9942],[-117.23053,33.99289],[-117.22932,33.99229],[-117.22797,33.99218],[-117.22714,33.99181],[-117.22703,33.99071],[-117.22602,33.98948],[-117.2253,33.98833],[-117.22543,33.98767],[-117.22532,33.9856],[-117.22531,33.98233]]],[[[-117.26156,34.00063],[-117.26145,34.00063],[-117.26087,34.00062],[-117.26087,34.00051],[-117.26087,33.99693],[-117.26153,33.99693],[-117.26153,33.99693],[-117.26156,34.00063]]]]}},{"type":"Feature","properties":{"county_fips":65,"srprec":"529033","precinct_id":"065-529033","county_name":"Riverside","area_sq_mi":0.148,"place_primary":"Unincorporated Riverside County","place_primary_share":0.1,"place_also":[],"places":[{"name":"Moreno Valley","geoid":"0649270","kind":"city","pct":0.1}],"bbox":[-117.23304,33.98232,-117.18627,33.98846],"g22_asm":{"dem_pct":60.0,"margin_dem":20.0,"votes_two_party":5,"winner":"Dem"},"g24_asm":null},"geometry":{"type":"MultiPolygon","coordinates":[[[[-117.18907,33.98264],[-117.19236,33.98264],[-117.19523,33.98263],[-117.19523,33.98315],[-117.1909,33.9833],[-117.1884,33.98338],[-117.18627,33.98346],[-117.18628,33.98263],[-117.18907,33.98264]]],[[[-117.20005,33.98259],[-117.20005,33.98267],[-117.20006,33.98276],[-117.20002,33.98289],[-117.20002,33.98291],[-117.19999,33.98298],[-117.19852,33.98303],[-117.19851,33.98262],[-117.20005,33.98259]]],[[[-117.22605,33.98235],[-117.22654,33.98237],[-117.22761,33.98241],[-117.23168,33.98258],[-117.2324,33.98261],[-117.23243,33.98261],[-117.23245,33.9827],[-117.23245,33.98272],[-117.23248,33.98303],[-117.23248,33.98303],[-117.2325,33.98314],[-117.23265,33.98389],[-117.2327,33.98413],[-117.2327,33.98415],[-117.23273,33.98431],[-117.23281,33.98461],[-117.23287,33.98492],[-117.23294,33.98515],[-117.23298,33.9853],[-117.23301,33.98543],[-117.23304,33.98564],[-117.23304,33.98579],[-117.23302,33.98608],[-117.23299,33.98623],[-117.23288,33.98678],[-117.23274,33.98734],[-117.23265,33.98762],[-117.23262,33.98769],[-117.23253,33.98787],[-117.2325,33.98789],[-117.23235,33.98807],[-117.23223,33.98816],[-117.23204,33.98828],[-117.23187,33.98835],[-117.23171,33.98841],[-117.23161,33.98842],[-117.23146,33.98845],[-117.23125,33.98846],[-117.23092,33.98844],[-117.23077,33.98839],[-117.2305,33.98829],[-117.23027,33.98817],[-117.23002,33.98803],[-117.2297,33.98785],[-117.22859,33.98731],[-117.22857,33.9873],[-117.22832,33.9872],[-117.22821,33.98549],[-117.22732,33.9849],[-117.22643,33.98431],[-117.22563,33.98377],[-117.22537,33.9836],[-117.22531,33.98357],[-117.22531,33.98233],[-117.22531,33.98232],[-117.22576,33.98234],[-117.22605,33.98235]]]]}},{"type":"Feature","properties":{"county_fips":65,"srprec":"529049","precinct_id":"065-529049","county_name":"Riverside","area_sq_mi":6.519,"place_primary":"Unincorporated Riverside County","place_primary_share":0.1,"place_also":[],"places":[{"name":"Moreno Valley","geoid":"0649270","kind":"city","pct":0.1}],"bbox":[-117.22638,33.94694,-117.12106,33.98298],"g22_asm":{"dem_pct":23.1,"margin_dem":-53.8,"votes_two_party":26,"winner":"Rep"},"g24_asm":{"dem_pct":23.8,"margin_dem":-52.4,"votes_two_party":42,"winner":"Rep"}},"geometry":{"type":"Polygon","coordinates":[[[-117.13182,33.94694],[-117.14279,33.95023],[-117.14767,33.95385],[-117.14852,33.96126],[-117.15506,33.9613],[-117.15846,33.96132],[-117.1616,33.9647],[-117.16461,33.96789],[-117.16506,33.96777],[-117.16511,33.96534],[-117.16519,33.96449],[-117.16527,33.96347],[-117.16532,33.96281],[-117.16525,33.96251],[-117.16519,33.96183],[-117.1652,33.96135],[-117.17411,33.96118],[-117.22638,33.97527],[-117.22594,33.97886],[-117.22531,33.98233],[-117.21682,33.98225],[-117.21506,33.98232],[-117.203,33.98285],[-117.20002,33.98289],[-117.20005,33.98259],[-117.19841,33.97925],[-117.19523,33.98263],[-117.18628,33.98263],[-117.18639,33.9772],[-117.18645,33.97681],[-117.18446,33.97544],[-117.17445,33.97509],[-117.16679,33.97522],[-117.15757,33.97536],[-117.15526,33.97541],[-117.15524,33.97553],[-117.15291,33.97542],[-117.14334,33.97498],[-117.14192,33.97541],[-117.12649,33.97543],[-117.12121,33.96852],[-117.13182,33.94694]]]}},{"type":"Feature","properties":{"county_fips":65,"srprec":"529056","precinct_id":"065-529056","county_name":"Riverside","area_sq_mi":1.785,"place_primary":"Unincorporated Riverside County","place_primary_share":null,"place_also":[],"places":[],"bbox":[-117.23341,33.98224,-117.17424,34.00535],"g22_asm":{"dem_pct":30.0,"margin_dem":-40.0,"votes_two_party":40,"winner":"Rep"},"g24_asm":{"dem_pct":32.2,"margin_dem":-35.6,"votes_two_party":87,"winner":"Rep"}},"geometry":{"type":"MultiPolygon","coordinates":[[[[-117.17433,33.9834],[-117.18493,33.98348],[-117.18525,33.98348],[-117.1855,33.98349],[-117.1855,33.98349],[-117.18558,33.98348],[-117.18627,33.98346],[-117.1884,33.98338],[-117.1909,33.9833],[-117.1909,33.98354],[-117.19098,33.98674],[-117.19104,33.98931],[-117.19103,33.98931],[-117.19052,33.98924],[-117.18439,33.98837],[-117.18042,33.98781],[-117.1792,33.98752],[-117.17738,33.98707],[-117.17424,33.9863],[-117.17433,33.9834]]],[[[-117.21506,33.98232],[-117.22355,33.98231],[-117.22532,33.98576],[-117.22533,33.98792],[-117.2253,33.98833],[-117.22592,33.98936],[-117.22693,33.99051],[-117.22709,33.99093],[-117.22713,33.9919],[-117.22844,33.99217],[-117.22932,33.99229],[-117.23031,33.99273],[-117.23115,33.99365],[-117.23166,33.99508],[-117.23207,33.99653],[-117.2315,33.99954],[-117.23161,34.00065],[-117.23205,34.0013],[-117.23315,34.00196],[-117.23323,34.00235],[-117.23239,34.00274],[-117.23164,34.00299],[-117.23088,34.00285],[-117.22986,34.00268],[-117.22804,34.00371],[-117.22707,34.00406],[-117.22577,34.00492],[-117.22537,34.00431],[-117.20646,33.99788],[-117.20015,33.99235],[-117.19491,33.98993],[-117.19518,33.9898],[-117.19929,33.9897],[-117.20779,33.9878],[-117.20765,33.98265],[-117.21506,33.98232]],[[-117.22095,33.99087],[-117.22203,33.99092],[-117.22222,33.99224],[-117.22222,33.99287],[-117.22025,33.99297],[-117.22025,33.99118],[-117.21778,33.99129],[-117.21785,33.98977],[-117.21469,33.9898],[-117.21461,33.9898],[-117.21471,33.99203],[-117.21777,33.99207],[-117.21789,33.99207],[-117.21763,33.99333],[-117.21763,33.99334],[-117.21744,33.99423],[-117.21743,33.99429],[-117.21263,33.99421],[-117.20986,33.99417],[-117.20661,33.99412],[-117.20658,33.99412],[-117.20657,33.99425],[-117.20652,33.99559],[-117.20659,33.99559],[-117.21163,33.99559],[-117.21163,33.99572],[-117.21167,33.99639],[-117.21167,33.99641],[-117.21176,33.9986],[-117.21951,33.9987],[-117.21965,33.99998],[-117.21968,33.99998],[-117.21968,34.00012],[-117.22384,33.99998],[-117.22506,33.99998],[-117.22548,33.99766],[-117.22547,33.99742],[-117.22544,33.9956],[-117.22542,33.99479],[-117.22532,33.99172],[-117.22515,33.99166],[-117.22496,33.9916],[-117.22479,33.99154],[-117.22476,33.99151],[-117.22463,33.99144],[-117.2244,33.99127],[-117.22433,33.9912],[-117.22415,33.99099],[-117.22396,33.99068],[-117.22386,33.99053],[-117.22385,33.9905],[-117.22364,33.99014],[-117.2234,33.98971],[-117.22334,33.98963],[-117.2231,33.98963],[-117.2224,33.98963],[-117.22217,33.98963],[-117.22217,33.98973],[-117.22095,33.98974],[-117.22095,33.99087]]]]}},{"type":"Feature","properties":{"county_fips":65,"srprec":"529060","precinct_id":"065-529060","county_name":"Riverside","area_sq_mi":1.871,"place_primary":"Unincorporated Riverside County","place_primary_share":null,"place_also":[],"places":[],"bbox":[-117.2081,33.9863,-117.17313,34.00422],"g22_asm":{"dem_pct":100.0,"margin_dem":100.0,"votes_two_party":5,"winner":"Dem"},"g24_asm":{"dem_pct":38.5,"margin_dem":-23.1,"votes_two_party":13,"winner":"Rep"}},"geometry":{"type":"Polygon","coordinates":[[[-117.19513,33.99001],[-117.19652,33.99052],[-117.19722,33.99078],[-117.19909,33.99178],[-117.20015,33.99235],[-117.20177,33.99321],[-117.20391,33.99532],[-117.20588,33.99726],[-117.2064,33.99782],[-117.20646,33.99788],[-117.20808,33.99962],[-117.20808,33.99962],[-117.20808,34.00045],[-117.20809,34.00134],[-117.20809,34.00248],[-117.2081,34.00422],[-117.20705,34.00422],[-117.20319,34.00422],[-117.19957,34.00422],[-117.19893,34.00422],[-117.19189,34.00422],[-117.19108,34.00422],[-117.19101,34.00422],[-117.18593,34.00422],[-117.18575,34.00422],[-117.18547,34.00422],[-117.18481,34.00422],[-117.18319,34.00422],[-117.17551,34.00422],[-117.17521,34.00422],[-117.17484,34.00422],[-117.17313,34.00422],[-117.17323,34.00222],[-117.1735,33.99847],[-117.174,33.993],[-117.1739,33.99299],[-117.17413,33.98973],[-117.17424,33.9863],[-117.17738,33.98707],[-117.1792,33.98752],[-117.18042,33.98781],[-117.18439,33.98837],[-117.19052,33.98924],[-117.19103,33.98931],[-117.19104,33.98931],[-117.19334,33.98964],[-117.19456,33.98981],[-117.19491,33.98993],[-117.19513,33.99001]]]}},{"type":"Feature","properties":{"county_fips":65,"srprec":"529062","precinct_id":"065-529062","county_name":"Riverside","area_sq_mi":6.562,"place_primary":"Unincorporated Riverside County","place_primary_share":null,"place_also":[],"places":[],"bbox":[-117.17424,33.97392,-117.08638,34.00429],"g22_asm":{"dem_pct":27.4,"margin_dem":-45.3,"votes_two_party":106,"winner":"Rep"},"g24_asm":{"dem_pct":31.8,"margin_dem":-36.4,"votes_two_party":132,"winner":"Rep"}},"geometry":{"type":"Polygon","coordinates":[[[-117.11009,33.97743],[-117.11127,33.978],[-117.11296,33.97973],[-117.11469,33.98087],[-117.11717,33.98119],[-117.1196,33.98089],[-117.12264,33.98038],[-117.12504,33.98057],[-117.12111,33.97903],[-117.13761,33.97544],[-117.15291,33.97542],[-117.15515,33.97772],[-117.15565,33.97953],[-117.15567,33.98162],[-117.17413,33.98973],[-117.172,34.00422],[-117.16787,34.00421],[-117.16633,34.00422],[-117.16546,34.00423],[-117.15976,34.00419],[-117.14962,34.00423],[-117.14221,34.00429],[-117.13137,34.00382],[-117.12358,34.00391],[-117.12129,34.00392],[-117.1298,33.99697],[-117.12246,33.98976],[-117.11885,33.98635],[-117.1082,33.99003],[-117.08645,33.98274],[-117.09531,33.97395],[-117.09915,33.97538],[-117.10289,33.97667],[-117.10657,33.97693],[-117.1093,33.97718],[-117.11009,33.97743]]]}},{"type":"Feature","properties":{"county_fips":65,"srprec":"529065","precinct_id":"065-529065","county_name":"Riverside","area_sq_mi":0.807,"place_primary":"Unincorporated Riverside County","place_primary_share":0.4,"place_also":[],"places":[{"name":"Calimesa","geoid":"0609864","kind":"city","pct":0.4}],"bbox":[-117.12533,33.9401,-117.03416,33.98121],"g22_asm":{"dem_pct":16.7,"margin_dem":-66.7,"votes_two_party":24,"winner":"Rep"},"g24_asm":{"dem_pct":28.0,"margin_dem":-44.0,"votes_two_party":50,"winner":"Rep"}},"geometry":{"type":"MultiPolygon","coordinates":[[[[-117.03828,33.94282],[-117.03816,33.94283],[-117.03816,33.94283],[-117.03801,33.94284],[-117.03714,33.94292],[-117.03563,33.94306],[-117.03556,33.94307],[-117.03556,33.94307],[-117.03549,33.94308],[-117.03443,33.94318],[-117.03417,33.94321],[-117.03417,33.94301],[-117.03417,33.94271],[-117.03417,33.94121],[-117.03416,33.9401],[-117.03828,33.94282]]],[[[-117.1093,33.97718],[-117.10863,33.97707],[-117.10702,33.97696],[-117.10677,33.97695],[-117.1065,33.97693],[-117.10547,33.97686],[-117.10455,33.9768],[-117.10289,33.97667],[-117.10233,33.97659],[-117.1016,33.97638],[-117.10039,33.9759],[-117.09896,33.97529],[-117.09627,33.97417],[-117.09578,33.97403],[-117.09531,33.97395],[-117.09504,33.97411],[-117.09425,33.97454],[-117.09385,33.97443],[-117.09192,33.97481],[-117.09028,33.97505],[-117.08963,33.97501],[-117.08957,33.975],[-117.08929,33.97498],[-117.08843,33.97486],[-117.0875,33.97445],[-117.08697,33.97432],[-117.0867,33.97426],[-117.08671,33.9742],[-117.08677,33.97397],[-117.08483,33.97289],[-117.08448,33.9729],[-117.0843,33.97292],[-117.08379,33.9729],[-117.08351,33.97282],[-117.0831,33.9726],[-117.08265,33.97221],[-117.08224,33.97183],[-117.08167,33.97143],[-117.08128,33.9712],[-117.08085,33.97098],[-117.07957,33.97029],[-117.07794,33.96939],[-117.07677,33.96869],[-117.07585,33.96805],[-117.07575,33.96798],[-117.07466,33.96708],[-117.07337,33.96595],[-117.1093,33.97718]]],[[[-117.1213,33.9617],[-117.12121,33.96852],[-117.12106,33.97547],[-117.12109,33.97746],[-117.12111,33.97903],[-117.12532,33.97926],[-117.12532,33.97989],[-117.12515,33.9806],[-117.12469,33.98047],[-117.12425,33.98039],[-117.12335,33.98033],[-117.12264,33.98038],[-117.12078,33.98069],[-117.12049,33.98073],[-117.12024,33.98078],[-117.1196,33.98089],[-117.11896,33.98099],[-117.11834,33.98107],[-117.11717,33.98119],[-117.11588,33.98113],[-117.11494,33.98094],[-117.1147,33.98087],[-117.11443,33.98077],[-117.11381,33.98044],[-117.11337,33.98012],[-117.11296,33.97973],[-117.1122,33.97894],[-117.11182,33.97849],[-117.11154,33.97819],[-117.11097,33.97784],[-117.11071,33.97771],[-117.11019,33.97746],[-117.1213,33.9617]]]]}},{"type":"Feature","properties":{"county_fips":65,"srprec":"530003","precinct_id":"065-530003","county_name":"Riverside","area_sq_mi":3.162,"place_primary":"Calimesa","place_primary_share":100.0,"place_also":[],"places":[{"name":"Calimesa","geoid":"0609864","kind":"city","pct":100.0}],"bbox":[-117.06971,33.97578,-117.03439,34.00479],"g22_asm":{"dem_pct":32.4,"margin_dem":-35.3,"votes_two_party":1567,"winner":"Rep"},"g24_asm":null},"geometry":{"type":"Polygon","coordinates":[[[-117.03939,33.97586],[-117.04692,33.9759],[-117.05009,33.97619],[-117.06926,33.98598],[-117.06896,33.98946],[-117.06886,33.99806],[-117.06889,33.9985],[-117.06877,33.99878],[-117.06875,33.99932],[-117.06859,34.00312],[-117.06771,34.00357],[-117.06516,34.00394],[-117.06326,34.00398],[-117.06023,34.00403],[-117.05233,34.00412],[-117.04407,34.00446],[-117.03828,34.00472],[-117.0388,33.99759],[-117.03875,33.99261],[-117.03873,33.99085],[-117.03507,33.9903],[-117.04516,33.99002],[-117.0475,33.98937],[-117.04872,33.98803],[-117.04747,33.98621],[-117.03958,33.98506],[-117.04015,33.98452],[-117.04118,33.98356],[-117.04456,33.98053],[-117.04471,33.9798],[-117.04346,33.97931],[-117.04017,33.97803],[-117.03749,33.977],[-117.03501,33.97581],[-117.03939,33.97586]]]}},{"type":"Feature","properties":{"county_fips":65,"srprec":"530017","precinct_id":"065-530017","county_name":"Riverside","area_sq_mi":6.731,"place_primary":"Calimesa","place_primary_share":99.8,"place_also":[],"places":[{"name":"Calimesa","geoid":"0609864","kind":"city","pct":99.8},{"name":"Beaumont","geoid":"0604758","kind":"city","pct":0.1}],"bbox":[-117.12984,33.95373,-117.01797,34.00402],"g22_asm":{"dem_pct":38.2,"margin_dem":-23.6,"votes_two_party":1136,"winner":"Rep"},"g24_asm":{"dem_pct":37.6,"margin_dem":-24.8,"votes_two_party":1647,"winner":"Rep"}},"geometry":{"type":"Polygon","coordinates":[[[-117.03644,33.9614],[-117.04294,33.96252],[-117.05585,33.96472],[-117.0724,33.96658],[-117.08046,33.97077],[-117.0831,33.9726],[-117.08661,33.97388],[-117.08691,33.98236],[-117.11249,33.98987],[-117.12246,33.98976],[-117.12129,34.0006],[-117.10687,34.004],[-117.08356,34.00385],[-117.06649,34.00392],[-117.06842,34.00318],[-117.06876,33.99911],[-117.06889,33.99857],[-117.06874,33.99797],[-117.06926,33.98598],[-117.0474,33.97588],[-117.03871,33.97584],[-117.03355,33.97457],[-117.03432,33.96822],[-117.03292,33.96733],[-117.031,33.96639],[-117.0291,33.96506],[-117.02684,33.96276],[-117.02471,33.96108],[-117.02466,33.95946],[-117.02465,33.95436],[-117.0196,33.95401],[-117.01811,33.95376],[-117.03382,33.9539],[-117.03636,33.96138],[-117.03644,33.9614]],[[-117.03633,33.97094],[-117.03763,33.9715],[-117.03808,33.97074],[-117.03777,33.97051],[-117.03633,33.97094]]]}},{"type":"Feature","properties":{"county_fips":65,"srprec":"530023","precinct_id":"065-530023","county_name":"Riverside","area_sq_mi":2.706,"place_primary":"Calimesa","place_primary_share":99.9,"place_also":[],"places":[{"name":"Calimesa","geoid":"0609864","kind":"city","pct":99.9}],"bbox":[-117.03884,33.98937,-116.98982,34.00488],"g22_asm":{"dem_pct":25.8,"margin_dem":-48.5,"votes_two_party":691,"winner":"Rep"},"g24_asm":{"dem_pct":28.2,"margin_dem":-43.6,"votes_two_party":1032,"winner":"Rep"}},"geometry":{"type":"Polygon","coordinates":[[[-117.03874,33.99942],[-117.03653,34.00479],[-117.03446,34.00488],[-117.03228,34.00484],[-117.02957,34.00476],[-117.0261,34.00469],[-117.02474,34.00464],[-117.02352,34.00462],[-117.02217,34.00461],[-117.02083,34.00455],[-117.01889,34.00453],[-117.01767,34.00447],[-117.01578,34.00446],[-117.00857,34.00432],[-116.99872,34.00439],[-116.99432,34.00094],[-116.98984,33.99943],[-116.98985,33.9979],[-116.98986,33.997],[-116.99017,33.99183],[-116.99025,33.99027],[-116.99879,33.99026],[-117.00902,33.99003],[-117.01196,33.98985],[-117.01643,33.98958],[-117.02577,33.98956],[-117.02685,33.98945],[-117.03441,33.98963],[-117.03505,33.99037],[-117.03873,33.99085],[-117.03874,33.99214],[-117.03879,33.9973],[-117.03873,33.99749],[-117.03883,33.99942],[-117.03874,33.99942]]]}},{"type":"Feature","properties":{"county_fips":65,"srprec":"530034","precinct_id":"065-530034","county_name":"Riverside","area_sq_mi":0.139,"place_primary":"Calimesa","place_primary_share":99.7,"place_also":[],"places":[{"name":"Calimesa","geoid":"0609864","kind":"city","pct":99.7}],"bbox":[-117.03808,33.96226,-117.0259,33.97589],"g22_asm":{"dem_pct":100.0,"margin_dem":100.0,"votes_two_party":2,"winner":"Dem"},"g24_asm":null},"geometry":{"type":"MultiPolygon","coordinates":[[[[-117.02614,33.96256],[-117.0259,33.96226],[-117.0265,33.96258],[-117.02614,33.96256]]],[[[-117.02684,33.96276],[-117.02762,33.96318],[-117.02783,33.9633],[-117.02791,33.96334],[-117.02791,33.96335],[-117.02763,33.96319],[-117.02653,33.9626],[-117.02651,33.96258],[-117.02684,33.96276]]],[[[-117.03426,33.9691],[-117.03436,33.97132],[-117.03345,33.97142],[-117.0335,33.97179],[-117.0335,33.9718],[-117.03355,33.97457],[-117.03355,33.97457],[-117.03363,33.97587],[-117.03357,33.97587],[-117.02926,33.97589],[-117.02926,33.97587],[-117.02925,33.97525],[-117.02925,33.97515],[-117.02924,33.97455],[-117.02923,33.97411],[-117.02923,33.97373],[-117.0292,33.972],[-117.02915,33.9686],[-117.02914,33.96852],[-117.0297,33.96851],[-117.02977,33.9685],[-117.03007,33.9685],[-117.03102,33.96848],[-117.03227,33.96845],[-117.03228,33.96845],[-117.03252,33.96844],[-117.03339,33.96842],[-117.03354,33.96842],[-117.03369,33.96841],[-117.03383,33.96841],[-117.03395,33.96838],[-117.03418,33.96833],[-117.03416,33.96831],[-117.03436,33.96831],[-117.03417,33.968],[-117.03417,33.96799],[-117.03432,33.96822],[-117.03443,33.96844],[-117.0344,33.96844],[-117.03431,33.96845],[-117.03429,33.96845],[-117.03423,33.96845],[-117.03426,33.9691]]],[[[-117.03763,33.9715],[-117.03633,33.97094],[-117.03777,33.97051],[-117.03808,33.97074],[-117.03763,33.9715]]]]}},{"type":"Feature","properties":{"county_fips":65,"srprec":"530038","precinct_id":"065-530038","county_name":"Riverside","area_sq_mi":0.734,"place_primary":"Calimesa","place_primary_share":100.0,"place_also":[],"places":[{"name":"Calimesa","geoid":"0609864","kind":"city","pct":100.0}],"bbox":[-117.05008,33.97582,-117.01629,33.99033],"g22_asm":{"dem_pct":32.4,"margin_dem":-35.3,"votes_two_party":519,"winner":"Rep"},"g24_asm":{"dem_pct":28.7,"margin_dem":-42.6,"votes_two_party":655,"winner":"Rep"}},"geometry":{"type":"Polygon","coordinates":[[[-117.03441,33.97883],[-117.03439,33.97592],[-117.03457,33.97587],[-117.03678,33.9767],[-117.03797,33.9772],[-117.03947,33.97777],[-117.04017,33.97803],[-117.04247,33.97889],[-117.04305,33.97914],[-117.04399,33.97951],[-117.04446,33.97969],[-117.04481,33.97986],[-117.0451,33.98019],[-117.04456,33.98053],[-117.04395,33.98097],[-117.04148,33.98327],[-117.04046,33.98421],[-117.04022,33.98444],[-117.0401,33.98457],[-117.03992,33.98474],[-117.03958,33.98506],[-117.04109,33.98625],[-117.04178,33.98639],[-117.05008,33.9862],[-117.04926,33.98748],[-117.04843,33.9881],[-117.04818,33.98877],[-117.0475,33.98937],[-117.04766,33.98982],[-117.04718,33.98996],[-117.03873,33.99016],[-117.03537,33.99029],[-117.03439,33.99033],[-117.03364,33.98963],[-117.02685,33.98945],[-117.02619,33.98955],[-117.02528,33.98951],[-117.01629,33.98958],[-117.01635,33.98624],[-117.02946,33.98612],[-117.03357,33.98608],[-117.03441,33.98311],[-117.03441,33.97883]]]}},{"type":"Feature","properties":{"county_fips":65,"srprec":"540001","precinct_id":"065-540001","county_name":"Riverside","area_sq_mi":1.641,"place_primary":"Beaumont","place_primary_share":99.7,"place_also":[],"places":[{"name":"Beaumont","geoid":"0604758","kind":"city","pct":99.7}],"bbox":[-117.07099,33.94282,-117.03387,33.96538],"g22_asm":{"dem_pct":41.8,"margin_dem":-16.4,"votes_two_party":1608,"winner":"Rep"},"g24_asm":{"dem_pct":42.1,"margin_dem":-15.9,"votes_two_party":2743,"winner":"Rep"}},"geometry":{"type":"Polygon","coordinates":[[[-117.07099,33.96438],[-117.06779,33.96487],[-117.06671,33.96504],[-117.06382,33.96534],[-117.06141,33.96523],[-117.05585,33.96472],[-117.05487,33.96458],[-117.0542,33.96447],[-117.05106,33.96393],[-117.04812,33.96341],[-117.04624,33.96309],[-117.04261,33.96246],[-117.04166,33.9623],[-117.04102,33.96219],[-117.03955,33.96193],[-117.03666,33.96144],[-117.03644,33.9614],[-117.03616,33.96135],[-117.03434,33.96103],[-117.0343,33.95804],[-117.03427,33.95575],[-117.03425,33.95416],[-117.03423,33.95191],[-117.03438,33.95105],[-117.03387,33.94985],[-117.0342,33.948],[-117.03421,33.94667],[-117.03421,33.94665],[-117.03417,33.94326],[-117.03443,33.94318],[-117.03556,33.94307],[-117.03563,33.94306],[-117.03801,33.94284],[-117.03816,33.94283],[-117.07099,33.96438]]]}},{"type":"Feature","properties":{"county_fips":65,"srprec":"540003","precinct_id":"065-540003","county_name":"Riverside","area_sq_mi":1.022,"place_primary":"Beaumont","place_primary_share":100.0,"place_also":[],"places":[{"name":"Beaumont","geoid":"0604758","kind":"city","pct":100.0}],"bbox":[-117.03472,33.94321,-117.00455,33.96143],"g22_asm":{"dem_pct":39.4,"margin_dem":-21.1,"votes_two_party":989,"winner":"Rep"},"g24_asm":{"dem_pct":39.1,"margin_dem":-21.8,"votes_two_party":1493,"winner":"Rep"}},"geometry":{"type":"Polygon","coordinates":[[[-117.0342,33.94744],[-117.03472,33.95143],[-117.02582,33.95397],[-117.01803,33.95373],[-117.01735,33.95377],[-117.01677,33.95393],[-117.01646,33.95406],[-117.01625,33.95419],[-117.01609,33.95431],[-117.01575,33.9546],[-117.01551,33.95534],[-117.01663,33.95607],[-117.01963,33.95872],[-117.02126,33.95916],[-117.02375,33.96105],[-117.02271,33.9613],[-117.02186,33.96138],[-117.01847,33.96139],[-117.01498,33.96141],[-117.012,33.96114],[-117.01216,33.95787],[-117.01226,33.95403],[-117.01001,33.95105],[-117.00569,33.94782],[-117.0046,33.94675],[-117.00525,33.94676],[-117.01149,33.94695],[-117.01756,33.94759],[-117.01801,33.94726],[-117.02074,33.9464],[-117.02241,33.94556],[-117.02381,33.94646],[-117.02636,33.94404],[-117.03417,33.94326],[-117.0342,33.94744]]]}},{"type":"Feature","properties":{"county_fips":65,"srprec":"540005","precinct_id":"065-540005","county_name":"Riverside","area_sq_mi":0.613,"place_primary":"Beaumont","place_primary_share":99.9,"place_also":[],"places":[{"name":"Beaumont","geoid":"0604758","kind":"city","pct":99.9}],"bbox":[-117.03417,33.93019,-117.01654,33.94406],"g22_asm":{"dem_pct":48.0,"margin_dem":-3.9,"votes_two_party":304,"winner":"Rep"},"g24_asm":{"dem_pct":44.9,"margin_dem":-10.2,"votes_two_party":1365,"winner":"Rep"}},"geometry":{"type":"Polygon","coordinates":[[[-117.02118,33.93209],[-117.02118,33.93332],[-117.02111,33.93333],[-117.02111,33.93344],[-117.02111,33.9336],[-117.02112,33.93395],[-117.02335,33.93346],[-117.02334,33.93298],[-117.02334,33.93297],[-117.02336,33.93298],[-117.03416,33.9401],[-117.03417,33.94121],[-117.03417,33.94271],[-117.03417,33.94301],[-117.03417,33.94321],[-117.03396,33.94323],[-117.03061,33.94356],[-117.0302,33.9436],[-117.02958,33.94366],[-117.02941,33.94367],[-117.02913,33.9437],[-117.02703,33.9439],[-117.02569,33.94401],[-117.02548,33.94402],[-117.02522,33.94403],[-117.02452,33.94406],[-117.0225,33.94401],[-117.02176,33.944],[-117.02115,33.94399],[-117.01984,33.94395],[-117.01954,33.94395],[-117.01954,33.94395],[-117.01874,33.94393],[-117.01749,33.9439],[-117.01691,33.94389],[-117.0169,33.9437],[-117.01687,33.94314],[-117.01691,33.94203],[-117.0169,33.94151],[-117.01689,33.94094],[-117.01687,33.94008],[-117.01685,33.93751],[-117.01683,33.93714],[-117.01675,33.9359],[-117.0169,33.93373],[-117.01674,33.93373],[-117.01674,33.93373],[-117.01674,33.9336],[-117.01673,33.93336],[-117.0167,33.93265],[-117.01669,33.93227],[-117.01667,33.9318],[-117.01666,33.93129],[-117.01654,33.93019],[-117.02118,33.93209]]]}},{"type":"Feature","properties":{"county_fips":65,"srprec":"540013","precinct_id":"065-540013","county_name":"Riverside","area_sq_mi":1.916,"place_primary":"Banning","place_primary_share":51.5,"place_also":["Beaumont"],"places":[{"name":"Banning","geoid":"0603820","kind":"city","pct":51.5},{"name":"Beaumont","geoid":"0604758","kind":"city","pct":48.5}],"bbox":[-117.01319,33.93254,-116.92946,33.96148],"g22_asm":{"dem_pct":41.3,"margin_dem":-17.3,"votes_two_party":1599,"winner":"Rep"},"g24_asm":{"dem_pct":42.8,"margin_dem":-14.5,"votes_two_party":1819,"winner":"Rep"}},"geometry":{"type":"MultiPolygon","coordinates":[[[[-116.94701,33.94656],[-116.94699,33.94707],[-116.94699,33.94711],[-116.947,33.94722],[-116.947,33.94726],[-116.947,33.94726],[-116.94527,33.94727],[-116.94119,33.94728],[-116.9402,33.94729],[-116.94007,33.94729],[-116.93834,33.94729],[-116.93736,33.9473],[-116.9308,33.94731],[-116.92979,33.94731],[-116.92954,33.94716],[-116.92946,33.94723],[-116.92946,33.94723],[-116.92946,33.94711],[-116.92946,33.94707],[-116.92952,33.93751],[-116.92955,33.937],[-116.92959,33.93626],[-116.92959,33.93595],[-116.92956,33.93386],[-116.92959,33.93279],[-116.92959,33.93262],[-116.92959,33.93254],[-116.92966,33.93254],[-116.92971,33.93254],[-116.93039,33.93255],[-116.93244,33.93259],[-116.93312,33.93261],[-116.93359,33.93262],[-116.9338,33.93262],[-116.93502,33.93264],[-116.9355,33.93265],[-116.93593,33.93265],[-116.93718,33.93268],[-116.93721,33.93268],[-116.93764,33.93269],[-116.93816,33.93269],[-116.93829,33.93269],[-116.93949,33.93271],[-116.94504,33.9328],[-116.94688,33.93283],[-116.94687,33.93346],[-116.9469,33.93568],[-116.94692,33.93698],[-116.94691,33.93764],[-116.94692,33.93822],[-116.94692,33.93977],[-116.94693,33.94008],[-116.94694,33.94024],[-116.94694,33.94042],[-116.94697,33.9416],[-116.94697,33.94333],[-116.94697,33.9435],[-116.94698,33.94422],[-116.947,33.94601],[-116.94701,33.94656]],[[-116.93277,33.93583],[-116.93334,33.93584],[-116.93353,33.93585],[-116.93354,33.9357],[-116.93353,33.93559],[-116.93352,33.93544],[-116.9334,33.93514],[-116.93329,33.93489],[-116.93328,33.93486],[-116.93322,33.93471],[-116.9332,33.93462],[-116.93317,33.93444],[-116.93315,33.93433],[-116.93313,33.93391],[-116.93313,33.93373],[-116.93293,33.93373],[-116.93264,33.93373],[-116.93236,33.93372],[-116.93217,33.93372],[-116.93199,33.93372],[-116.93143,33.93371],[-116.93125,33.93371],[-116.93124,33.93388],[-116.93125,33.93414],[-116.93126,33.9342],[-116.93128,33.9344],[-116.93138,33.9348],[-116.93144,33.93498],[-116.93155,33.9352],[-116.93162,33.93538],[-116.93162,33.9354],[-116.93165,33.93558],[-116.93165,33.93581],[-116.93184,33.93582],[-116.9324,33.93582],[-116.93259,33.93583],[-116.93277,33.93583]]],[[[-116.99112,33.96085],[-116.99417,33.95776],[-116.99512,33.95511],[-116.99848,33.95443],[-116.99756,33.95094],[-116.99706,33.94965],[-116.99642,33.94989],[-116.99638,33.95037],[-116.9952,33.95066],[-116.99445,33.95031],[-116.99496,33.94963],[-116.99515,33.94858],[-116.99571,33.94732],[-116.99724,33.94701],[-116.99991,33.94638],[-117.00312,33.94486],[-117.00516,33.9439],[-117.00659,33.94368],[-117.00814,33.94585],[-117.00525,33.94676],[-117.0046,33.94675],[-117.00569,33.94782],[-117.01001,33.95105],[-117.01226,33.95403],[-117.01216,33.95787],[-117.012,33.96114],[-117.0083,33.96146],[-117.0069,33.96054],[-117.00552,33.95869],[-117.00529,33.95865],[-117.00262,33.95985],[-117.00126,33.96056],[-117.00026,33.96064],[-116.99843,33.96148],[-116.99168,33.96146],[-116.99112,33.96085]]]]}},{"type":"Feature","properties":{"county_fips":65,"srprec":"540017","precinct_id":"065-540017","county_name":"Riverside","area_sq_mi":0.994,"place_primary":"Beaumont","place_primary_share":99.7,"place_also":[],"places":[{"name":"Beaumont","geoid":"0604758","kind":"city","pct":99.7},{"name":"Cherry Valley","geoid":"0612916","kind":"cdp","pct":0.3}],"bbox":[-116.97727,33.94017,-116.96428,33.96151],"g22_asm":{"dem_pct":39.7,"margin_dem":-20.6,"votes_two_party":1303,"winner":"Rep"},"g24_asm":null},"geometry":{"type":"Polygon","coordinates":[[[-116.97725,33.95214],[-116.97727,33.96146],[-116.97344,33.96147],[-116.97146,33.96149],[-116.97069,33.96149],[-116.96905,33.9615],[-116.96862,33.95819],[-116.96735,33.95788],[-116.96644,33.95701],[-116.96645,33.95608],[-116.96647,33.95551],[-116.96576,33.95537],[-116.96491,33.95427],[-116.96429,33.95357],[-116.96431,33.95053],[-116.96432,33.94968],[-116.96433,33.94853],[-116.96435,33.94721],[-116.96436,33.94704],[-116.96438,33.9447],[-116.96437,33.9428],[-116.96437,33.94177],[-116.96436,33.94056],[-116.96608,33.94042],[-116.96608,33.94021],[-116.96832,33.94019],[-116.97,33.94018],[-116.97138,33.94018],[-116.97186,33.94018],[-116.97301,33.94018],[-116.97442,33.94017],[-116.97603,33.94017],[-116.97719,33.94082],[-116.9772,33.94464],[-116.97721,33.94567],[-116.97721,33.9463],[-116.97721,33.94711],[-116.97721,33.94887],[-116.97725,33.95214]]]}},{"type":"Feature","properties":{"county_fips":65,"srprec":"540018","precinct_id":"065-540018","county_name":"Riverside","area_sq_mi":0.79,"place_primary":"Beaumont","place_primary_share":100.0,"place_also":[],"places":[{"name":"Beaumont","geoid":"0604758","kind":"city","pct":100.0}],"bbox":[-117.00564,33.9313,-116.98366,33.94702],"g22_asm":{"dem_pct":36.3,"margin_dem":-27.3,"votes_two_party":567,"winner":"Rep"},"g24_asm":{"dem_pct":34.6,"margin_dem":-30.8,"votes_two_party":957,"winner":"Rep"}},"geometry":{"type":"Polygon","coordinates":[[[-116.98668,33.93192],[-116.99004,33.93364],[-116.9907,33.9339],[-116.9924,33.93478],[-116.99617,33.93734],[-116.99972,33.94104],[-117.00008,33.94078],[-117.00075,33.9411],[-117.00236,33.94239],[-117.00452,33.94333],[-117.00562,33.94353],[-117.00516,33.9439],[-117.00373,33.94456],[-117.00149,33.94563],[-116.9994,33.94658],[-116.9965,33.94702],[-116.99551,33.94702],[-116.99158,33.94699],[-116.98858,33.94698],[-116.98445,33.94643],[-116.9842,33.94479],[-116.98383,33.94414],[-116.98366,33.94375],[-116.98414,33.9432],[-116.98416,33.94295],[-116.98415,33.94123],[-116.98414,33.94024],[-116.98413,33.93777],[-116.98413,33.93745],[-116.98413,33.93615],[-116.98412,33.93547],[-116.98412,33.93451],[-116.98412,33.93306],[-116.98471,33.93245],[-116.98501,33.93246],[-116.98528,33.93214],[-116.98573,33.93157],[-116.98668,33.93192]]]}},{"type":"Feature","properties":{"county_fips":65,"srprec":"540021","precinct_id":"065-540021","county_name":"Riverside","area_sq_mi":0.649,"place_primary":"Beaumont","place_primary_share":100.0,"place_also":[],"places":[{"name":"Beaumont","geoid":"0604758","kind":"city","pct":100.0}],"bbox":[-116.96958,33.9325,-116.95475,33.94995],"g22_asm":{"dem_pct":51.1,"margin_dem":2.2,"votes_two_party":1113,"winner":"Dem"},"g24_asm":null},"geometry":{"type":"Polygon","coordinates":[[[-116.95891,33.94805],[-116.95653,33.94772],[-116.95896,33.94753],[-116.9594,33.94688],[-116.95968,33.94639],[-116.959,33.94614],[-116.95798,33.94568],[-116.95695,33.94536],[-116.95596,33.94521],[-116.95545,33.94401],[-116.95557,33.94268],[-116.95597,33.94186],[-116.95668,33.94098],[-116.95741,33.94016],[-116.95775,33.93899],[-116.95759,33.93802],[-116.95689,33.93702],[-116.95603,33.93639],[-116.95475,33.93604],[-116.95557,33.93254],[-116.95866,33.93252],[-116.96048,33.93251],[-116.9641,33.9325],[-116.96605,33.93273],[-116.96607,33.93436],[-116.96744,33.93558],[-116.96886,33.93558],[-116.96956,33.93711],[-116.96752,33.94019],[-116.96608,33.94041],[-116.96436,33.941],[-116.96438,33.94248],[-116.9644,33.94565],[-116.96435,33.9472],[-116.96433,33.94872],[-116.9562,33.94904],[-116.95596,33.94784],[-116.95891,33.94805]]]}},{"type":"Feature","properties":{"county_fips":65,"srprec":"540027","precinct_id":"065-540027","county_name":"Riverside","area_sq_mi":0.758,"place_primary":"Beaumont","place_primary_share":100.0,"place_also":[],"places":[{"name":"Beaumont","geoid":"0604758","kind":"city","pct":100.0}],"bbox":[-116.98417,33.92711,-116.96604,33.94502],"g22_asm":{"dem_pct":36.8,"margin_dem":-26.5,"votes_two_party":661,"winner":"Rep"},"g24_asm":{"dem_pct":38.2,"margin_dem":-23.6,"votes_two_party":720,"winner":"Rep"}},"geometry":{"type":"MultiPolygon","coordinates":[[[[-116.97237,33.92723],[-116.97714,33.92757],[-116.97713,33.92817],[-116.97717,33.93124],[-116.97858,33.93247],[-116.98066,33.93246],[-116.98231,33.93247],[-116.98275,33.93369],[-116.98275,33.93553],[-116.98344,33.93707],[-116.98413,33.93756],[-116.98414,33.93987],[-116.98415,33.9411],[-116.98296,33.94126],[-116.98204,33.94318],[-116.9818,33.94315],[-116.98185,33.94437],[-116.98001,33.945],[-116.97916,33.94342],[-116.97861,33.94016],[-116.97575,33.94017],[-116.97329,33.94018],[-116.97182,33.94018],[-116.97028,33.94018],[-116.96956,33.93588],[-116.96849,33.93558],[-116.96674,33.93557],[-116.96607,33.93396],[-116.96605,33.93251],[-116.96604,33.92812],[-116.96604,33.9275],[-116.96695,33.92743],[-116.96784,33.92742],[-116.96916,33.92739],[-116.97216,33.92724],[-116.97237,33.92723]]],[[[-116.98416,33.94295],[-116.98416,33.94299],[-116.98417,33.94301],[-116.98416,33.94302],[-116.98416,33.94295]]]]}},{"type":"Feature","properties":{"county_fips":65,"srprec":"540032","precinct_id":"065-540032","county_name":"Riverside","area_sq_mi":0.239,"place_primary":"Beaumont","place_primary_share":100.0,"place_also":[],"places":[{"name":"Beaumont","geoid":"0604758","kind":"city","pct":100.0}],"bbox":[-116.95775,33.93601,-116.94693,33.9452],"g22_asm":{"dem_pct":41.8,"margin_dem":-16.3,"votes_two_party":490,"winner":"Rep"},"g24_asm":null},"geometry":{"type":"Polygon","coordinates":[[[-116.95169,33.93855],[-116.95166,33.93713],[-116.95156,33.93679],[-116.95232,33.9365],[-116.95261,33.93635],[-116.95292,33.93621],[-116.95362,33.93605],[-116.9541,33.93601],[-116.95475,33.93604],[-116.95536,33.93616],[-116.95603,33.93639],[-116.9566,33.93676],[-116.95689,33.93702],[-116.95729,33.93747],[-116.95759,33.93802],[-116.95773,33.9386],[-116.95775,33.93899],[-116.95765,33.93959],[-116.95741,33.94016],[-116.95703,33.94068],[-116.95668,33.94098],[-116.95643,33.94124],[-116.95597,33.94186],[-116.95576,33.94225],[-116.95557,33.94268],[-116.95544,33.94351],[-116.95545,33.94401],[-116.95482,33.94513],[-116.95412,33.94496],[-116.95218,33.94454],[-116.95019,33.94413],[-116.94827,33.94365],[-116.9475,33.94352],[-116.94727,33.9435],[-116.94697,33.94333],[-116.94694,33.94024],[-116.94955,33.94014],[-116.95073,33.94016],[-116.95086,33.93989],[-116.95109,33.93962],[-116.95146,33.93946],[-116.95169,33.93855]]]}},{"type":"Feature","properties":{"county_fips":65,"srprec":"540038","precinct_id":"065-540038","county_name":"Riverside","area_sq_mi":0.548,"place_primary":"Beaumont","place_primary_share":100.0,"place_also":[],"places":[{"name":"Beaumont","geoid":"0604758","kind":"city","pct":100.0}],"bbox":[-116.98828,33.92166,-116.96602,33.9313],"g22_asm":{"dem_pct":63.6,"margin_dem":27.3,"votes_two_party":55,"winner":"Dem"},"g24_asm":null},"geometry":{"type":"Polygon","coordinates":[[[-116.98571,33.92166],[-116.988,33.92167],[-116.98827,33.92298],[-116.98828,33.92627],[-116.98819,33.92819],[-116.98785,33.92872],[-116.98722,33.92955],[-116.98629,33.93082],[-116.98575,33.93112],[-116.98523,33.93064],[-116.98473,33.93014],[-116.98357,33.92904],[-116.98295,33.92859],[-116.98234,33.92821],[-116.98134,33.92775],[-116.98075,33.92756],[-116.98058,33.9275],[-116.97973,33.9273],[-116.97904,33.92717],[-116.97845,33.92712],[-116.97237,33.92723],[-116.97156,33.92728],[-116.96914,33.92739],[-116.96784,33.92742],[-116.96716,33.92743],[-116.96604,33.92744],[-116.96605,33.92673],[-116.96604,33.92481],[-116.96602,33.92205],[-116.96882,33.92172],[-116.97048,33.92173],[-116.97169,33.92172],[-116.97298,33.92171],[-116.97512,33.92173],[-116.97853,33.9217],[-116.98106,33.92168],[-116.9829,33.92167],[-116.98541,33.92166],[-116.98571,33.92166]]]}},{"type":"Feature","properties":{"county_fips":65,"srprec":"540041","precinct_id":"065-540041","county_name":"Riverside","area_sq_mi":0.938,"place_primary":"Beaumont","place_primary_share":99.8,"place_also":[],"places":[{"name":"Beaumont","geoid":"0604758","kind":"city","pct":99.8},{"name":"Cherry Valley","geoid":"0612916","kind":"cdp","pct":0.2}],"bbox":[-116.96432,33.9435,-116.94681,33.9616],"g22_asm":{"dem_pct":52.2,"margin_dem":4.4,"votes_two_party":1509,"winner":"Dem"},"g24_asm":{"dem_pct":51.7,"margin_dem":3.4,"votes_two_party":2618,"winner":"Dem"}},"geometry":{"type":"Polygon","coordinates":[[[-116.96432,33.95025],[-116.9643,33.9515],[-116.96427,33.95514],[-116.96427,33.9561],[-116.96425,33.9579],[-116.96424,33.95927],[-116.96423,33.96044],[-116.96421,33.96151],[-116.96398,33.96156],[-116.95903,33.96158],[-116.95409,33.96158],[-116.95359,33.95976],[-116.95167,33.95883],[-116.95118,33.95794],[-116.94684,33.95698],[-116.94687,33.95396],[-116.9469,33.95145],[-116.947,33.94726],[-116.94701,33.94656],[-116.94727,33.9435],[-116.94799,33.94359],[-116.95138,33.94437],[-116.95412,33.94496],[-116.95543,33.9452],[-116.95596,33.94521],[-116.9568,33.94533],[-116.95768,33.94557],[-116.95856,33.94594],[-116.9593,33.94626],[-116.95946,33.94644],[-116.95926,33.94678],[-116.95911,33.94708],[-116.95544,33.94757],[-116.9562,33.94904],[-116.96432,33.95025]]]}},{"type":"Feature","properties":{"county_fips":65,"srprec":"540045","precinct_id":"065-540045","county_name":"Riverside","area_sq_mi":2.167,"place_primary":"Beaumont","place_primary_share":99.5,"place_also":[],"places":[{"name":"Beaumont","geoid":"0604758","kind":"city","pct":99.5},{"name":"Banning","geoid":"0603820","kind":"city","pct":0.1}],"bbox":[-116.96839,33.88841,-116.94042,33.92182],"g22_asm":{"dem_pct":48.4,"margin_dem":-3.1,"votes_two_party":2576,"winner":"Rep"},"g24_asm":{"dem_pct":50.5,"margin_dem":1.0,"votes_two_party":2839,"winner":"Dem"}},"geometry":{"type":"Polygon","coordinates":[[[-116.96249,33.88941],[-116.95789,33.88975],[-116.95791,33.9008],[-116.95977,33.90363],[-116.96412,33.90449],[-116.96412,33.9076],[-116.96411,33.90948],[-116.96765,33.90932],[-116.96824,33.90978],[-116.96832,33.9113],[-116.96838,33.91219],[-116.96806,33.91339],[-116.96663,33.91332],[-116.96426,33.91344],[-116.96327,33.91406],[-116.96277,33.91488],[-116.96189,33.91705],[-116.96159,33.91833],[-116.96413,33.91827],[-116.96407,33.91881],[-116.96408,33.92161],[-116.95894,33.92182],[-116.9592,33.92033],[-116.95985,33.91929],[-116.95997,33.91856],[-116.95947,33.91855],[-116.95697,33.91835],[-116.94984,33.91837],[-116.94671,33.91816],[-116.94659,33.91336],[-116.94654,33.9098],[-116.94645,33.90527],[-116.94638,33.90455],[-116.94629,33.90375],[-116.94042,33.89758],[-116.94049,33.88889],[-116.9569,33.88858],[-116.96249,33.88941]]]}},{"type":"Feature","properties":{"county_fips":65,"srprec":"540048","precinct_id":"065-540048","county_name":"Riverside","area_sq_mi":1.135,"place_primary":"Beaumont","place_primary_share":100.0,"place_also":[],"places":[{"name":"Beaumont","geoid":"0604758","kind":"city","pct":100.0}],"bbox":[-116.96605,33.91831,-116.94671,33.94017],"g22_asm":{"dem_pct":48.7,"margin_dem":-2.6,"votes_two_party":702,"winner":"Rep"},"g24_asm":{"dem_pct":52.1,"margin_dem":4.3,"votes_two_party":798,"winner":"Dem"}},"geometry":{"type":"Polygon","coordinates":[[[-116.96605,33.92726],[-116.96604,33.92758],[-116.96604,33.92812],[-116.96605,33.93189],[-116.9641,33.9325],[-116.9612,33.93251],[-116.95937,33.93252],[-116.95814,33.93252],[-116.955,33.93413],[-116.95458,33.93603],[-116.95362,33.93605],[-116.95267,33.93633],[-116.95207,33.93662],[-116.95166,33.93713],[-116.95158,33.93943],[-116.951,33.9397],[-116.95073,33.94016],[-116.94693,33.94008],[-116.9469,33.93568],[-116.94683,33.9301],[-116.94684,33.92907],[-116.94685,33.92763],[-116.94683,33.92704],[-116.94678,33.92603],[-116.94677,33.92329],[-116.94672,33.92177],[-116.94675,33.9205],[-116.94672,33.91864],[-116.95036,33.91838],[-116.95721,33.91851],[-116.95997,33.91833],[-116.95985,33.91929],[-116.95906,33.92057],[-116.96413,33.92324],[-116.96605,33.92673],[-116.96605,33.92726]]]}},{"type":"Feature","properties":{"county_fips":65,"srprec":"540064","precinct_id":"065-540064","county_name":"Riverside","area_sq_mi":0.136,"place_primary":"Beaumont","place_primary_share":100.0,"place_also":[],"places":[{"name":"Beaumont","geoid":"0604758","kind":"city","pct":100.0}],"bbox":[-116.98594,33.92711,-116.97713,33.93247],"g22_asm":{"dem_pct":46.3,"margin_dem":-7.5,"votes_two_party":67,"winner":"Rep"},"g24_asm":{"dem_pct":53.2,"margin_dem":6.3,"votes_two_party":252,"winner":"Dem"}},"geometry":{"type":"Polygon","coordinates":[[[-116.98589,33.93137],[-116.98561,33.93172],[-116.98528,33.93214],[-116.98509,33.93241],[-116.985,33.93246],[-116.98486,33.93245],[-116.98426,33.93214],[-116.984,33.93201],[-116.98347,33.93172],[-116.9828,33.93166],[-116.98203,33.93247],[-116.98107,33.93247],[-116.97997,33.93247],[-116.97886,33.93247],[-116.97789,33.93246],[-116.97716,33.93216],[-116.97716,33.93063],[-116.97714,33.92909],[-116.97713,33.92782],[-116.97713,33.92762],[-116.97716,33.92711],[-116.979,33.92717],[-116.97904,33.92717],[-116.97934,33.92722],[-116.97985,33.92732],[-116.98056,33.9275],[-116.98063,33.92752],[-116.98075,33.92756],[-116.981,33.92764],[-116.98157,33.92784],[-116.98223,33.92815],[-116.9826,33.92835],[-116.98295,33.92859],[-116.98336,33.92886],[-116.9839,33.92935],[-116.98463,33.93004],[-116.98494,33.93035],[-116.98523,33.93064],[-116.98559,33.93098],[-116.98585,33.93121],[-116.98589,33.93137]]]}},{"type":"Feature","properties":{"county_fips":65,"srprec":"540070","precinct_id":"065-540070","county_name":"Riverside","area_sq_mi":1.295,"place_primary":"Beaumont","place_primary_share":99.9,"place_also":[],"places":[{"name":"Beaumont","geoid":"0604758","kind":"city","pct":99.9}],"bbox":[-117.00961,33.91317,-116.96156,33.93353],"g22_asm":{"dem_pct":36.9,"margin_dem":-26.2,"votes_two_party":336,"winner":"Rep"},"g24_asm":{"dem_pct":39.6,"margin_dem":-20.7,"votes_two_party":623,"winner":"Rep"}},"geometry":{"type":"Polygon","coordinates":[[[-116.9902,33.91837],[-116.99455,33.92072],[-116.99885,33.92416],[-116.99904,33.92637],[-117.00199,33.92629],[-117.00342,33.92635],[-117.00461,33.92622],[-117.00524,33.92625],[-117.00815,33.93315],[-117.00903,33.93353],[-116.99773,33.93325],[-116.99371,33.9333],[-116.99093,33.93319],[-116.98847,33.9324],[-116.9865,33.9317],[-116.9872,33.92957],[-116.98797,33.92855],[-116.98828,33.92627],[-116.98828,33.92181],[-116.98541,33.92166],[-116.98157,33.92168],[-116.97787,33.92171],[-116.97386,33.91995],[-116.97167,33.92172],[-116.9691,33.92172],[-116.96603,33.92325],[-116.9643,33.92648],[-116.96408,33.92108],[-116.96302,33.9183],[-116.96261,33.91575],[-116.96333,33.914],[-116.96711,33.91336],[-116.97274,33.91326],[-116.97304,33.91865],[-116.97798,33.91874],[-116.98583,33.9188],[-116.9902,33.91837]]]}},{"type":"Feature","properties":{"county_fips":65,"srprec":"540081","precinct_id":"065-540081","county_name":"Riverside","area_sq_mi":0.09,"place_primary":"Beaumont","place_primary_share":100.0,"place_also":[],"places":[{"name":"Beaumont","geoid":"0604758","kind":"city","pct":100.0}],"bbox":[-117.03061,33.94356,-117.01678,33.94759],"g22_asm":{"dem_pct":47.2,"margin_dem":-5.5,"votes_two_party":163,"winner":"Rep"},"g24_asm":null},"geometry":{"type":"Polygon","coordinates":[[[-117.02209,33.94546],[-117.02178,33.94577],[-117.02149,33.946],[-117.02132,33.94614],[-117.02074,33.9464],[-117.02026,33.94658],[-117.0201,33.94662],[-117.01986,33.94668],[-117.01948,33.94677],[-117.01821,33.94714],[-117.01801,33.94726],[-117.018,33.94727],[-117.01793,33.9473],[-117.0178,33.94743],[-117.01776,33.9475],[-117.01774,33.94753],[-117.01756,33.94759],[-117.01688,33.94709],[-117.01691,33.94705],[-117.01678,33.94696],[-117.01678,33.94677],[-117.01678,33.94674],[-117.01679,33.94564],[-117.01678,33.94435],[-117.01678,33.94424],[-117.01685,33.94424],[-117.01701,33.94424],[-117.01691,33.94396],[-117.01691,33.94389],[-117.01749,33.9439],[-117.01874,33.94393],[-117.01954,33.94395],[-117.01954,33.94395],[-117.01984,33.94395],[-117.02115,33.94399],[-117.02176,33.944],[-117.0225,33.94401],[-117.02452,33.94406],[-117.02522,33.94403],[-117.02548,33.94402],[-117.02569,33.94401],[-117.02703,33.9439],[-117.02913,33.9437],[-117.02941,33.94367],[-117.02958,33.94366],[-117.0302,33.9436],[-117.03061,33.94356],[-117.03061,33.94366],[-117.03033,33.94369],[-117.02636,33.94404],[-117.02641,33.94468],[-117.02646,33.9453],[-117.02558,33.94559],[-117.02496,33.94584],[-117.02384,33.94644],[-117.02381,33.94646],[-117.02374,33.9465],[-117.02335,33.94597],[-117.02319,33.94589],[-117.02291,33.94573],[-117.02251,33.9456],[-117.02241,33.94556],[-117.0221,33.94545],[-117.02209,33.94546]]]}},{"type":"Feature","properties":{"county_fips":65,"srprec":"540083","precinct_id":"065-540083","county_name":"Riverside","area_sq_mi":0.914,"place_primary":"Beaumont","place_primary_share":100.0,"place_also":[],"places":[{"name":"Beaumont","geoid":"0604758","kind":"city","pct":100.0}],"bbox":[-117.01701,33.9317,-116.98642,33.94698],"g22_asm":{"dem_pct":52.3,"margin_dem":4.5,"votes_two_party":176,"winner":"Dem"},"g24_asm":null},"geometry":{"type":"Polygon","coordinates":[[[-117.00961,33.93353],[-117.01319,33.93338],[-117.0158,33.93336],[-117.01674,33.93373],[-117.01685,33.93751],[-117.01691,33.94203],[-117.01691,33.94396],[-117.01678,33.94435],[-117.01678,33.94696],[-117.00812,33.94696],[-117.00818,33.94386],[-117.0068,33.94371],[-117.00556,33.94378],[-117.00564,33.94348],[-117.00409,33.94322],[-117.00236,33.94239],[-117.00114,33.94146],[-117.00026,33.94066],[-116.99989,33.94091],[-116.99964,33.94103],[-116.99617,33.93734],[-116.99318,33.93526],[-116.99201,33.93456],[-116.99045,33.9338],[-116.98843,33.93294],[-116.98668,33.93192],[-116.98689,33.93179],[-116.98828,33.9326],[-116.98918,33.93251],[-116.99059,33.93317],[-116.99119,33.9332],[-116.99344,33.93328],[-116.99404,33.93331],[-116.99489,33.93315],[-116.99953,33.93332],[-117.00661,33.9335],[-117.00961,33.93353]]]}},{"type":"Feature","properties":{"county_fips":65,"srprec":"540094","precinct_id":"065-540094","county_name":"Riverside","area_sq_mi":0.03,"place_primary":"Beaumont","place_primary_share":100.0,"place_also":[],"places":[{"name":"Beaumont","geoid":"0604758","kind":"city","pct":100.0}],"bbox":[-116.98486,33.93145,-116.9822,33.93708],"g22_asm":{"dem_pct":31.8,"margin_dem":-36.4,"votes_two_party":22,"winner":"Rep"},"g24_asm":null},"geometry":{"type":"Polygon","coordinates":[[[-116.98412,33.93255],[-116.98412,33.93275],[-116.98412,33.93306],[-116.98412,33.93368],[-116.98412,33.93398],[-116.98412,33.93409],[-116.98412,33.9344],[-116.98412,33.93451],[-116.98412,33.93465],[-116.98412,33.93507],[-116.98412,33.93521],[-116.98412,33.93528],[-116.98412,33.93547],[-116.98413,33.93554],[-116.98413,33.93562],[-116.98413,33.93585],[-116.98413,33.93592],[-116.98413,33.93615],[-116.98414,33.9365],[-116.98414,33.93685],[-116.98414,33.93708],[-116.98386,33.93708],[-116.98344,33.93707],[-116.98303,33.93707],[-116.98276,33.93707],[-116.98275,33.93692],[-116.98275,33.93677],[-116.98275,33.93584],[-116.98275,33.93553],[-116.98275,33.93545],[-116.98275,33.93522],[-116.98275,33.9343],[-116.98275,33.93412],[-116.98274,33.93399],[-116.98275,33.93369],[-116.98275,33.93346],[-116.98274,33.9329],[-116.98274,33.93278],[-116.98274,33.93248],[-116.98263,33.93247],[-116.98231,33.93247],[-116.9822,33.93247],[-116.98235,33.93226],[-116.9828,33.93166],[-116.98295,33.93145],[-116.98316,33.93156],[-116.98347,33.93172],[-116.98377,33.93189],[-116.98398,33.932],[-116.984,33.93201],[-116.98408,33.93205],[-116.98411,33.93206],[-116.98426,33.93214],[-116.98448,33.93225],[-116.98471,33.93237],[-116.98486,33.93245],[-116.98471,33.93245],[-116.98426,33.93245],[-116.98412,33.93245],[-116.98412,33.93255]]]}},{"type":"Feature","properties":{"county_fips":65,"srprec":"540102","precinct_id":"065-540102","county_name":"Riverside","area_sq_mi":0.018,"place_primary":"Beaumont","place_primary_share":100.0,"place_also":[],"places":[{"name":"Beaumont","geoid":"0604758","kind":"city","pct":100.0}],"bbox":[-116.97863,33.94016,-116.97719,33.94343],"g22_asm":{"dem_pct":61.1,"margin_dem":22.2,"votes_two_party":18,"winner":"Dem"},"g24_asm":null},"geometry":{"type":"Polygon","coordinates":[[[-116.9772,33.94278],[-116.97719,33.94082],[-116.97719,33.94022],[-116.97719,33.94017],[-116.97747,33.94017],[-116.97832,33.94017],[-116.97861,33.94016],[-116.97861,33.94082],[-116.97863,33.94277],[-116.97863,33.94342],[-116.97854,33.94342],[-116.97826,33.94342],[-116.97817,33.94342],[-116.97797,33.94342],[-116.9774,33.94342],[-116.97726,33.94343],[-116.97721,33.94343],[-116.9772,33.94278]]]}},{"type":"Feature","properties":{"county_fips":65,"srprec":"540118","precinct_id":"065-540118","county_name":"Riverside","area_sq_mi":1.168,"place_primary":"Beaumont","place_primary_share":99.8,"place_also":[],"places":[{"name":"Beaumont","geoid":"0604758","kind":"city","pct":99.8},{"name":"Cherry Valley","geoid":"0612916","kind":"cdp","pct":0.2}],"bbox":[-116.99848,33.94123,-116.9772,33.96516],"g22_asm":{"dem_pct":33.7,"margin_dem":-32.7,"votes_two_party":600,"winner":"Rep"},"g24_asm":{"dem_pct":35.1,"margin_dem":-29.7,"votes_two_party":902,"winner":"Rep"}},"geometry":{"type":"Polygon","coordinates":[[[-116.98416,33.94132],[-116.98415,33.94318],[-116.98366,33.94377],[-116.98392,33.9443],[-116.98445,33.94643],[-116.99107,33.94699],[-116.992,33.94698],[-116.99564,33.9476],[-116.99497,33.94883],[-116.99443,33.95018],[-116.99483,33.95063],[-116.99622,33.9504],[-116.99642,33.94989],[-116.99721,33.95011],[-116.99768,33.95112],[-116.99583,33.95382],[-116.99507,33.95812],[-116.99173,33.96025],[-116.99007,33.96146],[-116.98785,33.96146],[-116.98595,33.96165],[-116.98598,33.96348],[-116.98156,33.96162],[-116.97918,33.96146],[-116.97736,33.96146],[-116.97726,33.9508],[-116.97721,33.947],[-116.97721,33.94567],[-116.97726,33.94343],[-116.97874,33.94342],[-116.98001,33.94491],[-116.98185,33.94437],[-116.98182,33.9429],[-116.98238,33.94326],[-116.98379,33.94126],[-116.98416,33.94132]]]}},{"type":"Feature","properties":{"county_fips":65,"srprec":"551101","precinct_id":"065-551101","county_name":"Riverside","area_sq_mi":0.254,"place_primary":"Banning","place_primary_share":100.0,"place_also":[],"places":[{"name":"Banning","geoid":"0603820","kind":"city","pct":100.0}],"bbox":[-116.92405,33.92736,-116.90958,33.93255],"g22_asm":{"dem_pct":44.7,"margin_dem":-10.6,"votes_two_party":416,"winner":"Rep"},"g24_asm":null},"geometry":{"type":"Polygon","coordinates":[[[-116.9144,33.93251],[-116.91401,33.93251],[-116.91356,33.93251],[-116.91224,33.93249],[-116.9118,33.93249],[-116.91178,33.93249],[-116.91052,33.93249],[-116.90963,33.93249],[-116.90962,33.93104],[-116.90962,33.93035],[-116.90961,33.92903],[-116.90959,33.9277],[-116.91002,33.92737],[-116.91176,33.92736],[-116.91177,33.928],[-116.9119,33.92816],[-116.91393,33.92818],[-116.91481,33.92818],[-116.91616,33.92818],[-116.91958,33.9282],[-116.9206,33.92821],[-116.92081,33.92821],[-116.92126,33.92821],[-116.92198,33.92821],[-116.92232,33.9282],[-116.92366,33.92819],[-116.92404,33.92892],[-116.92405,33.93003],[-116.92405,33.9316],[-116.92405,33.93197],[-116.92378,33.93254],[-116.92258,33.93254],[-116.92244,33.93254],[-116.92217,33.93254],[-116.92208,33.93254],[-116.92081,33.93254],[-116.92049,33.93254],[-116.91993,33.93253],[-116.91768,33.93253],[-116.91641,33.93254],[-116.91479,33.93251],[-116.9144,33.93251]]]}},{"type":"Feature","properties":{"county_fips":65,"srprec":"551104","precinct_id":"065-551104","county_name":"Riverside","area_sq_mi":0.918,"place_primary":"Banning","place_primary_share":100.0,"place_also":[],"places":[{"name":"Banning","geoid":"0603820","kind":"city","pct":100.0}],"bbox":[-116.91177,33.92348,-116.88227,33.93259],"g22_asm":{"dem_pct":51.4,"margin_dem":2.9,"votes_two_party":692,"winner":"Dem"},"g24_asm":{"dem_pct":49.0,"margin_dem":-2.1,"votes_two_party":725,"winner":"Rep"}},"geometry":{"type":"Polygon","coordinates":[[[-116.90106,33.92348],[-116.91095,33.9236],[-116.91176,33.92442],[-116.91175,33.92473],[-116.91176,33.92543],[-116.91176,33.92736],[-116.9096,33.9287],[-116.90962,33.93104],[-116.90742,33.93249],[-116.90573,33.9325],[-116.9035,33.93251],[-116.90097,33.93255],[-116.89878,33.93257],[-116.89764,33.93257],[-116.89608,33.93257],[-116.89454,33.93256],[-116.89323,33.93256],[-116.89122,33.93257],[-116.89021,33.93258],[-116.889,33.93258],[-116.88561,33.93259],[-116.88546,33.9315],[-116.88378,33.93079],[-116.88227,33.93041],[-116.88314,33.92891],[-116.88544,33.92891],[-116.88544,33.92819],[-116.88543,33.927],[-116.88543,33.9256],[-116.88544,33.92463],[-116.88542,33.92426],[-116.88543,33.9235],[-116.89905,33.9235],[-116.90106,33.92348]]]}},{"type":"Feature","properties":{"county_fips":65,"srprec":"551109","precinct_id":"065-551109","county_name":"Riverside","area_sq_mi":0.101,"place_primary":"Banning","place_primary_share":100.0,"place_also":[],"places":[{"name":"Banning","geoid":"0603820","kind":"city","pct":100.0}],"bbox":[-116.88546,33.9289,-116.87685,33.93259],"g22_asm":{"dem_pct":52.9,"margin_dem":5.9,"votes_two_party":68,"winner":"Dem"},"g24_asm":null},"geometry":{"type":"Polygon","coordinates":[[[-116.88378,33.93079],[-116.88503,33.93079],[-116.88545,33.93079],[-116.88545,33.93083],[-116.88545,33.93097],[-116.88546,33.9315],[-116.88546,33.93168],[-116.88546,33.93186],[-116.88546,33.9324],[-116.88546,33.93259],[-116.88527,33.93259],[-116.88473,33.93259],[-116.88455,33.93259],[-116.88439,33.93259],[-116.88389,33.93259],[-116.88372,33.93259],[-116.88365,33.93259],[-116.88345,33.93258],[-116.88338,33.93258],[-116.88294,33.93258],[-116.88161,33.93258],[-116.88123,33.93258],[-116.88117,33.93258],[-116.87918,33.93259],[-116.87888,33.93259],[-116.87873,33.93259],[-116.87828,33.93259],[-116.87813,33.93259],[-116.87785,33.93259],[-116.87702,33.93259],[-116.87686,33.93259],[-116.87685,33.93083],[-116.87685,33.93077],[-116.87685,33.9289],[-116.87693,33.92891],[-116.87748,33.92891],[-116.8775,33.92891],[-116.87769,33.92891],[-116.87789,33.92891],[-116.87793,33.92891],[-116.87867,33.9289],[-116.87892,33.9289],[-116.87913,33.92891],[-116.87944,33.92892],[-116.87978,33.92891],[-116.87999,33.92891],[-116.88022,33.92891],[-116.88057,33.92891],[-116.88091,33.92891],[-116.88114,33.92891],[-116.88136,33.9289],[-116.88204,33.9289],[-116.88227,33.9289],[-116.88227,33.92928],[-116.88227,33.93041],[-116.88227,33.93079],[-116.88249,33.93079],[-116.88315,33.93079],[-116.88337,33.9308],[-116.88378,33.93079]]]}},{"type":"Feature","properties":{"county_fips":65,"srprec":"552102","precinct_id":"065-552102","county_name":"Riverside","area_sq_mi":0.718,"place_primary":"Banning","place_primary_share":100.0,"place_also":[],"places":[{"name":"Banning","geoid":"0603820","kind":"city","pct":100.0}],"bbox":[-116.87674,33.91626,-116.85929,33.92893],"g22_asm":{"dem_pct":53.5,"margin_dem":7.1,"votes_two_party":170,"winner":"Dem"},"g24_asm":null},"geometry":{"type":"Polygon","coordinates":[[[-116.8767,33.91665],[-116.8767,33.91956],[-116.8767,33.92174],[-116.87672,33.92334],[-116.87673,33.92369],[-116.87674,33.92437],[-116.87673,33.92458],[-116.87673,33.92544],[-116.87672,33.92591],[-116.87673,33.927],[-116.87674,33.9282],[-116.87653,33.9289],[-116.87511,33.92891],[-116.87408,33.92892],[-116.87375,33.92892],[-116.87205,33.92892],[-116.86798,33.92858],[-116.86795,33.92577],[-116.86794,33.92483],[-116.86774,33.92466],[-116.86489,33.92459],[-116.86309,33.92445],[-116.86231,33.92448],[-116.86153,33.92451],[-116.85969,33.9247],[-116.85939,33.92454],[-116.85939,33.92411],[-116.85942,33.92383],[-116.85939,33.9222],[-116.85931,33.92171],[-116.85932,33.92016],[-116.85934,33.91811],[-116.85936,33.91641],[-116.86428,33.91629],[-116.86796,33.91631],[-116.86938,33.9163],[-116.87285,33.91628],[-116.87404,33.91628],[-116.87557,33.91629],[-116.8767,33.91665]]]}},{"type":"Feature","properties":{"county_fips":65,"srprec":"552103","precinct_id":"065-552103","county_name":"Riverside","area_sq_mi":0.91,"place_primary":"Banning","place_primary_share":100.0,"place_also":[],"places":[{"name":"Banning","geoid":"0603820","kind":"city","pct":100.0}],"bbox":[-116.91185,33.918,-116.87669,33.92892],"g22_asm":{"dem_pct":51.9,"margin_dem":3.9,"votes_two_party":491,"winner":"Dem"},"g24_asm":{"dem_pct":49.7,"margin_dem":-0.5,"votes_two_party":780,"winner":"Rep"}},"geometry":{"type":"Polygon","coordinates":[[[-116.91178,33.92168],[-116.91175,33.92367],[-116.90191,33.92348],[-116.90027,33.92349],[-116.88807,33.92352],[-116.88543,33.92412],[-116.88543,33.92443],[-116.88543,33.92527],[-116.88543,33.92647],[-116.88544,33.92786],[-116.88544,33.92882],[-116.88377,33.92891],[-116.88227,33.9289],[-116.88057,33.92891],[-116.87913,33.92891],[-116.87769,33.92891],[-116.87674,33.9289],[-116.87673,33.92739],[-116.87672,33.92618],[-116.87673,33.92544],[-116.87673,33.92454],[-116.87673,33.92416],[-116.87672,33.9235],[-116.8767,33.92174],[-116.8767,33.91847],[-116.88104,33.9181],[-116.88191,33.91989],[-116.88539,33.91842],[-116.8911,33.91803],[-116.89423,33.918],[-116.89937,33.91801],[-116.90432,33.91802],[-116.91161,33.91803],[-116.91164,33.91813],[-116.91178,33.92168]]]}},{"type":"Feature","properties":{"county_fips":65,"srprec":"552108","precinct_id":"065-552108","county_name":"Riverside","area_sq_mi":3.161,"place_primary":"Banning","place_primary_share":99.8,"place_also":[],"places":[{"name":"Banning","geoid":"0603820","kind":"city","pct":99.8}],"bbox":[-116.91162,33.90337,-116.84182,33.92913],"g22_asm":{"dem_pct":39.3,"margin_dem":-21.4,"votes_two_party":313,"winner":"Rep"},"g24_asm":{"dem_pct":51.9,"margin_dem":3.7,"votes_two_party":509,"winner":"Dem"}},"geometry":{"type":"Polygon","coordinates":[[[-116.91161,33.91797],[-116.89998,33.91801],[-116.8911,33.91803],[-116.8812,33.91989],[-116.8767,33.91629],[-116.87159,33.91628],[-116.86428,33.91629],[-116.85932,33.91992],[-116.85942,33.92373],[-116.8594,33.92461],[-116.85254,33.92658],[-116.84824,33.92772],[-116.84193,33.92913],[-116.84221,33.92446],[-116.84211,33.91834],[-116.84183,33.90994],[-116.85086,33.91015],[-116.85152,33.91109],[-116.85323,33.91077],[-116.85551,33.91079],[-116.85932,33.91081],[-116.86242,33.91083],[-116.8681,33.91083],[-116.87617,33.91087],[-116.87665,33.90767],[-116.87673,33.90355],[-116.8867,33.90348],[-116.89008,33.90344],[-116.89369,33.90345],[-116.89419,33.90879],[-116.8974,33.9107],[-116.9116,33.91216],[-116.91153,33.91448],[-116.91161,33.91748],[-116.91161,33.91797]]]}},{"type":"Feature","properties":{"county_fips":65,"srprec":"553100","precinct_id":"065-553100","county_name":"Riverside","area_sq_mi":0.393,"place_primary":"Banning","place_primary_share":100.0,"place_also":[],"places":[{"name":"Banning","geoid":"0603820","kind":"city","pct":100.0}],"bbox":[-116.94688,33.92608,-116.9293,33.93283],"g22_asm":{"dem_pct":46.7,"margin_dem":-6.6,"votes_two_party":259,"winner":"Rep"},"g24_asm":{"dem_pct":43.7,"margin_dem":-12.6,"votes_two_party":341,"winner":"Rep"}},"geometry":{"type":"Polygon","coordinates":[[[-116.94098,33.92648],[-116.94358,33.92648],[-116.94657,33.92637],[-116.94682,33.92682],[-116.94684,33.92712],[-116.94685,33.92748],[-116.94685,33.9279],[-116.94684,33.92907],[-116.94684,33.92969],[-116.94683,33.93027],[-116.94504,33.9328],[-116.93816,33.93269],[-116.93718,33.93268],[-116.93502,33.93264],[-116.93312,33.93261],[-116.93313,33.9321],[-116.93312,33.93183],[-116.93319,33.93134],[-116.93333,33.93107],[-116.93331,33.93077],[-116.93251,33.93042],[-116.9315,33.92997],[-116.93033,33.92945],[-116.93,33.92939],[-116.92957,33.92939],[-116.9294,33.929],[-116.92957,33.92855],[-116.92997,33.92808],[-116.93037,33.92734],[-116.93021,33.92729],[-116.93008,33.92726],[-116.9298,33.92721],[-116.92939,33.92712],[-116.92932,33.927],[-116.9294,33.92608],[-116.93645,33.92634],[-116.94027,33.92651],[-116.94098,33.92648]]]}},{"type":"Feature","properties":{"county_fips":65,"srprec":"553106","precinct_id":"065-553106","county_name":"Riverside","area_sq_mi":0.285,"place_primary":"Banning","place_primary_share":100.0,"place_also":[],"places":[{"name":"Banning","geoid":"0603820","kind":"city","pct":100.0}],"bbox":[-116.94659,33.90375,-116.93408,33.91336],"g22_asm":{"dem_pct":36.2,"margin_dem":-27.7,"votes_two_party":694,"winner":"Rep"},"g24_asm":{"dem_pct":39.7,"margin_dem":-20.6,"votes_two_party":1509,"winner":"Rep"}},"geometry":{"type":"Polygon","coordinates":[[[-116.93413,33.90382],[-116.94262,33.90381],[-116.94629,33.90379],[-116.94639,33.9047],[-116.94645,33.90527],[-116.9465,33.90761],[-116.94658,33.91145],[-116.94569,33.91336],[-116.94492,33.91333],[-116.94476,33.91329],[-116.9448,33.91319],[-116.94489,33.91291],[-116.94493,33.91266],[-116.94489,33.91237],[-116.94478,33.91212],[-116.94454,33.91166],[-116.94435,33.9113],[-116.94428,33.91093],[-116.94416,33.91065],[-116.94383,33.9106],[-116.94339,33.91062],[-116.94187,33.91067],[-116.93866,33.91075],[-116.9375,33.90927],[-116.93701,33.90792],[-116.93679,33.90666],[-116.9366,33.90671],[-116.93636,33.90673],[-116.93631,33.90642],[-116.93643,33.90581],[-116.93637,33.90555],[-116.93601,33.90547],[-116.93594,33.90528],[-116.93621,33.90486],[-116.93611,33.90459],[-116.93573,33.90439],[-116.93534,33.90427],[-116.93484,33.90424],[-116.93432,33.90433],[-116.93413,33.90382]]]}},{"type":"Feature","properties":{"county_fips":65,"srprec":"553107","precinct_id":"065-553107","county_name":"Riverside","area_sq_mi":1.554,"place_primary":"Banning","place_primary_share":99.8,"place_also":[],"places":[{"name":"Banning","geoid":"0603820","kind":"city","pct":99.8}],"bbox":[-116.94675,33.90381,-116.91161,33.92577],"g22_asm":{"dem_pct":40.8,"margin_dem":-18.5,"votes_two_party":2774,"winner":"Rep"},"g24_asm":null},"geometry":{"type":"Polygon","coordinates":[[[-116.94168,33.92226],[-116.93813,33.92212],[-116.93713,33.92487],[-116.93187,33.92562],[-116.9294,33.92556],[-116.922,33.92535],[-116.91815,33.92493],[-116.91178,33.92161],[-116.91201,33.91804],[-116.91694,33.91794],[-116.92136,33.91794],[-116.92433,33.91796],[-116.9261,33.91798],[-116.92929,33.91115],[-116.94042,33.90381],[-116.93468,33.90425],[-116.93573,33.90439],[-116.93617,33.90492],[-116.93635,33.90555],[-116.93631,33.90642],[-116.9367,33.90667],[-116.93745,33.90862],[-116.94187,33.91067],[-116.94397,33.91061],[-116.94431,33.91117],[-116.94478,33.91212],[-116.94492,33.91278],[-116.94476,33.91327],[-116.94569,33.91336],[-116.94672,33.91864],[-116.94673,33.92137],[-116.94624,33.92182],[-116.94467,33.92212],[-116.94344,33.9223],[-116.94168,33.92226]]]}},{"type":"Feature","properties":{"county_fips":65,"srprec":"554108","precinct_id":"065-554108","county_name":"Riverside","area_sq_mi":0.07,"place_primary":"Banning","place_primary_share":100.0,"place_also":[],"places":[{"name":"Banning","geoid":"0603820","kind":"city","pct":100.0}],"bbox":[-116.93354,33.92711,-116.92924,33.94732],"g22_asm":{"dem_pct":52.6,"margin_dem":5.1,"votes_two_party":369,"winner":"Dem"},"g24_asm":{"dem_pct":49.0,"margin_dem":-2.1,"votes_two_party":1148,"winner":"Rep"}},"geometry":{"type":"MultiPolygon","coordinates":[[[[-116.92945,33.93249],[-116.92944,33.93198],[-116.92931,33.93062],[-116.92932,33.92955],[-116.92925,33.9291],[-116.92932,33.92815],[-116.92933,33.92711],[-116.92947,33.92714],[-116.92986,33.92722],[-116.9301,33.92727],[-116.93027,33.92731],[-116.93028,33.92752],[-116.9299,33.92816],[-116.9295,33.92867],[-116.92938,33.92939],[-116.92979,33.92938],[-116.93013,33.9294],[-116.93042,33.92948],[-116.93189,33.93015],[-116.93266,33.93049],[-116.93347,33.93084],[-116.93332,33.93109],[-116.93316,33.93146],[-116.93312,33.93187],[-116.93312,33.9322],[-116.93244,33.93259],[-116.92966,33.93254],[-116.92959,33.93279],[-116.92959,33.93626],[-116.92946,33.94707],[-116.92946,33.94723],[-116.92936,33.94727],[-116.92935,33.94584],[-116.92935,33.94092],[-116.92934,33.9358],[-116.92934,33.93411],[-116.92933,33.93317],[-116.92933,33.93253],[-116.92945,33.93253],[-116.92945,33.93249]]],[[[-116.93236,33.93372],[-116.93264,33.93373],[-116.93293,33.93373],[-116.93313,33.93373],[-116.93313,33.93391],[-116.93315,33.93433],[-116.93317,33.93444],[-116.9332,33.93462],[-116.93322,33.93471],[-116.93328,33.93486],[-116.93329,33.93489],[-116.9334,33.93514],[-116.93352,33.93544],[-116.93353,33.93559],[-116.93354,33.9357],[-116.93353,33.93585],[-116.93334,33.93584],[-116.93277,33.93583],[-116.93259,33.93583],[-116.9324,33.93582],[-116.93184,33.93582],[-116.93165,33.93581],[-116.93165,33.93558],[-116.93162,33.9354],[-116.93162,33.93538],[-116.93155,33.9352],[-116.93144,33.93498],[-116.93138,33.9348],[-116.93128,33.9344],[-116.93126,33.9342],[-116.93125,33.93414],[-116.93124,33.93388],[-116.93125,33.93371],[-116.93143,33.93371],[-116.93199,33.93372],[-116.93217,33.93372],[-116.93236,33.93372]]]]}},{"type":"Feature","properties":{"county_fips":65,"srprec":"554109","precinct_id":"065-554109","county_name":"Riverside","area_sq_mi":9.417,"place_primary":"Banning","place_primary_share":99.4,"place_also":[],"places":[{"name":"Banning","geoid":"0603820","kind":"city","pct":99.4}],"bbox":[-116.92952,33.92366,-116.87649,34.03401],"g22_asm":{"dem_pct":40.3,"margin_dem":-19.4,"votes_two_party":1064,"winner":"Rep"},"g24_asm":{"dem_pct":39.8,"margin_dem":-20.4,"votes_two_party":864,"winner":"Rep"}},"geometry":{"type":"Polygon","coordinates":[[[-116.92942,33.95689],[-116.92064,33.9443],[-116.91095,33.93982],[-116.90967,33.95259],[-116.90701,33.959],[-116.902,33.96265],[-116.89873,33.95908],[-116.89952,33.96112],[-116.90054,33.96581],[-116.90072,33.96822],[-116.90403,33.97274],[-116.91171,33.9826],[-116.9214,33.97924],[-116.92314,33.97831],[-116.92939,33.99031],[-116.91451,34.00359],[-116.91455,33.99881],[-116.9144,33.99518],[-116.91614,33.98916],[-116.91186,33.98841],[-116.91044,33.99939],[-116.90748,34.01243],[-116.89877,34.01592],[-116.88687,33.96027],[-116.87668,33.94476],[-116.8805,33.93983],[-116.88546,33.93533],[-116.89626,33.93257],[-116.9118,33.93249],[-116.92404,33.92892],[-116.91176,33.92469],[-116.92924,33.92939],[-116.92942,33.95689]]]}},{"type":"Feature","properties":{"county_fips":65,"srprec":"554115","precinct_id":"065-554115","county_name":"Riverside","area_sq_mi":0.123,"place_primary":"Banning","place_primary_share":100.0,"place_also":[],"places":[{"name":"Banning","geoid":"0603820","kind":"city","pct":100.0}],"bbox":[-116.88546,33.93258,-116.87674,33.93622],"g22_asm":{"dem_pct":50.7,"margin_dem":1.5,"votes_two_party":136,"winner":"Dem"},"g24_asm":{"dem_pct":41.3,"margin_dem":-17.4,"votes_two_party":632,"winner":"Rep"}},"geometry":{"type":"Polygon","coordinates":[[[-116.87918,33.93259],[-116.88117,33.93258],[-116.88123,33.93258],[-116.88161,33.93258],[-116.88294,33.93258],[-116.88338,33.93258],[-116.88345,33.93258],[-116.88365,33.93259],[-116.88372,33.93259],[-116.88389,33.93259],[-116.88439,33.93259],[-116.88455,33.93259],[-116.88473,33.93259],[-116.88527,33.93259],[-116.88546,33.93259],[-116.88545,33.93294],[-116.88545,33.93402],[-116.88545,33.93439],[-116.88545,33.93457],[-116.88545,33.93514],[-116.88546,33.93533],[-116.88546,33.9355],[-116.88546,33.93602],[-116.88546,33.93619],[-116.88523,33.93619],[-116.88485,33.9362],[-116.88451,33.9362],[-116.88427,33.9362],[-116.88405,33.9362],[-116.88339,33.93621],[-116.88317,33.93621],[-116.88298,33.93621],[-116.88157,33.9362],[-116.87977,33.93621],[-116.87945,33.93621],[-116.87893,33.93622],[-116.87848,33.93621],[-116.87815,33.93621],[-116.87788,33.93622],[-116.87736,33.93622],[-116.87705,33.93622],[-116.87693,33.93622],[-116.87688,33.93528],[-116.87685,33.93445],[-116.87674,33.93444],[-116.87674,33.9344],[-116.87685,33.93441],[-116.87686,33.93261],[-116.87686,33.93259],[-116.87702,33.93259],[-116.87785,33.93259],[-116.87813,33.93259],[-116.87828,33.93259],[-116.87873,33.93259],[-116.87888,33.93259],[-116.87918,33.93259]]]}},{"type":"Feature","properties":{"county_fips":65,"srprec":"555103","precinct_id":"065-555103","county_name":"Riverside","area_sq_mi":0.173,"place_primary":"Banning","place_primary_share":100.0,"place_also":[],"places":[{"name":"Banning","geoid":"0603820","kind":"city","pct":100.0}],"bbox":[-116.88547,33.93619,-116.8745,33.94529],"g22_asm":{"dem_pct":44.1,"margin_dem":-11.7,"votes_two_party":188,"winner":"Rep"},"g24_asm":null},"geometry":{"type":"Polygon","coordinates":[[[-116.88339,33.93621],[-116.88485,33.9362],[-116.88547,33.93792],[-116.88547,33.93836],[-116.88515,33.93839],[-116.88451,33.9388],[-116.88405,33.93903],[-116.8823,33.93931],[-116.88155,33.93949],[-116.88095,33.93976],[-116.88056,33.93983],[-116.88009,33.93982],[-116.87886,33.93981],[-116.8768,33.94018],[-116.87678,33.94164],[-116.8768,33.94255],[-116.87678,33.9432],[-116.87673,33.94346],[-116.87653,33.94399],[-116.87649,33.94427],[-116.87677,33.94489],[-116.8769,33.94505],[-116.87451,33.94529],[-116.87451,33.94341],[-116.87451,33.94239],[-116.87454,33.94021],[-116.87458,33.93896],[-116.87479,33.93803],[-116.87655,33.93802],[-116.87679,33.93839],[-116.87688,33.93751],[-116.87705,33.93622],[-116.87848,33.93621],[-116.88157,33.9362],[-116.88339,33.93621]]]}},{"type":"Feature","properties":{"county_fips":65,"srprec":"555105","precinct_id":"065-555105","county_name":"Riverside","area_sq_mi":0.876,"place_primary":"Banning","place_primary_share":99.9,"place_also":[],"places":[{"name":"Banning","geoid":"0603820","kind":"city","pct":99.9}],"bbox":[-116.87693,33.93259,-116.85932,33.9472],"g22_asm":{"dem_pct":65.2,"margin_dem":30.5,"votes_two_party":443,"winner":"Dem"},"g24_asm":{"dem_pct":53.4,"margin_dem":6.8,"votes_two_party":730,"winner":"Dem"}},"geometry":{"type":"Polygon","coordinates":[[[-116.87686,33.93259],[-116.87674,33.93444],[-116.87693,33.93628],[-116.87685,33.93832],[-116.87679,33.9381],[-116.87562,33.93802],[-116.87458,33.93822],[-116.87455,33.93967],[-116.87452,33.94165],[-116.87451,33.94274],[-116.8745,33.94421],[-116.87693,33.94524],[-116.87692,33.94611],[-116.87691,33.94698],[-116.87686,33.94719],[-116.87588,33.94716],[-116.87521,33.947],[-116.86983,33.94705],[-116.8653,33.94709],[-116.8649,33.94708],[-116.86103,33.94706],[-116.85961,33.9456],[-116.85954,33.93805],[-116.85948,33.93447],[-116.86056,33.93446],[-116.86203,33.93443],[-116.86293,33.93444],[-116.86363,33.93443],[-116.86474,33.93442],[-116.86584,33.93442],[-116.86589,33.93262],[-116.8667,33.93261],[-116.86777,33.93259],[-116.86907,33.93261],[-116.87104,33.9326],[-116.87512,33.93259],[-116.87617,33.93259],[-116.87665,33.93259],[-116.87686,33.93259]]]}},{"type":"Feature","properties":{"county_fips":65,"srprec":"555108","precinct_id":"065-555108","county_name":"Riverside","area_sq_mi":1.469,"place_primary":"Banning","place_primary_share":99.9,"place_also":[],"places":[{"name":"Banning","geoid":"0603820","kind":"city","pct":99.9}],"bbox":[-116.87686,33.92445,-116.82447,33.93981],"g22_asm":{"dem_pct":59.7,"margin_dem":19.3,"votes_two_party":181,"winner":"Dem"},"g24_asm":{"dem_pct":57.8,"margin_dem":15.5,"votes_two_party":386,"winner":"Dem"}},"geometry":{"type":"Polygon","coordinates":[[[-116.82454,33.93129],[-116.82858,33.93145],[-116.8321,33.93098],[-116.83468,33.93028],[-116.84083,33.92884],[-116.84238,33.92902],[-116.84823,33.92772],[-116.85109,33.92714],[-116.85376,33.92604],[-116.85912,33.92478],[-116.86153,33.92451],[-116.8629,33.92446],[-116.86697,33.92466],[-116.86794,33.92495],[-116.86798,33.92858],[-116.87362,33.92892],[-116.87463,33.92891],[-116.87674,33.9289],[-116.87638,33.93259],[-116.87512,33.93259],[-116.86929,33.93261],[-116.86712,33.9326],[-116.86589,33.93298],[-116.86474,33.93442],[-116.86311,33.93444],[-116.86111,33.93445],[-116.85947,33.93447],[-116.85928,33.93252],[-116.84885,33.93254],[-116.84213,33.93254],[-116.84201,33.93849],[-116.84062,33.9398],[-116.83102,33.93975],[-116.82771,33.93981],[-116.82458,33.93479],[-116.82447,33.93295],[-116.82454,33.93154],[-116.82454,33.93129]]]}},{"type":"Feature","properties":{"county_fips":65,"srprec":"560046","precinct_id":"065-560046","county_name":"Riverside","area_sq_mi":0.002,"place_primary":"Unincorporated Riverside County","place_primary_share":49.1,"place_also":[],"places":[{"name":"San Jacinto","geoid":"0667112","kind":"city","pct":49.1},{"name":"Hemet","geoid":"0633182","kind":"city","pct":0.5}],"bbox":[-116.91927,33.76513,-116.91765,33.76702],"g22_asm":{"dem_pct":69.7,"margin_dem":39.4,"votes_two_party":33,"winner":"Dem"},"g24_asm":null},"geometry":{"type":"Polygon","coordinates":[[[-116.91927,33.76702],[-116.91927,33.76702],[-116.91926,33.76701],[-116.91912,33.76691],[-116.91899,33.7668],[-116.91889,33.76673],[-116.91767,33.76516],[-116.91765,33.76514],[-116.91796,33.76513],[-116.91804,33.76513],[-116.91927,33.76702]]]}},{"type":"Feature","properties":{"county_fips":65,"srprec":"560069","precinct_id":"065-560069","county_name":"Riverside","area_sq_mi":0.233,"place_primary":"San Jacinto","place_primary_share":99.9,"place_also":[],"places":[{"name":"San Jacinto","geoid":"0667112","kind":"city","pct":99.9}],"bbox":[-116.94278,33.78023,-116.92464,33.80312],"g22_asm":{"dem_pct":45.7,"margin_dem":-8.6,"votes_two_party":477,"winner":"Rep"},"g24_asm":null},"geometry":{"type":"Polygon","coordinates":[[[-116.93269,33.78689],[-116.94166,33.80239],[-116.94033,33.80152],[-116.93991,33.80124],[-116.93878,33.80053],[-116.93869,33.80047],[-116.93849,33.80034],[-116.93767,33.7984],[-116.93672,33.7965],[-116.93558,33.79427],[-116.93516,33.7933],[-116.93481,33.79239],[-116.93399,33.79069],[-116.93347,33.78926],[-116.93272,33.78704],[-116.93261,33.78693],[-116.93245,33.78703],[-116.93187,33.78743],[-116.93138,33.78777],[-116.9304,33.78846],[-116.92964,33.78829],[-116.92933,33.78803],[-116.92913,33.78818],[-116.92892,33.78804],[-116.92879,33.78806],[-116.92859,33.78821],[-116.92805,33.78814],[-116.92711,33.78798],[-116.92608,33.78764],[-116.9255,33.7869],[-116.92551,33.78615],[-116.92559,33.78583],[-116.9263,33.78504],[-116.92552,33.78414],[-116.92471,33.78389],[-116.92561,33.78305],[-116.92598,33.7827],[-116.92606,33.78262],[-116.92687,33.78186],[-116.92714,33.78152],[-116.92819,33.78023],[-116.93269,33.78689]]]}},{"type":"Feature","properties":{"county_fips":65,"srprec":"560070","precinct_id":"065-560070","county_name":"Riverside","area_sq_mi":0.058,"place_primary":"San Jacinto","place_primary_share":100.0,"place_also":[],"places":[{"name":"San Jacinto","geoid":"0667112","kind":"city","pct":100.0}],"bbox":[-116.95566,33.81323,-116.94599,33.82384],"g22_asm":{"dem_pct":46.6,"margin_dem":-6.8,"votes_two_party":983,"winner":"Rep"},"g24_asm":{"dem_pct":47.3,"margin_dem":-5.3,"votes_two_party":769,"winner":"Rep"}},"geometry":{"type":"MultiPolygon","coordinates":[[[[-116.95117,33.8166],[-116.94777,33.81662],[-116.94599,33.81663],[-116.94599,33.81591],[-116.94599,33.81325],[-116.94907,33.81323],[-116.95117,33.8166]]],[[[-116.95566,33.82384],[-116.95472,33.82384],[-116.95472,33.82232],[-116.95566,33.82384]]]]}},{"type":"Feature","properties":{"county_fips":65,"srprec":"560071","precinct_id":"065-560071","county_name":"Riverside","area_sq_mi":0.67,"place_primary":"San Jacinto","place_primary_share":99.0,"place_also":[],"places":[{"name":"San Jacinto","geoid":"0667112","kind":"city","pct":99.0}],"bbox":[-116.93876,33.78396,-116.91942,33.80291],"g22_asm":{"dem_pct":47.1,"margin_dem":-5.9,"votes_two_party":85,"winner":"Rep"},"g24_asm":{"dem_pct":44.4,"margin_dem":-11.1,"votes_two_party":117,"winner":"Rep"}},"geometry":{"type":"Polygon","coordinates":[[[-116.93849,33.80035],[-116.93874,33.80138],[-116.93686,33.80246],[-116.93612,33.802],[-116.9357,33.8018],[-116.93311,33.80121],[-116.93236,33.80084],[-116.93125,33.80005],[-116.93063,33.79952],[-116.92964,33.79825],[-116.92925,33.79836],[-116.92863,33.79846],[-116.92645,33.79883],[-116.92437,33.80019],[-116.92478,33.80114],[-116.91945,33.8021],[-116.91942,33.79845],[-116.92237,33.7953],[-116.92258,33.79378],[-116.92661,33.79112],[-116.92679,33.79047],[-116.92529,33.78874],[-116.9225,33.78613],[-116.92331,33.78522],[-116.92591,33.78448],[-116.92551,33.78615],[-116.92667,33.78789],[-116.92859,33.78821],[-116.9291,33.7882],[-116.92964,33.78829],[-116.93158,33.78763],[-116.93261,33.78693],[-116.93373,33.79],[-116.93516,33.7933],[-116.93764,33.79832],[-116.93849,33.80035]]]}},{"type":"Feature","properties":{"county_fips":65,"srprec":"571017","precinct_id":"065-571017","county_name":"Riverside","area_sq_mi":0.065,"place_primary":"Hemet","place_primary_share":93.6,"place_also":[],"places":[{"name":"Hemet","geoid":"0633182","kind":"city","pct":93.6},{"name":"Valle Vista","geoid":"0681708","kind":"cdp","pct":5.7}],"bbox":[-116.91804,33.74779,-116.90872,33.76516],"g22_asm":{"dem_pct":41.6,"margin_dem":-16.9,"votes_two_party":835,"winner":"Rep"},"g24_asm":{"dem_pct":42.4,"margin_dem":-15.1,"votes_two_party":1244,"winner":"Rep"}},"geometry":{"type":"MultiPolygon","coordinates":[[[[-116.90879,33.75089],[-116.90913,33.75141],[-116.90912,33.75142],[-116.90899,33.75142],[-116.90885,33.75142],[-116.90884,33.75135],[-116.9088,33.75116],[-116.9088,33.75115],[-116.90879,33.75108],[-116.90878,33.75089],[-116.90876,33.75031],[-116.90875,33.75012],[-116.90875,33.75001],[-116.90876,33.74968],[-116.90877,33.74957],[-116.90877,33.74955],[-116.90876,33.74948],[-116.90876,33.74946],[-116.90876,33.7494],[-116.90876,33.74938],[-116.90876,33.74935],[-116.90872,33.74788],[-116.90872,33.74788],[-116.90872,33.7478],[-116.90873,33.7478],[-116.90995,33.74779],[-116.91003,33.74779],[-116.91004,33.74779],[-116.91025,33.74779],[-116.90879,33.75089]]],[[[-116.91149,33.75505],[-116.91132,33.75505],[-116.91096,33.75506],[-116.91095,33.75506],[-116.91063,33.75506],[-116.91055,33.75506],[-116.9103,33.75506],[-116.91025,33.75506],[-116.91022,33.75506],[-116.91022,33.75433],[-116.91021,33.75308],[-116.91149,33.75505]]],[[[-116.91804,33.76513],[-116.91796,33.76513],[-116.91795,33.76512],[-116.91599,33.76516],[-116.91572,33.76507],[-116.9155,33.76501],[-116.91544,33.76498],[-116.91517,33.76492],[-116.91513,33.76491],[-116.91512,33.76479],[-116.91512,33.76438],[-116.91513,33.76359],[-116.91503,33.7634],[-116.91503,33.7631],[-116.91503,33.76282],[-116.91503,33.76272],[-116.91505,33.76252],[-116.91506,33.76229],[-116.91478,33.76229],[-116.91407,33.7623],[-116.91395,33.7623],[-116.91367,33.7623],[-116.91366,33.7623],[-116.91364,33.7623],[-116.91363,33.7623],[-116.91336,33.76227],[-116.91303,33.76221],[-116.913,33.76221],[-116.91273,33.76212],[-116.91246,33.762],[-116.91213,33.7618],[-116.91188,33.76161],[-116.91175,33.76148],[-116.91152,33.76129],[-116.91131,33.76109],[-116.9111,33.76087],[-116.91079,33.76057],[-116.91075,33.76052],[-116.91074,33.76052],[-116.91072,33.7605],[-116.91071,33.76047],[-116.915,33.76045],[-116.91804,33.76513]]]]}},{"type":"Feature","properties":{"county_fips":65,"srprec":"577006","precinct_id":"065-577006","county_name":"Riverside","area_sq_mi":0.949,"place_primary":"Valle Vista","place_primary_share":72.6,"place_also":[],"places":[{"name":"Valle Vista","geoid":"0681708","kind":"cdp","pct":72.6},{"name":"Hemet","geoid":"0633182","kind":"city","pct":0.2}],"bbox":[-116.92037,33.7478,-116.89268,33.77075],"g22_asm":{"dem_pct":37.9,"margin_dem":-24.3,"votes_two_party":940,"winner":"Rep"},"g24_asm":{"dem_pct":42.2,"margin_dem":-15.6,"votes_two_party":1156,"winner":"Rep"}},"geometry":{"type":"Polygon","coordinates":[[[-116.91021,33.75308],[-116.91132,33.75505],[-116.91131,33.76109],[-116.91336,33.76227],[-116.91505,33.76252],[-116.91517,33.76492],[-116.91889,33.76673],[-116.91784,33.77075],[-116.91419,33.7677],[-116.91041,33.76502],[-116.90885,33.76521],[-116.89883,33.76502],[-116.89382,33.76472],[-116.89328,33.76398],[-116.89327,33.76239],[-116.89335,33.76029],[-116.89361,33.7584],[-116.89487,33.75964],[-116.89685,33.76022],[-116.89865,33.761],[-116.90027,33.76208],[-116.90191,33.7622],[-116.90189,33.75974],[-116.90189,33.75806],[-116.90188,33.7552],[-116.90185,33.75192],[-116.90271,33.75142],[-116.90041,33.74865],[-116.89934,33.74783],[-116.90166,33.74782],[-116.90872,33.7478],[-116.90877,33.74957],[-116.90884,33.75135],[-116.91021,33.75308]]]}},{"type":"Feature","properties":{"county_fips":65,"srprec":"577009","precinct_id":"065-577009","county_name":"Riverside","area_sq_mi":1.303,"place_primary":"Valle Vista","place_primary_share":98.3,"place_also":[],"places":[{"name":"Valle Vista","geoid":"0681708","kind":"cdp","pct":98.3}],"bbox":[-116.9038,33.74784,-116.87079,33.76492],"g22_asm":{"dem_pct":39.5,"margin_dem":-21.0,"votes_two_party":1286,"winner":"Rep"},"g24_asm":{"dem_pct":41.3,"margin_dem":-17.5,"votes_two_party":2092,"winner":"Rep"}},"geometry":{"type":"Polygon","coordinates":[[[-116.90189,33.75974],[-116.90191,33.7622],[-116.90027,33.76208],[-116.89865,33.761],[-116.89685,33.76022],[-116.89487,33.75964],[-116.89361,33.7584],[-116.89335,33.76029],[-116.89327,33.76239],[-116.89328,33.76398],[-116.89382,33.76472],[-116.88808,33.76296],[-116.88693,33.76214],[-116.8832,33.75962],[-116.88183,33.75851],[-116.87805,33.75529],[-116.87532,33.75392],[-116.87103,33.75145],[-116.87189,33.75121],[-116.87452,33.75169],[-116.87772,33.75154],[-116.87576,33.75025],[-116.87578,33.74893],[-116.88235,33.7479],[-116.88834,33.74788],[-116.89253,33.74786],[-116.89557,33.74784],[-116.89705,33.74792],[-116.89853,33.74784],[-116.9038,33.75145],[-116.90168,33.7515],[-116.90187,33.75402],[-116.90188,33.7559],[-116.9019,33.75888],[-116.90189,33.75974]]]}},{"type":"Feature","properties":{"county_fips":65,"srprec":"577013","precinct_id":"065-577013","county_name":"Riverside","area_sq_mi":0.536,"place_primary":"Unincorporated Riverside County","place_primary_share":47.0,"place_also":[],"places":[{"name":"Valle Vista","geoid":"0681708","kind":"cdp","pct":47.0}],"bbox":[-116.87772,33.73925,-116.84113,33.75237],"g22_asm":{"dem_pct":35.4,"margin_dem":-29.2,"votes_two_party":48,"winner":"Rep"},"g24_asm":null},"geometry":{"type":"Polygon","coordinates":[[[-116.8581,33.74435],[-116.8471,33.74427],[-116.84113,33.7439],[-116.84114,33.74034],[-116.84115,33.73952],[-116.84372,33.73987],[-116.84775,33.74086],[-116.84841,33.74101],[-116.85306,33.74192],[-116.85535,33.7423],[-116.85779,33.74271],[-116.85835,33.7428],[-116.85895,33.74294],[-116.86015,33.74328],[-116.86109,33.74363],[-116.86276,33.7443],[-116.86298,33.74441],[-116.86556,33.74549],[-116.86679,33.74601],[-116.86889,33.74689],[-116.87072,33.74762],[-116.87144,33.74781],[-116.87197,33.74789],[-116.8749,33.74793],[-116.87577,33.74822],[-116.87576,33.74936],[-116.87574,33.75013],[-116.87584,33.75036],[-116.87725,33.7513],[-116.87758,33.75154],[-116.87528,33.75123],[-116.87452,33.75169],[-116.87394,33.75237],[-116.8726,33.75169],[-116.87103,33.7512],[-116.86891,33.75021],[-116.8631,33.74782],[-116.86325,33.75166],[-116.85825,33.74721],[-116.8581,33.74435]]]}}],"outline":{"type":"Polygon","coordinates":[[[-116.61426,33.68777],[-116.63418,33.64854],[-116.66624,33.65935],[-116.68481,33.67792],[-116.70614,33.68923],[-116.72242,33.70231],[-116.73135,33.70543],[-116.74266,33.70119],[-116.75324,33.69803],[-116.76123,33.69843],[-116.771,33.70266],[-116.75638,33.70767],[-116.7687,33.71073],[-116.78223,33.71523],[-116.79906,33.72097],[-116.81838,33.73642],[-116.8488,33.73826],[-116.84491,33.73238],[-116.88071,33.73213],[-116.91876,33.72977],[-116.90879,33.75089],[-116.91927,33.76702],[-116.93269,33.78689],[-116.96337,33.83623],[-116.96226,33.9035],[-116.99889,33.92299],[-117.02336,33.93298],[-117.07327,33.96588],[-117.11009,33.97743],[-117.13182,33.94694],[-117.2264,33.97527],[-117.28053,33.98966],[-117.27385,34.01874],[-117.24021,34.02315],[-117.23852,34.02873],[-117.23284,34.0284],[-117.23011,34.02556],[-117.2303,34.03458],[-117.2085,34.03152],[-117.20154,34.03374],[-117.19153,34.03131],[-117.16682,34.04405],[-117.1388,34.03513],[-117.12488,34.04829],[-117.10367,34.07709],[-117.13892,34.09915],[-117.18857,34.12121],[-117.15773,34.11971],[-117.13473,34.11693],[-117.06889,34.09028],[-117.04543,34.08101],[-117.02887,34.09683],[-117.00159,34.10217],[-116.95712,34.09573],[-116.92689,34.09184],[-116.91264,34.09784],[-116.9084,34.12023],[-116.7426,34.12137],[-116.53316,34.20562],[-116.49971,34.20146],[-116.48015,34.19628],[-116.45702,34.18993],[-116.42256,34.17639],[-116.38993,34.16585],[-116.33333,34.16754],[-116.31143,34.1713],[-116.27068,34.17158],[-116.26089,34.13873],[-116.2501,34.12057],[-116.16114,34.12041],[-116.05442,34.11733],[-116.02636,34.06976],[-116.0297,34.05249],[-116.04611,34.03446],[-115.81182,34.03529],[-115.62496,34.03528],[-115.30411,34.07786],[-115.19101,34.06408],[-115.2394,33.98261],[-115.25571,33.83926],[-115.30399,33.79358],[-115.40163,33.7649],[-115.43576,33.72738],[-115.46177,33.70056],[-115.56376,33.67779],[-115.68452,33.66616],[-115.8022,33.66136],[-115.91716,33.67131],[-116.00785,33.7029],[-116.18774,33.8552],[-116.2689,33.89142],[-116.37897,33.93683],[-116.40632,33.90953],[-116.37565,33.88207],[-116.38359,33.87248],[-116.31218,33.84466],[-116.3225,33.82282],[-116.30123,33.80334],[-116.30081,33.76429],[-116.26661,33.74377],[-116.27156,33.72196],[-116.27056,33.70681],[-116.23393,33.66837],[-116.23337,33.60078],[-116.32149,33.64964],[-116.3734,33.64741],[-116.40303,33.63224],[-116.41837,33.62763],[-116.42613,33.63636],[-116.44092,33.63142],[-116.55112,33.68484],[-116.61426,33.68777]]]}}