{"type":"FeatureCollection","district_id":"ad-58","district_code":"AD-58","schema_version":2,"source":{"boundaries":"UC Berkeley Statewide Database SR precinct shapefiles (g22/g24 v01)","results":"SWDB SOV by SR precinct \u2014 Assembly contest (ASSDEM* vs ASSREP*)","places":"U.S. Census Bureau TIGER/Line 2020 cartographic places (cb_2020_06_place_500k)","assembly_boundary":"CRC 2020 (ca-assembly-crc-2020.geojson)","built_at":"2026-10-07","races":{"g22_asm":{"label":"2022 General \u00b7 Assembly","election":"2022-11-08"},"g24_asm":{"label":"2024 General \u00b7 Assembly","election":"2024-11-05"}}},"features":[{"type":"Feature","properties":{"county_fips":65,"srprec":"101100","precinct_id":"065-101100","county_name":"Riverside","area_sq_mi":0.359,"place_primary":"Jurupa Valley","place_primary_share":100.0,"place_also":[],"places":[{"name":"Jurupa Valley","geoid":"0637692","kind":"city","pct":100.0}],"bbox":[-117.47703,33.96731,-117.46216,33.97914],"g22_asm":{"dem_pct":31.6,"margin_dem":-36.8,"votes_two_party":19,"winner":"Rep"},"g24_asm":{"dem_pct":47.2,"margin_dem":-5.7,"votes_two_party":123,"winner":"Rep"}},"geometry":{"type":"Polygon","coordinates":[[[-117.46901,33.96899],[-117.47078,33.96966],[-117.47215,33.97041],[-117.47355,33.97172],[-117.47493,33.97333],[-117.4755,33.97446],[-117.47592,33.97555],[-117.47603,33.9759],[-117.4762,33.97643],[-117.47643,33.97719],[-117.47637,33.97905],[-117.47541,33.97912],[-117.47543,33.97779],[-117.4751,33.97681],[-117.47429,33.9764],[-117.47394,33.97585],[-117.47256,33.97556],[-117.47148,33.97555],[-117.47104,33.97555],[-117.46948,33.97551],[-117.46825,33.97554],[-117.46694,33.9757],[-117.46241,33.97718],[-117.46234,33.97695],[-117.46217,33.97541],[-117.46218,33.97291],[-117.46217,33.96973],[-117.46217,33.96916],[-117.46253,33.9684],[-117.46321,33.96798],[-117.46478,33.96791],[-117.46628,33.96738],[-117.4669,33.96783],[-117.46834,33.96875],[-117.46901,33.96899]]]}},{"type":"Feature","properties":{"county_fips":65,"srprec":"101102","precinct_id":"065-101102","county_name":"Riverside","area_sq_mi":0.475,"place_primary":"Jurupa Valley","place_primary_share":100.0,"place_also":[],"places":[{"name":"Jurupa Valley","geoid":"0637692","kind":"city","pct":100.0}],"bbox":[-117.46643,33.96607,-117.44918,33.97847],"g22_asm":{"dem_pct":55.0,"margin_dem":10.0,"votes_two_party":549,"winner":"Dem"},"g24_asm":null},"geometry":{"type":"Polygon","coordinates":[[[-117.45377,33.96863],[-117.46137,33.96713],[-117.46586,33.96618],[-117.46624,33.96707],[-117.46628,33.96738],[-117.46551,33.96773],[-117.46412,33.9679],[-117.46343,33.96793],[-117.46281,33.96817],[-117.46253,33.9684],[-117.46227,33.96876],[-117.46216,33.96924],[-117.46217,33.96955],[-117.46216,33.97086],[-117.46218,33.97291],[-117.46217,33.97527],[-117.46228,33.97541],[-117.46231,33.97625],[-117.46235,33.977],[-117.46241,33.97718],[-117.46193,33.97734],[-117.46126,33.97754],[-117.46114,33.97758],[-117.46073,33.97769],[-117.45968,33.97798],[-117.45852,33.97822],[-117.45793,33.97827],[-117.45688,33.97838],[-117.45302,33.97846],[-117.45155,33.97847],[-117.4511,33.97736],[-117.45099,33.97708],[-117.45079,33.97661],[-117.45044,33.97558],[-117.45045,33.97546],[-117.45037,33.97523],[-117.4496,33.97293],[-117.44918,33.97191],[-117.4507,33.97167],[-117.4538,33.97108],[-117.45377,33.96863]]]}},{"type":"Feature","properties":{"county_fips":65,"srprec":"103100","precinct_id":"065-103100","county_name":"Riverside","area_sq_mi":1.351,"place_primary":"Jurupa Valley","place_primary_share":100.0,"place_also":[],"places":[{"name":"Jurupa Valley","geoid":"0637692","kind":"city","pct":100.0}],"bbox":[-117.47544,33.97551,-117.44671,34.0063],"g22_asm":{"dem_pct":39.8,"margin_dem":-20.4,"votes_two_party":799,"winner":"Rep"},"g24_asm":null},"geometry":{"type":"Polygon","coordinates":[[[-117.46725,33.98979],[-117.46725,33.98678],[-117.46495,33.98583],[-117.46469,33.98455],[-117.46586,33.98406],[-117.46623,33.98214],[-117.46716,33.98128],[-117.46755,33.98041],[-117.46668,33.97828],[-117.46716,33.97699],[-117.46725,33.97635],[-117.46753,33.97561],[-117.46964,33.97555],[-117.47137,33.97555],[-117.47331,33.97565],[-117.47429,33.9764],[-117.47539,33.97746],[-117.47541,33.97986],[-117.4754,33.98742],[-117.4754,33.99369],[-117.47542,33.99949],[-117.47191,34.0003],[-117.46591,34.00177],[-117.4609,34.00294],[-117.45543,34.00424],[-117.45121,34.00528],[-117.447,34.00629],[-117.44675,34.00561],[-117.44711,34.00287],[-117.44968,34.00223],[-117.45271,33.99933],[-117.45661,33.99752],[-117.45808,33.9969],[-117.46208,33.99507],[-117.46563,33.99207],[-117.46656,33.99011],[-117.46725,33.98979]]]}},{"type":"Feature","properties":{"county_fips":65,"srprec":"103105","precinct_id":"065-103105","county_name":"Riverside","area_sq_mi":0.353,"place_primary":"Jurupa Valley","place_primary_share":100.0,"place_also":[],"places":[{"name":"Jurupa Valley","geoid":"0637692","kind":"city","pct":100.0}],"bbox":[-117.45732,33.98839,-117.44673,34.00304],"g22_asm":{"dem_pct":44.7,"margin_dem":-10.5,"votes_two_party":474,"winner":"Rep"},"g24_asm":{"dem_pct":39.9,"margin_dem":-20.2,"votes_two_party":677,"winner":"Rep"}},"geometry":{"type":"Polygon","coordinates":[[[-117.45258,33.9896],[-117.45308,33.98896],[-117.45332,33.98839],[-117.45408,33.98852],[-117.45449,33.98868],[-117.4548,33.98887],[-117.45548,33.9901],[-117.45585,33.9914],[-117.45643,33.99369],[-117.45675,33.99493],[-117.45694,33.99606],[-117.45716,33.9968],[-117.45675,33.99749],[-117.45559,33.9979],[-117.45427,33.99841],[-117.45271,33.99933],[-117.45169,34.00001],[-117.45052,34.00166],[-117.44943,34.00236],[-117.4481,34.00274],[-117.4472,34.00283],[-117.44681,34.00288],[-117.4468,34.00224],[-117.44673,34.00003],[-117.44675,33.99942],[-117.44689,33.99827],[-117.44697,33.99763],[-117.44705,33.99716],[-117.44719,33.99659],[-117.44726,33.99628],[-117.44727,33.99623],[-117.44742,33.9956],[-117.44773,33.9946],[-117.44791,33.99408],[-117.44814,33.99347],[-117.44838,33.99308],[-117.44862,33.99283],[-117.45017,33.99164],[-117.45166,33.9904],[-117.45207,33.99006],[-117.45258,33.9896]]]}},{"type":"Feature","properties":{"county_fips":65,"srprec":"104107","precinct_id":"065-104107","county_name":"Riverside","area_sq_mi":0.01,"place_primary":"Jurupa Valley","place_primary_share":100.0,"place_also":[],"places":[{"name":"Jurupa Valley","geoid":"0637692","kind":"city","pct":100.0}],"bbox":[-117.37538,34.01615,-117.37388,34.0194],"g22_asm":{"dem_pct":0.0,"margin_dem":-100.0,"votes_two_party":1,"winner":"Rep"},"g24_asm":null},"geometry":{"type":"Polygon","coordinates":[[[-117.37388,34.01931],[-117.37529,34.01615],[-117.3753,34.01616],[-117.37538,34.0194],[-117.37535,34.0194],[-117.37526,34.0194],[-117.37517,34.0194],[-117.37516,34.0194],[-117.37516,34.0194],[-117.37388,34.01931]]]}},{"type":"Feature","properties":{"county_fips":65,"srprec":"104109","precinct_id":"065-104109","county_name":"Riverside","area_sq_mi":0.659,"place_primary":"Jurupa Valley","place_primary_share":100.0,"place_also":[],"places":[{"name":"Jurupa Valley","geoid":"0637692","kind":"city","pct":100.0}],"bbox":[-117.4338,34.00976,-117.41087,34.03391],"g22_asm":{"dem_pct":51.5,"margin_dem":3.1,"votes_two_party":553,"winner":"Dem"},"g24_asm":{"dem_pct":46.7,"margin_dem":-6.7,"votes_two_party":1080,"winner":"Rep"}},"geometry":{"type":"Polygon","coordinates":[[[-117.41087,34.03389],[-117.4124,34.03138],[-117.41261,34.03064],[-117.41383,34.02791],[-117.4162,34.02564],[-117.41591,34.02332],[-117.4147,34.02304],[-117.41349,34.02281],[-117.41325,34.02131],[-117.41769,34.01927],[-117.41935,34.01817],[-117.41932,34.0175],[-117.41933,34.01562],[-117.41942,34.014],[-117.41972,34.01417],[-117.42117,34.01169],[-117.42091,34.01084],[-117.42194,34.01085],[-117.42302,34.01073],[-117.42524,34.01018],[-117.42761,34.00995],[-117.43015,34.01075],[-117.43378,34.01186],[-117.43348,34.01203],[-117.43337,34.01209],[-117.43317,34.01221],[-117.4325,34.01262],[-117.43146,34.01319],[-117.42865,34.01479],[-117.42812,34.01538],[-117.42682,34.01714],[-117.42635,34.0178],[-117.42526,34.01924],[-117.4232,34.0221],[-117.42204,34.02372],[-117.41653,34.03117],[-117.41588,34.03207],[-117.41495,34.03331],[-117.41087,34.03389]]]}},{"type":"Feature","properties":{"county_fips":65,"srprec":"104114","precinct_id":"065-104114","county_name":"Riverside","area_sq_mi":0.049,"place_primary":"Jurupa Valley","place_primary_share":100.0,"place_also":[],"places":[{"name":"Jurupa Valley","geoid":"0637692","kind":"city","pct":100.0}],"bbox":[-117.42159,34.01051,-117.41766,34.01876],"g22_asm":{"dem_pct":61.9,"margin_dem":23.8,"votes_two_party":21,"winner":"Dem"},"g24_asm":null},"geometry":{"type":"Polygon","coordinates":[[[-117.42071,34.01169],[-117.42087,34.01169],[-117.42117,34.01169],[-117.42159,34.01169],[-117.41975,34.01409],[-117.41973,34.01415],[-117.41972,34.01417],[-117.4197,34.01416],[-117.41942,34.01401],[-117.41942,34.014],[-117.41942,34.014],[-117.41941,34.014],[-117.4193,34.01398],[-117.41931,34.01453],[-117.41933,34.01562],[-117.41932,34.0162],[-117.41932,34.01676],[-117.41932,34.01694],[-117.41932,34.0175],[-117.41932,34.01768],[-117.41933,34.01787],[-117.41934,34.0181],[-117.41935,34.01817],[-117.41877,34.01844],[-117.41835,34.01876],[-117.41831,34.01734],[-117.41839,34.01544],[-117.41848,34.01351],[-117.41876,34.01366],[-117.41886,34.01371],[-117.41823,34.01333],[-117.41815,34.01329],[-117.41798,34.01315],[-117.41795,34.01313],[-117.41787,34.01309],[-117.41784,34.01308],[-117.4178,34.01306],[-117.41769,34.01302],[-117.41766,34.013],[-117.41782,34.0127],[-117.41832,34.01182],[-117.41849,34.01152],[-117.41855,34.0113],[-117.41873,34.01063],[-117.41875,34.01059],[-117.41888,34.01051],[-117.41911,34.01055],[-117.41911,34.01055],[-117.41911,34.01055],[-117.41915,34.01057],[-117.41916,34.01058],[-117.41932,34.01063],[-117.41945,34.01066],[-117.41961,34.01069],[-117.41987,34.01071],[-117.42003,34.01072],[-117.42058,34.01081],[-117.42059,34.01081],[-117.42059,34.01081],[-117.42091,34.01084],[-117.42065,34.01156],[-117.42071,34.01169]]]}},{"type":"Feature","properties":{"county_fips":65,"srprec":"104116","precinct_id":"065-104116","county_name":"Riverside","area_sq_mi":4.656,"place_primary":"Jurupa Valley","place_primary_share":99.9,"place_also":[],"places":[{"name":"Jurupa Valley","geoid":"0637692","kind":"city","pct":99.9},{"name":"Colton","geoid":"0614890","kind":"city","pct":0.1}],"bbox":[-117.41988,34.00427,-117.36721,34.03389],"g22_asm":{"dem_pct":73.7,"margin_dem":47.4,"votes_two_party":388,"winner":"Dem"},"g24_asm":{"dem_pct":70.7,"margin_dem":41.5,"votes_two_party":591,"winner":"Dem"}},"geometry":{"type":"Polygon","coordinates":[[[-117.39538,34.03381],[-117.37719,34.02685],[-117.3754,34.02366],[-117.37388,34.01931],[-117.37354,34.01941],[-117.371,34.01942],[-117.36721,34.01941],[-117.37254,34.01239],[-117.37471,34.00964],[-117.37604,34.00826],[-117.37889,34.00581],[-117.37898,34.00559],[-117.38014,34.00699],[-117.38087,34.00785],[-117.38252,34.0063],[-117.38493,34.00455],[-117.38765,34.00504],[-117.39155,34.00527],[-117.39447,34.00518],[-117.40028,34.00469],[-117.40429,34.00434],[-117.40622,34.00427],[-117.40829,34.00437],[-117.41029,34.00465],[-117.41194,34.00508],[-117.41619,34.00623],[-117.41941,34.00873],[-117.41873,34.01063],[-117.4178,34.01306],[-117.41886,34.01371],[-117.41769,34.01927],[-117.41376,34.02263],[-117.41558,34.02328],[-117.41621,34.02588],[-117.41261,34.03064],[-117.41131,34.03321],[-117.39538,34.03381]]]}},{"type":"Feature","properties":{"county_fips":65,"srprec":"104120","precinct_id":"065-104120","county_name":"Riverside","area_sq_mi":0.174,"place_primary":"Jurupa Valley","place_primary_share":100.0,"place_also":[],"places":[{"name":"Jurupa Valley","geoid":"0637692","kind":"city","pct":100.0}],"bbox":[-117.43215,34.00396,-117.41875,34.01085],"g22_asm":{"dem_pct":71.6,"margin_dem":43.3,"votes_two_party":67,"winner":"Dem"},"g24_asm":null},"geometry":{"type":"Polygon","coordinates":[[[-117.42774,34.00731],[-117.42954,34.00826],[-117.42991,34.00846],[-117.43207,34.00963],[-117.43208,34.00978],[-117.43068,34.00922],[-117.42965,34.0096],[-117.42908,34.00942],[-117.42853,34.00942],[-117.42808,34.00951],[-117.4274,34.00966],[-117.42698,34.00976],[-117.42524,34.01018],[-117.4235,34.0106],[-117.42246,34.01083],[-117.42144,34.01082],[-117.42059,34.01081],[-117.41987,34.01071],[-117.41932,34.01063],[-117.41911,34.01055],[-117.41888,34.01051],[-117.4188,34.01039],[-117.41889,34.01018],[-117.41973,34.00778],[-117.41984,34.00745],[-117.41995,34.00715],[-117.42038,34.00591],[-117.42069,34.00493],[-117.42094,34.00424],[-117.42103,34.00401],[-117.42219,34.00453],[-117.42327,34.00508],[-117.4249,34.00587],[-117.42774,34.00731]]]}},{"type":"Feature","properties":{"county_fips":65,"srprec":"104123","precinct_id":"065-104123","county_name":"Riverside","area_sq_mi":1.26,"place_primary":"Jurupa Valley","place_primary_share":100.0,"place_also":[],"places":[{"name":"Jurupa Valley","geoid":"0637692","kind":"city","pct":100.0}],"bbox":[-117.42106,33.98853,-117.38458,34.00735],"g22_asm":{"dem_pct":73.0,"margin_dem":46.1,"votes_two_party":660,"winner":"Dem"},"g24_asm":null},"geometry":{"type":"Polygon","coordinates":[[[-117.41402,34.00042],[-117.42102,34.00403],[-117.42064,34.00514],[-117.4199,34.00729],[-117.41273,34.00534],[-117.41105,34.00484],[-117.40965,34.00453],[-117.40797,34.00433],[-117.40622,34.00427],[-117.40438,34.00433],[-117.40403,34.00436],[-117.39512,34.00513],[-117.39354,34.00524],[-117.39067,34.00526],[-117.38734,34.00501],[-117.38493,34.00455],[-117.38473,34.0042],[-117.38635,34.00183],[-117.39141,33.99598],[-117.39342,33.99204],[-117.39698,33.99181],[-117.39739,33.99062],[-117.39738,33.9897],[-117.39794,33.98853],[-117.40014,33.98978],[-117.40079,33.99053],[-117.4028,33.99161],[-117.40452,33.99157],[-117.40551,33.99035],[-117.406,33.99041],[-117.40779,33.99135],[-117.40852,33.9928],[-117.40652,33.99536],[-117.40592,33.99601],[-117.4072,33.99702],[-117.40856,33.99771],[-117.41255,33.9997],[-117.41402,34.00042]]]}},{"type":"Feature","properties":{"county_fips":65,"srprec":"104124","precinct_id":"065-104124","county_name":"Riverside","area_sq_mi":0.211,"place_primary":"Jurupa Valley","place_primary_share":100.0,"place_also":[],"places":[{"name":"Jurupa Valley","geoid":"0637692","kind":"city","pct":100.0}],"bbox":[-117.42899,33.99218,-117.42106,34.00587],"g22_asm":{"dem_pct":60.9,"margin_dem":21.9,"votes_two_party":64,"winner":"Dem"},"g24_asm":{"dem_pct":60.4,"margin_dem":20.9,"votes_two_party":134,"winner":"Dem"}},"geometry":{"type":"Polygon","coordinates":[[[-117.4288,33.99466],[-117.42832,33.99603],[-117.42806,33.9968],[-117.42777,33.9976],[-117.42747,33.99847],[-117.42729,33.99901],[-117.4271,33.99952],[-117.42685,34.00021],[-117.42653,34.00116],[-117.42594,34.0029],[-117.42581,34.00325],[-117.4256,34.00385],[-117.42496,34.00569],[-117.42394,34.00541],[-117.42272,34.00479],[-117.42106,34.00396],[-117.42166,34.00225],[-117.42199,34.00119],[-117.42262,33.99942],[-117.42317,33.9978],[-117.42359,33.99657],[-117.42451,33.99397],[-117.42653,33.99353],[-117.42716,33.99306],[-117.42741,33.99232],[-117.4275,33.99218],[-117.42756,33.99219],[-117.42806,33.99234],[-117.42839,33.99254],[-117.42861,33.99278],[-117.42862,33.99279],[-117.42885,33.99318],[-117.42891,33.99335],[-117.42899,33.99383],[-117.4288,33.99466]]]}},{"type":"Feature","properties":{"county_fips":65,"srprec":"104125","precinct_id":"065-104125","county_name":"Riverside","area_sq_mi":0.414,"place_primary":"Jurupa Valley","place_primary_share":100.0,"place_also":[],"places":[{"name":"Jurupa Valley","geoid":"0637692","kind":"city","pct":100.0}],"bbox":[-117.42581,33.99029,-117.40564,34.00396],"g22_asm":{"dem_pct":67.9,"margin_dem":35.7,"votes_two_party":280,"winner":"Dem"},"g24_asm":{"dem_pct":61.4,"margin_dem":22.7,"votes_two_party":559,"winner":"Dem"}},"geometry":{"type":"Polygon","coordinates":[[[-117.40975,33.9924],[-117.41099,33.99303],[-117.41156,33.99267],[-117.4121,33.99222],[-117.41197,33.99293],[-117.41193,33.99317],[-117.41222,33.9933],[-117.41314,33.99376],[-117.41355,33.99385],[-117.41394,33.99422],[-117.41346,33.99481],[-117.41481,33.99571],[-117.41523,33.99594],[-117.41755,33.99723],[-117.41856,33.99652],[-117.4192,33.9961],[-117.41978,33.99569],[-117.42028,33.99528],[-117.42354,33.99235],[-117.42482,33.99116],[-117.42576,33.99039],[-117.42555,33.99098],[-117.42523,33.99188],[-117.42448,33.99404],[-117.42328,33.99744],[-117.42262,33.99942],[-117.42193,34.0014],[-117.42113,34.00374],[-117.41597,34.00141],[-117.41223,33.99954],[-117.40856,33.99771],[-117.40732,33.99707],[-117.40628,33.99663],[-117.40592,33.99601],[-117.40634,33.99545],[-117.40678,33.99551],[-117.40852,33.9928],[-117.40792,33.99163],[-117.40937,33.99218],[-117.40975,33.9924]]]}},{"type":"Feature","properties":{"county_fips":65,"srprec":"105105","precinct_id":"065-105105","county_name":"Riverside","area_sq_mi":0.69,"place_primary":"Jurupa Valley","place_primary_share":100.0,"place_also":[],"places":[{"name":"Jurupa Valley","geoid":"0637692","kind":"city","pct":100.0}],"bbox":[-117.46755,33.97569,-117.4526,33.99725],"g22_asm":{"dem_pct":45.7,"margin_dem":-8.7,"votes_two_party":624,"winner":"Rep"},"g24_asm":{"dem_pct":41.9,"margin_dem":-16.1,"votes_two_party":997,"winner":"Rep"}},"geometry":{"type":"Polygon","coordinates":[[[-117.46144,33.97911],[-117.46137,33.9778],[-117.46567,33.97608],[-117.46718,33.97615],[-117.46716,33.97699],[-117.4667,33.97836],[-117.46754,33.98058],[-117.46679,33.98176],[-117.46575,33.98314],[-117.46521,33.98455],[-117.4648,33.98559],[-117.4672,33.98675],[-117.46704,33.98759],[-117.46697,33.98797],[-117.46729,33.98868],[-117.46703,33.98931],[-117.46655,33.98978],[-117.46583,33.9906],[-117.464,33.99356],[-117.45916,33.99628],[-117.45716,33.9968],[-117.45643,33.99369],[-117.4548,33.98887],[-117.45332,33.98839],[-117.45299,33.98638],[-117.45283,33.98393],[-117.45308,33.98241],[-117.45376,33.9824],[-117.45501,33.98294],[-117.45808,33.98359],[-117.45887,33.98313],[-117.45945,33.98252],[-117.46077,33.98222],[-117.46144,33.97911]]]}},{"type":"Feature","properties":{"county_fips":65,"srprec":"105107","precinct_id":"065-105107","county_name":"Riverside","area_sq_mi":1.244,"place_primary":"Jurupa Valley","place_primary_share":100.0,"place_also":[],"places":[{"name":"Jurupa Valley","geoid":"0637692","kind":"city","pct":100.0}],"bbox":[-117.46177,33.97754,-117.43585,34.00856],"g22_asm":{"dem_pct":43.0,"margin_dem":-14.0,"votes_two_party":865,"winner":"Rep"},"g24_asm":{"dem_pct":39.9,"margin_dem":-20.3,"votes_two_party":1297,"winner":"Rep"}},"geometry":{"type":"Polygon","coordinates":[[[-117.45155,33.97847],[-117.45742,33.97833],[-117.46021,33.97784],[-117.46126,33.97754],[-117.46144,33.97832],[-117.4617,33.98024],[-117.46012,33.98244],[-117.45926,33.98264],[-117.45867,33.98328],[-117.45788,33.98365],[-117.45501,33.98294],[-117.45378,33.98241],[-117.45315,33.9824],[-117.453,33.98349],[-117.4526,33.98477],[-117.45336,33.98738],[-117.45308,33.98896],[-117.45166,33.9904],[-117.44852,33.99293],[-117.44788,33.99417],[-117.44727,33.99623],[-117.44708,33.99701],[-117.44681,33.9988],[-117.4468,34.00224],[-117.44416,34.00439],[-117.43954,34.00793],[-117.43802,34.00839],[-117.43733,34.00671],[-117.43586,34.00516],[-117.4365,33.99191],[-117.44027,33.99031],[-117.44342,33.99011],[-117.44346,33.98909],[-117.44609,33.9793],[-117.45008,33.97867],[-117.45155,33.97847]]]}},{"type":"Feature","properties":{"county_fips":65,"srprec":"105110","precinct_id":"065-105110","county_name":"Riverside","area_sq_mi":0.087,"place_primary":"Jurupa Valley","place_primary_share":100.0,"place_also":[],"places":[{"name":"Jurupa Valley","geoid":"0637692","kind":"city","pct":100.0}],"bbox":[-117.44694,34.00304,-117.43335,34.01127],"g22_asm":{"dem_pct":77.8,"margin_dem":55.6,"votes_two_party":9,"winner":"Dem"},"g24_asm":null},"geometry":{"type":"Polygon","coordinates":[[[-117.44692,34.00624],[-117.44694,34.0063],[-117.44672,34.00633],[-117.44621,34.00647],[-117.44506,34.00675],[-117.44279,34.00725],[-117.4412,34.00763],[-117.43976,34.00797],[-117.43979,34.00819],[-117.43976,34.00837],[-117.43966,34.00849],[-117.43963,34.00851],[-117.43957,34.00856],[-117.43684,34.0101],[-117.43547,34.01085],[-117.43492,34.01117],[-117.43448,34.01111],[-117.43381,34.01077],[-117.43335,34.0105],[-117.43351,34.01041],[-117.43391,34.01019],[-117.43411,34.01008],[-117.4347,34.00973],[-117.43515,34.00947],[-117.43629,34.00887],[-117.43657,34.00876],[-117.43664,34.00874],[-117.43734,34.00856],[-117.43782,34.00844],[-117.43802,34.00839],[-117.43837,34.00831],[-117.43862,34.00822],[-117.4395,34.00794],[-117.43954,34.00793],[-117.44022,34.00698],[-117.44129,34.00612],[-117.44249,34.00535],[-117.44416,34.00439],[-117.4447,34.00417],[-117.4468,34.00304],[-117.44678,34.00379],[-117.44674,34.00407],[-117.44671,34.00497],[-117.44676,34.00569],[-117.44686,34.00609],[-117.44692,34.00624]]]}},{"type":"Feature","properties":{"county_fips":65,"srprec":"105115","precinct_id":"065-105115","county_name":"Riverside","area_sq_mi":0.059,"place_primary":"Jurupa Valley","place_primary_share":100.0,"place_also":[],"places":[{"name":"Jurupa Valley","geoid":"0637692","kind":"city","pct":100.0}],"bbox":[-117.43734,34.00516,-117.43215,34.01041],"g22_asm":{"dem_pct":44.2,"margin_dem":-11.6,"votes_two_party":43,"winner":"Rep"},"g24_asm":null},"geometry":{"type":"Polygon","coordinates":[[[-117.43709,34.00633],[-117.43725,34.00651],[-117.4373,34.00658],[-117.43731,34.00661],[-117.43733,34.00671],[-117.43734,34.00733],[-117.43734,34.00775],[-117.43733,34.00837],[-117.43734,34.00856],[-117.43676,34.00871],[-117.43664,34.00874],[-117.43657,34.00876],[-117.43657,34.00876],[-117.43651,34.00878],[-117.43629,34.00887],[-117.43578,34.00912],[-117.43515,34.00947],[-117.43514,34.00948],[-117.4347,34.00973],[-117.43418,34.01004],[-117.43411,34.01008],[-117.43408,34.0101],[-117.43391,34.01019],[-117.43369,34.01033],[-117.43351,34.01041],[-117.43342,34.01036],[-117.43215,34.00967],[-117.43238,34.00931],[-117.43233,34.00933],[-117.43237,34.00931],[-117.43238,34.0093],[-117.43239,34.00929],[-117.43239,34.00929],[-117.4324,34.00928],[-117.4324,34.00927],[-117.4324,34.00927],[-117.43244,34.00919],[-117.43254,34.009],[-117.43273,34.00863],[-117.43282,34.00846],[-117.43351,34.00722],[-117.43362,34.00699],[-117.43371,34.00689],[-117.43401,34.00667],[-117.4345,34.00626],[-117.43494,34.0059],[-117.43523,34.00567],[-117.43535,34.00556],[-117.43558,34.00538],[-117.43573,34.00526],[-117.43586,34.00516],[-117.4364,34.0057],[-117.43643,34.00572],[-117.43654,34.00582],[-117.43709,34.00633]]]}},{"type":"Feature","properties":{"county_fips":65,"srprec":"105118","precinct_id":"065-105118","county_name":"Riverside","area_sq_mi":0.549,"place_primary":"Jurupa Valley","place_primary_share":100.0,"place_also":[],"places":[{"name":"Jurupa Valley","geoid":"0637692","kind":"city","pct":100.0}],"bbox":[-117.4365,33.98945,-117.42481,34.00967],"g22_asm":{"dem_pct":60.9,"margin_dem":21.8,"votes_two_party":593,"winner":"Dem"},"g24_asm":{"dem_pct":47.8,"margin_dem":-4.5,"votes_two_party":760,"winner":"Rep"}},"geometry":{"type":"Polygon","coordinates":[[[-117.4298,33.99397],[-117.43127,33.9948],[-117.43308,33.99522],[-117.43475,33.99452],[-117.43444,33.99243],[-117.4365,33.99191],[-117.43644,34.00471],[-117.43523,34.00567],[-117.43351,34.00722],[-117.4324,34.00927],[-117.43233,34.00933],[-117.42991,34.00846],[-117.42774,34.00731],[-117.42571,34.00352],[-117.42597,34.00283],[-117.4269,34.00007],[-117.42735,33.99882],[-117.42782,33.99744],[-117.42854,33.99541],[-117.42893,33.99346],[-117.42874,33.99297],[-117.42852,33.99267],[-117.42771,33.99223],[-117.42746,33.99218],[-117.42696,33.99363],[-117.42536,33.99155],[-117.42574,33.99046],[-117.42659,33.98983],[-117.42749,33.9909],[-117.42844,33.99162],[-117.42911,33.99241],[-117.42954,33.99318],[-117.42965,33.99399],[-117.4298,33.99397]]]}},{"type":"Feature","properties":{"county_fips":65,"srprec":"105124","precinct_id":"065-105124","county_name":"Riverside","area_sq_mi":0.809,"place_primary":"Jurupa Valley","place_primary_share":100.0,"place_also":[],"places":[{"name":"Jurupa Valley","geoid":"0637692","kind":"city","pct":100.0}],"bbox":[-117.45162,33.96837,-117.42463,33.983],"g22_asm":{"dem_pct":49.2,"margin_dem":-1.5,"votes_two_party":654,"winner":"Rep"},"g24_asm":{"dem_pct":47.6,"margin_dem":-4.9,"votes_two_party":532,"winner":"Rep"}},"geometry":{"type":"Polygon","coordinates":[[[-117.44012,33.96933],[-117.44397,33.9691],[-117.44684,33.96889],[-117.44772,33.96905],[-117.44838,33.96903],[-117.44918,33.97191],[-117.45037,33.97523],[-117.45044,33.97558],[-117.45099,33.97708],[-117.45155,33.97847],[-117.45101,33.97867],[-117.44687,33.97897],[-117.44494,33.97922],[-117.4411,33.98083],[-117.4398,33.98143],[-117.43639,33.983],[-117.43648,33.97891],[-117.43647,33.97784],[-117.4359,33.97771],[-117.43468,33.978],[-117.4313,33.97685],[-117.43065,33.97647],[-117.42985,33.9765],[-117.42832,33.97846],[-117.42718,33.97811],[-117.42532,33.97702],[-117.42955,33.97366],[-117.43456,33.97073],[-117.43578,33.96862],[-117.43587,33.96837],[-117.43613,33.96852],[-117.4369,33.96876],[-117.43823,33.96909],[-117.44012,33.96933]]]}},{"type":"Feature","properties":{"county_fips":65,"srprec":"105127","precinct_id":"065-105127","county_name":"Riverside","area_sq_mi":0.714,"place_primary":"Jurupa Valley","place_primary_share":100.0,"place_also":[],"places":[{"name":"Jurupa Valley","geoid":"0637692","kind":"city","pct":100.0}],"bbox":[-117.44616,33.97683,-117.42176,33.99522],"g22_asm":{"dem_pct":46.1,"margin_dem":-7.8,"votes_two_party":681,"winner":"Rep"},"g24_asm":{"dem_pct":47.4,"margin_dem":-5.1,"votes_two_party":1729,"winner":"Rep"}},"geometry":{"type":"MultiPolygon","coordinates":[[[[-117.4224,33.97919],[-117.42254,33.97896],[-117.42249,33.97874],[-117.42279,33.97793],[-117.42302,33.97769],[-117.42385,33.97793],[-117.42414,33.97802],[-117.42463,33.97697],[-117.42517,33.97721],[-117.42571,33.97746],[-117.42666,33.97788],[-117.42718,33.97811],[-117.42779,33.97838],[-117.42808,33.97851],[-117.42825,33.97859],[-117.42781,33.97933],[-117.42762,33.97966],[-117.42739,33.98006],[-117.42703,33.98054],[-117.42697,33.98062],[-117.42685,33.98076],[-117.42684,33.98078],[-117.42645,33.98128],[-117.42634,33.98146],[-117.42618,33.98173],[-117.42613,33.98179],[-117.42475,33.98094],[-117.42446,33.98153],[-117.42363,33.98114],[-117.42344,33.98105],[-117.42329,33.98099],[-117.42203,33.98042],[-117.42176,33.9803],[-117.4224,33.97919]]],[[[-117.44616,33.97976],[-117.44346,33.98909],[-117.44352,33.99003],[-117.44278,33.9904],[-117.43648,33.9904],[-117.43494,33.99213],[-117.43502,33.99423],[-117.43308,33.99522],[-117.43127,33.99461],[-117.42965,33.99399],[-117.4295,33.99305],[-117.42883,33.99206],[-117.42818,33.99153],[-117.42726,33.98946],[-117.42748,33.98871],[-117.43093,33.98579],[-117.43343,33.98438],[-117.43332,33.98413],[-117.43361,33.98349],[-117.4337,33.98271],[-117.43277,33.98155],[-117.43232,33.98022],[-117.43216,33.97927],[-117.43236,33.97825],[-117.43126,33.97683],[-117.43468,33.978],[-117.4359,33.97771],[-117.43647,33.9784],[-117.43594,33.97999],[-117.43952,33.98155],[-117.44091,33.98092],[-117.44494,33.97922],[-117.44609,33.9793],[-117.44616,33.97976]]]]}},{"type":"Feature","properties":{"county_fips":65,"srprec":"105138","precinct_id":"065-105138","county_name":"Riverside","area_sq_mi":0.825,"place_primary":"Jurupa Valley","place_primary_share":100.0,"place_also":[],"places":[{"name":"Jurupa Valley","geoid":"0637692","kind":"city","pct":100.0}],"bbox":[-117.43377,33.97469,-117.4099,33.99723],"g22_asm":{"dem_pct":58.2,"margin_dem":16.5,"votes_two_party":431,"winner":"Dem"},"g24_asm":{"dem_pct":55.2,"margin_dem":10.3,"votes_two_party":727,"winner":"Dem"}},"geometry":{"type":"MultiPolygon","coordinates":[[[[-117.43145,33.97724],[-117.43257,33.97839],[-117.43216,33.97927],[-117.43221,33.98008],[-117.43266,33.98122],[-117.43341,33.98234],[-117.43376,33.9831],[-117.43333,33.98377],[-117.43335,33.98415],[-117.43343,33.98438],[-117.43128,33.98556],[-117.42813,33.98818],[-117.42571,33.99037],[-117.42354,33.99235],[-117.42019,33.99536],[-117.4192,33.9961],[-117.41836,33.99665],[-117.41523,33.99594],[-117.41478,33.99564],[-117.41394,33.99422],[-117.41333,33.9938],[-117.41222,33.9933],[-117.4119,33.993],[-117.4121,33.99222],[-117.41122,33.99292],[-117.41138,33.99126],[-117.41666,33.98991],[-117.41732,33.98653],[-117.41556,33.98599],[-117.41365,33.98596],[-117.42329,33.98099],[-117.42618,33.98173],[-117.42703,33.98054],[-117.4283,33.97849],[-117.42977,33.9766],[-117.4305,33.97634],[-117.43145,33.97724]]],[[[-117.41292,33.97469],[-117.4139,33.97533],[-117.41431,33.97561],[-117.41388,33.97571],[-117.41329,33.97575],[-117.41329,33.97575],[-117.41238,33.97581],[-117.4119,33.97581],[-117.4128,33.97474],[-117.4128,33.97474],[-117.41292,33.97469]]],[[[-117.41431,33.97624],[-117.41459,33.97595],[-117.41467,33.97585],[-117.41555,33.97645],[-117.41431,33.97624]]],[[[-117.41711,33.97755],[-117.41713,33.97748],[-117.41725,33.97756],[-117.41892,33.97667],[-117.41983,33.97619],[-117.42004,33.97635],[-117.42051,33.97672],[-117.42051,33.97672],[-117.42133,33.97649],[-117.42145,33.97658],[-117.42158,33.97665],[-117.42098,33.97861],[-117.42088,33.97861],[-117.42018,33.97791],[-117.41978,33.97821],[-117.41967,33.97844],[-117.41952,33.97867],[-117.41925,33.97885],[-117.41897,33.97866],[-117.41888,33.97863],[-117.41853,33.97858],[-117.41845,33.97857],[-117.41766,33.97803],[-117.41748,33.9779],[-117.41708,33.97765],[-117.41711,33.97755]]]]}},{"type":"Feature","properties":{"county_fips":65,"srprec":"105141","precinct_id":"065-105141","county_name":"Riverside","area_sq_mi":1.108,"place_primary":"Jurupa Valley","place_primary_share":100.0,"place_also":[],"places":[{"name":"Jurupa Valley","geoid":"0637692","kind":"city","pct":100.0}],"bbox":[-117.42203,33.97474,-117.39262,33.99249],"g22_asm":{"dem_pct":57.5,"margin_dem":15.0,"votes_two_party":421,"winner":"Dem"},"g24_asm":{"dem_pct":49.7,"margin_dem":-0.6,"votes_two_party":787,"winner":"Rep"}},"geometry":{"type":"Polygon","coordinates":[[[-117.41555,33.97645],[-117.41708,33.97765],[-117.41888,33.97863],[-117.42014,33.97942],[-117.4214,33.98012],[-117.41395,33.98533],[-117.41424,33.98598],[-117.41581,33.98602],[-117.41768,33.98676],[-117.41666,33.98991],[-117.41313,33.99227],[-117.40959,33.9923],[-117.40804,33.99148],[-117.40679,33.99083],[-117.40572,33.99031],[-117.40544,33.9904],[-117.40415,33.99206],[-117.4028,33.99161],[-117.40092,33.99061],[-117.40035,33.99008],[-117.39975,33.98947],[-117.39762,33.98893],[-117.39738,33.98986],[-117.39739,33.99062],[-117.39717,33.99148],[-117.39427,33.99089],[-117.39323,33.9902],[-117.39584,33.98667],[-117.40096,33.98116],[-117.40737,33.97626],[-117.40986,33.97527],[-117.41238,33.97581],[-117.41443,33.97568],[-117.41555,33.97645]]]}},{"type":"Feature","properties":{"county_fips":65,"srprec":"111000","precinct_id":"065-111000","county_name":"Riverside","area_sq_mi":0.906,"place_primary":"Riverside","place_primary_share":98.8,"place_also":[],"places":[{"name":"Riverside","geoid":"0662000","kind":"city","pct":98.8},{"name":"Jurupa Valley","geoid":"0637692","kind":"city","pct":1.2}],"bbox":[-117.38458,33.99656,-117.36258,34.01944],"g22_asm":{"dem_pct":63.5,"margin_dem":27.0,"votes_two_party":770,"winner":"Dem"},"g24_asm":null},"geometry":{"type":"Polygon","coordinates":[[[-117.36517,34.01944],[-117.36258,34.01932],[-117.36283,34.01662],[-117.36289,34.01473],[-117.36328,34.00971],[-117.36373,34.00673],[-117.36404,34.00321],[-117.36407,34.00285],[-117.36411,34.00248],[-117.36408,34.00171],[-117.36435,33.99958],[-117.36454,33.99726],[-117.36507,33.9967],[-117.36768,33.99777],[-117.36908,33.99831],[-117.37154,33.99932],[-117.37484,34.00074],[-117.37728,34.0018],[-117.37838,34.00227],[-117.37954,34.00275],[-117.38056,34.00315],[-117.38239,34.00382],[-117.38316,34.00408],[-117.38362,34.0042],[-117.38458,34.00446],[-117.38222,34.00657],[-117.3811,34.00764],[-117.38028,34.00716],[-117.37989,34.00668],[-117.37898,34.00559],[-117.37866,34.00552],[-117.37524,34.00799],[-117.3704,34.01461],[-117.36721,34.01849],[-117.36664,34.01889],[-117.36517,34.01944]]]}},{"type":"Feature","properties":{"county_fips":65,"srprec":"111006","precinct_id":"065-111006","county_name":"Riverside","area_sq_mi":1.339,"place_primary":"Riverside","place_primary_share":99.8,"place_also":[],"places":[{"name":"Riverside","geoid":"0662000","kind":"city","pct":99.8}],"bbox":[-117.39084,33.92044,-117.34453,34.01943],"g22_asm":{"dem_pct":65.7,"margin_dem":31.3,"votes_two_party":632,"winner":"Dem"},"g24_asm":null},"geometry":{"type":"MultiPolygon","coordinates":[[[[-117.34764,34.01942],[-117.34805,34.01818],[-117.34715,34.01775],[-117.34691,34.01689],[-117.3474,34.01615],[-117.34799,34.01504],[-117.35045,34.01461],[-117.35069,34.01422],[-117.35023,34.01375],[-117.35,34.01334],[-117.34818,34.01156],[-117.34501,34.01244],[-117.34495,34.0123],[-117.3446,34.01224],[-117.34672,34.00907],[-117.34826,34.00679],[-117.35188,34.00133],[-117.35567,33.9956],[-117.35599,33.99457],[-117.35582,33.99398],[-117.35542,33.99319],[-117.35582,33.9928],[-117.35922,33.99433],[-117.36364,33.99614],[-117.3646,33.99688],[-117.36435,33.99958],[-117.36397,34.00207],[-117.36407,34.00281],[-117.36406,34.00291],[-117.36359,34.00667],[-117.36328,34.00971],[-117.36288,34.01489],[-117.36276,34.01752],[-117.34764,34.01942]]],[[[-117.38889,33.92111],[-117.3894,33.92089],[-117.39017,33.9206],[-117.3906,33.92044],[-117.39063,33.92045],[-117.39065,33.92046],[-117.39069,33.92047],[-117.39081,33.92053],[-117.39084,33.92057],[-117.39084,33.92066],[-117.39069,33.92087],[-117.39019,33.92155],[-117.39013,33.92159],[-117.39003,33.92165],[-117.38984,33.92175],[-117.38972,33.9218],[-117.38963,33.92184],[-117.38956,33.92186],[-117.38909,33.92203],[-117.38901,33.92206],[-117.38894,33.92208],[-117.38884,33.92192],[-117.38856,33.92145],[-117.38847,33.92129],[-117.38889,33.92111]]]]}},{"type":"Feature","properties":{"county_fips":65,"srprec":"111014","precinct_id":"065-111014","county_name":"Riverside","area_sq_mi":0.22,"place_primary":"Riverside","place_primary_share":97.1,"place_also":[],"places":[{"name":"Riverside","geoid":"0662000","kind":"city","pct":97.1},{"name":"Highgrove","geoid":"0633574","kind":"cdp","pct":2.9}],"bbox":[-117.35599,33.99125,-117.30496,34.01332],"g22_asm":{"dem_pct":69.7,"margin_dem":39.3,"votes_two_party":300,"winner":"Dem"},"g24_asm":null},"geometry":{"type":"MultiPolygon","coordinates":[[[[-117.30597,34.00462],[-117.30592,34.00474],[-117.30554,34.00473],[-117.30529,34.00473],[-117.30529,34.00473],[-117.30529,34.00473],[-117.30496,34.00474],[-117.30496,34.00463],[-117.30597,34.00462]]],[[[-117.30801,34.00461],[-117.30787,34.00473],[-117.30775,34.00461],[-117.30801,34.00461]]],[[[-117.31037,34.00459],[-117.31116,34.00475],[-117.31057,34.00475],[-117.31036,34.00459],[-117.31037,34.00459]]],[[[-117.31459,34.00547],[-117.31463,34.00693],[-117.31444,34.00712],[-117.31412,34.00719],[-117.31373,34.00709],[-117.31379,34.00704],[-117.31385,34.00699],[-117.31387,34.00694],[-117.31383,34.0068],[-117.31368,34.00652],[-117.31366,34.00617],[-117.31365,34.00559],[-117.31365,34.00559],[-117.31364,34.00527],[-117.31459,34.00547]]],[[[-117.31652,34.00587],[-117.31613,34.00583],[-117.31603,34.00577],[-117.31652,34.00587]]],[[[-117.31773,34.00612],[-117.31746,34.00608],[-117.31732,34.00619],[-117.31696,34.00596],[-117.31773,34.00612]]],[[[-117.33109,34.00664],[-117.33108,34.00697],[-117.33108,34.00701],[-117.33107,34.00721],[-117.33104,34.00794],[-117.33103,34.00818],[-117.33102,34.0084],[-117.33078,34.0084],[-117.32832,34.00841],[-117.32833,34.00867],[-117.32832,34.00931],[-117.32832,34.00965],[-117.3275,34.00985],[-117.32673,34.01003],[-117.32673,34.00981],[-117.32672,34.00839],[-117.3246,34.00839],[-117.32454,34.00839],[-117.32457,34.00835],[-117.3243,34.00825],[-117.3239,34.0081],[-117.32331,34.00787],[-117.32272,34.00765],[-117.32237,34.00751],[-117.32237,34.00704],[-117.32139,34.00704],[-117.32092,34.00682],[-117.32054,34.00656],[-117.33109,34.00664]]],[[[-117.33659,34.01209],[-117.33658,34.01209],[-117.33649,34.01209],[-117.3361,34.0121],[-117.33593,34.0121],[-117.3354,34.01298],[-117.3352,34.01332],[-117.33511,34.01332],[-117.33493,34.01332],[-117.33412,34.0133],[-117.33402,34.0133],[-117.33389,34.01331],[-117.33385,34.01331],[-117.33387,34.01263],[-117.33395,34.0106],[-117.33397,34.01004],[-117.33397,34.00993],[-117.33399,34.00963],[-117.334,34.00952],[-117.33659,34.01209]]],[[[-117.34816,34.00694],[-117.34789,34.00734],[-117.34712,34.00849],[-117.34672,34.00907],[-117.34672,34.00907],[-117.34672,34.00908],[-117.34549,34.01091],[-117.34491,34.01178],[-117.34486,34.01185],[-117.34463,34.0122],[-117.3446,34.01224],[-117.34453,34.01234],[-117.34444,34.01233],[-117.34437,34.01232],[-117.34436,34.01232],[-117.34434,34.01235],[-117.34428,34.01244],[-117.34426,34.01247],[-117.34375,34.01249],[-117.34342,34.0125],[-117.343,34.01251],[-117.34302,34.01217],[-117.34302,34.01214],[-117.34262,34.01215],[-117.34212,34.01215],[-117.34207,34.01215],[-117.34167,34.01214],[-117.34034,34.01212],[-117.3399,34.01211],[-117.33909,34.01211],[-117.33814,34.0121],[-117.33791,34.0121],[-117.33719,34.0121],[-117.33695,34.0121],[-117.33685,34.0121],[-117.33665,34.0121],[-117.33661,34.01209],[-117.34816,34.00694]]],[[[-117.35561,33.99354],[-117.35567,33.99367],[-117.35582,33.99398],[-117.35588,33.99411],[-117.35592,33.99419],[-117.35595,33.99429],[-117.35596,33.99437],[-117.35599,33.99449],[-117.35599,33.99457],[-117.35599,33.99465],[-117.35597,33.99474],[-117.35595,33.99484],[-117.35593,33.99492],[-117.35581,33.99526],[-117.35567,33.9956],[-117.35562,33.99568],[-117.35558,33.99575],[-117.35437,33.99755],[-117.35276,33.99996],[-117.35197,34.00115],[-117.35188,34.00133],[-117.35173,34.00155],[-117.35124,34.00228],[-117.3507,34.0031],[-117.35055,34.00333],[-117.34956,34.00483],[-117.34826,34.00679],[-117.35561,33.99354]]],[[[-117.35242,33.99125],[-117.35327,33.99167],[-117.35431,33.99216],[-117.35435,33.99218],[-117.35435,33.99218],[-117.35445,33.99223],[-117.35506,33.99272],[-117.3552,33.99286],[-117.35529,33.99299],[-117.35542,33.99319],[-117.35551,33.99337],[-117.3556,33.99352],[-117.35242,33.99125]]]]}},{"type":"Feature","properties":{"county_fips":65,"srprec":"111021","precinct_id":"065-111021","county_name":"Riverside","area_sq_mi":1.578,"place_primary":"Riverside","place_primary_share":99.8,"place_also":[],"places":[{"name":"Riverside","geoid":"0662000","kind":"city","pct":99.8},{"name":"Jurupa Valley","geoid":"0637692","kind":"city","pct":0.2}],"bbox":[-117.39361,33.98412,-117.35738,34.00446],"g22_asm":{"dem_pct":65.2,"margin_dem":30.5,"votes_two_party":1254,"winner":"Dem"},"g24_asm":null},"geometry":{"type":"Polygon","coordinates":[[[-117.39361,33.99039],[-117.39203,33.99634],[-117.38635,34.00183],[-117.38463,34.00438],[-117.38355,34.00418],[-117.38239,34.00382],[-117.37972,34.00281],[-117.37793,34.00209],[-117.37502,34.00081],[-117.37058,33.99893],[-117.36768,33.99777],[-117.36445,33.99645],[-117.35738,33.99355],[-117.35862,33.99171],[-117.359,33.99052],[-117.36369,33.98701],[-117.36599,33.98439],[-117.36749,33.98508],[-117.36978,33.98614],[-117.37108,33.98674],[-117.37069,33.98756],[-117.37091,33.98916],[-117.37272,33.99001],[-117.37416,33.99068],[-117.37515,33.99014],[-117.37657,33.98804],[-117.37837,33.98535],[-117.38056,33.98477],[-117.38425,33.98646],[-117.38361,33.98745],[-117.38502,33.98817],[-117.38596,33.98825],[-117.38733,33.98927],[-117.38932,33.99],[-117.38996,33.99016],[-117.39267,33.98983],[-117.39361,33.99039]]]}},{"type":"Feature","properties":{"county_fips":65,"srprec":"111023","precinct_id":"065-111023","county_name":"Riverside","area_sq_mi":0.49,"place_primary":"Riverside","place_primary_share":100.0,"place_also":[],"places":[{"name":"Riverside","geoid":"0662000","kind":"city","pct":100.0}],"bbox":[-117.36562,33.98294,-117.34718,33.99355],"g22_asm":{"dem_pct":79.5,"margin_dem":59.0,"votes_two_party":39,"winner":"Dem"},"g24_asm":null},"geometry":{"type":"Polygon","coordinates":[[[-117.34718,33.98751],[-117.34845,33.98304],[-117.34987,33.98304],[-117.35085,33.98302],[-117.35157,33.98302],[-117.353,33.98301],[-117.35399,33.98301],[-117.35603,33.98299],[-117.35841,33.98297],[-117.35873,33.98297],[-117.36088,33.98295],[-117.36107,33.98295],[-117.36161,33.98294],[-117.36208,33.98294],[-117.36279,33.98297],[-117.36303,33.98303],[-117.36337,33.98316],[-117.3638,33.98336],[-117.36398,33.98345],[-117.36428,33.98359],[-117.36437,33.98363],[-117.36446,33.98367],[-117.36482,33.98384],[-117.36501,33.98393],[-117.36543,33.98412],[-117.36558,33.9842],[-117.36555,33.98433],[-117.36395,33.98669],[-117.36351,33.98721],[-117.36296,33.98768],[-117.36098,33.98896],[-117.35943,33.99006],[-117.35874,33.99089],[-117.35886,33.99095],[-117.35905,33.99104],[-117.35871,33.99158],[-117.35836,33.99211],[-117.35761,33.9932],[-117.35753,33.99333],[-117.35741,33.9935],[-117.35711,33.99342],[-117.35705,33.99339],[-117.35582,33.9928],[-117.35445,33.99223],[-117.35435,33.99218],[-117.35327,33.99167],[-117.34718,33.98751]]]}},{"type":"Feature","properties":{"county_fips":65,"srprec":"111033","precinct_id":"065-111033","county_name":"Riverside","area_sq_mi":1.654,"place_primary":"Riverside","place_primary_share":100.0,"place_also":[],"places":[{"name":"Riverside","geoid":"0662000","kind":"city","pct":100.0}],"bbox":[-117.40502,33.96861,-117.36588,33.99091],"g22_asm":{"dem_pct":64.4,"margin_dem":28.7,"votes_two_party":1280,"winner":"Dem"},"g24_asm":null},"geometry":{"type":"Polygon","coordinates":[[[-117.36998,33.98631],[-117.36772,33.98519],[-117.36588,33.98434],[-117.36732,33.98254],[-117.37151,33.97807],[-117.37188,33.97605],[-117.3734,33.97452],[-117.3769,33.96929],[-117.37798,33.96861],[-117.38137,33.97112],[-117.38339,33.97221],[-117.3858,33.97424],[-117.38732,33.97508],[-117.38578,33.97642],[-117.38981,33.97815],[-117.39244,33.97717],[-117.39614,33.97633],[-117.39984,33.97517],[-117.40492,33.97262],[-117.40079,33.97879],[-117.3964,33.98544],[-117.393,33.9892],[-117.38996,33.99016],[-117.38914,33.98994],[-117.38678,33.98873],[-117.38512,33.98819],[-117.38361,33.98745],[-117.38293,33.98586],[-117.37919,33.98412],[-117.37707,33.98729],[-117.37515,33.99014],[-117.37368,33.99045],[-117.37239,33.98985],[-117.37044,33.98795],[-117.37108,33.98674],[-117.36998,33.98631]]]}},{"type":"Feature","properties":{"county_fips":65,"srprec":"111039","precinct_id":"065-111039","county_name":"Riverside","area_sq_mi":1.684,"place_primary":"Riverside","place_primary_share":99.9,"place_also":[],"places":[{"name":"Riverside","geoid":"0662000","kind":"city","pct":99.9},{"name":"Jurupa Valley","geoid":"0637692","kind":"city","pct":0.1}],"bbox":[-117.43587,33.9609,-117.39004,33.97779],"g22_asm":{"dem_pct":53.8,"margin_dem":7.6,"votes_two_party":1593,"winner":"Dem"},"g24_asm":null},"geometry":{"type":"Polygon","coordinates":[[[-117.4089,33.97565],[-117.40573,33.97613],[-117.40233,33.97741],[-117.40502,33.97277],[-117.40049,33.97472],[-117.39911,33.9755],[-117.39632,33.97628],[-117.39373,33.9769],[-117.39086,33.97758],[-117.39019,33.97758],[-117.39118,33.97608],[-117.39431,33.97363],[-117.39495,33.97236],[-117.39496,33.97128],[-117.39577,33.96989],[-117.39209,33.96789],[-117.39295,33.96661],[-117.39378,33.96537],[-117.39464,33.96407],[-117.39632,33.96155],[-117.40019,33.96099],[-117.40573,33.96131],[-117.40725,33.96139],[-117.40991,33.96154],[-117.41263,33.9617],[-117.41654,33.96193],[-117.4198,33.96211],[-117.42643,33.96252],[-117.42846,33.96263],[-117.42934,33.96288],[-117.435,33.9676],[-117.43353,33.96752],[-117.42923,33.96814],[-117.42513,33.96913],[-117.4172,33.97211],[-117.4128,33.97474],[-117.4089,33.97565]]]}},{"type":"Feature","properties":{"county_fips":65,"srprec":"111041","precinct_id":"065-111041","county_name":"Riverside","area_sq_mi":0.786,"place_primary":"Riverside","place_primary_share":100.0,"place_also":[],"places":[{"name":"Riverside","geoid":"0662000","kind":"city","pct":100.0}],"bbox":[-117.39675,33.9609,-117.37627,33.97825],"g22_asm":{"dem_pct":58.3,"margin_dem":16.6,"votes_two_party":1585,"winner":"Dem"},"g24_asm":null},"geometry":{"type":"Polygon","coordinates":[[[-117.39209,33.96096],[-117.39641,33.96142],[-117.39471,33.96397],[-117.39388,33.96523],[-117.39308,33.96641],[-117.39221,33.96771],[-117.39591,33.96968],[-117.39496,33.97127],[-117.39495,33.97236],[-117.39453,33.97342],[-117.39136,33.97588],[-117.39023,33.97753],[-117.38974,33.97825],[-117.38619,33.9766],[-117.38689,33.97545],[-117.38702,33.97486],[-117.3858,33.97424],[-117.38556,33.97322],[-117.38228,33.97156],[-117.38138,33.97111],[-117.37885,33.969],[-117.37742,33.96896],[-117.3765,33.9691],[-117.37691,33.96761],[-117.37748,33.96572],[-117.38142,33.96334],[-117.3835,33.96207],[-117.38456,33.96109],[-117.38538,33.961],[-117.386,33.96098],[-117.3877,33.96097],[-117.38968,33.96097],[-117.39086,33.96094],[-117.39209,33.96096]]]}},{"type":"Feature","properties":{"county_fips":65,"srprec":"112001","precinct_id":"065-112001","county_name":"Riverside","area_sq_mi":0.958,"place_primary":"Riverside","place_primary_share":100.0,"place_also":[],"places":[{"name":"Riverside","geoid":"0662000","kind":"city","pct":100.0}],"bbox":[-117.37752,33.96129,-117.36088,33.98434],"g22_asm":{"dem_pct":75.7,"margin_dem":51.4,"votes_two_party":696,"winner":"Dem"},"g24_asm":null},"geometry":{"type":"Polygon","coordinates":[[[-117.36855,33.96545],[-117.36976,33.96368],[-117.3699,33.96347],[-117.37028,33.96285],[-117.37027,33.9618],[-117.37176,33.96157],[-117.37742,33.96151],[-117.37732,33.96575],[-117.37674,33.96804],[-117.37465,33.9718],[-117.37305,33.97501],[-117.37188,33.97605],[-117.37144,33.97762],[-117.36961,33.98053],[-117.36732,33.98255],[-117.36611,33.98398],[-117.36554,33.98418],[-117.36446,33.98367],[-117.36391,33.98342],[-117.36279,33.98297],[-117.36094,33.98295],[-117.36091,33.97982],[-117.3609,33.97751],[-117.36125,33.97579],[-117.36148,33.97472],[-117.36148,33.97324],[-117.36148,33.97231],[-117.36155,33.97183],[-117.36155,33.97094],[-117.36149,33.96975],[-117.36155,33.96883],[-117.36157,33.96718],[-117.36158,33.96596],[-117.36437,33.96505],[-117.36626,33.96502],[-117.36754,33.96513],[-117.36855,33.96545]]]}},{"type":"Feature","properties":{"county_fips":65,"srprec":"112002","precinct_id":"065-112002","county_name":"Riverside","area_sq_mi":0.136,"place_primary":"Riverside","place_primary_share":100.0,"place_also":[],"places":[{"name":"Riverside","geoid":"0662000","kind":"city","pct":100.0}],"bbox":[-117.37033,33.96072,-117.3612,33.96557],"g22_asm":{"dem_pct":67.1,"margin_dem":34.1,"votes_two_party":85,"winner":"Dem"},"g24_asm":null},"geometry":{"type":"Polygon","coordinates":[[[-117.36722,33.96502],[-117.36692,33.96495],[-117.36667,33.96507],[-117.36626,33.96502],[-117.36598,33.96502],[-117.36576,33.96506],[-117.36469,33.96506],[-117.36381,33.96505],[-117.36157,33.96505],[-117.36157,33.96499],[-117.36159,33.96432],[-117.36159,33.96362],[-117.36154,33.96136],[-117.3612,33.96101],[-117.36368,33.96091],[-117.36389,33.9609],[-117.36518,33.96093],[-117.36549,33.96113],[-117.36588,33.96085],[-117.36598,33.96083],[-117.36628,33.96091],[-117.36675,33.96099],[-117.37012,33.96101],[-117.37013,33.96101],[-117.37027,33.96106],[-117.37027,33.9611],[-117.3703,33.96113],[-117.37033,33.96122],[-117.37027,33.96164],[-117.37027,33.9618],[-117.37025,33.96215],[-117.37026,33.96246],[-117.37028,33.96279],[-117.37028,33.96287],[-117.37017,33.96307],[-117.37008,33.96319],[-117.3699,33.96347],[-117.36989,33.96347],[-117.36978,33.96364],[-117.36978,33.96365],[-117.36941,33.96421],[-117.36921,33.96451],[-117.36887,33.965],[-117.36855,33.96545],[-117.36845,33.96556],[-117.36772,33.96522],[-117.36722,33.96502]]]}},{"type":"Feature","properties":{"county_fips":65,"srprec":"112010","precinct_id":"065-112010","county_name":"Riverside","area_sq_mi":1.113,"place_primary":"Riverside","place_primary_share":100.0,"place_also":[],"places":[{"name":"Riverside","geoid":"0662000","kind":"city","pct":100.0}],"bbox":[-117.3616,33.96009,-117.3484,33.98304],"g22_asm":{"dem_pct":75.9,"margin_dem":51.9,"votes_two_party":1006,"winner":"Dem"},"g24_asm":null},"geometry":{"type":"Polygon","coordinates":[[[-117.34851,33.97757],[-117.3485,33.9711],[-117.34849,33.96928],[-117.3485,33.96818],[-117.34849,33.96774],[-117.34847,33.96363],[-117.34846,33.96162],[-117.34846,33.96111],[-117.34906,33.96058],[-117.3508,33.96111],[-117.3612,33.96101],[-117.36159,33.96413],[-117.36157,33.96505],[-117.36158,33.96613],[-117.36157,33.96688],[-117.36156,33.96822],[-117.36155,33.96907],[-117.36149,33.96975],[-117.36151,33.97064],[-117.36155,33.97142],[-117.36155,33.97188],[-117.36146,33.97231],[-117.36148,33.97286],[-117.36148,33.97342],[-117.36148,33.97472],[-117.36146,33.97588],[-117.36088,33.97596],[-117.3609,33.97778],[-117.36091,33.97957],[-117.36093,33.9811],[-117.35969,33.98296],[-117.35603,33.98299],[-117.35239,33.98302],[-117.34987,33.98304],[-117.34846,33.98072],[-117.34848,33.9794],[-117.34851,33.97757]]]}},{"type":"Feature","properties":{"county_fips":65,"srprec":"112012","precinct_id":"065-112012","county_name":"Riverside","area_sq_mi":0.015,"place_primary":"Riverside","place_primary_share":100.0,"place_also":[],"places":[{"name":"Riverside","geoid":"0662000","kind":"city","pct":100.0}],"bbox":[-117.3485,33.96108,-117.34758,33.98304],"g22_asm":{"dem_pct":84.6,"margin_dem":69.1,"votes_two_party":175,"winner":"Dem"},"g24_asm":null},"geometry":{"type":"MultiPolygon","coordinates":[[[[-117.34758,33.96115],[-117.34796,33.96112],[-117.34813,33.9611],[-117.3482,33.96109],[-117.3482,33.96109],[-117.34832,33.96108],[-117.3484,33.9611],[-117.34841,33.96121],[-117.34843,33.96136],[-117.34845,33.96144],[-117.34846,33.96162],[-117.34845,33.96182],[-117.34844,33.96214],[-117.34846,33.96291],[-117.34847,33.96312],[-117.34847,33.96363],[-117.34847,33.96522],[-117.34847,33.96594],[-117.34758,33.96115]]],[[[-117.3485,33.97764],[-117.3485,33.97787],[-117.34849,33.97902],[-117.34848,33.9794],[-117.34847,33.97961],[-117.34846,33.98011],[-117.34846,33.98024],[-117.34846,33.98045],[-117.34846,33.98072],[-117.34845,33.98297],[-117.34845,33.98302],[-117.34845,33.98304],[-117.34778,33.98304],[-117.3485,33.97764]]],[[[-117.34848,33.96721],[-117.34849,33.96774],[-117.34849,33.96775],[-117.34849,33.96776],[-117.34849,33.96777],[-117.34849,33.96811],[-117.3485,33.96818],[-117.3485,33.96831],[-117.3485,33.96836],[-117.3485,33.96892],[-117.3485,33.9691],[-117.34849,33.96928],[-117.34849,33.9696],[-117.34848,33.96721]]],[[[-117.34849,33.97059],[-117.34849,33.97073],[-117.3485,33.97092],[-117.3485,33.9711],[-117.3485,33.97166],[-117.3485,33.97181],[-117.3485,33.97185],[-117.3485,33.97259],[-117.34849,33.97059]]]]}},{"type":"Feature","properties":{"county_fips":65,"srprec":"112025","precinct_id":"065-112025","county_name":"Riverside","area_sq_mi":0.006,"place_primary":"Riverside","place_primary_share":100.0,"place_also":[],"places":[{"name":"Riverside","geoid":"0662000","kind":"city","pct":100.0}],"bbox":[-117.34832,33.95738,-117.34689,33.96115],"g22_asm":{"dem_pct":59.9,"margin_dem":19.9,"votes_two_party":1590,"winner":"Dem"},"g24_asm":null},"geometry":{"type":"Polygon","coordinates":[[[-117.34689,33.95738],[-117.34717,33.95813],[-117.34727,33.95837],[-117.34748,33.9589],[-117.3475,33.95894],[-117.34753,33.95903],[-117.34755,33.95906],[-117.34756,33.9591],[-117.34761,33.95922],[-117.34764,33.95931],[-117.34789,33.95993],[-117.34797,33.96014],[-117.34798,33.96016],[-117.3483,33.961],[-117.34832,33.96108],[-117.3482,33.96109],[-117.3482,33.96109],[-117.34813,33.9611],[-117.34796,33.96112],[-117.34758,33.96115],[-117.34689,33.95738]]]}},{"type":"Feature","properties":{"county_fips":65,"srprec":"112028","precinct_id":"065-112028","county_name":"Riverside","area_sq_mi":0.0,"place_primary":"Riverside","place_primary_share":100.0,"place_also":[],"places":[{"name":"Riverside","geoid":"0662000","kind":"city","pct":100.0}],"bbox":[-117.35444,33.94463,-117.35366,33.94491],"g22_asm":{"dem_pct":49.1,"margin_dem":-1.8,"votes_two_party":2036,"winner":"Rep"},"g24_asm":null},"geometry":{"type":"Polygon","coordinates":[[[-117.35442,33.94463],[-117.35444,33.94466],[-117.3544,33.94467],[-117.35434,33.94468],[-117.35405,33.94478],[-117.354,33.9448],[-117.35397,33.94481],[-117.35397,33.94481],[-117.35396,33.94481],[-117.35366,33.94491],[-117.35442,33.94463]]]}},{"type":"Feature","properties":{"county_fips":65,"srprec":"113007","precinct_id":"065-113007","county_name":"Riverside","area_sq_mi":2.616,"place_primary":"Riverside","place_primary_share":99.9,"place_also":[],"places":[{"name":"Riverside","geoid":"0662000","kind":"city","pct":99.9}],"bbox":[-117.46457,33.94579,-117.41849,33.96837],"g22_asm":{"dem_pct":54.1,"margin_dem":8.3,"votes_two_party":1304,"winner":"Dem"},"g24_asm":null},"geometry":{"type":"MultiPolygon","coordinates":[[[[-117.45431,33.96418],[-117.45474,33.96417],[-117.45475,33.96394],[-117.45475,33.96394],[-117.45474,33.96363],[-117.45503,33.96326],[-117.4554,33.96325],[-117.4554,33.96325],[-117.4558,33.96324],[-117.4558,33.96292],[-117.4558,33.96292],[-117.45578,33.96236],[-117.45685,33.96233],[-117.45795,33.96232],[-117.45833,33.962],[-117.46145,33.95934],[-117.46179,33.95987],[-117.46195,33.95977],[-117.46228,33.96051],[-117.46308,33.96091],[-117.46327,33.96103],[-117.46327,33.96103],[-117.46343,33.96113],[-117.46434,33.96171],[-117.46457,33.9621],[-117.46411,33.96202],[-117.46315,33.96255],[-117.46293,33.96256],[-117.46259,33.96282],[-117.46258,33.96283],[-117.46243,33.96296],[-117.46165,33.96341],[-117.46106,33.96375],[-117.46095,33.96382],[-117.45998,33.96438],[-117.45936,33.96493],[-117.45831,33.9649],[-117.45821,33.96488],[-117.45727,33.96514],[-117.45663,33.96532],[-117.4547,33.96586],[-117.45426,33.96585],[-117.45379,33.96586],[-117.45359,33.96587],[-117.4536,33.96509],[-117.45431,33.96418]]],[[[-117.4536,33.96509],[-117.44753,33.96596],[-117.43614,33.96766],[-117.43567,33.96819],[-117.42986,33.96331],[-117.42777,33.96157],[-117.42467,33.959],[-117.42312,33.9579],[-117.42106,33.95723],[-117.41923,33.95713],[-117.41863,33.95697],[-117.41861,33.95529],[-117.41862,33.95413],[-117.41862,33.95192],[-117.41861,33.95073],[-117.4186,33.94926],[-117.41862,33.94685],[-117.41849,33.94607],[-117.4233,33.94606],[-117.4263,33.94603],[-117.42914,33.94597],[-117.43326,33.94595],[-117.43481,33.94595],[-117.43617,33.94594],[-117.43902,33.94593],[-117.44208,33.94589],[-117.44561,33.94587],[-117.4511,33.94582],[-117.4539,33.94583],[-117.45387,33.95073],[-117.45405,33.95206],[-117.45398,33.95568],[-117.45394,33.95976],[-117.4537,33.96154],[-117.4536,33.96509]]]]}},{"type":"Feature","properties":{"county_fips":65,"srprec":"113012","precinct_id":"065-113012","county_name":"Riverside","area_sq_mi":0.694,"place_primary":"Riverside","place_primary_share":100.0,"place_also":[],"places":[{"name":"Riverside","geoid":"0662000","kind":"city","pct":100.0}],"bbox":[-117.40108,33.95349,-117.37732,33.96575],"g22_asm":{"dem_pct":53.4,"margin_dem":6.8,"votes_two_party":745,"winner":"Dem"},"g24_asm":null},"geometry":{"type":"Polygon","coordinates":[[[-117.39605,33.96091],[-117.39175,33.96096],[-117.39084,33.96095],[-117.38987,33.96096],[-117.38863,33.96097],[-117.38695,33.96097],[-117.386,33.96098],[-117.38556,33.96099],[-117.38508,33.96104],[-117.38453,33.96104],[-117.38387,33.96173],[-117.38244,33.96281],[-117.381,33.96356],[-117.37748,33.96572],[-117.37742,33.96349],[-117.37755,33.96076],[-117.37792,33.95926],[-117.37847,33.95817],[-117.37935,33.95703],[-117.38232,33.95475],[-117.38323,33.95402],[-117.38379,33.95369],[-117.38413,33.95364],[-117.38552,33.95363],[-117.38846,33.9536],[-117.39339,33.95356],[-117.39646,33.95352],[-117.39704,33.95352],[-117.39959,33.95349],[-117.40105,33.95367],[-117.40108,33.95531],[-117.40106,33.9571],[-117.40106,33.95749],[-117.40105,33.95799],[-117.40105,33.95915],[-117.40104,33.95996],[-117.40105,33.96081],[-117.40019,33.96099],[-117.39605,33.96091]]]}},{"type":"Feature","properties":{"county_fips":65,"srprec":"113016","precinct_id":"065-113016","county_name":"Riverside","area_sq_mi":0.993,"place_primary":"Riverside","place_primary_share":100.0,"place_also":[],"places":[{"name":"Riverside","geoid":"0662000","kind":"city","pct":100.0}],"bbox":[-117.3717,33.94468,-117.34647,33.96147],"g22_asm":{"dem_pct":45.8,"margin_dem":-8.3,"votes_two_party":1320,"winner":"Rep"},"g24_asm":null},"geometry":{"type":"Polygon","coordinates":[[[-117.34688,33.95734],[-117.35397,33.94481],[-117.35497,33.94624],[-117.35515,33.94671],[-117.35603,33.94835],[-117.35646,33.94857],[-117.35774,33.94885],[-117.35858,33.94941],[-117.3593,33.95148],[-117.35944,33.95195],[-117.35979,33.95283],[-117.3599,33.95299],[-117.36012,33.9532],[-117.3608,33.95361],[-117.36152,33.95377],[-117.36275,33.95378],[-117.36589,33.95374],[-117.36956,33.95371],[-117.37034,33.95641],[-117.3702,33.95723],[-117.37123,33.95807],[-117.3717,33.95896],[-117.37163,33.9595],[-117.3711,33.96101],[-117.37027,33.96106],[-117.36675,33.96099],[-117.36588,33.96085],[-117.36389,33.9609],[-117.36091,33.96102],[-117.34975,33.96094],[-117.34846,33.96111],[-117.34797,33.96014],[-117.34753,33.95903],[-117.34688,33.95734]]]}},{"type":"Feature","properties":{"county_fips":65,"srprec":"113019","precinct_id":"065-113019","county_name":"Riverside","area_sq_mi":0.828,"place_primary":"Riverside","place_primary_share":100.0,"place_also":[],"places":[{"name":"Riverside","geoid":"0662000","kind":"city","pct":100.0}],"bbox":[-117.42912,33.94972,-117.40103,33.96271],"g22_asm":{"dem_pct":53.1,"margin_dem":6.2,"votes_two_party":1522,"winner":"Dem"},"g24_asm":null},"geometry":{"type":"Polygon","coordinates":[[[-117.41878,33.95715],[-117.42054,33.95715],[-117.42219,33.9575],[-117.42364,33.95819],[-117.42557,33.95975],[-117.42851,33.96219],[-117.42846,33.96263],[-117.42662,33.96253],[-117.42127,33.9622],[-117.41868,33.96204],[-117.41446,33.96181],[-117.41172,33.96165],[-117.40825,33.96146],[-117.40725,33.96139],[-117.40574,33.96131],[-117.40105,33.96084],[-117.40104,33.95996],[-117.40106,33.959],[-117.40106,33.95774],[-117.40106,33.9572],[-117.40194,33.9571],[-117.40558,33.95604],[-117.40546,33.9552],[-117.40545,33.95239],[-117.40542,33.95068],[-117.40561,33.94982],[-117.40717,33.94981],[-117.41068,33.94978],[-117.41291,33.94977],[-117.4151,33.94975],[-117.41821,33.94973],[-117.41861,33.95073],[-117.41862,33.95175],[-117.41862,33.95352],[-117.41861,33.95493],[-117.41862,33.95588],[-117.41863,33.95701],[-117.41878,33.95715]]]}},{"type":"Feature","properties":{"county_fips":65,"srprec":"113021","precinct_id":"065-113021","county_name":"Riverside","area_sq_mi":1.052,"place_primary":"Riverside","place_primary_share":100.0,"place_also":[],"places":[{"name":"Riverside","geoid":"0662000","kind":"city","pct":100.0}],"bbox":[-117.42411,33.93161,-117.3886,33.94631],"g22_asm":{"dem_pct":55.2,"margin_dem":10.5,"votes_two_party":1287,"winner":"Dem"},"g24_asm":null},"geometry":{"type":"Polygon","coordinates":[[[-117.41831,33.94607],[-117.41713,33.94607],[-117.41446,33.9461],[-117.4133,33.94611],[-117.41315,33.94611],[-117.41181,33.94611],[-117.40975,33.94614],[-117.40691,33.94618],[-117.40442,33.94624],[-117.4026,33.94625],[-117.40105,33.94624],[-117.39688,33.94622],[-117.39491,33.94622],[-117.39274,33.94622],[-117.39183,33.94629],[-117.39058,33.94629],[-117.3895,33.94631],[-117.38889,33.94631],[-117.39128,33.94441],[-117.39393,33.94241],[-117.39745,33.94002],[-117.40427,33.93613],[-117.40734,33.93439],[-117.40814,33.93392],[-117.41236,33.93176],[-117.41362,33.93328],[-117.41424,33.93405],[-117.41536,33.93542],[-117.41587,33.93604],[-117.41691,33.93735],[-117.41862,33.93941],[-117.41899,33.93986],[-117.41933,33.94028],[-117.41989,33.94095],[-117.42069,33.94195],[-117.42196,33.94349],[-117.4233,33.94606],[-117.41939,33.94607],[-117.41831,33.94607]]]}},{"type":"Feature","properties":{"county_fips":65,"srprec":"113029","precinct_id":"065-113029","county_name":"Riverside","area_sq_mi":0.817,"place_primary":"Riverside","place_primary_share":100.0,"place_also":[],"places":[{"name":"Riverside","geoid":"0662000","kind":"city","pct":100.0}],"bbox":[-117.41862,33.94607,-117.38352,33.95711],"g22_asm":{"dem_pct":49.2,"margin_dem":-1.5,"votes_two_party":1255,"winner":"Rep"},"g24_asm":null},"geometry":{"type":"Polygon","coordinates":[[[-117.41183,33.94977],[-117.40886,33.9498],[-117.40568,33.94982],[-117.40542,33.95068],[-117.40544,33.95308],[-117.40546,33.9553],[-117.40546,33.95702],[-117.40108,33.95631],[-117.40106,33.95421],[-117.39892,33.9535],[-117.39652,33.95352],[-117.39339,33.95356],[-117.38791,33.9536],[-117.38424,33.95364],[-117.38377,33.95372],[-117.38466,33.95226],[-117.38718,33.94743],[-117.38889,33.94631],[-117.39026,33.94629],[-117.39255,33.94628],[-117.39521,33.94622],[-117.40105,33.94624],[-117.40396,33.94625],[-117.40883,33.94615],[-117.41205,33.9461],[-117.4133,33.94611],[-117.41577,33.94608],[-117.4185,33.94612],[-117.41861,33.9469],[-117.4186,33.94935],[-117.41704,33.94974],[-117.41425,33.94976],[-117.41183,33.94977]]]}},{"type":"Feature","properties":{"county_fips":65,"srprec":"113033","precinct_id":"065-113033","county_name":"Riverside","area_sq_mi":0.762,"place_primary":"Riverside","place_primary_share":100.0,"place_also":[],"places":[{"name":"Riverside","geoid":"0662000","kind":"city","pct":100.0}],"bbox":[-117.37919,33.93932,-117.35434,33.95379],"g22_asm":{"dem_pct":49.4,"margin_dem":-1.2,"votes_two_party":1213,"winner":"Rep"},"g24_asm":null},"geometry":{"type":"Polygon","coordinates":[[[-117.35548,33.94424],[-117.36072,33.94523],[-117.36259,33.94528],[-117.3686,33.94624],[-117.36943,33.94647],[-117.37039,33.94649],[-117.37057,33.94517],[-117.37254,33.94188],[-117.37619,33.94063],[-117.3777,33.94243],[-117.37918,33.94479],[-117.37888,33.9464],[-117.37889,33.94729],[-117.37859,33.9485],[-117.37785,33.94888],[-117.37673,33.94927],[-117.37629,33.95078],[-117.37511,33.95126],[-117.3746,33.95255],[-117.37258,33.95372],[-117.36659,33.95372],[-117.36368,33.95377],[-117.36215,33.95379],[-117.36105,33.95368],[-117.36012,33.9532],[-117.35988,33.95297],[-117.35968,33.95271],[-117.3593,33.95151],[-117.35868,33.94953],[-117.35789,33.9489],[-117.35646,33.94857],[-117.35592,33.94827],[-117.35511,33.94662],[-117.35434,33.94468],[-117.35502,33.94441],[-117.35548,33.94424]]]}},{"type":"Feature","properties":{"county_fips":65,"srprec":"113037","precinct_id":"065-113037","county_name":"Riverside","area_sq_mi":1.176,"place_primary":"Riverside","place_primary_share":100.0,"place_also":[],"places":[{"name":"Riverside","geoid":"0662000","kind":"city","pct":100.0}],"bbox":[-117.39401,33.93216,-117.37019,33.96182],"g22_asm":{"dem_pct":55.8,"margin_dem":11.5,"votes_two_party":1119,"winner":"Dem"},"g24_asm":null},"geometry":{"type":"Polygon","coordinates":[[[-117.37815,33.93634],[-117.38554,33.93216],[-117.38659,33.93344],[-117.38724,33.93425],[-117.38866,33.93598],[-117.39135,33.93922],[-117.39234,33.94044],[-117.39349,33.94188],[-117.3912,33.94446],[-117.38748,33.94714],[-117.3852,33.95117],[-117.38352,33.95372],[-117.38236,33.95473],[-117.37902,33.95741],[-117.37821,33.95863],[-117.37755,33.96076],[-117.37373,33.96182],[-117.37095,33.9617],[-117.37033,33.96122],[-117.37084,33.96106],[-117.37158,33.96021],[-117.3717,33.95901],[-117.37123,33.95807],[-117.37028,33.9571],[-117.37034,33.95425],[-117.37364,33.95302],[-117.37461,33.95143],[-117.37589,33.95106],[-117.37662,33.95032],[-117.37749,33.94891],[-117.37842,33.94871],[-117.37869,33.94746],[-117.37917,33.94685],[-117.37919,33.94564],[-117.3791,33.94407],[-117.37716,33.94179],[-117.37548,33.93975],[-117.37815,33.93634]]]}},{"type":"Feature","properties":{"county_fips":65,"srprec":"113040","precinct_id":"065-113040","county_name":"Riverside","area_sq_mi":0.19,"place_primary":"Riverside","place_primary_share":100.0,"place_also":[],"places":[{"name":"Riverside","geoid":"0662000","kind":"city","pct":100.0}],"bbox":[-117.38924,33.92415,-117.37815,33.93633],"g22_asm":{"dem_pct":35.5,"margin_dem":-29.0,"votes_two_party":1161,"winner":"Rep"},"g24_asm":null},"geometry":{"type":"Polygon","coordinates":[[[-117.38439,33.92415],[-117.38446,33.92423],[-117.38454,33.9243],[-117.38469,33.92449],[-117.38537,33.9253],[-117.38547,33.92542],[-117.38559,33.92557],[-117.3857,33.9257],[-117.386,33.92608],[-117.38611,33.92621],[-117.38622,33.92634],[-117.38655,33.92673],[-117.38666,33.92687],[-117.38691,33.92717],[-117.38765,33.92809],[-117.3879,33.92839],[-117.38817,33.92872],[-117.38897,33.92971],[-117.38924,33.93004],[-117.3885,33.93047],[-117.38628,33.93173],[-117.38568,33.93208],[-117.38554,33.93216],[-117.38309,33.93354],[-117.38219,33.93405],[-117.38183,33.93425],[-117.38115,33.93464],[-117.3782,33.9363],[-117.37815,33.93633],[-117.38439,33.92415]]]}},{"type":"Feature","properties":{"county_fips":65,"srprec":"113042","precinct_id":"065-113042","county_name":"Riverside","area_sq_mi":0.013,"place_primary":"Riverside","place_primary_share":100.0,"place_also":[],"places":[{"name":"Riverside","geoid":"0662000","kind":"city","pct":100.0}],"bbox":[-117.37093,33.9443,-117.35442,33.94649],"g22_asm":{"dem_pct":43.7,"margin_dem":-12.6,"votes_two_party":1137,"winner":"Rep"},"g24_asm":null},"geometry":{"type":"MultiPolygon","coordinates":[[[[-117.35502,33.94441],[-117.35501,33.94441],[-117.35478,33.94452],[-117.35461,33.9446],[-117.35457,33.94461],[-117.35444,33.94466],[-117.35442,33.94463],[-117.35502,33.94441]]],[[[-117.36467,33.94508],[-117.36339,33.94519],[-117.36314,33.94522],[-117.36303,33.94523],[-117.36259,33.94528],[-117.36254,33.94528],[-117.36214,33.94532],[-117.36197,33.94533],[-117.36159,33.94532],[-117.36132,33.94529],[-117.36111,33.94528],[-117.36072,33.94523],[-117.35914,33.94508],[-117.3587,33.94495],[-117.35833,33.94479],[-117.35777,33.94452],[-117.35769,33.94449],[-117.35756,33.94443],[-117.36467,33.94508]]],[[[-117.36945,33.94647],[-117.36943,33.94647],[-117.36921,33.94644],[-117.36915,33.94643],[-117.36912,33.94642],[-117.36899,33.94639],[-117.36891,33.94637],[-117.36867,33.94628],[-117.3686,33.94624],[-117.36848,33.94619],[-117.36945,33.94647]]],[[[-117.37093,33.9443],[-117.37086,33.94441],[-117.37081,33.94448],[-117.37068,33.94484],[-117.37066,33.94491],[-117.37064,33.94495],[-117.37057,33.94517],[-117.37055,33.94525],[-117.3705,33.94554],[-117.37047,33.94573],[-117.37044,33.94603],[-117.37041,33.9463],[-117.3704,33.94642],[-117.37039,33.94649],[-117.37022,33.94648],[-117.36971,33.94648],[-117.36954,33.94648],[-117.36947,33.94647],[-117.37093,33.9443]]]]}},{"type":"Feature","properties":{"county_fips":65,"srprec":"114001","precinct_id":"065-114001","county_name":"Riverside","area_sq_mi":2.613,"place_primary":"Riverside","place_primary_share":100.0,"place_also":[],"places":[{"name":"Riverside","geoid":"0662000","kind":"city","pct":100.0}],"bbox":[-117.41966,33.90892,-117.38351,33.94241],"g22_asm":{"dem_pct":58.4,"margin_dem":16.9,"votes_two_party":1167,"winner":"Dem"},"g24_asm":null},"geometry":{"type":"Polygon","coordinates":[[[-117.3844,33.92414],[-117.38368,33.90893],[-117.39143,33.90896],[-117.3936,33.90893],[-117.39458,33.90999],[-117.39757,33.9136],[-117.39966,33.91475],[-117.40015,33.91553],[-117.40025,33.91693],[-117.40204,33.91911],[-117.40558,33.92076],[-117.40855,33.9191],[-117.41185,33.9178],[-117.41416,33.92057],[-117.41703,33.92415],[-117.41817,33.92554],[-117.41947,33.92713],[-117.41734,33.9287],[-117.40856,33.93368],[-117.40634,33.93494],[-117.39747,33.94001],[-117.39361,33.94202],[-117.39272,33.94091],[-117.3918,33.93978],[-117.39075,33.93849],[-117.38813,33.93535],[-117.38714,33.93412],[-117.38659,33.93344],[-117.38561,33.93224],[-117.38897,33.92971],[-117.38655,33.92673],[-117.38547,33.92542],[-117.3844,33.92414]],[[-117.38984,33.92175],[-117.39003,33.92165],[-117.39013,33.92159],[-117.39019,33.92155],[-117.39069,33.92087],[-117.39084,33.92066],[-117.39084,33.92057],[-117.39081,33.92053],[-117.39069,33.92047],[-117.39065,33.92046],[-117.39063,33.92045],[-117.3906,33.92044],[-117.39017,33.9206],[-117.3894,33.92089],[-117.38889,33.92111],[-117.38847,33.92129],[-117.38856,33.92145],[-117.38884,33.92192],[-117.38894,33.92208],[-117.38901,33.92206],[-117.38909,33.92203],[-117.38956,33.92186],[-117.38963,33.92184],[-117.38972,33.9218],[-117.38984,33.92175]]]}},{"type":"Feature","properties":{"county_fips":65,"srprec":"114005","precinct_id":"065-114005","county_name":"Riverside","area_sq_mi":0.0,"place_primary":"Riverside","place_primary_share":100.0,"place_also":[],"places":[{"name":"Riverside","geoid":"0662000","kind":"city","pct":100.0}],"bbox":[-117.38351,33.9136,-117.38351,33.91367],"g22_asm":{"dem_pct":34.0,"margin_dem":-32.0,"votes_two_party":1032,"winner":"Rep"},"g24_asm":null},"geometry":{"type":"Polygon","coordinates":[[[-117.38351,33.9136],[-117.38351,33.91365],[-117.38351,33.91367],[-117.38351,33.9136]]]}},{"type":"Feature","properties":{"county_fips":65,"srprec":"114019","precinct_id":"065-114019","county_name":"Riverside","area_sq_mi":0.0,"place_primary":"Norco","place_primary_share":99.7,"place_also":[],"places":[{"name":"Norco","geoid":"0651560","kind":"city","pct":99.7},{"name":"Riverside","geoid":"0662000","kind":"city","pct":0.3}],"bbox":[-117.5159,33.9456,-117.51589,33.94561],"g22_asm":{"dem_pct":41.6,"margin_dem":-16.9,"votes_two_party":1222,"winner":"Rep"},"g24_asm":null},"geometry":{"type":"Polygon","coordinates":[[[-117.5159,33.94561],[-117.51589,33.9456],[-117.5159,33.9456],[-117.5159,33.94561]]]}},{"type":"Feature","properties":{"county_fips":65,"srprec":"115000","precinct_id":"065-115000","county_name":"Riverside","area_sq_mi":0.505,"place_primary":"Riverside","place_primary_share":100.0,"place_also":[],"places":[{"name":"Riverside","geoid":"0662000","kind":"city","pct":100.0}],"bbox":[-117.45405,33.9266,-117.43681,33.94124],"g22_asm":{"dem_pct":50.2,"margin_dem":0.4,"votes_two_party":805,"winner":"Dem"},"g24_asm":null},"geometry":{"type":"Polygon","coordinates":[[[-117.44774,33.92882],[-117.44967,33.92772],[-117.45203,33.92707],[-117.45387,33.9295],[-117.45405,33.93043],[-117.45402,33.93247],[-117.454,33.93436],[-117.45022,33.93647],[-117.44986,33.93667],[-117.44769,33.93791],[-117.44688,33.93838],[-117.44286,33.94069],[-117.44145,33.94074],[-117.44136,33.94062],[-117.44074,33.93987],[-117.43993,33.93888],[-117.43869,33.9374],[-117.43817,33.93675],[-117.43808,33.93664],[-117.43778,33.93626],[-117.43681,33.93503],[-117.43782,33.93446],[-117.43854,33.93406],[-117.43906,33.93375],[-117.43987,33.9333],[-117.44046,33.93297],[-117.44126,33.9325],[-117.44214,33.932],[-117.44287,33.93158],[-117.44406,33.9309],[-117.44461,33.93058],[-117.44511,33.9303],[-117.44599,33.92982],[-117.44658,33.92949],[-117.44748,33.92897],[-117.44774,33.92882]]]}},{"type":"Feature","properties":{"county_fips":65,"srprec":"115004","precinct_id":"065-115004","county_name":"Riverside","area_sq_mi":0.462,"place_primary":"Riverside","place_primary_share":100.0,"place_also":[],"places":[{"name":"Riverside","geoid":"0662000","kind":"city","pct":100.0}],"bbox":[-117.44184,33.93503,-117.42195,33.94606],"g22_asm":{"dem_pct":55.6,"margin_dem":11.3,"votes_two_party":915,"winner":"Dem"},"g24_asm":null},"geometry":{"type":"Polygon","coordinates":[[[-117.42949,33.93923],[-117.4302,33.93884],[-117.43059,33.9386],[-117.43145,33.9381],[-117.4326,33.93745],[-117.43329,33.93706],[-117.43367,33.93684],[-117.43416,33.93656],[-117.43681,33.93503],[-117.43778,33.93626],[-117.43808,33.93664],[-117.43817,33.93675],[-117.43869,33.9374],[-117.43993,33.93888],[-117.44074,33.93987],[-117.44136,33.94062],[-117.44145,33.94074],[-117.44152,33.94143],[-117.43994,33.94235],[-117.43951,33.9426],[-117.43733,33.94382],[-117.43625,33.94443],[-117.43452,33.94555],[-117.43466,33.94595],[-117.43382,33.94595],[-117.43219,33.94596],[-117.42968,33.94597],[-117.42791,33.94598],[-117.4263,33.94603],[-117.42497,33.94605],[-117.42239,33.944],[-117.42208,33.94342],[-117.42275,33.94305],[-117.42366,33.94252],[-117.42507,33.94172],[-117.42595,33.94121],[-117.42685,33.94071],[-117.42767,33.94023],[-117.42861,33.93971],[-117.42919,33.9394],[-117.42949,33.93923]]]}},{"type":"Feature","properties":{"county_fips":65,"srprec":"115011","precinct_id":"065-115011","county_name":"Riverside","area_sq_mi":0.702,"place_primary":"Riverside","place_primary_share":100.0,"place_also":[],"places":[{"name":"Riverside","geoid":"0662000","kind":"city","pct":100.0}],"bbox":[-117.45411,33.91724,-117.43167,33.93503],"g22_asm":{"dem_pct":53.8,"margin_dem":7.7,"votes_two_party":806,"winner":"Dem"},"g24_asm":null},"geometry":{"type":"Polygon","coordinates":[[[-117.45408,33.92203],[-117.45408,33.92304],[-117.45408,33.92479],[-117.45379,33.92544],[-117.45321,33.92582],[-117.45247,33.92615],[-117.44939,33.92789],[-117.44664,33.92946],[-117.44575,33.92995],[-117.44432,33.93075],[-117.44287,33.93158],[-117.44141,33.93241],[-117.44012,33.93317],[-117.43897,33.93381],[-117.43782,33.93446],[-117.43601,33.93415],[-117.43473,33.93258],[-117.43372,33.93139],[-117.4325,33.92986],[-117.43176,33.92877],[-117.434,33.92749],[-117.43543,33.92667],[-117.43854,33.92492],[-117.44175,33.92309],[-117.44371,33.92198],[-117.4446,33.92148],[-117.44627,33.92053],[-117.44825,33.91939],[-117.44916,33.91889],[-117.45033,33.91821],[-117.45204,33.91726],[-117.45403,33.91973],[-117.45408,33.92094],[-117.45408,33.92203]]]}},{"type":"Feature","properties":{"county_fips":65,"srprec":"115013","precinct_id":"065-115013","county_name":"Riverside","area_sq_mi":0.534,"place_primary":"Riverside","place_primary_share":100.0,"place_also":[],"places":[{"name":"Riverside","geoid":"0662000","kind":"city","pct":100.0}],"bbox":[-117.43681,33.92882,-117.41685,33.94348],"g22_asm":{"dem_pct":49.7,"margin_dem":-0.7,"votes_two_party":912,"winner":"Rep"},"g24_asm":null},"geometry":{"type":"Polygon","coordinates":[[[-117.42748,33.93123],[-117.42896,33.93036],[-117.42988,33.92984],[-117.43175,33.92893],[-117.4325,33.92986],[-117.43339,33.93099],[-117.43423,33.93199],[-117.43476,33.93262],[-117.43553,33.93356],[-117.43646,33.93525],[-117.43412,33.93659],[-117.43339,33.937],[-117.4326,33.93745],[-117.43131,33.93818],[-117.43044,33.9387],[-117.42958,33.93918],[-117.42918,33.9394],[-117.42799,33.94004],[-117.42703,33.94061],[-117.42595,33.94121],[-117.42452,33.94202],[-117.42334,33.9427],[-117.42209,33.94341],[-117.42103,33.94236],[-117.41989,33.94095],[-117.4193,33.94024],[-117.41886,33.9397],[-117.41719,33.93768],[-117.41875,33.93616],[-117.42038,33.93522],[-117.42368,33.93334],[-117.42552,33.93232],[-117.42678,33.93162],[-117.42748,33.93123]]]}},{"type":"Feature","properties":{"county_fips":65,"srprec":"115017","precinct_id":"065-115017","county_name":"Riverside","area_sq_mi":0.369,"place_primary":"Riverside","place_primary_share":100.0,"place_also":[],"places":[{"name":"Riverside","geoid":"0662000","kind":"city","pct":100.0}],"bbox":[-117.45773,33.908,-117.44053,33.92036],"g22_asm":{"dem_pct":61.1,"margin_dem":22.1,"votes_two_party":411,"winner":"Dem"},"g24_asm":null},"geometry":{"type":"Polygon","coordinates":[[[-117.44321,33.91655],[-117.44218,33.91766],[-117.44069,33.91583],[-117.44063,33.91585],[-117.44225,33.91511],[-117.44208,33.91488],[-117.44407,33.91371],[-117.44552,33.9129],[-117.4465,33.91234],[-117.4505,33.91007],[-117.45355,33.90834],[-117.45342,33.90865],[-117.4538,33.90923],[-117.45467,33.91033],[-117.45628,33.91226],[-117.457,33.91314],[-117.4577,33.91402],[-117.45755,33.9141],[-117.45718,33.91432],[-117.45654,33.91469],[-117.4561,33.91494],[-117.45604,33.91497],[-117.4552,33.91544],[-117.45418,33.91604],[-117.45203,33.91724],[-117.45106,33.91779],[-117.45033,33.91821],[-117.44952,33.91868],[-117.44926,33.91884],[-117.449,33.91898],[-117.44849,33.91925],[-117.44793,33.9196],[-117.44682,33.92022],[-117.44609,33.91984],[-117.44519,33.91872],[-117.44391,33.91715],[-117.44354,33.91671],[-117.44335,33.91648],[-117.44321,33.91655]]]}},{"type":"Feature","properties":{"county_fips":65,"srprec":"115024","precinct_id":"065-115024","county_name":"Riverside","area_sq_mi":0.941,"place_primary":"Riverside","place_primary_share":100.0,"place_also":[],"places":[{"name":"Riverside","geoid":"0662000","kind":"city","pct":100.0}],"bbox":[-117.44657,33.91482,-117.41224,33.93727],"g22_asm":{"dem_pct":54.9,"margin_dem":9.9,"votes_two_party":648,"winner":"Dem"},"g24_asm":null},"geometry":{"type":"Polygon","coordinates":[[[-117.44227,33.91759],[-117.44339,33.91652],[-117.44391,33.91715],[-117.44602,33.91977],[-117.44507,33.92121],[-117.4446,33.92148],[-117.44405,33.9218],[-117.44283,33.92248],[-117.44121,33.9234],[-117.4391,33.92461],[-117.43566,33.92654],[-117.43528,33.92675],[-117.434,33.92749],[-117.43239,33.92843],[-117.43026,33.92962],[-117.42933,33.93013],[-117.42831,33.93074],[-117.42683,33.93159],[-117.42583,33.93215],[-117.42426,33.93301],[-117.42043,33.93518],[-117.41922,33.93588],[-117.4166,33.93697],[-117.41541,33.93549],[-117.41424,33.93405],[-117.41288,33.9324],[-117.41224,33.93161],[-117.41734,33.9287],[-117.42098,33.92689],[-117.42709,33.92311],[-117.43464,33.9191],[-117.43616,33.91822],[-117.43973,33.91618],[-117.44221,33.91505],[-117.44062,33.91585],[-117.44218,33.91766],[-117.44227,33.91759]]]}},{"type":"Feature","properties":{"county_fips":65,"srprec":"115025","precinct_id":"065-115025","county_name":"Riverside","area_sq_mi":0.838,"place_primary":"Riverside","place_primary_share":100.0,"place_also":[],"places":[{"name":"Riverside","geoid":"0662000","kind":"city","pct":100.0}],"bbox":[-117.47336,33.88488,-117.45346,33.90419],"g22_asm":{"dem_pct":47.6,"margin_dem":-4.9,"votes_two_party":1007,"winner":"Rep"},"g24_asm":null},"geometry":{"type":"Polygon","coordinates":[[[-117.46098,33.88488],[-117.46175,33.88582],[-117.46451,33.88916],[-117.46488,33.8896],[-117.46582,33.89075],[-117.46646,33.89153],[-117.46746,33.89275],[-117.46898,33.89463],[-117.4703,33.89623],[-117.47143,33.89762],[-117.47284,33.89933],[-117.47336,33.89999],[-117.471,33.90068],[-117.46757,33.90142],[-117.46538,33.90219],[-117.46223,33.90335],[-117.46001,33.90358],[-117.45822,33.90159],[-117.45781,33.90095],[-117.45755,33.90051],[-117.45743,33.90035],[-117.45714,33.90019],[-117.45697,33.89974],[-117.45622,33.8991],[-117.4559,33.8992],[-117.45538,33.89981],[-117.45411,33.8984],[-117.45414,33.89638],[-117.45415,33.89462],[-117.45415,33.89326],[-117.45616,33.8921],[-117.45431,33.88993],[-117.45359,33.88878],[-117.45486,33.88811],[-117.45592,33.88749],[-117.45749,33.88658],[-117.4584,33.88607],[-117.46098,33.88488]]]}},{"type":"Feature","properties":{"county_fips":65,"srprec":"115028","precinct_id":"065-115028","county_name":"Riverside","area_sq_mi":0.65,"place_primary":"Riverside","place_primary_share":100.0,"place_also":[],"places":[{"name":"Riverside","geoid":"0662000","kind":"city","pct":100.0}],"bbox":[-117.46049,33.89326,-117.44119,33.91065],"g22_asm":{"dem_pct":50.5,"margin_dem":1.0,"votes_two_party":788,"winner":"Dem"},"g24_asm":null},"geometry":{"type":"Polygon","coordinates":[[[-117.45755,33.90051],[-117.4578,33.90095],[-117.45822,33.90159],[-117.46049,33.90419],[-117.45695,33.90618],[-117.45643,33.90668],[-117.45456,33.90777],[-117.4505,33.91007],[-117.44898,33.91007],[-117.44755,33.90831],[-117.44692,33.90755],[-117.44561,33.90594],[-117.44343,33.90329],[-117.44275,33.90251],[-117.44136,33.90046],[-117.4451,33.89841],[-117.44636,33.89741],[-117.4468,33.89671],[-117.44738,33.89613],[-117.44812,33.89576],[-117.44854,33.89567],[-117.44943,33.89559],[-117.45006,33.89545],[-117.45078,33.89508],[-117.45327,33.89365],[-117.45415,33.89433],[-117.45414,33.89638],[-117.45411,33.89925],[-117.45579,33.89938],[-117.45625,33.89907],[-117.45697,33.89974],[-117.45714,33.90019],[-117.45742,33.90054],[-117.45755,33.90051]]]}},{"type":"Feature","properties":{"county_fips":65,"srprec":"115034","precinct_id":"065-115034","county_name":"Riverside","area_sq_mi":0.399,"place_primary":"Riverside","place_primary_share":100.0,"place_also":[],"places":[{"name":"Riverside","geoid":"0662000","kind":"city","pct":100.0}],"bbox":[-117.44949,33.90305,-117.43317,33.9191],"g22_asm":{"dem_pct":61.0,"margin_dem":22.1,"votes_two_party":154,"winner":"Dem"},"g24_asm":null},"geometry":{"type":"Polygon","coordinates":[[[-117.44936,33.9105],[-117.4465,33.91234],[-117.44552,33.9129],[-117.44407,33.91371],[-117.44146,33.91516],[-117.43888,33.91667],[-117.43616,33.91822],[-117.43533,33.9187],[-117.43452,33.91895],[-117.43401,33.91838],[-117.43317,33.91735],[-117.43347,33.91699],[-117.43415,33.9163],[-117.43445,33.91587],[-117.43446,33.91462],[-117.43411,33.91391],[-117.43444,33.91341],[-117.43554,33.91313],[-117.43614,33.91288],[-117.43667,33.9126],[-117.43732,33.91273],[-117.43778,33.91245],[-117.43773,33.9107],[-117.43828,33.91012],[-117.43877,33.90982],[-117.43953,33.90956],[-117.4406,33.90758],[-117.44136,33.90594],[-117.44157,33.9052],[-117.44229,33.90385],[-117.4433,33.90315],[-117.44361,33.9035],[-117.44522,33.90546],[-117.44607,33.9065],[-117.44692,33.90755],[-117.44719,33.90788],[-117.44781,33.90863],[-117.44885,33.90993],[-117.44934,33.91047],[-117.44936,33.9105]]]}},{"type":"Feature","properties":{"county_fips":65,"srprec":"115038","precinct_id":"065-115038","county_name":"Riverside","area_sq_mi":5.154,"place_primary":"Riverside","place_primary_share":99.9,"place_also":[],"places":[{"name":"Riverside","geoid":"0662000","kind":"city","pct":99.9},{"name":"Woodcrest","geoid":"0686244","kind":"cdp","pct":0.1}],"bbox":[-117.4345,33.88677,-117.38353,33.92748],"g22_asm":{"dem_pct":48.6,"margin_dem":-2.8,"votes_two_party":1411,"winner":"Rep"},"g24_asm":null},"geometry":{"type":"Polygon","coordinates":[[[-117.38355,33.9036],[-117.41027,33.88701],[-117.41292,33.88714],[-117.41295,33.88817],[-117.41751,33.89149],[-117.41969,33.89328],[-117.42054,33.89361],[-117.42325,33.89431],[-117.42629,33.89573],[-117.42873,33.89869],[-117.42821,33.90325],[-117.4301,33.90684],[-117.4285,33.90776],[-117.42814,33.91117],[-117.42996,33.91336],[-117.43201,33.91591],[-117.43314,33.91731],[-117.43448,33.91893],[-117.42098,33.92689],[-117.41947,33.92713],[-117.41813,33.92549],[-117.41623,33.92318],[-117.41236,33.91844],[-117.41077,33.91782],[-117.40596,33.92054],[-117.40204,33.91911],[-117.40019,33.91684],[-117.40015,33.91531],[-117.3992,33.91448],[-117.39486,33.91033],[-117.39364,33.90894],[-117.39143,33.90896],[-117.38353,33.90893],[-117.38355,33.9036]]]}},{"type":"Feature","properties":{"county_fips":65,"srprec":"115044","precinct_id":"065-115044","county_name":"Riverside","area_sq_mi":0.341,"place_primary":"Riverside","place_primary_share":99.5,"place_also":[],"places":[{"name":"Riverside","geoid":"0662000","kind":"city","pct":99.5},{"name":"El Sobrante","geoid":"0622457","kind":"cdp","pct":0.5}],"bbox":[-117.45616,33.88726,-117.43962,33.89578],"g22_asm":{"dem_pct":37.8,"margin_dem":-24.3,"votes_two_party":37,"winner":"Rep"},"g24_asm":null},"geometry":{"type":"Polygon","coordinates":[[[-117.44966,33.88731],[-117.45039,33.88732],[-117.45225,33.88735],[-117.45411,33.88754],[-117.45416,33.88799],[-117.45412,33.88854],[-117.45359,33.88878],[-117.45346,33.88885],[-117.45431,33.88993],[-117.45561,33.89146],[-117.45616,33.8921],[-117.45576,33.89233],[-117.45415,33.89326],[-117.45327,33.89365],[-117.45236,33.89418],[-117.45196,33.8944],[-117.45067,33.89514],[-117.45038,33.8953],[-117.45006,33.89545],[-117.44989,33.8955],[-117.44956,33.89558],[-117.44933,33.8956],[-117.44871,33.89565],[-117.44854,33.89567],[-117.44825,33.89574],[-117.44815,33.89578],[-117.44644,33.89366],[-117.44527,33.89355],[-117.44231,33.89525],[-117.44016,33.89263],[-117.43967,33.89194],[-117.44084,33.89127],[-117.44258,33.89029],[-117.44407,33.88945],[-117.44705,33.88775],[-117.44675,33.88739],[-117.44665,33.88726],[-117.44966,33.88731]]]}},{"type":"Feature","properties":{"county_fips":65,"srprec":"115050","precinct_id":"065-115050","county_name":"Riverside","area_sq_mi":1.823,"place_primary":"Riverside","place_primary_share":100.0,"place_also":[],"places":[{"name":"Riverside","geoid":"0662000","kind":"city","pct":100.0}],"bbox":[-117.44815,33.88694,-117.4124,33.91735],"g22_asm":{"dem_pct":41.3,"margin_dem":-17.5,"votes_two_party":853,"winner":"Rep"},"g24_asm":null},"geometry":{"type":"Polygon","coordinates":[[[-117.42689,33.88695],[-117.44407,33.88945],[-117.43962,33.89197],[-117.44644,33.89366],[-117.44745,33.89608],[-117.44671,33.89684],[-117.4459,33.89785],[-117.44136,33.90046],[-117.44229,33.90385],[-117.44091,33.90692],[-117.43891,33.90974],[-117.43773,33.9107],[-117.43692,33.91263],[-117.4359,33.91295],[-117.43411,33.91391],[-117.43437,33.91611],[-117.43319,33.91734],[-117.43258,33.91663],[-117.43114,33.91483],[-117.42859,33.91171],[-117.42638,33.90896],[-117.42944,33.90721],[-117.42749,33.90366],[-117.43055,33.90095],[-117.42682,33.89636],[-117.42467,33.8947],[-117.42111,33.89376],[-117.41999,33.89344],[-117.41889,33.89267],[-117.41356,33.88855],[-117.41272,33.88744],[-117.41471,33.887],[-117.42329,33.88695],[-117.42689,33.88695]]]}},{"type":"Feature","properties":{"county_fips":65,"srprec":"116002","precinct_id":"065-116002","county_name":"Riverside","area_sq_mi":0.377,"place_primary":"Riverside","place_primary_share":100.0,"place_also":[],"places":[{"name":"Riverside","geoid":"0662000","kind":"city","pct":100.0}],"bbox":[-117.45391,33.937,-117.43444,33.94595],"g22_asm":{"dem_pct":51.4,"margin_dem":2.7,"votes_two_party":549,"winner":"Dem"},"g24_asm":null},"geometry":{"type":"Polygon","coordinates":[[[-117.44794,33.94584],[-117.44561,33.94587],[-117.44417,33.94588],[-117.44257,33.94589],[-117.44123,33.9459],[-117.43942,33.94592],[-117.43869,33.94592],[-117.43697,33.94592],[-117.43617,33.94594],[-117.43527,33.94595],[-117.43486,33.94595],[-117.43444,33.94545],[-117.43625,33.94443],[-117.43675,33.94414],[-117.43898,33.94291],[-117.43958,33.94256],[-117.43994,33.94235],[-117.44056,33.94197],[-117.44184,33.94124],[-117.44455,33.93971],[-117.44688,33.93838],[-117.44737,33.93809],[-117.44928,33.937],[-117.45045,33.93847],[-117.45188,33.9402],[-117.45271,33.94132],[-117.45281,33.94168],[-117.45283,33.94228],[-117.45294,33.94251],[-117.45311,33.94265],[-117.45354,33.94281],[-117.45391,33.94282],[-117.4539,33.94579],[-117.45249,33.9458],[-117.45001,33.94582],[-117.44794,33.94584]]]}},{"type":"Feature","properties":{"county_fips":65,"srprec":"116004","precinct_id":"065-116004","county_name":"Riverside","area_sq_mi":0.965,"place_primary":"Riverside","place_primary_share":100.0,"place_also":[],"places":[{"name":"Riverside","geoid":"0662000","kind":"city","pct":100.0}],"bbox":[-117.47523,33.93213,-117.4539,33.94652],"g22_asm":{"dem_pct":66.5,"margin_dem":32.9,"votes_two_party":826,"winner":"Dem"},"g24_asm":null},"geometry":{"type":"Polygon","coordinates":[[[-117.46616,33.93365],[-117.46745,33.93316],[-117.46833,33.93302],[-117.46944,33.93291],[-117.47024,33.93265],[-117.47075,33.93229],[-117.4718,33.9323],[-117.47273,33.93291],[-117.47361,33.93409],[-117.47442,33.93544],[-117.475,33.93655],[-117.47523,33.93748],[-117.47355,33.93986],[-117.47267,33.94294],[-117.47266,33.94474],[-117.46867,33.94651],[-117.46653,33.94651],[-117.4621,33.94651],[-117.45907,33.94634],[-117.45576,33.94596],[-117.45391,33.94282],[-117.45396,33.93833],[-117.454,33.93437],[-117.45615,33.93431],[-117.45837,33.93429],[-117.45934,33.93431],[-117.46031,33.93469],[-117.46163,33.93516],[-117.46219,33.93518],[-117.46298,33.93504],[-117.46385,33.93467],[-117.46466,33.9343],[-117.46546,33.93396],[-117.46616,33.93365]]]}},{"type":"Feature","properties":{"county_fips":65,"srprec":"116007","precinct_id":"065-116007","county_name":"Riverside","area_sq_mi":0.081,"place_primary":"Riverside","place_primary_share":100.0,"place_also":[],"places":[{"name":"Riverside","geoid":"0662000","kind":"city","pct":100.0}],"bbox":[-117.454,33.93437,-117.44928,33.94283],"g22_asm":{"dem_pct":74.2,"margin_dem":48.4,"votes_two_party":124,"winner":"Dem"},"g24_asm":null},"geometry":{"type":"Polygon","coordinates":[[[-117.4494,33.93693],[-117.44986,33.93667],[-117.4502,33.93648],[-117.4502,33.93648],[-117.4502,33.93648],[-117.45022,33.93647],[-117.45266,33.93509],[-117.45305,33.93488],[-117.454,33.93437],[-117.454,33.93446],[-117.454,33.93482],[-117.45399,33.93619],[-117.45399,33.93665],[-117.45398,33.93712],[-117.45396,33.93833],[-117.45396,33.93852],[-117.45397,33.93899],[-117.45395,33.93976],[-117.45394,33.94061],[-117.45392,33.94205],[-117.45391,33.94282],[-117.45372,33.94283],[-117.45366,33.94282],[-117.45354,33.94281],[-117.45338,33.94277],[-117.45321,33.94271],[-117.45311,33.94265],[-117.45302,33.94259],[-117.45298,33.94255],[-117.45294,33.94251],[-117.45288,33.94242],[-117.45285,33.94234],[-117.45283,33.94228],[-117.45281,33.94217],[-117.45282,33.94188],[-117.45281,33.94168],[-117.45277,33.9415],[-117.45276,33.94146],[-117.45271,33.94132],[-117.45262,33.94113],[-117.45252,33.94098],[-117.45188,33.9402],[-117.45116,33.93933],[-117.45059,33.93865],[-117.45045,33.93847],[-117.45033,33.93832],[-117.44954,33.93733],[-117.44928,33.937],[-117.4494,33.93693]]]}},{"type":"Feature","properties":{"county_fips":65,"srprec":"116009","precinct_id":"065-116009","county_name":"Riverside","area_sq_mi":1.366,"place_primary":"Riverside","place_primary_share":100.0,"place_also":[],"places":[{"name":"Riverside","geoid":"0662000","kind":"city","pct":100.0}],"bbox":[-117.48869,33.90705,-117.45373,33.92811],"g22_asm":{"dem_pct":60.7,"margin_dem":21.3,"votes_two_party":1380,"winner":"Dem"},"g24_asm":null},"geometry":{"type":"Polygon","coordinates":[[[-117.46634,33.9154],[-117.46684,33.91436],[-117.46844,33.91388],[-117.47181,33.91296],[-117.47233,33.91203],[-117.47341,33.91097],[-117.47369,33.9102],[-117.47436,33.9096],[-117.47826,33.90739],[-117.4792,33.90712],[-117.48302,33.9118],[-117.48487,33.91409],[-117.48783,33.91806],[-117.4861,33.91945],[-117.4832,33.92105],[-117.47776,33.92501],[-117.47414,33.92811],[-117.47153,33.92434],[-117.4696,33.92193],[-117.46723,33.92109],[-117.46472,33.9211],[-117.46295,33.92169],[-117.46041,33.92389],[-117.45908,33.92468],[-117.45607,33.92532],[-117.45413,33.92576],[-117.45383,33.92533],[-117.45409,33.92388],[-117.45408,33.92207],[-117.4541,33.92015],[-117.45429,33.91598],[-117.45617,33.9149],[-117.45784,33.91421],[-117.46129,33.91473],[-117.46634,33.9154]]]}},{"type":"Feature","properties":{"county_fips":65,"srprec":"116011","precinct_id":"065-116011","county_name":"Riverside","area_sq_mi":0.822,"place_primary":"Riverside","place_primary_share":100.0,"place_also":[],"places":[{"name":"Riverside","geoid":"0662000","kind":"city","pct":100.0}],"bbox":[-117.47548,33.92049,-117.45321,33.93518],"g22_asm":{"dem_pct":58.7,"margin_dem":17.4,"votes_two_party":729,"winner":"Dem"},"g24_asm":null},"geometry":{"type":"Polygon","coordinates":[[[-117.4718,33.9323],[-117.47073,33.9323],[-117.4701,33.93272],[-117.46919,33.93294],[-117.46757,33.93312],[-117.46639,33.93355],[-117.4653,33.93403],[-117.46444,33.9344],[-117.4635,33.93484],[-117.46256,33.93514],[-117.46164,33.93515],[-117.46031,33.93469],[-117.45916,33.93429],[-117.45763,33.9343],[-117.454,33.93433],[-117.45405,33.93033],[-117.45409,33.92862],[-117.45409,33.92762],[-117.45321,33.92582],[-117.45384,33.92575],[-117.45477,33.92571],[-117.45642,33.92521],[-117.45908,33.92468],[-117.46031,33.924],[-117.46164,33.92259],[-117.46359,33.9213],[-117.46565,33.92116],[-117.46703,33.92114],[-117.46883,33.92102],[-117.4704,33.92292],[-117.47174,33.92461],[-117.47414,33.92811],[-117.47413,33.93044],[-117.47245,33.93195],[-117.4718,33.9323]]]}},{"type":"Feature","properties":{"county_fips":65,"srprec":"116020","precinct_id":"065-116020","county_name":"Riverside","area_sq_mi":0.825,"place_primary":"Riverside","place_primary_share":100.0,"place_also":[],"places":[{"name":"Riverside","geoid":"0662000","kind":"city","pct":100.0}],"bbox":[-117.48783,33.89999,-117.46067,33.91557],"g22_asm":{"dem_pct":57.1,"margin_dem":14.3,"votes_two_party":1024,"winner":"Dem"},"g24_asm":null},"geometry":{"type":"Polygon","coordinates":[[[-117.4673,33.90151],[-117.47177,33.90052],[-117.47408,33.90088],[-117.47494,33.90195],[-117.47662,33.90327],[-117.47908,33.90191],[-117.48042,33.90111],[-117.48129,33.90125],[-117.48281,33.90313],[-117.48374,33.90424],[-117.48571,33.90669],[-117.48749,33.90888],[-117.48655,33.90996],[-117.48304,33.91183],[-117.48043,33.90863],[-117.47451,33.91027],[-117.47871,33.90711],[-117.47554,33.90893],[-117.47429,33.90965],[-117.47374,33.91013],[-117.47349,33.91075],[-117.47326,33.91118],[-117.47222,33.9119],[-117.47239,33.91277],[-117.47112,33.91314],[-117.46867,33.91381],[-117.46712,33.91423],[-117.46675,33.91443],[-117.46636,33.91532],[-117.46408,33.91521],[-117.46318,33.91411],[-117.46498,33.90965],[-117.46274,33.9068],[-117.4608,33.90444],[-117.46126,33.90379],[-117.46652,33.90178],[-117.4673,33.90151]]]}},{"type":"Feature","properties":{"county_fips":65,"srprec":"116021","precinct_id":"065-116021","county_name":"Riverside","area_sq_mi":0.326,"place_primary":"Riverside","place_primary_share":100.0,"place_also":[],"places":[{"name":"Riverside","geoid":"0662000","kind":"city","pct":100.0}],"bbox":[-117.4676,33.9041,-117.4533,33.9147],"g22_asm":{"dem_pct":56.7,"margin_dem":13.4,"votes_two_party":97,"winner":"Dem"},"g24_asm":null},"geometry":{"type":"Polygon","coordinates":[[[-117.45399,33.90948],[-117.45353,33.90887],[-117.45342,33.90865],[-117.45414,33.908],[-117.45503,33.90749],[-117.45588,33.907],[-117.45643,33.90668],[-117.45683,33.90633],[-117.45695,33.90618],[-117.45796,33.90561],[-117.45937,33.90481],[-117.46049,33.90419],[-117.46071,33.9042],[-117.46075,33.9043],[-117.4608,33.90444],[-117.46253,33.9065],[-117.46268,33.90669],[-117.46274,33.9068],[-117.46283,33.90703],[-117.46383,33.90823],[-117.46498,33.90965],[-117.4651,33.90982],[-117.46725,33.91246],[-117.46318,33.91411],[-117.46108,33.9147],[-117.46015,33.91456],[-117.45939,33.91444],[-117.45829,33.91427],[-117.45784,33.91421],[-117.4575,33.91413],[-117.45761,33.91407],[-117.4577,33.91402],[-117.45754,33.91378],[-117.45699,33.91312],[-117.45628,33.91226],[-117.45613,33.91208],[-117.45414,33.90969],[-117.45399,33.90948]]]}},{"type":"Feature","properties":{"county_fips":65,"srprec":"116033","precinct_id":"065-116033","county_name":"Riverside","area_sq_mi":0.695,"place_primary":"Riverside","place_primary_share":99.9,"place_also":[],"places":[{"name":"Riverside","geoid":"0662000","kind":"city","pct":99.9}],"bbox":[-117.50154,33.88299,-117.47329,33.90349],"g22_asm":{"dem_pct":47.2,"margin_dem":-5.6,"votes_two_party":922,"winner":"Rep"},"g24_asm":null},"geometry":{"type":"Polygon","coordinates":[[[-117.49175,33.88604],[-117.49326,33.88679],[-117.49379,33.88688],[-117.49424,33.88599],[-117.49667,33.88372],[-117.49776,33.88318],[-117.50147,33.88898],[-117.50048,33.8898],[-117.49926,33.8905],[-117.49098,33.89495],[-117.48954,33.89593],[-117.48756,33.89704],[-117.48714,33.89729],[-117.48675,33.89754],[-117.48402,33.89904],[-117.48278,33.89974],[-117.48027,33.90121],[-117.47822,33.90238],[-117.47611,33.90335],[-117.47437,33.90123],[-117.47349,33.89982],[-117.47835,33.89755],[-117.48162,33.89677],[-117.48498,33.89484],[-117.48329,33.89305],[-117.48246,33.89311],[-117.48161,33.89273],[-117.48109,33.8919],[-117.48152,33.89173],[-117.4831,33.89179],[-117.4846,33.89079],[-117.48627,33.89026],[-117.48729,33.88975],[-117.4853,33.88755],[-117.49175,33.88604]]]}},{"type":"Feature","properties":{"county_fips":65,"srprec":"116038","precinct_id":"065-116038","county_name":"Riverside","area_sq_mi":0.76,"place_primary":"Riverside","place_primary_share":99.8,"place_also":[],"places":[{"name":"Riverside","geoid":"0662000","kind":"city","pct":99.8},{"name":"El Sobrante","geoid":"0622457","kind":"cdp","pct":0.2}],"bbox":[-117.48837,33.88278,-117.46502,33.8999],"g22_asm":{"dem_pct":51.6,"margin_dem":3.3,"votes_two_party":1001,"winner":"Dem"},"g24_asm":null},"geometry":{"type":"Polygon","coordinates":[[[-117.46503,33.88978],[-117.46814,33.8886],[-117.47241,33.88617],[-117.47239,33.88551],[-117.4718,33.88479],[-117.47133,33.8848],[-117.47118,33.8833],[-117.47973,33.88571],[-117.48231,33.88661],[-117.4853,33.88755],[-117.48777,33.8895],[-117.48676,33.89009],[-117.48608,33.89031],[-117.48465,33.89076],[-117.48349,33.89164],[-117.48294,33.89183],[-117.48152,33.89173],[-117.48107,33.89172],[-117.48136,33.8924],[-117.48161,33.89274],[-117.48242,33.89312],[-117.48302,33.89308],[-117.4834,33.89301],[-117.48498,33.89484],[-117.48125,33.89634],[-117.48029,33.89702],[-117.47801,33.89773],[-117.47465,33.89943],[-117.47284,33.89933],[-117.47112,33.89724],[-117.46979,33.8956],[-117.46831,33.89376],[-117.46646,33.89153],[-117.46514,33.88992],[-117.46503,33.88978]]]}},{"type":"Feature","properties":{"county_fips":65,"srprec":"117000","precinct_id":"065-117000","county_name":"Riverside","area_sq_mi":3.119,"place_primary":"Riverside","place_primary_share":99.6,"place_also":[],"places":[{"name":"Riverside","geoid":"0662000","kind":"city","pct":99.6},{"name":"Jurupa Valley","geoid":"0637692","kind":"city","pct":0.3}],"bbox":[-117.55011,33.93135,-117.46536,33.99113],"g22_asm":{"dem_pct":47.5,"margin_dem":-5.0,"votes_two_party":1353,"winner":"Rep"},"g24_asm":null},"geometry":{"type":"MultiPolygon","coordinates":[[[[-117.523,33.95558],[-117.50795,33.96033],[-117.4834,33.96165],[-117.47559,33.96467],[-117.46605,33.96441],[-117.46567,33.96245],[-117.46996,33.96208],[-117.47605,33.96117],[-117.47722,33.96197],[-117.47836,33.96193],[-117.47937,33.96048],[-117.48048,33.96011],[-117.48077,33.95946],[-117.47884,33.95583],[-117.47715,33.9517],[-117.47759,33.94661],[-117.47915,33.94259],[-117.48164,33.93885],[-117.48311,33.93588],[-117.49061,33.93412],[-117.49732,33.93175],[-117.49886,33.93288],[-117.50032,33.93325],[-117.50146,33.93632],[-117.5034,33.94084],[-117.50263,33.94223],[-117.50168,33.94435],[-117.50271,33.94508],[-117.50437,33.94631],[-117.50864,33.95053],[-117.51145,33.95381],[-117.51481,33.95484],[-117.51997,33.95463],[-117.523,33.95558]]],[[[-117.54412,33.95356],[-117.54429,33.95349],[-117.54428,33.95351],[-117.54432,33.95367],[-117.54438,33.95391],[-117.54428,33.95491],[-117.54374,33.95538],[-117.54384,33.95522],[-117.54411,33.95443],[-117.54413,33.9538],[-117.54413,33.95365],[-117.54411,33.95357],[-117.54412,33.95356]]],[[[-117.54985,33.99042],[-117.54974,33.98997],[-117.54903,33.98715],[-117.54882,33.98579],[-117.54874,33.98465],[-117.5487,33.97913],[-117.54865,33.97801],[-117.54863,33.97524],[-117.54868,33.97524],[-117.54885,33.97524],[-117.54886,33.97816],[-117.54886,33.97897],[-117.54886,33.98436],[-117.54887,33.98455],[-117.54887,33.98467],[-117.54887,33.98488],[-117.54888,33.98503],[-117.54889,33.98524],[-117.5489,33.98535],[-117.54892,33.98559],[-117.54893,33.98568],[-117.54895,33.98592],[-117.54896,33.98602],[-117.549,33.98625],[-117.54901,33.98637],[-117.54905,33.98663],[-117.54907,33.9867],[-117.54912,33.98698],[-117.54913,33.98705],[-117.54918,33.9873],[-117.5492,33.98736],[-117.54926,33.98764],[-117.54927,33.9877],[-117.54935,33.98798],[-117.54936,33.98802],[-117.54954,33.98866],[-117.54974,33.98939],[-117.54983,33.98973],[-117.54985,33.98984],[-117.5499,33.99006],[-117.54993,33.99015],[-117.54999,33.99047],[-117.55004,33.99071],[-117.55006,33.99084],[-117.55011,33.99109],[-117.54995,33.99113],[-117.54985,33.99042]]]]}},{"type":"Feature","properties":{"county_fips":65,"srprec":"117004","precinct_id":"065-117004","county_name":"Riverside","area_sq_mi":1.295,"place_primary":"Riverside","place_primary_share":100.0,"place_also":[],"places":[{"name":"Riverside","geoid":"0662000","kind":"city","pct":100.0}],"bbox":[-117.48078,33.94579,-117.45385,33.96245],"g22_asm":{"dem_pct":58.6,"margin_dem":17.2,"votes_two_party":1188,"winner":"Dem"},"g24_asm":null},"geometry":{"type":"Polygon","coordinates":[[[-117.46868,33.94651],[-117.47649,33.94657],[-117.4775,33.94744],[-117.47714,33.95127],[-117.4774,33.95241],[-117.47839,33.95463],[-117.47901,33.95622],[-117.4807,33.95921],[-117.48078,33.95975],[-117.48069,33.96007],[-117.48001,33.96004],[-117.47917,33.96027],[-117.47973,33.96058],[-117.47951,33.96112],[-117.47826,33.962],[-117.47749,33.96208],[-117.47699,33.96171],[-117.47693,33.96131],[-117.47455,33.9612],[-117.4744,33.96209],[-117.46814,33.96208],[-117.46762,33.96236],[-117.4653,33.96168],[-117.46168,33.95878],[-117.45898,33.95694],[-117.45636,33.95509],[-117.45511,33.95398],[-117.45439,33.95289],[-117.45405,33.95206],[-117.45385,33.95078],[-117.4539,33.94591],[-117.45436,33.94583],[-117.45815,33.94623],[-117.46208,33.94651],[-117.4647,33.94649],[-117.46847,33.94651],[-117.46868,33.94651]]]}},{"type":"Feature","properties":{"county_fips":65,"srprec":"117017","precinct_id":"065-117017","county_name":"Riverside","area_sq_mi":1.983,"place_primary":"Riverside","place_primary_share":99.8,"place_also":[],"places":[{"name":"Riverside","geoid":"0662000","kind":"city","pct":99.8},{"name":"Norco","geoid":"0651560","kind":"city","pct":0.2}],"bbox":[-117.52195,33.91401,-117.49385,33.95484],"g22_asm":{"dem_pct":47.1,"margin_dem":-5.8,"votes_two_party":1314,"winner":"Rep"},"g24_asm":null},"geometry":{"type":"Polygon","coordinates":[[[-117.5159,33.94561],[-117.51771,33.95475],[-117.51424,33.95481],[-117.51112,33.95361],[-117.50864,33.95053],[-117.50471,33.94668],[-117.50351,33.94551],[-117.50199,33.94485],[-117.50087,33.9433],[-117.5026,33.9421],[-117.5034,33.94084],[-117.50152,33.93668],[-117.50104,33.934],[-117.49932,33.93333],[-117.49864,33.93213],[-117.50037,33.93042],[-117.49944,33.9276],[-117.49866,33.92532],[-117.49736,33.92266],[-117.49548,33.91932],[-117.49392,33.91685],[-117.49648,33.91552],[-117.49913,33.9141],[-117.49967,33.91449],[-117.50043,33.91587],[-117.50121,33.91729],[-117.50286,33.91848],[-117.50401,33.9183],[-117.51344,33.91836],[-117.51414,33.92184],[-117.51415,33.93409],[-117.51264,33.94283],[-117.51589,33.9456],[-117.5159,33.94561]]]}},{"type":"Feature","properties":{"county_fips":65,"srprec":"117019","precinct_id":"065-117019","county_name":"Riverside","area_sq_mi":0.733,"place_primary":"Riverside","place_primary_share":100.0,"place_also":[],"places":[{"name":"Riverside","geoid":"0662000","kind":"city","pct":100.0}],"bbox":[-117.50041,33.91674,-117.47954,33.93596],"g22_asm":{"dem_pct":55.3,"margin_dem":10.7,"votes_two_party":674,"winner":"Dem"},"g24_asm":null},"geometry":{"type":"Polygon","coordinates":[[[-117.49534,33.91909],[-117.49639,33.92076],[-117.49736,33.92266],[-117.49826,33.92449],[-117.49873,33.92552],[-117.49934,33.9273],[-117.49963,33.9282],[-117.50037,33.93042],[-117.49851,33.9313],[-117.49732,33.93175],[-117.49546,33.93242],[-117.49061,33.93412],[-117.48703,33.93566],[-117.48311,33.93588],[-117.48201,33.93575],[-117.48168,33.93435],[-117.48161,33.93401],[-117.48141,33.93353],[-117.47984,33.93126],[-117.48121,33.9304],[-117.48386,33.93015],[-117.48563,33.93011],[-117.48772,33.92953],[-117.48694,33.92657],[-117.48829,33.92463],[-117.48916,33.92415],[-117.49092,33.92341],[-117.49035,33.92183],[-117.48959,33.92058],[-117.48906,33.91902],[-117.49182,33.91769],[-117.49401,33.91699],[-117.49526,33.91897],[-117.49534,33.91909]]]}},{"type":"Feature","properties":{"county_fips":65,"srprec":"117020","precinct_id":"065-117020","county_name":"Riverside","area_sq_mi":0.877,"place_primary":"Riverside","place_primary_share":100.0,"place_also":[],"places":[{"name":"Riverside","geoid":"0662000","kind":"city","pct":100.0}],"bbox":[-117.49124,33.91896,-117.47203,33.94657],"g22_asm":{"dem_pct":58.6,"margin_dem":17.1,"votes_two_party":444,"winner":"Dem"},"g24_asm":null},"geometry":{"type":"Polygon","coordinates":[[[-117.4901,33.92141],[-117.49092,33.92341],[-117.48913,33.92416],[-117.48784,33.92497],[-117.48699,33.9271],[-117.48696,33.92974],[-117.48441,33.93015],[-117.48121,33.9304],[-117.48073,33.93256],[-117.48152,33.93375],[-117.48167,33.93426],[-117.48186,33.93503],[-117.48214,33.93735],[-117.48164,33.93885],[-117.48032,33.94217],[-117.47845,33.94282],[-117.4777,33.94606],[-117.47268,33.94651],[-117.47266,33.94423],[-117.47283,33.94091],[-117.47498,33.93783],[-117.475,33.93655],[-117.47419,33.93502],[-117.47336,33.93373],[-117.47247,33.9327],[-117.47307,33.93137],[-117.47523,33.92973],[-117.47528,33.92713],[-117.47817,33.92472],[-117.48211,33.92184],[-117.48507,33.91997],[-117.48739,33.91901],[-117.48961,33.92061],[-117.4901,33.92141]]]}},{"type":"Feature","properties":{"county_fips":65,"srprec":"117022","precinct_id":"065-117022","county_name":"Riverside","area_sq_mi":0.453,"place_primary":"Riverside","place_primary_share":99.9,"place_also":[],"places":[{"name":"Riverside","geoid":"0662000","kind":"city","pct":99.9}],"bbox":[-117.51407,33.90166,-117.49998,33.91877],"g22_asm":{"dem_pct":61.4,"margin_dem":22.7,"votes_two_party":176,"winner":"Dem"},"g24_asm":null},"geometry":{"type":"Polygon","coordinates":[[[-117.5059,33.90468],[-117.5063,33.90425],[-117.50663,33.90405],[-117.50656,33.90385],[-117.50616,33.90334],[-117.50615,33.90261],[-117.50623,33.90248],[-117.50669,33.90239],[-117.50706,33.90271],[-117.50721,33.90325],[-117.50769,33.90391],[-117.50904,33.90323],[-117.50961,33.90202],[-117.51083,33.90929],[-117.51322,33.91131],[-117.5096,33.91641],[-117.50394,33.9183],[-117.5029,33.91847],[-117.50201,33.91877],[-117.50112,33.91712],[-117.50047,33.91594],[-117.49998,33.91505],[-117.50359,33.9145],[-117.50541,33.9135],[-117.50508,33.91318],[-117.50446,33.91246],[-117.50477,33.91039],[-117.50398,33.90798],[-117.50447,33.9069],[-117.50585,33.90665],[-117.50564,33.90596],[-117.50615,33.90534],[-117.50596,33.90475],[-117.5059,33.90468]]]}},{"type":"Feature","properties":{"county_fips":65,"srprec":"117023","precinct_id":"065-117023","county_name":"Riverside","area_sq_mi":0.359,"place_primary":"Riverside","place_primary_share":100.0,"place_also":[],"places":[{"name":"Riverside","geoid":"0662000","kind":"city","pct":100.0}],"bbox":[-117.50905,33.90028,-117.49752,33.91505],"g22_asm":{"dem_pct":60.8,"margin_dem":21.6,"votes_two_party":222,"winner":"Dem"},"g24_asm":null},"geometry":{"type":"Polygon","coordinates":[[[-117.50789,33.90227],[-117.50874,33.90225],[-117.50781,33.90402],[-117.50724,33.90333],[-117.50706,33.90271],[-117.5066,33.90241],[-117.50619,33.90251],[-117.50615,33.90279],[-117.50647,33.90375],[-117.50665,33.904],[-117.5064,33.90419],[-117.5059,33.90468],[-117.50621,33.90531],[-117.50564,33.90596],[-117.50584,33.90666],[-117.50442,33.9071],[-117.50456,33.90905],[-117.50432,33.91234],[-117.50495,33.91309],[-117.50542,33.91347],[-117.50359,33.9145],[-117.49993,33.91495],[-117.4994,33.91411],[-117.49938,33.91211],[-117.49822,33.90804],[-117.49758,33.9031],[-117.49826,33.90259],[-117.49892,33.90281],[-117.49987,33.90181],[-117.50113,33.90106],[-117.50263,33.90101],[-117.50402,33.90116],[-117.50543,33.9008],[-117.50731,33.90157],[-117.50789,33.90227]]]}},{"type":"Feature","properties":{"county_fips":65,"srprec":"117025","precinct_id":"065-117025","county_name":"Riverside","area_sq_mi":0.399,"place_primary":"Riverside","place_primary_share":100.0,"place_also":[],"places":[{"name":"Riverside","geoid":"0662000","kind":"city","pct":100.0}],"bbox":[-117.4992,33.90608,-117.48304,33.9192],"g22_asm":{"dem_pct":57.0,"margin_dem":14.1,"votes_two_party":910,"winner":"Dem"},"g24_asm":null},"geometry":{"type":"Polygon","coordinates":[[[-117.49463,33.91199],[-117.49756,33.91369],[-117.49784,33.91374],[-117.49854,33.91375],[-117.49903,33.91393],[-117.4992,33.91401],[-117.49893,33.91431],[-117.49869,33.91448],[-117.49832,33.91468],[-117.49648,33.91552],[-117.49596,33.91576],[-117.49397,33.91669],[-117.49385,33.91674],[-117.49222,33.9175],[-117.49079,33.91821],[-117.48973,33.91871],[-117.48869,33.9192],[-117.48783,33.91806],[-117.48747,33.91757],[-117.48635,33.91599],[-117.48487,33.91409],[-117.48368,33.91262],[-117.48312,33.91193],[-117.48359,33.91153],[-117.48596,33.91027],[-117.48678,33.90984],[-117.48757,33.90942],[-117.48832,33.90904],[-117.49076,33.90777],[-117.49198,33.90712],[-117.49402,33.90608],[-117.49477,33.90709],[-117.49514,33.90767],[-117.49515,33.90771],[-117.49533,33.90823],[-117.49535,33.90829],[-117.49536,33.90836],[-117.49527,33.9092],[-117.49516,33.90944],[-117.49513,33.9095],[-117.4944,33.91043],[-117.49376,33.91122],[-117.49463,33.91199]]]}},{"type":"Feature","properties":{"county_fips":65,"srprec":"117029","precinct_id":"065-117029","county_name":"Riverside","area_sq_mi":1.056,"place_primary":"Riverside","place_primary_share":100.0,"place_also":[],"places":[{"name":"Riverside","geoid":"0662000","kind":"city","pct":100.0}],"bbox":[-117.50638,33.88982,-117.48091,33.91401],"g22_asm":{"dem_pct":55.1,"margin_dem":10.2,"votes_two_party":1241,"winner":"Dem"},"g24_asm":null},"geometry":{"type":"Polygon","coordinates":[[[-117.49872,33.8908],[-117.50038,33.88986],[-117.50312,33.89319],[-117.50277,33.89606],[-117.50502,33.89872],[-117.50613,33.90041],[-117.50493,33.901],[-117.5035,33.90115],[-117.50219,33.90095],[-117.50095,33.90113],[-117.49987,33.90181],[-117.499,33.90277],[-117.49842,33.90279],[-117.49752,33.90301],[-117.49807,33.90392],[-117.49915,33.90808],[-117.49947,33.91335],[-117.49879,33.91382],[-117.49769,33.91372],[-117.49376,33.91122],[-117.49516,33.90946],[-117.49536,33.9087],[-117.49533,33.90823],[-117.49505,33.90751],[-117.4935,33.90633],[-117.48832,33.90904],[-117.48606,33.90711],[-117.48411,33.9047],[-117.48281,33.90313],[-117.4812,33.90115],[-117.48321,33.89949],[-117.48555,33.89821],[-117.487,33.89739],[-117.48717,33.89728],[-117.48769,33.89696],[-117.48971,33.89584],[-117.4984,33.89074],[-117.49872,33.8908]]]}},{"type":"Feature","properties":{"county_fips":65,"srprec":"119081","precinct_id":"065-119081","county_name":"Riverside","area_sq_mi":1.626,"place_primary":"Highgrove","place_primary_share":88.3,"place_also":[],"places":[{"name":"Highgrove","geoid":"0633574","kind":"cdp","pct":88.3},{"name":"Riverside","geoid":"0662000","kind":"city","pct":0.9}],"bbox":[-117.35078,34.00547,-117.30488,34.01942],"g22_asm":{"dem_pct":56.7,"margin_dem":13.5,"votes_two_party":1001,"winner":"Dem"},"g24_asm":{"dem_pct":49.6,"margin_dem":-0.8,"votes_two_party":1656,"winner":"Rep"}},"geometry":{"type":"Polygon","coordinates":[[[-117.34742,34.01942],[-117.33953,34.01939],[-117.33931,34.01936],[-117.33435,34.01937],[-117.33119,34.01938],[-117.32078,34.01937],[-117.31635,34.01934],[-117.31347,34.01931],[-117.30934,34.0193],[-117.30488,34.0156],[-117.31365,34.01149],[-117.3134,34.0103],[-117.31269,34.00936],[-117.31197,34.00824],[-117.31305,34.00735],[-117.31361,34.00666],[-117.31463,34.00693],[-117.32054,34.00656],[-117.32454,34.00839],[-117.33078,34.0084],[-117.33399,34.00963],[-117.33511,34.01332],[-117.33665,34.0121],[-117.34207,34.01215],[-117.34434,34.01235],[-117.345,34.01229],[-117.34802,34.01178],[-117.35017,34.01367],[-117.35057,34.01443],[-117.34816,34.01512],[-117.34726,34.01636],[-117.34717,34.01776],[-117.34778,34.0192],[-117.34742,34.01942]],[[-117.30527,34.01561],[-117.30527,34.0156],[-117.30522,34.01561],[-117.30527,34.01561]]]}},{"type":"Feature","properties":{"county_fips":65,"srprec":"119087","precinct_id":"065-119087","county_name":"Riverside","area_sq_mi":1.158,"place_primary":"Highgrove","place_primary_share":96.0,"place_also":[],"places":[{"name":"Highgrove","geoid":"0633574","kind":"cdp","pct":96.0}],"bbox":[-117.31378,34.00459,-117.28776,34.01941],"g22_asm":{"dem_pct":57.3,"margin_dem":14.6,"votes_two_party":1070,"winner":"Dem"},"g24_asm":null},"geometry":{"type":"MultiPolygon","coordinates":[[[[-117.28776,34.00549],[-117.28894,34.00579],[-117.28928,34.00581],[-117.2901,34.00556],[-117.28978,34.0048],[-117.30496,34.00474],[-117.30529,34.00473],[-117.30597,34.00462],[-117.30801,34.00461],[-117.31116,34.00475],[-117.31365,34.00559],[-117.31366,34.00657],[-117.31358,34.00691],[-117.31378,34.00727],[-117.3133,34.00724],[-117.31282,34.00739],[-117.31181,34.00743],[-117.31183,34.00769],[-117.31197,34.00824],[-117.3121,34.00854],[-117.31232,34.00892],[-117.3126,34.00927],[-117.31288,34.00954],[-117.3131,34.00979],[-117.3133,34.0101],[-117.31343,34.01037],[-117.31351,34.01058],[-117.31359,34.01087],[-117.31365,34.01149],[-117.30931,34.01199],[-117.30534,34.01197],[-117.30488,34.01213],[-117.3049,34.0193],[-117.29814,34.01939],[-117.29604,34.01941],[-117.29573,34.0194],[-117.28981,34.01919],[-117.28776,34.00549]]],[[[-117.30527,34.0156],[-117.30527,34.01561],[-117.30522,34.01561],[-117.30527,34.0156]]]]}},{"type":"Feature","properties":{"county_fips":65,"srprec":"201101","precinct_id":"065-201101","county_name":"Riverside","area_sq_mi":0.997,"place_primary":"Jurupa Valley","place_primary_share":100.0,"place_also":[],"places":[{"name":"Jurupa Valley","geoid":"0637692","kind":"city","pct":100.0}],"bbox":[-117.50284,33.99705,-117.47535,34.01184],"g22_asm":{"dem_pct":50.6,"margin_dem":1.3,"votes_two_party":397,"winner":"Dem"},"g24_asm":{"dem_pct":48.3,"margin_dem":-3.4,"votes_two_party":445,"winner":"Rep"}},"geometry":{"type":"Polygon","coordinates":[[[-117.48785,34.01184],[-117.48568,34.01182],[-117.48513,34.01182],[-117.48435,34.0118],[-117.48368,34.01179],[-117.4814,34.0118],[-117.47983,34.00886],[-117.47979,34.00798],[-117.47978,34.00525],[-117.4792,34.00453],[-117.47795,34.00454],[-117.47624,34.00454],[-117.47546,34.00453],[-117.47538,34.00016],[-117.47541,33.9995],[-117.47542,33.99941],[-117.48054,33.99821],[-117.48228,33.99778],[-117.48396,33.99735],[-117.48416,33.99739],[-117.48471,33.99725],[-117.48522,33.99712],[-117.48553,33.99705],[-117.48808,33.99894],[-117.49712,34.00338],[-117.50256,34.00599],[-117.50262,34.00622],[-117.50256,34.00624],[-117.50226,34.00632],[-117.49996,34.00703],[-117.4983,34.00771],[-117.4983,34.01152],[-117.49395,34.01168],[-117.4896,34.01182],[-117.48785,34.01184]]]}},{"type":"Feature","properties":{"county_fips":65,"srprec":"201104","precinct_id":"065-201104","county_name":"Riverside","area_sq_mi":1.42,"place_primary":"Jurupa Valley","place_primary_share":100.0,"place_also":[],"places":[{"name":"Jurupa Valley","geoid":"0637692","kind":"city","pct":100.0}],"bbox":[-117.50655,33.97905,-117.4754,34.00614],"g22_asm":{"dem_pct":51.1,"margin_dem":2.1,"votes_two_party":666,"winner":"Dem"},"g24_asm":{"dem_pct":42.6,"margin_dem":-14.9,"votes_two_party":646,"winner":"Rep"}},"geometry":{"type":"Polygon","coordinates":[[[-117.47966,33.98642],[-117.48087,33.98999],[-117.48847,33.98997],[-117.4889,33.98997],[-117.48937,33.98996],[-117.4898,33.98995],[-117.49028,33.98995],[-117.49079,33.98995],[-117.49127,33.98995],[-117.49489,33.98996],[-117.49805,33.99091],[-117.50154,33.99142],[-117.50154,33.99284],[-117.50242,33.99308],[-117.50427,33.99276],[-117.50516,33.99275],[-117.50565,33.99274],[-117.50588,33.99281],[-117.50591,33.99927],[-117.50595,34.00359],[-117.50632,34.00453],[-117.50574,34.00521],[-117.50284,34.00614],[-117.49712,34.00338],[-117.4871,33.99831],[-117.48537,33.99708],[-117.48484,33.99722],[-117.48416,33.99739],[-117.48383,33.99738],[-117.48133,33.99802],[-117.47679,33.99909],[-117.4754,33.99484],[-117.4754,33.99004],[-117.4754,33.98669],[-117.4754,33.98281],[-117.47605,33.97912],[-117.47664,33.97908],[-117.47843,33.98279],[-117.47966,33.98642]]]}},{"type":"Feature","properties":{"county_fips":65,"srprec":"201119","precinct_id":"065-201119","county_name":"Riverside","area_sq_mi":2.087,"place_primary":"Jurupa Valley","place_primary_share":99.8,"place_also":[],"places":[{"name":"Jurupa Valley","geoid":"0637692","kind":"city","pct":99.8}],"bbox":[-117.52335,33.96529,-117.47804,34.00408],"g22_asm":{"dem_pct":54.8,"margin_dem":9.7,"votes_two_party":746,"winner":"Dem"},"g24_asm":{"dem_pct":45.5,"margin_dem":-9.0,"votes_two_party":1101,"winner":"Rep"}},"geometry":{"type":"MultiPolygon","coordinates":[[[[-117.49612,33.96866],[-117.50241,33.97119],[-117.50427,33.97252],[-117.50518,33.97311],[-117.50573,33.97375],[-117.50953,33.9716],[-117.51421,33.97437],[-117.51653,33.97182],[-117.52307,33.96595],[-117.52323,33.96593],[-117.52323,33.97332],[-117.52328,33.97546],[-117.52334,33.98053],[-117.52332,33.9835],[-117.51675,33.98608],[-117.52334,33.98637],[-117.52335,33.99],[-117.52268,33.99634],[-117.51566,33.99633],[-117.51263,33.99634],[-117.50589,33.99564],[-117.50585,33.9871],[-117.50585,33.98276],[-117.50578,33.97537],[-117.50055,33.97519],[-117.49836,33.97504],[-117.49362,33.97114],[-117.48988,33.97323],[-117.48376,33.96941],[-117.4781,33.96663],[-117.47899,33.96555],[-117.4802,33.96577],[-117.48316,33.96652],[-117.48641,33.9683],[-117.4885,33.96852],[-117.49336,33.96803],[-117.49612,33.96866]]],[[[-117.49538,33.968],[-117.49507,33.96772],[-117.49877,33.96741],[-117.49899,33.9678],[-117.49875,33.96776],[-117.49838,33.96775],[-117.4982,33.96776],[-117.49813,33.96777],[-117.49799,33.96778],[-117.49782,33.96781],[-117.4973,33.96789],[-117.49711,33.96798],[-117.49538,33.968]]],[[[-117.50919,34.00391],[-117.51338,34.00251],[-117.51353,34.00247],[-117.51354,34.00273],[-117.51266,34.003],[-117.51006,34.00381],[-117.50919,34.00408],[-117.50919,34.00391]]]]}},{"type":"Feature","properties":{"county_fips":65,"srprec":"201125","precinct_id":"065-201125","county_name":"Riverside","area_sq_mi":2.337,"place_primary":"Jurupa Valley","place_primary_share":99.9,"place_also":[],"places":[{"name":"Jurupa Valley","geoid":"0637692","kind":"city","pct":99.9},{"name":"Riverside","geoid":"0662000","kind":"city","pct":0.1}],"bbox":[-117.50588,33.96435,-117.4658,33.99323],"g22_asm":{"dem_pct":50.0,"margin_dem":0.1,"votes_two_party":1109,"winner":"Dem"},"g24_asm":{"dem_pct":46.9,"margin_dem":-6.2,"votes_two_party":2121,"winner":"Rep"}},"geometry":{"type":"Polygon","coordinates":[[[-117.49127,33.98995],[-117.49049,33.98995],[-117.48971,33.98995],[-117.48899,33.98997],[-117.4841,33.99],[-117.47966,33.98642],[-117.47705,33.97918],[-117.4762,33.97643],[-117.47597,33.97571],[-117.47544,33.97435],[-117.47426,33.97235],[-117.47137,33.96995],[-117.46901,33.96899],[-117.46719,33.96808],[-117.46611,33.96679],[-117.46618,33.96481],[-117.46885,33.96435],[-117.47761,33.96513],[-117.4781,33.96663],[-117.48365,33.96931],[-117.48981,33.97323],[-117.49362,33.97136],[-117.49836,33.97504],[-117.50055,33.97521],[-117.505,33.97537],[-117.50585,33.98203],[-117.50584,33.98637],[-117.50576,33.99274],[-117.50507,33.99275],[-117.50263,33.99303],[-117.50154,33.99238],[-117.49805,33.99091],[-117.49206,33.98997],[-117.49127,33.98995]]]}},{"type":"Feature","properties":{"county_fips":65,"srprec":"202103","precinct_id":"065-202103","county_name":"Riverside","area_sq_mi":0.387,"place_primary":"Jurupa Valley","place_primary_share":99.9,"place_also":[],"places":[{"name":"Jurupa Valley","geoid":"0637692","kind":"city","pct":99.9}],"bbox":[-117.51558,34.01877,-117.50679,34.03349],"g22_asm":{"dem_pct":58.1,"margin_dem":16.2,"votes_two_party":979,"winner":"Dem"},"g24_asm":{"dem_pct":53.3,"margin_dem":6.6,"votes_two_party":1388,"winner":"Dem"}},"geometry":{"type":"Polygon","coordinates":[[[-117.50994,34.03349],[-117.50754,34.03349],[-117.50689,34.03348],[-117.50692,34.03205],[-117.50696,34.03049],[-117.50696,34.02958],[-117.50696,34.0281],[-117.50696,34.0264],[-117.50697,34.02577],[-117.50698,34.02551],[-117.50704,34.02493],[-117.50737,34.02409],[-117.50753,34.02379],[-117.50783,34.02302],[-117.50791,34.02255],[-117.50792,34.02205],[-117.5079,34.02187],[-117.50784,34.02144],[-117.50759,34.02074],[-117.50744,34.0204],[-117.50741,34.02036],[-117.50717,34.01984],[-117.507,34.01945],[-117.50697,34.019],[-117.5093,34.01889],[-117.51111,34.01886],[-117.5134,34.01877],[-117.5134,34.01884],[-117.51323,34.01916],[-117.5133,34.02029],[-117.51344,34.02191],[-117.51336,34.02409],[-117.51327,34.02516],[-117.51372,34.02783],[-117.5145,34.0301],[-117.51521,34.03189],[-117.51538,34.03279],[-117.51537,34.03348],[-117.51338,34.03349],[-117.5109,34.03349],[-117.51049,34.03349],[-117.50994,34.03349]]]}},{"type":"Feature","properties":{"county_fips":65,"srprec":"202111","precinct_id":"065-202111","county_name":"Riverside","area_sq_mi":5.201,"place_primary":"Jurupa Valley","place_primary_share":99.9,"place_also":[],"places":[{"name":"Jurupa Valley","geoid":"0637692","kind":"city","pct":99.9}],"bbox":[-117.55032,33.99109,-117.5027,34.03349],"g22_asm":{"dem_pct":48.1,"margin_dem":-3.8,"votes_two_party":973,"winner":"Rep"},"g24_asm":{"dem_pct":42.0,"margin_dem":-16.1,"votes_two_party":1730,"winner":"Rep"}},"geometry":{"type":"Polygon","coordinates":[[[-117.54214,34.03349],[-117.53948,34.03348],[-117.52941,34.03347],[-117.52416,34.03345],[-117.51607,34.03348],[-117.5153,34.03211],[-117.51399,34.0289],[-117.5133,34.02486],[-117.51344,34.02117],[-117.51328,34.01894],[-117.5136,34.01876],[-117.51605,34.01868],[-117.51879,34.01857],[-117.52335,34.01842],[-117.52438,34.01721],[-117.52437,34.01637],[-117.5214,34.015],[-117.50871,34.00909],[-117.50284,34.00614],[-117.50574,34.00521],[-117.50756,34.0046],[-117.50919,34.00408],[-117.51392,34.00261],[-117.5168,34.00171],[-117.52096,34.00043],[-117.52395,33.99945],[-117.52715,33.99831],[-117.53128,33.99699],[-117.53478,33.99591],[-117.54134,33.99385],[-117.54844,33.99161],[-117.55016,33.99141],[-117.55027,33.99241],[-117.55032,33.99854],[-117.55025,34.01881],[-117.55025,34.02196],[-117.55024,34.0288],[-117.54214,34.03349]]]}},{"type":"Feature","properties":{"county_fips":65,"srprec":"202115","precinct_id":"065-202115","county_name":"Riverside","area_sq_mi":0.408,"place_primary":"Jurupa Valley","place_primary_share":100.0,"place_also":[],"places":[{"name":"Jurupa Valley","geoid":"0637692","kind":"city","pct":100.0}],"bbox":[-117.52395,33.99633,-117.5059,34.00493],"g22_asm":{"dem_pct":60.1,"margin_dem":20.3,"votes_two_party":158,"winner":"Dem"},"g24_asm":{"dem_pct":56.6,"margin_dem":13.1,"votes_two_party":290,"winner":"Dem"}},"geometry":{"type":"Polygon","coordinates":[[[-117.51353,34.00247],[-117.50919,34.00391],[-117.50892,34.00417],[-117.50822,34.00439],[-117.50782,34.00453],[-117.50714,34.00473],[-117.50655,34.00493],[-117.50632,34.00453],[-117.50622,34.0043],[-117.50599,34.00376],[-117.50594,34.00353],[-117.50592,34.00089],[-117.50591,33.99927],[-117.5059,33.99637],[-117.5085,33.99635],[-117.51002,33.99634],[-117.51196,33.99634],[-117.5135,33.99633],[-117.51382,33.99633],[-117.51425,33.99634],[-117.51531,33.99633],[-117.51588,33.99633],[-117.51678,33.99634],[-117.51938,33.99633],[-117.52069,33.99633],[-117.52335,33.99635],[-117.52336,33.99743],[-117.5234,33.99789],[-117.52327,33.99806],[-117.52326,33.99856],[-117.5228,33.99856],[-117.52308,33.99961],[-117.52357,33.9995],[-117.52395,33.99945],[-117.52365,33.99955],[-117.52329,33.99968],[-117.52096,34.00043],[-117.52005,34.0007],[-117.51745,34.00151],[-117.5168,34.00171],[-117.51475,34.00235],[-117.51417,34.00253],[-117.51392,34.00261],[-117.51361,34.00271],[-117.51353,34.00247]]]}},{"type":"Feature","properties":{"county_fips":65,"srprec":"202121","precinct_id":"065-202121","county_name":"Riverside","area_sq_mi":2.111,"place_primary":"Jurupa Valley","place_primary_share":100.0,"place_also":[],"places":[{"name":"Jurupa Valley","geoid":"0637692","kind":"city","pct":100.0}],"bbox":[-117.54995,33.97403,-117.5228,33.9997],"g22_asm":{"dem_pct":38.4,"margin_dem":-23.2,"votes_two_party":1776,"winner":"Rep"},"g24_asm":{"dem_pct":36.9,"margin_dem":-26.2,"votes_two_party":2804,"winner":"Rep"}},"geometry":{"type":"Polygon","coordinates":[[[-117.52895,33.99773],[-117.52489,33.99908],[-117.52394,33.99942],[-117.5228,33.99856],[-117.52343,33.99806],[-117.52335,33.99635],[-117.52335,33.99056],[-117.52335,33.98782],[-117.52334,33.98637],[-117.52332,33.9835],[-117.52334,33.98134],[-117.52333,33.97888],[-117.52329,33.97599],[-117.52325,33.97421],[-117.52498,33.97414],[-117.52759,33.97412],[-117.53097,33.97409],[-117.53221,33.97413],[-117.53284,33.97407],[-117.53413,33.97408],[-117.53443,33.97439],[-117.53582,33.97436],[-117.53651,33.97429],[-117.53764,33.97414],[-117.5389,33.97411],[-117.54072,33.97414],[-117.54365,33.97521],[-117.5487,33.97913],[-117.54985,33.99042],[-117.54842,33.99162],[-117.54134,33.99385],[-117.53699,33.99523],[-117.53132,33.99698],[-117.52895,33.99773]],[[-117.53006,33.98768],[-117.53007,33.98804],[-117.52993,33.99179],[-117.52988,33.99331],[-117.52988,33.99339],[-117.52988,33.99339],[-117.53015,33.99339],[-117.5303,33.99339],[-117.53025,33.9892],[-117.53027,33.98895],[-117.53033,33.98866],[-117.53047,33.98823],[-117.53088,33.98733],[-117.53013,33.98718],[-117.53012,33.9872],[-117.53006,33.98768]]]}},{"type":"Feature","properties":{"county_fips":65,"srprec":"202122","precinct_id":"065-202122","county_name":"Riverside","area_sq_mi":0.854,"place_primary":"Jurupa Valley","place_primary_share":99.9,"place_also":[],"places":[{"name":"Jurupa Valley","geoid":"0637692","kind":"city","pct":99.9}],"bbox":[-117.55187,33.95057,-117.52988,33.99339],"g22_asm":{"dem_pct":55.4,"margin_dem":10.8,"votes_two_party":641,"winner":"Dem"},"g24_asm":null},"geometry":{"type":"MultiPolygon","coordinates":[[[[-117.52988,33.99339],[-117.52988,33.99331],[-117.52993,33.99179],[-117.53007,33.98804],[-117.53006,33.98768],[-117.53006,33.98768],[-117.53012,33.9872],[-117.53013,33.98718],[-117.53088,33.98733],[-117.53047,33.98823],[-117.53033,33.98866],[-117.53027,33.98895],[-117.53025,33.9892],[-117.5303,33.99339],[-117.53015,33.99339],[-117.52988,33.99339]]],[[[-117.5371,33.95728],[-117.54063,33.95717],[-117.54156,33.95696],[-117.54251,33.95651],[-117.54302,33.95616],[-117.54374,33.95538],[-117.54432,33.95367],[-117.55187,33.95057],[-117.55054,33.95239],[-117.54891,33.95723],[-117.54888,33.95746],[-117.54884,33.95804],[-117.54883,33.95851],[-117.54902,33.96455],[-117.54885,33.96806],[-117.54897,33.97525],[-117.54863,33.97524],[-117.54365,33.97521],[-117.54067,33.97504],[-117.54072,33.97363],[-117.54071,33.97106],[-117.5407,33.96886],[-117.54063,33.96751],[-117.54059,33.96545],[-117.54048,33.96472],[-117.54047,33.96471],[-117.54017,33.9646],[-117.53974,33.96458],[-117.53886,33.9646],[-117.53843,33.96496],[-117.53626,33.96545],[-117.53625,33.96481],[-117.53582,33.96456],[-117.53412,33.96285],[-117.53634,33.95867],[-117.53634,33.95769],[-117.5371,33.95728]]]]}},{"type":"Feature","properties":{"county_fips":65,"srprec":"202124","precinct_id":"065-202124","county_name":"Riverside","area_sq_mi":0.851,"place_primary":"Jurupa Valley","place_primary_share":100.0,"place_also":[],"places":[{"name":"Jurupa Valley","geoid":"0637692","kind":"city","pct":100.0}],"bbox":[-117.54072,33.95769,-117.52323,33.9744],"g22_asm":{"dem_pct":49.2,"margin_dem":-1.7,"votes_two_party":299,"winner":"Rep"},"g24_asm":{"dem_pct":49.9,"margin_dem":-0.1,"votes_two_party":1714,"winner":"Rep"}},"geometry":{"type":"Polygon","coordinates":[[[-117.53357,33.95916],[-117.53634,33.95769],[-117.53634,33.95879],[-117.53452,33.96458],[-117.53625,33.96481],[-117.53844,33.96545],[-117.53842,33.96461],[-117.53974,33.96458],[-117.54026,33.96463],[-117.54048,33.96471],[-117.54059,33.96545],[-117.54064,33.9682],[-117.54071,33.96953],[-117.54072,33.97363],[-117.54003,33.97414],[-117.53817,33.97417],[-117.53738,33.97413],[-117.53651,33.97429],[-117.53609,33.97434],[-117.53484,33.97437],[-117.53432,33.97431],[-117.53411,33.97403],[-117.53284,33.97407],[-117.53239,33.97414],[-117.53194,33.97411],[-117.52976,33.9741],[-117.52715,33.97411],[-117.52498,33.97414],[-117.52324,33.97415],[-117.52323,33.97255],[-117.52323,33.96858],[-117.52323,33.96552],[-117.52323,33.96474],[-117.52541,33.96353],[-117.52657,33.96032],[-117.53357,33.95916]]]}},{"type":"Feature","properties":{"county_fips":65,"srprec":"203101","precinct_id":"065-203101","county_name":"Riverside","area_sq_mi":1.353,"place_primary":"Jurupa Valley","place_primary_share":100.0,"place_also":[],"places":[{"name":"Jurupa Valley","geoid":"0637692","kind":"city","pct":100.0}],"bbox":[-117.52438,34.00621,-117.49818,34.03349],"g22_asm":{"dem_pct":64.3,"margin_dem":28.5,"votes_two_party":221,"winner":"Dem"},"g24_asm":{"dem_pct":53.6,"margin_dem":7.1,"votes_two_party":239,"winner":"Dem"}},"geometry":{"type":"Polygon","coordinates":[[[-117.5004,34.03349],[-117.49977,34.03348],[-117.49938,34.03348],[-117.49886,34.03348],[-117.49825,34.02372],[-117.49826,34.02014],[-117.49829,34.01928],[-117.49826,34.01804],[-117.49829,34.01225],[-117.49832,34.0078],[-117.49996,34.00703],[-117.50232,34.0063],[-117.50261,34.00623],[-117.50439,34.00702],[-117.5202,34.01455],[-117.52203,34.01525],[-117.52437,34.01637],[-117.52438,34.017],[-117.52437,34.01831],[-117.5193,34.01856],[-117.51794,34.0186],[-117.51543,34.0187],[-117.5136,34.01876],[-117.51054,34.01888],[-117.50697,34.019],[-117.50712,34.01971],[-117.50743,34.02039],[-117.50759,34.02074],[-117.50789,34.0217],[-117.50793,34.02224],[-117.50783,34.02302],[-117.50739,34.02405],[-117.50704,34.02494],[-117.50697,34.02577],[-117.50696,34.0279],[-117.50696,34.02985],[-117.50692,34.03205],[-117.50612,34.03349],[-117.5004,34.03349]]]}},{"type":"Feature","properties":{"county_fips":65,"srprec":"203109","precinct_id":"065-203109","county_name":"Riverside","area_sq_mi":2.901,"place_primary":"Jurupa Valley","place_primary_share":100.0,"place_also":[],"places":[{"name":"Jurupa Valley","geoid":"0637692","kind":"city","pct":100.0}],"bbox":[-117.49838,34.01152,-117.46239,34.03371],"g22_asm":{"dem_pct":57.7,"margin_dem":15.4,"votes_two_party":688,"winner":"Dem"},"g24_asm":{"dem_pct":55.2,"margin_dem":10.4,"votes_two_party":1292,"winner":"Dem"}},"geometry":{"type":"Polygon","coordinates":[[[-117.49754,34.03347],[-117.49685,34.03345],[-117.49437,34.03345],[-117.49288,34.03343],[-117.49241,34.03345],[-117.4909,34.03345],[-117.47124,34.03369],[-117.46598,34.02411],[-117.46308,34.01791],[-117.46256,34.01783],[-117.46242,34.01669],[-117.4624,34.01454],[-117.46254,34.01182],[-117.46519,34.01179],[-117.46725,34.01181],[-117.47107,34.01181],[-117.47306,34.01181],[-117.47448,34.01181],[-117.47529,34.01181],[-117.47592,34.01181],[-117.47801,34.01181],[-117.47956,34.0118],[-117.48179,34.0118],[-117.4838,34.01179],[-117.48492,34.01181],[-117.48515,34.01182],[-117.48698,34.01184],[-117.48859,34.01184],[-117.49191,34.01174],[-117.49743,34.01155],[-117.49829,34.01225],[-117.49828,34.01588],[-117.49838,34.01891],[-117.49828,34.01931],[-117.49828,34.02057],[-117.49825,34.02372],[-117.49818,34.03348],[-117.49754,34.03347]]]}},{"type":"Feature","properties":{"county_fips":65,"srprec":"203113","precinct_id":"065-203113","county_name":"Riverside","area_sq_mi":0.711,"place_primary":"Jurupa Valley","place_primary_share":100.0,"place_also":[],"places":[{"name":"Jurupa Valley","geoid":"0637692","kind":"city","pct":100.0}],"bbox":[-117.47984,33.99951,-117.4541,34.01182],"g22_asm":{"dem_pct":52.9,"margin_dem":5.8,"votes_two_party":480,"winner":"Dem"},"g24_asm":{"dem_pct":46.3,"margin_dem":-7.4,"votes_two_party":1246,"winner":"Rep"}},"geometry":{"type":"Polygon","coordinates":[[[-117.4627,34.00251],[-117.46489,34.00201],[-117.46757,34.00138],[-117.47164,34.00037],[-117.47449,33.9997],[-117.47538,34.00016],[-117.47546,34.00453],[-117.47624,34.00454],[-117.47795,34.00454],[-117.4792,34.00453],[-117.47978,34.00525],[-117.47979,34.00798],[-117.47983,34.00886],[-117.47874,34.0118],[-117.47662,34.01181],[-117.47558,34.01181],[-117.47485,34.01181],[-117.47384,34.01181],[-117.47293,34.01181],[-117.47037,34.01181],[-117.46623,34.01178],[-117.46385,34.0118],[-117.46239,34.01181],[-117.46241,34.01042],[-117.46238,34.00701],[-117.46237,34.0049],[-117.4607,34.00458],[-117.45802,34.00456],[-117.45529,34.00457],[-117.45434,34.00456],[-117.45682,34.00392],[-117.45889,34.00343],[-117.46149,34.0028],[-117.4627,34.00251]]]}},{"type":"Feature","properties":{"county_fips":65,"srprec":"203118","precinct_id":"065-203118","county_name":"Riverside","area_sq_mi":3.726,"place_primary":"Jurupa Valley","place_primary_share":100.0,"place_also":[],"places":[{"name":"Jurupa Valley","geoid":"0637692","kind":"city","pct":100.0}],"bbox":[-117.46598,34.00456,-117.4235,34.034],"g22_asm":{"dem_pct":60.3,"margin_dem":20.5,"votes_two_party":780,"winner":"Dem"},"g24_asm":null},"geometry":{"type":"Polygon","coordinates":[[[-117.45339,34.00473],[-117.45438,34.00456],[-117.45748,34.00456],[-117.4607,34.00458],[-117.46238,34.00583],[-117.46238,34.00971],[-117.46239,34.01181],[-117.46241,34.01553],[-117.46248,34.01771],[-117.46301,34.01777],[-117.46598,34.02411],[-117.45328,34.03372],[-117.43541,34.03397],[-117.43252,34.03336],[-117.43171,34.03251],[-117.42999,34.02973],[-117.42951,34.02835],[-117.42857,34.02678],[-117.42504,34.02263],[-117.4235,34.0217],[-117.42587,34.01843],[-117.42682,34.01714],[-117.42812,34.01538],[-117.43069,34.01362],[-117.43236,34.0127],[-117.43317,34.01221],[-117.43341,34.01207],[-117.43372,34.01189],[-117.43397,34.01174],[-117.43425,34.01157],[-117.43547,34.01085],[-117.43958,34.00855],[-117.43976,34.00837],[-117.44065,34.00776],[-117.44506,34.00675],[-117.44688,34.00631],[-117.44863,34.00589],[-117.45121,34.00528],[-117.45339,34.00473]]]}},{"type":"Feature","properties":{"county_fips":65,"srprec":"204100","precinct_id":"065-204100","county_name":"Riverside","area_sq_mi":0.473,"place_primary":"Jurupa Valley","place_primary_share":100.0,"place_also":[],"places":[{"name":"Jurupa Valley","geoid":"0637692","kind":"city","pct":100.0}],"bbox":[-117.43308,34.0217,-117.41448,34.03401],"g22_asm":{"dem_pct":41.0,"margin_dem":-17.9,"votes_two_party":251,"winner":"Rep"},"g24_asm":{"dem_pct":43.2,"margin_dem":-13.5,"votes_two_party":377,"winner":"Rep"}},"geometry":{"type":"Polygon","coordinates":[[[-117.41448,34.03391],[-117.41495,34.03331],[-117.41515,34.03307],[-117.4153,34.03287],[-117.41573,34.03227],[-117.41588,34.03207],[-117.41601,34.03189],[-117.41606,34.03182],[-117.4164,34.03135],[-117.41653,34.03117],[-117.41707,34.03043],[-117.41763,34.02968],[-117.42093,34.02521],[-117.42204,34.02372],[-117.42233,34.02332],[-117.42248,34.02311],[-117.42249,34.02309],[-117.4232,34.0221],[-117.42335,34.0219],[-117.4235,34.0217],[-117.42362,34.02176],[-117.42424,34.02207],[-117.42468,34.02233],[-117.425,34.02258],[-117.42504,34.02263],[-117.42576,34.02341],[-117.42649,34.02428],[-117.42725,34.02521],[-117.42791,34.02599],[-117.42857,34.02678],[-117.42898,34.02727],[-117.42922,34.02766],[-117.42934,34.02795],[-117.4295,34.02832],[-117.42951,34.02835],[-117.42955,34.02844],[-117.42956,34.02846],[-117.4296,34.02856],[-117.42995,34.02963],[-117.42999,34.02973],[-117.43026,34.03048],[-117.43048,34.031],[-117.43067,34.03135],[-117.43104,34.03181],[-117.43171,34.03251],[-117.43189,34.03269],[-117.43206,34.03287],[-117.43218,34.03301],[-117.43223,34.03308],[-117.43252,34.03336],[-117.43279,34.03367],[-117.43306,34.03397],[-117.43308,34.034],[-117.43271,34.03401],[-117.41448,34.03391]]]}},{"type":"Feature","properties":{"county_fips":65,"srprec":"218006","precinct_id":"065-218006","county_name":"Riverside","area_sq_mi":0.031,"place_primary":"Unincorporated Riverside County","place_primary_share":null,"place_also":[],"places":[],"bbox":[-117.50173,33.82838,-117.48989,33.8358],"g22_asm":{"dem_pct":50.0,"margin_dem":0.0,"votes_two_party":4,"winner":"Tie"},"g24_asm":null},"geometry":{"type":"MultiPolygon","coordinates":[[[[-117.49444,33.83295],[-117.49441,33.83325],[-117.49447,33.83354],[-117.4943,33.83383],[-117.49406,33.83407],[-117.49394,33.83414],[-117.49364,33.83436],[-117.49341,33.83485],[-117.49336,33.83498],[-117.49263,33.83556],[-117.49234,33.8358],[-117.48992,33.8358],[-117.48989,33.8358],[-117.49444,33.83295]]],[[[-117.50173,33.82838],[-117.50169,33.82998],[-117.50113,33.83018],[-117.50038,33.83044],[-117.49995,33.83059],[-117.49876,33.83059],[-117.49855,33.8306],[-117.49832,33.83073],[-117.49809,33.83085],[-117.49719,33.83124],[-117.49716,33.83124],[-117.50173,33.82838]]]]}},{"type":"Feature","properties":{"county_fips":65,"srprec":"221106","precinct_id":"065-221106","county_name":"Riverside","area_sq_mi":0.867,"place_primary":"Eastvale","place_primary_share":100.0,"place_also":[],"places":[{"name":"Eastvale","geoid":"0621230","kind":"city","pct":100.0}],"bbox":[-117.58435,33.97531,-117.55832,33.98842],"g22_asm":{"dem_pct":49.4,"margin_dem":-1.2,"votes_two_party":1478,"winner":"Rep"},"g24_asm":null},"geometry":{"type":"Polygon","coordinates":[[[-117.57769,33.98239],[-117.57711,33.98257],[-117.57571,33.983],[-117.5757,33.98301],[-117.57569,33.98301],[-117.57568,33.98301],[-117.57566,33.98302],[-117.57547,33.98308],[-117.57131,33.98436],[-117.56872,33.98515],[-117.56701,33.98567],[-117.56701,33.98567],[-117.56628,33.98591],[-117.56616,33.98594],[-117.56608,33.98597],[-117.56252,33.98709],[-117.55848,33.98839],[-117.55838,33.98842],[-117.55838,33.98794],[-117.5584,33.98638],[-117.5584,33.98614],[-117.5584,33.98554],[-117.55839,33.98484],[-117.55839,33.98402],[-117.55835,33.98272],[-117.55835,33.98271],[-117.55834,33.98265],[-117.55832,33.98204],[-117.55832,33.98201],[-117.55832,33.9818],[-117.55833,33.98068],[-117.55834,33.97968],[-117.55834,33.97887],[-117.55835,33.97732],[-117.55834,33.9767],[-117.55834,33.97541],[-117.55834,33.97537],[-117.56076,33.97536],[-117.56419,33.97539],[-117.56688,33.97538],[-117.56692,33.97538],[-117.56703,33.97537],[-117.5688,33.97536],[-117.57118,33.97534],[-117.57398,33.97533],[-117.57425,33.97533],[-117.57568,33.97535],[-117.57568,33.97535],[-117.57634,33.97535],[-117.57832,33.97535],[-117.57898,33.97535],[-117.5799,33.97535],[-117.58001,33.97534],[-117.58,33.97531],[-117.58418,33.97531],[-117.58435,33.97531],[-117.58435,33.97536],[-117.58435,33.97596],[-117.58435,33.97617],[-117.57769,33.98239]]]}},{"type":"Feature","properties":{"county_fips":65,"srprec":"221109","precinct_id":"065-221109","county_name":"Riverside","area_sq_mi":1.532,"place_primary":"Eastvale","place_primary_share":99.9,"place_also":[],"places":[{"name":"Eastvale","geoid":"0621230","kind":"city","pct":99.9},{"name":"Jurupa Valley","geoid":"0637692","kind":"city","pct":0.1}],"bbox":[-117.55843,33.97522,-117.54885,34.02943],"g22_asm":{"dem_pct":60.8,"margin_dem":21.5,"votes_two_party":395,"winner":"Dem"},"g24_asm":{"dem_pct":56.4,"margin_dem":12.7,"votes_two_party":1219,"winner":"Dem"}},"geometry":{"type":"Polygon","coordinates":[[[-117.55024,34.02943],[-117.55024,34.02852],[-117.55025,34.02204],[-117.55025,34.02112],[-117.55025,34.018],[-117.55032,34.00225],[-117.5503,33.99306],[-117.55026,33.99232],[-117.55018,33.99159],[-117.54995,33.99113],[-117.54999,33.99047],[-117.54983,33.98973],[-117.54935,33.98798],[-117.54918,33.9873],[-117.54905,33.98663],[-117.54895,33.98592],[-117.54889,33.98524],[-117.54887,33.98455],[-117.54885,33.97524],[-117.55005,33.97523],[-117.55264,33.97529],[-117.55669,33.97529],[-117.55834,33.97537],[-117.55834,33.97887],[-117.55286,33.97892],[-117.54959,33.98372],[-117.54961,33.98428],[-117.54963,33.98459],[-117.5584,33.98554],[-117.55838,33.98842],[-117.55839,33.99266],[-117.55834,33.99998],[-117.55831,34.00095],[-117.55827,34.01891],[-117.55829,34.02176],[-117.55833,34.02305],[-117.55834,34.02399],[-117.55834,34.02436],[-117.55836,34.02511],[-117.55024,34.02943]]]}},{"type":"Feature","properties":{"county_fips":65,"srprec":"221110","precinct_id":"065-221110","county_name":"Riverside","area_sq_mi":0.195,"place_primary":"Eastvale","place_primary_share":100.0,"place_also":[],"places":[{"name":"Eastvale","geoid":"0621230","kind":"city","pct":100.0}],"bbox":[-117.55839,33.97887,-117.54946,33.98484],"g22_asm":{"dem_pct":60.0,"margin_dem":20.0,"votes_two_party":165,"winner":"Dem"},"g24_asm":null},"geometry":{"type":"Polygon","coordinates":[[[-117.55393,33.98456],[-117.54963,33.98459],[-117.54963,33.98441],[-117.54963,33.98441],[-117.54962,33.98441],[-117.54961,33.98428],[-117.5496,33.98408],[-117.5496,33.98401],[-117.5496,33.98379],[-117.54959,33.98372],[-117.54961,33.98363],[-117.54961,33.98363],[-117.54946,33.97895],[-117.55286,33.97892],[-117.55292,33.97891],[-117.55302,33.97892],[-117.55808,33.97889],[-117.55834,33.97887],[-117.55834,33.97968],[-117.55833,33.98068],[-117.55832,33.9818],[-117.55832,33.98201],[-117.55832,33.98204],[-117.55834,33.98265],[-117.55835,33.98271],[-117.55835,33.98272],[-117.55839,33.98402],[-117.55839,33.98484],[-117.55839,33.98452],[-117.55393,33.98456]]]}},{"type":"Feature","properties":{"county_fips":65,"srprec":"221111","precinct_id":"065-221111","county_name":"Riverside","area_sq_mi":0.196,"place_primary":"Eastvale","place_primary_share":100.0,"place_also":[],"places":[{"name":"Eastvale","geoid":"0621230","kind":"city","pct":100.0}],"bbox":[-117.55835,33.96454,-117.54884,33.97537],"g22_asm":{"dem_pct":60.1,"margin_dem":20.1,"votes_two_party":378,"winner":"Dem"},"g24_asm":{"dem_pct":53.3,"margin_dem":6.5,"votes_two_party":676,"winner":"Dem"}},"geometry":{"type":"Polygon","coordinates":[[[-117.54979,33.96455],[-117.55097,33.96505],[-117.5506,33.96514],[-117.55023,33.96538],[-117.55009,33.96564],[-117.55006,33.96695],[-117.55012,33.96725],[-117.5503,33.96753],[-117.55084,33.96778],[-117.55201,33.96777],[-117.55289,33.96711],[-117.55288,33.9673],[-117.55288,33.96752],[-117.55292,33.96773],[-117.5529,33.96799],[-117.5529,33.96812],[-117.5521,33.96855],[-117.55061,33.96861],[-117.55006,33.96897],[-117.54985,33.96951],[-117.5499,33.97134],[-117.55311,33.97127],[-117.55334,33.97027],[-117.55471,33.97069],[-117.556,33.9713],[-117.55686,33.97169],[-117.5573,33.97169],[-117.55808,33.9717],[-117.55835,33.9717],[-117.55834,33.97537],[-117.55669,33.97529],[-117.55264,33.97529],[-117.55005,33.97523],[-117.54885,33.97524],[-117.54884,33.96455],[-117.54979,33.96455]]]}},{"type":"Feature","properties":{"county_fips":65,"srprec":"222100","precinct_id":"065-222100","county_name":"Riverside","area_sq_mi":0.053,"place_primary":"Eastvale","place_primary_share":100.0,"place_also":[],"places":[{"name":"Eastvale","geoid":"0621230","kind":"city","pct":100.0}],"bbox":[-117.56579,33.95719,-117.55821,33.96087],"g22_asm":{"dem_pct":49.3,"margin_dem":-1.4,"votes_two_party":554,"winner":"Rep"},"g24_asm":{"dem_pct":50.2,"margin_dem":0.5,"votes_two_party":1061,"winner":"Dem"}},"geometry":{"type":"Polygon","coordinates":[[[-117.56528,33.96072],[-117.56579,33.96085],[-117.56526,33.96085],[-117.56521,33.96085],[-117.56434,33.96085],[-117.56264,33.96086],[-117.56214,33.96086],[-117.55997,33.96086],[-117.5597,33.96086],[-117.55822,33.96087],[-117.55822,33.95957],[-117.55822,33.95957],[-117.55821,33.95906],[-117.55822,33.95814],[-117.55822,33.95812],[-117.55822,33.95812],[-117.55822,33.95811],[-117.55828,33.95719],[-117.56528,33.96072]]]}},{"type":"Feature","properties":{"county_fips":65,"srprec":"223103","precinct_id":"065-223103","county_name":"Riverside","area_sq_mi":0.5,"place_primary":"Eastvale","place_primary_share":100.0,"place_also":[],"places":[{"name":"Eastvale","geoid":"0621230","kind":"city","pct":100.0}],"bbox":[-117.57333,33.96726,-117.54984,33.97539],"g22_asm":{"dem_pct":51.9,"margin_dem":3.8,"votes_two_party":1094,"winner":"Dem"},"g24_asm":{"dem_pct":45.9,"margin_dem":-8.1,"votes_two_party":1493,"winner":"Rep"}},"geometry":{"type":"Polygon","coordinates":[[[-117.56702,33.96726],[-117.56758,33.96726],[-117.56876,33.96744],[-117.57022,33.96796],[-117.57081,33.96809],[-117.57332,33.96814],[-117.57266,33.96859],[-117.57247,33.96866],[-117.57242,33.96931],[-117.57193,33.97001],[-117.57146,33.97111],[-117.57185,33.97196],[-117.57178,33.97297],[-117.57142,33.97363],[-117.57115,33.97428],[-117.57112,33.97504],[-117.56703,33.97537],[-117.56076,33.97536],[-117.55835,33.97172],[-117.5581,33.9717],[-117.55742,33.97169],[-117.55693,33.97169],[-117.55646,33.97129],[-117.55468,33.9709],[-117.554,33.97049],[-117.55312,33.97074],[-117.55137,33.97131],[-117.54985,33.96988],[-117.54994,33.96913],[-117.55042,33.96869],[-117.55151,33.96855],[-117.55291,33.96812],[-117.55808,33.9681],[-117.55991,33.96811],[-117.56351,33.96794],[-117.56597,33.9673],[-117.56702,33.96726]]]}},{"type":"Feature","properties":{"county_fips":65,"srprec":"223107","precinct_id":"065-223107","county_name":"Riverside","area_sq_mi":0.537,"place_primary":"Eastvale","place_primary_share":100.0,"place_also":[],"places":[{"name":"Eastvale","geoid":"0621230","kind":"city","pct":100.0}],"bbox":[-117.57568,33.96085,-117.55006,33.9682],"g22_asm":{"dem_pct":48.3,"margin_dem":-3.3,"votes_two_party":1169,"winner":"Rep"},"g24_asm":null},"geometry":{"type":"Polygon","coordinates":[[[-117.57568,33.96347],[-117.57568,33.96673],[-117.57474,33.96811],[-117.57254,33.96814],[-117.57079,33.96809],[-117.56973,33.96782],[-117.5686,33.9674],[-117.56747,33.96726],[-117.56692,33.96727],[-117.56527,33.96736],[-117.56167,33.9681],[-117.55833,33.96811],[-117.55534,33.96807],[-117.5529,33.96816],[-117.5529,33.96804],[-117.55293,33.96779],[-117.55289,33.96757],[-117.55288,33.96735],[-117.55288,33.96712],[-117.55203,33.96775],[-117.551,33.9678],[-117.55048,33.96765],[-117.55016,33.96732],[-117.55006,33.96703],[-117.55007,33.96571],[-117.55019,33.96544],[-117.5505,33.96519],[-117.55089,33.96506],[-117.55102,33.96454],[-117.5547,33.96453],[-117.55815,33.96452],[-117.55822,33.96095],[-117.56214,33.96086],[-117.56526,33.96085],[-117.57568,33.96347]]]}},{"type":"Feature","properties":{"county_fips":65,"srprec":"223110","precinct_id":"065-223110","county_name":"Riverside","area_sq_mi":0.283,"place_primary":"Eastvale","place_primary_share":98.9,"place_also":[],"places":[{"name":"Eastvale","geoid":"0621230","kind":"city","pct":98.9},{"name":"Norco","geoid":"0651560","kind":"city","pct":0.7},{"name":"Jurupa Valley","geoid":"0637692","kind":"city","pct":0.4}],"bbox":[-117.55828,33.95599,-117.54883,33.96455],"g22_asm":{"dem_pct":48.3,"margin_dem":-3.4,"votes_two_party":609,"winner":"Rep"},"g24_asm":{"dem_pct":46.4,"margin_dem":-7.1,"votes_two_party":1800,"winner":"Rep"}},"geometry":{"type":"Polygon","coordinates":[[[-117.55828,33.95719],[-117.55822,33.95811],[-117.55822,33.95812],[-117.55822,33.95812],[-117.55822,33.95814],[-117.55821,33.95906],[-117.55822,33.95957],[-117.55822,33.95957],[-117.55822,33.96087],[-117.55822,33.96095],[-117.55819,33.96272],[-117.55821,33.96322],[-117.55826,33.96452],[-117.55815,33.96452],[-117.55781,33.96451],[-117.55681,33.96449],[-117.55648,33.96449],[-117.5547,33.96453],[-117.55459,33.96453],[-117.55289,33.96453],[-117.55211,33.96453],[-117.55102,33.96454],[-117.54979,33.96455],[-117.54902,33.96455],[-117.54884,33.96455],[-117.54884,33.96014],[-117.54883,33.95851],[-117.54883,33.95835],[-117.54884,33.95827],[-117.54884,33.95804],[-117.54886,33.9578],[-117.54886,33.95772],[-117.54888,33.95746],[-117.54889,33.9574],[-117.54891,33.95725],[-117.54891,33.95723],[-117.54905,33.95721],[-117.54955,33.95724],[-117.55065,33.95722],[-117.55069,33.95722],[-117.55271,33.95719],[-117.55271,33.95719],[-117.55344,33.95718],[-117.55383,33.95717],[-117.55383,33.95714],[-117.55383,33.95708],[-117.55383,33.95687],[-117.5559,33.95599],[-117.55828,33.95719]]]}},{"type":"Feature","properties":{"county_fips":65,"srprec":"224101","precinct_id":"065-224101","county_name":"Riverside","area_sq_mi":0.232,"place_primary":"Eastvale","place_primary_share":100.0,"place_also":[],"places":[{"name":"Eastvale","geoid":"0621230","kind":"city","pct":100.0}],"bbox":[-117.57991,33.96811,-117.57104,33.97535],"g22_asm":{"dem_pct":50.7,"margin_dem":1.4,"votes_two_party":647,"winner":"Dem"},"g24_asm":{"dem_pct":43.5,"margin_dem":-13.0,"votes_two_party":940,"winner":"Rep"}},"geometry":{"type":"Polygon","coordinates":[[[-117.57796,33.96811],[-117.57991,33.96813],[-117.57991,33.97138],[-117.5799,33.97209],[-117.57991,33.97463],[-117.5799,33.97535],[-117.57832,33.97535],[-117.57568,33.97535],[-117.57425,33.97533],[-117.57118,33.97534],[-117.57112,33.97504],[-117.57114,33.97444],[-117.57115,33.97428],[-117.57125,33.97394],[-117.57142,33.97363],[-117.57157,33.97341],[-117.57178,33.97297],[-117.57187,33.97253],[-117.57185,33.97196],[-117.57172,33.97158],[-117.57146,33.97111],[-117.57149,33.97028],[-117.57193,33.97001],[-117.57223,33.96967],[-117.57242,33.96931],[-117.57248,33.96891],[-117.57247,33.96866],[-117.57252,33.9686],[-117.57266,33.96859],[-117.57333,33.96861],[-117.57332,33.96814],[-117.57424,33.96811],[-117.57533,33.96811],[-117.57796,33.96811]]]}},{"type":"Feature","properties":{"county_fips":65,"srprec":"224104","precinct_id":"065-224104","county_name":"Riverside","area_sq_mi":0.16,"place_primary":"Eastvale","place_primary_share":100.0,"place_also":[],"places":[{"name":"Eastvale","geoid":"0621230","kind":"city","pct":100.0}],"bbox":[-117.59301,33.96347,-117.57568,33.96814],"g22_asm":{"dem_pct":49.7,"margin_dem":-0.6,"votes_two_party":1044,"winner":"Rep"},"g24_asm":{"dem_pct":45.0,"margin_dem":-10.0,"votes_two_party":1607,"winner":"Rep"}},"geometry":{"type":"Polygon","coordinates":[[[-117.59301,33.96806],[-117.59301,33.96807],[-117.59298,33.9681],[-117.59176,33.96808],[-117.58866,33.96807],[-117.58757,33.96809],[-117.58437,33.96812],[-117.58423,33.96812],[-117.58375,33.96812],[-117.58275,33.96814],[-117.58176,33.96814],[-117.58016,33.96814],[-117.57991,33.96813],[-117.57861,33.96811],[-117.57796,33.96811],[-117.57568,33.96813],[-117.57568,33.96806],[-117.57568,33.96673],[-117.57568,33.96635],[-117.57568,33.96444],[-117.57568,33.96393],[-117.57568,33.96347],[-117.59301,33.96806]]]}},{"type":"Feature","properties":{"county_fips":65,"srprec":"225102","precinct_id":"065-225102","county_name":"Riverside","area_sq_mi":0.263,"place_primary":"Eastvale","place_primary_share":100.0,"place_also":[],"places":[{"name":"Eastvale","geoid":"0621230","kind":"city","pct":100.0}],"bbox":[-117.59298,33.96807,-117.5799,33.97617],"g22_asm":{"dem_pct":50.6,"margin_dem":1.2,"votes_two_party":822,"winner":"Dem"},"g24_asm":{"dem_pct":46.2,"margin_dem":-7.6,"votes_two_party":1491,"winner":"Rep"}},"geometry":{"type":"Polygon","coordinates":[[[-117.58435,33.97617],[-117.58435,33.97596],[-117.58435,33.97536],[-117.58435,33.97531],[-117.58418,33.97531],[-117.58,33.97531],[-117.58001,33.97534],[-117.5799,33.97535],[-117.5799,33.97531],[-117.57991,33.97463],[-117.57991,33.97381],[-117.5799,33.97209],[-117.5799,33.97173],[-117.57991,33.97138],[-117.57991,33.96859],[-117.57991,33.96813],[-117.58016,33.96814],[-117.58176,33.96814],[-117.58275,33.96814],[-117.58375,33.96812],[-117.58423,33.96812],[-117.58437,33.96812],[-117.58757,33.96809],[-117.58866,33.96807],[-117.59176,33.96808],[-117.59298,33.9681],[-117.58435,33.97617]]]}},{"type":"Feature","properties":{"county_fips":65,"srprec":"225106","precinct_id":"065-225106","county_name":"Riverside","area_sq_mi":0.0,"place_primary":"Eastvale","place_primary_share":100.0,"place_also":[],"places":[{"name":"Eastvale","geoid":"0621230","kind":"city","pct":100.0}],"bbox":[-117.59302,33.96806,-117.59301,33.96807],"g22_asm":{"dem_pct":41.3,"margin_dem":-17.4,"votes_two_party":1196,"winner":"Rep"},"g24_asm":{"dem_pct":42.5,"margin_dem":-15.1,"votes_two_party":1948,"winner":"Rep"}},"geometry":{"type":"Polygon","coordinates":[[[-117.59302,33.96806],[-117.59301,33.96807],[-117.59301,33.96806],[-117.59302,33.96806]]]}},{"type":"Feature","properties":{"county_fips":65,"srprec":"228042","precinct_id":"065-228042","county_name":"Riverside","area_sq_mi":0.292,"place_primary":"Home Gardens","place_primary_share":99.9,"place_also":[],"places":[{"name":"Home Gardens","geoid":"0634302","kind":"cdp","pct":99.9},{"name":"Corona","geoid":"0616350","kind":"city","pct":0.1}],"bbox":[-117.53218,33.87363,-117.51409,33.88399],"g22_asm":{"dem_pct":58.9,"margin_dem":17.7,"votes_two_party":350,"winner":"Dem"},"g24_asm":{"dem_pct":54.9,"margin_dem":9.7,"votes_two_party":288,"winner":"Dem"}},"geometry":{"type":"Polygon","coordinates":[[[-117.52884,33.87384],[-117.52967,33.87363],[-117.52976,33.87398],[-117.53057,33.87494],[-117.53026,33.87625],[-117.53037,33.87671],[-117.53105,33.87753],[-117.53119,33.8777],[-117.53161,33.87821],[-117.53218,33.87893],[-117.53129,33.87908],[-117.53082,33.87916],[-117.52987,33.87933],[-117.52942,33.87942],[-117.52896,33.87954],[-117.52851,33.87967],[-117.52802,33.8798],[-117.52765,33.87993],[-117.52742,33.88],[-117.52659,33.88027],[-117.52575,33.88057],[-117.52532,33.88072],[-117.52446,33.88102],[-117.52359,33.88133],[-117.52322,33.88146],[-117.52188,33.88192],[-117.51743,33.88347],[-117.51594,33.88399],[-117.51524,33.88314],[-117.51491,33.88273],[-117.51439,33.8821],[-117.51409,33.88181],[-117.51615,33.8806],[-117.51667,33.88031],[-117.51878,33.87912],[-117.5226,33.87694],[-117.52441,33.87595],[-117.52619,33.87493],[-117.52684,33.8746],[-117.52792,33.87414],[-117.5281,33.87408],[-117.52884,33.87384]]]}},{"type":"Feature","properties":{"county_fips":65,"srprec":"228047","precinct_id":"065-228047","county_name":"Riverside","area_sq_mi":0.345,"place_primary":"Home Gardens","place_primary_share":99.4,"place_also":[],"places":[{"name":"Home Gardens","geoid":"0634302","kind":"cdp","pct":99.4},{"name":"Corona","geoid":"0616350","kind":"city","pct":0.6}],"bbox":[-117.52619,33.87186,-117.50897,33.88229],"g22_asm":{"dem_pct":67.6,"margin_dem":35.2,"votes_two_party":383,"winner":"Dem"},"g24_asm":{"dem_pct":57.1,"margin_dem":14.2,"votes_two_party":1089,"winner":"Dem"}},"geometry":{"type":"Polygon","coordinates":[[[-117.5184,33.87247],[-117.51924,33.87284],[-117.52049,33.87429],[-117.52074,33.87456],[-117.5211,33.87466],[-117.52156,33.87447],[-117.52261,33.87384],[-117.52303,33.87353],[-117.52378,33.87262],[-117.5239,33.87243],[-117.52404,33.87238],[-117.52592,33.8746],[-117.52532,33.87541],[-117.5226,33.87694],[-117.51727,33.87998],[-117.51615,33.8806],[-117.51322,33.88229],[-117.51251,33.88133],[-117.5118,33.88042],[-117.51131,33.87989],[-117.51097,33.87945],[-117.51026,33.87861],[-117.50972,33.87792],[-117.5091,33.87729],[-117.50946,33.87663],[-117.5106,33.87569],[-117.51132,33.87526],[-117.51201,33.87472],[-117.51261,33.87417],[-117.51311,33.87372],[-117.51332,33.87352],[-117.51371,33.87327],[-117.51453,33.87308],[-117.51409,33.87296],[-117.51425,33.87238],[-117.51447,33.87187],[-117.51561,33.8725],[-117.51627,33.87249],[-117.51671,33.87273],[-117.51755,33.87298],[-117.51838,33.87247],[-117.5184,33.87247]]]}},{"type":"Feature","properties":{"county_fips":65,"srprec":"228054","precinct_id":"065-228054","county_name":"Riverside","area_sq_mi":0.395,"place_primary":"Home Gardens","place_primary_share":97.6,"place_also":[],"places":[{"name":"Home Gardens","geoid":"0634302","kind":"cdp","pct":97.6},{"name":"Corona","geoid":"0616350","kind":"city","pct":1.2},{"name":"Riverside","geoid":"0662000","kind":"city","pct":1.2}],"bbox":[-117.51322,33.87722,-117.49746,33.88973],"g22_asm":{"dem_pct":57.6,"margin_dem":15.2,"votes_two_party":736,"winner":"Dem"},"g24_asm":{"dem_pct":51.4,"margin_dem":2.9,"votes_two_party":1225,"winner":"Dem"}},"geometry":{"type":"Polygon","coordinates":[[[-117.50093,33.88704],[-117.49759,33.88299],[-117.49753,33.88271],[-117.49803,33.88205],[-117.49895,33.88182],[-117.49911,33.88189],[-117.49965,33.88168],[-117.49978,33.88185],[-117.50037,33.88168],[-117.50099,33.88138],[-117.50158,33.88108],[-117.50197,33.88085],[-117.50289,33.87992],[-117.50322,33.87959],[-117.50395,33.87917],[-117.50455,33.87903],[-117.50527,33.879],[-117.50584,33.87902],[-117.50619,33.87903],[-117.50679,33.87896],[-117.50744,33.87875],[-117.50829,33.87819],[-117.5086,33.8778],[-117.50897,33.87722],[-117.50924,33.87736],[-117.51008,33.87841],[-117.51039,33.87876],[-117.51116,33.87969],[-117.51157,33.88021],[-117.51199,33.88062],[-117.51294,33.88193],[-117.51273,33.88257],[-117.51024,33.88398],[-117.51054,33.88449],[-117.5115,33.88556],[-117.50627,33.88752],[-117.50202,33.88902],[-117.50062,33.88973],[-117.50093,33.88927],[-117.50147,33.88898],[-117.50064,33.88784],[-117.50093,33.88704]]]}},{"type":"Feature","properties":{"county_fips":65,"srprec":"228059","precinct_id":"065-228059","county_name":"Riverside","area_sq_mi":0.417,"place_primary":"Home Gardens","place_primary_share":96.7,"place_also":[],"places":[{"name":"Home Gardens","geoid":"0634302","kind":"cdp","pct":96.7},{"name":"Corona","geoid":"0616350","kind":"city","pct":2.7},{"name":"El Sobrante","geoid":"0622457","kind":"cdp","pct":0.6}],"bbox":[-117.51453,33.86843,-117.49658,33.8837],"g22_asm":{"dem_pct":50.7,"margin_dem":1.4,"votes_two_party":284,"winner":"Dem"},"g24_asm":{"dem_pct":47.0,"margin_dem":-6.0,"votes_two_party":481,"winner":"Rep"}},"geometry":{"type":"Polygon","coordinates":[[[-117.50034,33.87927],[-117.5009,33.87866],[-117.50202,33.87744],[-117.50268,33.87654],[-117.50107,33.87542],[-117.50057,33.87448],[-117.50142,33.87256],[-117.50385,33.87028],[-117.50635,33.86893],[-117.50724,33.86846],[-117.50899,33.86951],[-117.51357,33.87008],[-117.5143,33.87069],[-117.51425,33.87294],[-117.51425,33.87314],[-117.51332,33.87352],[-117.51274,33.87405],[-117.51162,33.87505],[-117.5106,33.87569],[-117.5087,33.87766],[-117.50829,33.87819],[-117.50697,33.87891],[-117.5061,33.87903],[-117.50527,33.879],[-117.50405,33.87912],[-117.50306,33.87973],[-117.50197,33.88085],[-117.50126,33.88125],[-117.49998,33.88188],[-117.49965,33.88168],[-117.49906,33.88189],[-117.49782,33.88224],[-117.49759,33.88299],[-117.4967,33.8837],[-117.50034,33.87927]]]}},{"type":"Feature","properties":{"county_fips":65,"srprec":"228060","precinct_id":"065-228060","county_name":"Riverside","area_sq_mi":0.053,"place_primary":"El Sobrante","place_primary_share":95.8,"place_also":[],"places":[{"name":"El Sobrante","geoid":"0622457","kind":"cdp","pct":95.8},{"name":"Home Gardens","geoid":"0634302","kind":"cdp","pct":4.2}],"bbox":[-117.50268,33.87284,-117.49758,33.87926],"g22_asm":{"dem_pct":61.5,"margin_dem":23.1,"votes_two_party":13,"winner":"Dem"},"g24_asm":{"dem_pct":61.1,"margin_dem":22.2,"votes_two_party":18,"winner":"Dem"}},"geometry":{"type":"Polygon","coordinates":[[[-117.49845,33.87733],[-117.49846,33.87732],[-117.49849,33.87731],[-117.49857,33.87726],[-117.49853,33.87661],[-117.49767,33.87653],[-117.49758,33.87644],[-117.49762,33.87627],[-117.49762,33.87627],[-117.49769,33.87599],[-117.49775,33.87595],[-117.49775,33.87595],[-117.49885,33.87529],[-117.49886,33.87529],[-117.49943,33.87494],[-117.49941,33.87493],[-117.49943,33.87492],[-117.49945,33.87491],[-117.49941,33.87468],[-117.49941,33.87468],[-117.49941,33.87467],[-117.4994,33.87457],[-117.49939,33.8745],[-117.49937,33.87434],[-117.49936,33.87431],[-117.49945,33.87424],[-117.50064,33.87323],[-117.50101,33.87292],[-117.50104,33.8729],[-117.50111,33.87284],[-117.50075,33.87355],[-117.50047,33.87419],[-117.50057,33.87448],[-117.50065,33.8747],[-117.50095,33.87514],[-117.50124,33.87507],[-117.50138,33.87504],[-117.50107,33.87542],[-117.50203,33.87618],[-117.50195,33.87626],[-117.50193,33.87633],[-117.50247,33.87633],[-117.50268,33.87654],[-117.50261,33.87665],[-117.50265,33.87673],[-117.50207,33.87738],[-117.50203,33.87744],[-117.50202,33.87744],[-117.50194,33.87753],[-117.50158,33.87756],[-117.50109,33.87837],[-117.50107,33.87844],[-117.5009,33.87866],[-117.50051,33.87897],[-117.50033,33.87907],[-117.50033,33.87908],[-117.50033,33.87926],[-117.49845,33.87733]]]}},{"type":"Feature","properties":{"county_fips":65,"srprec":"228065","precinct_id":"065-228065","county_name":"Riverside","area_sq_mi":0.001,"place_primary":"Home Gardens","place_primary_share":82.4,"place_also":["Riverside"],"places":[{"name":"Home Gardens","geoid":"0634302","kind":"cdp","pct":82.4},{"name":"Riverside","geoid":"0662000","kind":"city","pct":17.6}],"bbox":[-117.4967,33.88334,-117.49602,33.88395],"g22_asm":{"dem_pct":0.0,"margin_dem":-100.0,"votes_two_party":2,"winner":"Rep"},"g24_asm":null},"geometry":{"type":"Polygon","coordinates":[[[-117.49658,33.88334],[-117.49667,33.88358],[-117.4967,33.88369],[-117.4967,33.8837],[-117.49667,33.88372],[-117.49665,33.88373],[-117.49665,33.88373],[-117.49653,33.88378],[-117.49602,33.88395],[-117.49658,33.88334]]]}},{"type":"Feature","properties":{"county_fips":65,"srprec":"228067","precinct_id":"065-228067","county_name":"Riverside","area_sq_mi":0.253,"place_primary":"El Sobrante","place_primary_share":86.3,"place_also":["Corona"],"places":[{"name":"El Sobrante","geoid":"0622457","kind":"cdp","pct":86.3},{"name":"Corona","geoid":"0616350","kind":"city","pct":10.8},{"name":"Riverside","geoid":"0662000","kind":"city","pct":3.0}],"bbox":[-117.50237,33.85841,-117.46098,33.88978],"g22_asm":{"dem_pct":46.5,"margin_dem":-7.1,"votes_two_party":1698,"winner":"Rep"},"g24_asm":{"dem_pct":48.2,"margin_dem":-3.6,"votes_two_party":2421,"winner":"Rep"}},"geometry":{"type":"MultiPolygon","coordinates":[[[[-117.46098,33.88488],[-117.46101,33.88491],[-117.46098,33.88488]]],[[[-117.4618,33.88587],[-117.46175,33.88582],[-117.46173,33.88579],[-117.46172,33.88577],[-117.4618,33.88587]]],[[[-117.46503,33.88977],[-117.46502,33.88978],[-117.46491,33.88964],[-117.46488,33.8896],[-117.46486,33.88959],[-117.46473,33.88942],[-117.46468,33.88936],[-117.46451,33.88916],[-117.46443,33.88907],[-117.46431,33.8889],[-117.46503,33.88977]]],[[[-117.47153,33.88284],[-117.47118,33.8833],[-117.47122,33.88334],[-117.47108,33.88427],[-117.47107,33.88436],[-117.47106,33.88447],[-117.47133,33.8848],[-117.4714,33.88477],[-117.47142,33.88476],[-117.4716,33.88467],[-117.47167,33.88464],[-117.4718,33.88479],[-117.47217,33.88524],[-117.4722,33.88527],[-117.47229,33.88539],[-117.47234,33.88546],[-117.47239,33.88551],[-117.47251,33.88566],[-117.47257,33.88573],[-117.4727,33.88589],[-117.47275,33.88596],[-117.47241,33.88617],[-117.47197,33.88661],[-117.47109,33.88748],[-117.47011,33.88785],[-117.4689,33.88831],[-117.46814,33.8886],[-117.46709,33.889],[-117.46708,33.889],[-117.46707,33.88901],[-117.46504,33.88977],[-117.47153,33.88284]]],[[[-117.48231,33.88661],[-117.4817,33.88672],[-117.48121,33.88681],[-117.47999,33.88609],[-117.47973,33.88572],[-117.47973,33.88571],[-117.47973,33.88571],[-117.47967,33.88567],[-117.48231,33.88661]]],[[[-117.49174,33.88604],[-117.49043,33.88679],[-117.49007,33.88691],[-117.48698,33.88787],[-117.48649,33.88778],[-117.48618,33.88772],[-117.4853,33.88755],[-117.48434,33.88737],[-117.48409,33.88721],[-117.48234,33.88662],[-117.49174,33.88604]]],[[[-117.48894,33.86757],[-117.48894,33.86757],[-117.49331,33.86743],[-117.49333,33.87186],[-117.49411,33.87175],[-117.49411,33.87185],[-117.49494,33.87184],[-117.49585,33.87184],[-117.49761,33.87182],[-117.49943,33.87181],[-117.50169,33.87179],[-117.50192,33.87178],[-117.50237,33.87178],[-117.50212,33.87199],[-117.50142,33.87256],[-117.50113,33.8728],[-117.50111,33.87284],[-117.50104,33.8729],[-117.50101,33.87292],[-117.50064,33.87323],[-117.49945,33.87424],[-117.49936,33.87431],[-117.49937,33.87434],[-117.49939,33.8745],[-117.4994,33.87457],[-117.49941,33.87467],[-117.49941,33.87468],[-117.49941,33.87468],[-117.49945,33.87491],[-117.49943,33.87492],[-117.49941,33.87493],[-117.49943,33.87494],[-117.49886,33.87529],[-117.49885,33.87529],[-117.49775,33.87595],[-117.49775,33.87595],[-117.49769,33.87599],[-117.49762,33.87627],[-117.49762,33.87627],[-117.49758,33.87644],[-117.48894,33.86757]]],[[[-117.48906,33.86317],[-117.49077,33.86316],[-117.49089,33.86316],[-117.49109,33.8637],[-117.49133,33.86388],[-117.49154,33.86403],[-117.49116,33.86477],[-117.49095,33.86487],[-117.49099,33.86507],[-117.4914,33.86534],[-117.491,33.86607],[-117.49028,33.86635],[-117.48898,33.86609],[-117.48906,33.86317]]],[[[-117.48919,33.85841],[-117.48941,33.85866],[-117.48918,33.85895],[-117.48919,33.85841]]],[[[-117.49422,33.88589],[-117.49424,33.88599],[-117.49429,33.8862],[-117.49429,33.88622],[-117.49431,33.88632],[-117.49429,33.88652],[-117.49415,33.88669],[-117.49394,33.88682],[-117.49379,33.88688],[-117.49371,33.88687],[-117.49371,33.88687],[-117.4937,33.88687],[-117.49368,33.88687],[-117.49362,33.88687],[-117.49357,33.88685],[-117.49326,33.88679],[-117.49309,33.88675],[-117.49297,33.88679],[-117.49277,33.88683],[-117.49255,33.88698],[-117.49254,33.88699],[-117.49247,33.88691],[-117.49175,33.88604],[-117.49422,33.88589]]],[[[-117.49767,33.87653],[-117.49853,33.87661],[-117.49857,33.87726],[-117.49849,33.87731],[-117.49846,33.87732],[-117.49845,33.87733],[-117.49767,33.87653]]]]}},{"type":"Feature","properties":{"county_fips":65,"srprec":"228076","precinct_id":"065-228076","county_name":"Riverside","area_sq_mi":0.035,"place_primary":"El Sobrante","place_primary_share":100.0,"place_also":[],"places":[{"name":"El Sobrante","geoid":"0622457","kind":"cdp","pct":100.0}],"bbox":[-117.46017,33.88505,-117.44969,33.88854],"g22_asm":{"dem_pct":40.8,"margin_dem":-18.4,"votes_two_party":998,"winner":"Rep"},"g24_asm":{"dem_pct":40.1,"margin_dem":-19.9,"votes_two_party":1413,"winner":"Rep"}},"geometry":{"type":"Polygon","coordinates":[[[-117.46017,33.88505],[-117.45888,33.8858],[-117.4584,33.88607],[-117.45826,33.88615],[-117.45786,33.88637],[-117.45772,33.88645],[-117.45749,33.88658],[-117.45679,33.88698],[-117.45656,33.88711],[-117.45626,33.88729],[-117.45592,33.88749],[-117.45534,33.88782],[-117.45522,33.88789],[-117.45504,33.888],[-117.45486,33.88811],[-117.4543,33.88843],[-117.45412,33.88854],[-117.45416,33.88809],[-117.45416,33.88799],[-117.4542,33.88753],[-117.45411,33.88754],[-117.45411,33.88736],[-117.45225,33.88735],[-117.45077,33.88734],[-117.45039,33.88732],[-117.44969,33.8873],[-117.46017,33.88505]]]}},{"type":"Feature","properties":{"county_fips":65,"srprec":"228090","precinct_id":"065-228090","county_name":"Riverside","area_sq_mi":0.004,"place_primary":"Woodcrest","place_primary_share":89.1,"place_also":["Riverside"],"places":[{"name":"Woodcrest","geoid":"0686244","kind":"cdp","pct":89.1},{"name":"Riverside","geoid":"0662000","kind":"city","pct":10.9}],"bbox":[-117.42563,33.88688,-117.4099,33.887],"g22_asm":{"dem_pct":39.0,"margin_dem":-22.0,"votes_two_party":1303,"winner":"Rep"},"g24_asm":{"dem_pct":42.1,"margin_dem":-15.9,"votes_two_party":2121,"winner":"Rep"}},"geometry":{"type":"Polygon","coordinates":[[[-117.42563,33.88694],[-117.42329,33.88695],[-117.42115,33.88697],[-117.41903,33.88699],[-117.41822,33.88699],[-117.41814,33.88699],[-117.41609,33.88699],[-117.41523,33.88699],[-117.41471,33.887],[-117.41411,33.887],[-117.41377,33.887],[-117.41301,33.887],[-117.41272,33.887],[-117.41156,33.887],[-117.41128,33.887],[-117.41023,33.887],[-117.41022,33.887],[-117.41022,33.88699],[-117.41021,33.88699],[-117.41021,33.88699],[-117.41018,33.88698],[-117.4099,33.88688],[-117.4099,33.88688],[-117.42563,33.88694]]]}},{"type":"Feature","properties":{"county_fips":65,"srprec":"228093","precinct_id":"065-228093","county_name":"Riverside","area_sq_mi":0.001,"place_primary":"Woodcrest","place_primary_share":100.0,"place_also":[],"places":[{"name":"Woodcrest","geoid":"0686244","kind":"cdp","pct":100.0}],"bbox":[-117.41027,33.88687,-117.40753,33.88701],"g22_asm":{"dem_pct":34.8,"margin_dem":-30.3,"votes_two_party":887,"winner":"Rep"},"g24_asm":{"dem_pct":37.9,"margin_dem":-24.1,"votes_two_party":1321,"winner":"Rep"}},"geometry":{"type":"Polygon","coordinates":[[[-117.4099,33.88688],[-117.4099,33.88688],[-117.41018,33.88698],[-117.41021,33.88699],[-117.41021,33.88699],[-117.41022,33.88699],[-117.41022,33.887],[-117.41023,33.887],[-117.41027,33.88701],[-117.41008,33.887],[-117.40965,33.88698],[-117.40861,33.88692],[-117.4078,33.88688],[-117.40753,33.88687],[-117.4099,33.88688]]]}},{"type":"Feature","properties":{"county_fips":65,"srprec":"229003","precinct_id":"065-229003","county_name":"Riverside","area_sq_mi":1.672,"place_primary":"El Cerrito","place_primary_share":99.6,"place_also":[],"places":[{"name":"El Cerrito","geoid":"0621810","kind":"cdp","pct":99.6},{"name":"Corona","geoid":"0616350","kind":"city","pct":0.2}],"bbox":[-117.53583,33.83139,-117.51016,33.85828],"g22_asm":{"dem_pct":42.9,"margin_dem":-14.3,"votes_two_party":798,"winner":"Rep"},"g24_asm":{"dem_pct":40.7,"margin_dem":-18.7,"votes_two_party":1370,"winner":"Rep"}},"geometry":{"type":"Polygon","coordinates":[[[-117.53544,33.83166],[-117.53523,33.83746],[-117.53435,33.83872],[-117.53355,33.83992],[-117.53204,33.84216],[-117.53422,33.85106],[-117.53388,33.8547],[-117.53148,33.85529],[-117.52469,33.85746],[-117.52239,33.85694],[-117.52141,33.85587],[-117.52129,33.85458],[-117.52075,33.8534],[-117.51712,33.85254],[-117.51446,33.85248],[-117.51287,33.8529],[-117.51189,33.85256],[-117.51119,33.85152],[-117.51138,33.84879],[-117.51227,33.84807],[-117.51157,33.84084],[-117.5159,33.8392],[-117.517,33.83856],[-117.51844,33.83736],[-117.5194,33.83694],[-117.52136,33.83644],[-117.52279,33.83596],[-117.52311,33.83582],[-117.52393,33.83521],[-117.52497,33.83458],[-117.52792,33.83302],[-117.52931,33.83226],[-117.53005,33.83233],[-117.53216,33.83569],[-117.53391,33.83278],[-117.53447,33.83139],[-117.53544,33.83166]]]}},{"type":"Feature","properties":{"county_fips":65,"srprec":"229004","precinct_id":"065-229004","county_name":"Riverside","area_sq_mi":1.932,"place_primary":"El Cerrito","place_primary_share":50.9,"place_also":[],"places":[{"name":"El Cerrito","geoid":"0621810","kind":"cdp","pct":50.9},{"name":"Corona","geoid":"0616350","kind":"city","pct":0.1}],"bbox":[-117.53658,33.8241,-117.50128,33.85852],"g22_asm":{"dem_pct":43.2,"margin_dem":-13.5,"votes_two_party":613,"winner":"Rep"},"g24_asm":{"dem_pct":42.8,"margin_dem":-14.5,"votes_two_party":545,"winner":"Rep"}},"geometry":{"type":"Polygon","coordinates":[[[-117.50814,33.82436],[-117.51363,33.82812],[-117.51638,33.82934],[-117.51997,33.82939],[-117.52293,33.82931],[-117.52653,33.82928],[-117.5277,33.82926],[-117.52547,33.82674],[-117.5325,33.83079],[-117.53057,33.83162],[-117.52985,33.832],[-117.52851,33.83269],[-117.52528,33.83441],[-117.524,33.83517],[-117.52311,33.83582],[-117.52251,33.8358],[-117.52089,33.83653],[-117.51892,33.83712],[-117.51768,33.83792],[-117.51644,33.83895],[-117.51405,33.84037],[-117.51227,33.84807],[-117.51123,33.84887],[-117.51133,33.85191],[-117.51244,33.85282],[-117.51378,33.85274],[-117.51574,33.85239],[-117.5206,33.85328],[-117.52129,33.85458],[-117.52141,33.85587],[-117.52175,33.85749],[-117.51507,33.85832],[-117.50572,33.85422],[-117.50161,33.83289],[-117.50814,33.82436]]]}},{"type":"Feature","properties":{"county_fips":65,"srprec":"230009","precinct_id":"065-230009","county_name":"Riverside","area_sq_mi":0.104,"place_primary":"Norco","place_primary_share":94.3,"place_also":[],"places":[{"name":"Norco","geoid":"0651560","kind":"city","pct":94.3},{"name":"Jurupa Valley","geoid":"0637692","kind":"city","pct":4.9},{"name":"Riverside","geoid":"0662000","kind":"city","pct":0.8}],"bbox":[-117.54413,33.93159,-117.51475,33.9625],"g22_asm":{"dem_pct":23.7,"margin_dem":-52.6,"votes_two_party":2112,"winner":"Rep"},"g24_asm":{"dem_pct":24.3,"margin_dem":-51.4,"votes_two_party":2912,"winner":"Rep"}},"geometry":{"type":"MultiPolygon","coordinates":[[[[-117.5159,33.9456],[-117.51589,33.9456],[-117.51589,33.9456],[-117.5151,33.94511],[-117.51493,33.945],[-117.5149,33.9422],[-117.51478,33.93706],[-117.51475,33.93574],[-117.51514,33.93551],[-117.51511,33.93425],[-117.51515,33.93382],[-117.51518,33.93352],[-117.51538,33.9332],[-117.51637,33.93159],[-117.5159,33.9456]]],[[[-117.52335,33.95607],[-117.52323,33.96088],[-117.52452,33.96067],[-117.5243,33.96098],[-117.52415,33.96098],[-117.52337,33.96225],[-117.52322,33.9625],[-117.52322,33.96098],[-117.52322,33.96088],[-117.52322,33.96077],[-117.52322,33.96065],[-117.52322,33.96051],[-117.52322,33.9605],[-117.52322,33.96036],[-117.52322,33.96025],[-117.52322,33.96007],[-117.52323,33.95991],[-117.52323,33.95979],[-117.52323,33.9597],[-117.52323,33.95952],[-117.52323,33.95944],[-117.52323,33.95933],[-117.52324,33.95921],[-117.52323,33.95881],[-117.5232,33.95793],[-117.52324,33.95761],[-117.52325,33.95755],[-117.52326,33.9575],[-117.52326,33.95746],[-117.5233,33.95732],[-117.52332,33.95671],[-117.52334,33.95607],[-117.52334,33.95605],[-117.52335,33.95607]]],[[[-117.53412,33.95887],[-117.53412,33.95889],[-117.53373,33.95907],[-117.53412,33.95887]]],[[[-117.54411,33.95357],[-117.54413,33.95365],[-117.54413,33.9538],[-117.54411,33.95443],[-117.54384,33.95522],[-117.54374,33.95538],[-117.54359,33.95563],[-117.5433,33.95592],[-117.54302,33.95616],[-117.54263,33.95643],[-117.54261,33.95645],[-117.54251,33.95651],[-117.54217,33.95669],[-117.54192,33.95681],[-117.54156,33.95696],[-117.54132,33.95703],[-117.54103,33.95712],[-117.54063,33.95717],[-117.54063,33.9573],[-117.54048,33.9573],[-117.5371,33.95728],[-117.54411,33.95357]]]]}},{"type":"Feature","properties":{"county_fips":65,"srprec":"230016","precinct_id":"065-230016","county_name":"Riverside","area_sq_mi":0.021,"place_primary":"Norco","place_primary_share":95.4,"place_also":[],"places":[{"name":"Norco","geoid":"0651560","kind":"city","pct":95.4},{"name":"Riverside","geoid":"0662000","kind":"city","pct":4.6}],"bbox":[-117.51651,33.91494,-117.51413,33.92849],"g22_asm":{"dem_pct":28.9,"margin_dem":-42.3,"votes_two_party":1839,"winner":"Rep"},"g24_asm":{"dem_pct":28.8,"margin_dem":-42.5,"votes_two_party":2593,"winner":"Rep"}},"geometry":{"type":"MultiPolygon","coordinates":[[[[-117.51628,33.92633],[-117.51546,33.92376],[-117.51528,33.9232],[-117.51494,33.92199],[-117.51483,33.9214],[-117.51492,33.9212],[-117.51465,33.92117],[-117.51454,33.92116],[-117.51414,33.92089],[-117.51414,33.92059],[-117.51414,33.92049],[-117.51414,33.92046],[-117.51414,33.91789],[-117.51413,33.9172],[-117.51413,33.91494],[-117.51628,33.92633]]],[[[-117.51651,33.92754],[-117.51648,33.92849],[-117.51629,33.92815],[-117.51631,33.92804],[-117.51641,33.92779],[-117.5165,33.92754],[-117.5165,33.92749],[-117.51651,33.92754]]]]}},{"type":"Feature","properties":{"county_fips":65,"srprec":"230024","precinct_id":"065-230024","county_name":"Riverside","area_sq_mi":0.36,"place_primary":"Norco","place_primary_share":97.7,"place_also":[],"places":[{"name":"Norco","geoid":"0651560","kind":"city","pct":97.7},{"name":"Corona","geoid":"0616350","kind":"city","pct":2.3}],"bbox":[-117.5721,33.89373,-117.51406,33.91085],"g22_asm":{"dem_pct":24.6,"margin_dem":-50.9,"votes_two_party":1551,"winner":"Rep"},"g24_asm":{"dem_pct":30.4,"margin_dem":-39.1,"votes_two_party":2277,"winner":"Rep"}},"geometry":{"type":"MultiPolygon","coordinates":[[[[-117.51408,33.91085],[-117.51407,33.91031],[-117.51406,33.91011],[-117.51406,33.91006],[-117.51406,33.90923],[-117.51406,33.90923],[-117.5146,33.90923],[-117.51517,33.90923],[-117.51499,33.90442],[-117.51492,33.90234],[-117.51515,33.90233],[-117.51515,33.90233],[-117.5162,33.90231],[-117.51876,33.90224],[-117.51934,33.90223],[-117.52205,33.90214],[-117.52358,33.90212],[-117.5236,33.90215],[-117.52403,33.90284],[-117.52441,33.90344],[-117.52417,33.90438],[-117.52463,33.90438],[-117.52566,33.90434],[-117.52552,33.9059],[-117.52542,33.90596],[-117.52536,33.90661],[-117.52562,33.90701],[-117.51408,33.91085]]],[[[-117.52984,33.90561],[-117.52979,33.90563],[-117.52982,33.90561],[-117.53037,33.90523],[-117.53055,33.90511],[-117.53061,33.90508],[-117.53078,33.90499],[-117.53084,33.90496],[-117.53092,33.90488],[-117.53093,33.90487],[-117.53103,33.90482],[-117.53123,33.90473],[-117.53134,33.90468],[-117.53161,33.90457],[-117.53206,33.90438],[-117.53244,33.9043],[-117.53266,33.90425],[-117.53272,33.90424],[-117.53289,33.90422],[-117.5334,33.90415],[-117.53357,33.90413],[-117.53404,33.90407],[-117.53464,33.90399],[-117.53469,33.90399],[-117.53471,33.90399],[-117.52984,33.90561]]],[[[-117.53635,33.90344],[-117.53632,33.90345],[-117.53634,33.90344],[-117.53636,33.90342],[-117.53635,33.90344]]],[[[-117.54057,33.89719],[-117.53893,33.89963],[-117.5389,33.8991],[-117.53879,33.89862],[-117.53852,33.89804],[-117.53847,33.89796],[-117.53845,33.89794],[-117.53875,33.89783],[-117.53963,33.89749],[-117.53993,33.89738],[-117.54026,33.89726],[-117.54034,33.89724],[-117.54056,33.89718],[-117.54085,33.89715],[-117.54086,33.89715],[-117.54086,33.89715],[-117.5413,33.89712],[-117.54132,33.89712],[-117.54155,33.89714],[-117.54167,33.89716],[-117.54174,33.89716],[-117.54196,33.89721],[-117.54209,33.89724],[-117.54214,33.89726],[-117.54235,33.89733],[-117.54248,33.89739],[-117.54057,33.89719]]],[[[-117.54732,33.89789],[-117.5473,33.89789],[-117.54731,33.89789],[-117.54778,33.89742],[-117.54794,33.89727],[-117.5483,33.89693],[-117.54861,33.89669],[-117.54905,33.89644],[-117.54947,33.89629],[-117.54972,33.89625],[-117.55015,33.8962],[-117.55052,33.89621],[-117.55081,33.89625],[-117.55107,33.89632],[-117.55139,33.89643],[-117.55145,33.89645],[-117.55165,33.89657],[-117.55173,33.89662],[-117.55197,33.89681],[-117.5522,33.89702],[-117.55239,33.89728],[-117.55267,33.89782],[-117.55272,33.8979],[-117.55278,33.89803],[-117.55291,33.89829],[-117.55297,33.8984],[-117.553,33.89845],[-117.55311,33.89861],[-117.55324,33.89875],[-117.55331,33.89882],[-117.55338,33.89889],[-117.55352,33.899],[-117.55353,33.89901],[-117.54732,33.89789]]],[[[-117.5578,33.89974],[-117.55777,33.89974],[-117.55779,33.89973],[-117.5578,33.89973],[-117.5578,33.89973],[-117.5578,33.89974]]],[[[-117.55922,33.89645],[-117.55887,33.89576],[-117.55863,33.89537],[-117.55861,33.89533],[-117.55839,33.89495],[-117.55845,33.89492],[-117.5592,33.89449],[-117.5594,33.89437],[-117.55971,33.89457],[-117.55975,33.8946],[-117.55974,33.89476],[-117.55982,33.89502],[-117.55984,33.89502],[-117.55922,33.89645]]],[[[-117.55984,33.89502],[-117.56023,33.89505],[-117.56052,33.89506],[-117.56066,33.89518],[-117.55984,33.89502]]],[[[-117.56337,33.8957],[-117.56499,33.89467],[-117.5653,33.89448],[-117.56625,33.89392],[-117.56657,33.89373],[-117.56672,33.89388],[-117.56718,33.89432],[-117.56734,33.89447],[-117.5675,33.89461],[-117.56798,33.89505],[-117.56814,33.89519],[-117.56863,33.89579],[-117.56863,33.89579],[-117.5686,33.89582],[-117.56852,33.89586],[-117.56851,33.89587],[-117.56764,33.8964],[-117.56768,33.89644],[-117.56769,33.89646],[-117.56777,33.89655],[-117.56778,33.89656],[-117.56337,33.8957]]],[[[-117.56842,33.89668],[-117.5684,33.89668],[-117.56841,33.89667],[-117.56845,33.89664],[-117.56859,33.89655],[-117.56862,33.89654],[-117.56864,33.89653],[-117.5688,33.89643],[-117.56892,33.89636],[-117.56911,33.89625],[-117.57095,33.89832],[-117.5721,33.89963],[-117.57197,33.89971],[-117.56842,33.89668]]]]}},{"type":"Feature","properties":{"county_fips":65,"srprec":"248025","precinct_id":"065-248025","county_name":"Riverside","area_sq_mi":0.553,"place_primary":"Coronita","place_primary_share":97.7,"place_also":[],"places":[{"name":"Coronita","geoid":"0616420","kind":"cdp","pct":97.7},{"name":"Corona","geoid":"0616350","kind":"city","pct":2.3}],"bbox":[-117.62176,33.86715,-117.59965,33.88172],"g22_asm":{"dem_pct":43.1,"margin_dem":-13.9,"votes_two_party":662,"winner":"Rep"},"g24_asm":null},"geometry":{"type":"MultiPolygon","coordinates":[[[[-117.61209,33.86715],[-117.61623,33.87504],[-117.61605,33.87544],[-117.61705,33.87648],[-117.61868,33.87825],[-117.6209,33.88065],[-117.62045,33.88104],[-117.61976,33.88168],[-117.61388,33.88094],[-117.60801,33.88013],[-117.60535,33.88006],[-117.60395,33.88021],[-117.60346,33.88011],[-117.60313,33.87962],[-117.60362,33.87939],[-117.60535,33.87957],[-117.60496,33.87848],[-117.60214,33.87818],[-117.60141,33.87837],[-117.5998,33.87721],[-117.59965,33.87717],[-117.60014,33.87673],[-117.59976,33.87643],[-117.60148,33.87482],[-117.60387,33.87263],[-117.60605,33.87061],[-117.60794,33.86886],[-117.60886,33.86801],[-117.60938,33.86805],[-117.60998,33.86884],[-117.61002,33.86915],[-117.60869,33.87037],[-117.60768,33.87131],[-117.60984,33.87323],[-117.61259,33.87307],[-117.61362,33.8721],[-117.6136,33.87131],[-117.6115,33.86959],[-117.61131,33.8689],[-117.61135,33.86779],[-117.61209,33.86715]],[[-117.61456,33.88083],[-117.61431,33.88078],[-117.61305,33.88059],[-117.61283,33.88055],[-117.60982,33.88016],[-117.60981,33.88016],[-117.60767,33.87988],[-117.60805,33.87995],[-117.60804,33.87998],[-117.60827,33.88],[-117.60843,33.88002],[-117.60956,33.88015],[-117.60957,33.88015],[-117.61304,33.88063],[-117.61456,33.88083]]],[[[-117.62176,33.8816],[-117.62066,33.88131],[-117.62066,33.88111],[-117.62081,33.88132],[-117.62149,33.88143],[-117.62151,33.88143],[-117.62176,33.8816]]]]}},{"type":"Feature","properties":{"county_fips":65,"srprec":"251001","precinct_id":"065-251001","county_name":"Riverside","area_sq_mi":0.875,"place_primary":"Corona","place_primary_share":99.5,"place_also":[],"places":[{"name":"Corona","geoid":"0616350","kind":"city","pct":99.5},{"name":"Norco","geoid":"0651560","kind":"city","pct":0.5}],"bbox":[-117.55922,33.88916,-117.52536,33.90701],"g22_asm":{"dem_pct":50.6,"margin_dem":1.3,"votes_two_party":1475,"winner":"Dem"},"g24_asm":{"dem_pct":47.6,"margin_dem":-4.9,"votes_two_party":2411,"winner":"Rep"}},"geometry":{"type":"Polygon","coordinates":[[[-117.5578,33.89973],[-117.55353,33.89901],[-117.55331,33.89882],[-117.55297,33.8984],[-117.55267,33.89782],[-117.55173,33.89662],[-117.55107,33.89632],[-117.54972,33.89625],[-117.5483,33.89693],[-117.5473,33.89789],[-117.54209,33.89724],[-117.54155,33.89714],[-117.54086,33.89715],[-117.54026,33.89726],[-117.53845,33.89794],[-117.5389,33.8991],[-117.53632,33.90345],[-117.53404,33.90407],[-117.53272,33.90424],[-117.53161,33.90457],[-117.53093,33.90487],[-117.53061,33.90508],[-117.52979,33.90563],[-117.52552,33.9059],[-117.52788,33.90198],[-117.52908,33.89909],[-117.53008,33.89908],[-117.5303,33.89811],[-117.53187,33.8983],[-117.53203,33.89715],[-117.53464,33.89423],[-117.54157,33.89221],[-117.54507,33.89121],[-117.54729,33.89058],[-117.55345,33.88979],[-117.55526,33.89181],[-117.55693,33.89309],[-117.55798,33.89436],[-117.55863,33.89537],[-117.5578,33.89973]]]}},{"type":"Feature","properties":{"county_fips":65,"srprec":"251011","precinct_id":"065-251011","county_name":"Riverside","area_sq_mi":1.665,"place_primary":"Corona","place_primary_share":99.9,"place_also":[],"places":[{"name":"Corona","geoid":"0616350","kind":"city","pct":99.9}],"bbox":[-117.55665,33.86579,-117.52322,33.89509],"g22_asm":{"dem_pct":51.5,"margin_dem":3.1,"votes_two_party":852,"winner":"Dem"},"g24_asm":{"dem_pct":47.6,"margin_dem":-4.9,"votes_two_party":1327,"winner":"Rep"}},"geometry":{"type":"MultiPolygon","coordinates":[[[[-117.53629,33.86933],[-117.53873,33.86792],[-117.54102,33.86659],[-117.54263,33.86608],[-117.54292,33.86648],[-117.54372,33.86782],[-117.54447,33.86964],[-117.5452,33.87305],[-117.54557,33.87472],[-117.54595,33.87668],[-117.54657,33.87942],[-117.54758,33.88163],[-117.54856,33.88374],[-117.54892,33.88418],[-117.55038,33.88586],[-117.55196,33.88814],[-117.54683,33.89071],[-117.54087,33.89241],[-117.53168,33.89497],[-117.53099,33.88911],[-117.5318,33.8885],[-117.53136,33.88772],[-117.53083,33.88651],[-117.53004,33.8846],[-117.52337,33.88141],[-117.52575,33.88057],[-117.52787,33.87985],[-117.52942,33.87942],[-117.53196,33.87897],[-117.53105,33.87753],[-117.52976,33.87398],[-117.52842,33.87388],[-117.53082,33.87237],[-117.53164,33.87207],[-117.53258,33.87144],[-117.5338,33.87074],[-117.53571,33.86967],[-117.53629,33.86933]]],[[[-117.55411,33.89053],[-117.55345,33.88979],[-117.55364,33.89],[-117.55385,33.89023],[-117.55411,33.89053]]],[[[-117.55665,33.89336],[-117.5565,33.8932],[-117.55526,33.89181],[-117.55665,33.89336]]]]}},{"type":"Feature","properties":{"county_fips":65,"srprec":"251017","precinct_id":"065-251017","county_name":"Riverside","area_sq_mi":0.807,"place_primary":"Corona","place_primary_share":99.8,"place_also":[],"places":[{"name":"Corona","geoid":"0616350","kind":"city","pct":99.8},{"name":"Riverside","geoid":"0662000","kind":"city","pct":0.2}],"bbox":[-117.52505,33.8865,-117.5013,33.90929],"g22_asm":{"dem_pct":58.2,"margin_dem":16.3,"votes_two_party":1243,"winner":"Dem"},"g24_asm":{"dem_pct":50.9,"margin_dem":1.9,"votes_two_party":2175,"winner":"Dem"}},"geometry":{"type":"Polygon","coordinates":[[[-117.50589,33.89198],[-117.50949,33.8969],[-117.5093,33.89754],[-117.51002,33.89725],[-117.51167,33.89693],[-117.51276,33.89643],[-117.51274,33.89565],[-117.51215,33.89431],[-117.51257,33.89316],[-117.51312,33.89191],[-117.51358,33.8904],[-117.51342,33.88961],[-117.51785,33.88654],[-117.51859,33.88723],[-117.52026,33.88933],[-117.52111,33.89033],[-117.52219,33.89169],[-117.52335,33.89306],[-117.52404,33.89394],[-117.52472,33.89472],[-117.52493,33.89521],[-117.52431,33.89581],[-117.5237,33.89631],[-117.52323,33.89655],[-117.52261,33.89676],[-117.52137,33.89789],[-117.51581,33.89942],[-117.51517,33.90923],[-117.51058,33.90166],[-117.50883,33.90222],[-117.50803,33.9023],[-117.50775,33.90215],[-117.50674,33.90078],[-117.50502,33.89872],[-117.50277,33.89606],[-117.50589,33.89198]]]}},{"type":"Feature","properties":{"county_fips":65,"srprec":"251018","precinct_id":"065-251018","county_name":"Riverside","area_sq_mi":0.419,"place_primary":"Corona","place_primary_share":100.0,"place_also":[],"places":[{"name":"Corona","geoid":"0616350","kind":"city","pct":100.0}],"bbox":[-117.51796,33.88195,-117.50045,33.89762],"g22_asm":{"dem_pct":56.4,"margin_dem":12.8,"votes_two_party":289,"winner":"Dem"},"g24_asm":{"dem_pct":51.6,"margin_dem":3.2,"votes_two_party":475,"winner":"Dem"}},"geometry":{"type":"Polygon","coordinates":[[[-117.50323,33.89332],[-117.50111,33.89065],[-117.50062,33.88973],[-117.50519,33.88789],[-117.51142,33.88559],[-117.51062,33.88405],[-117.51106,33.8838],[-117.51289,33.88275],[-117.51407,33.88207],[-117.51491,33.88273],[-117.51599,33.88405],[-117.51636,33.88452],[-117.51739,33.88579],[-117.5177,33.88618],[-117.51774,33.88624],[-117.51796,33.8865],[-117.51287,33.88877],[-117.51356,33.88992],[-117.51358,33.8904],[-117.51328,33.89147],[-117.51287,33.89242],[-117.51237,33.89358],[-117.51215,33.89424],[-117.51249,33.89531],[-117.51296,33.89585],[-117.51276,33.89643],[-117.51196,33.89686],[-117.51084,33.89705],[-117.50983,33.89734],[-117.50933,33.89757],[-117.50918,33.89719],[-117.50822,33.89452],[-117.50589,33.89198],[-117.50323,33.89332]]]}},{"type":"Feature","properties":{"county_fips":65,"srprec":"251022","precinct_id":"065-251022","county_name":"Riverside","area_sq_mi":0.87,"place_primary":"Corona","place_primary_share":99.4,"place_also":[],"places":[{"name":"Corona","geoid":"0616350","kind":"city","pct":99.4},{"name":"Home Gardens","geoid":"0634302","kind":"cdp","pct":0.5},{"name":"Norco","geoid":"0651560","kind":"city","pct":0.1}],"bbox":[-117.53296,33.88146,-117.51024,33.9059],"g22_asm":{"dem_pct":55.1,"margin_dem":10.2,"votes_two_party":1338,"winner":"Dem"},"g24_asm":{"dem_pct":49.1,"margin_dem":-1.8,"votes_two_party":2323,"winner":"Rep"}},"geometry":{"type":"MultiPolygon","coordinates":[[[[-117.5104,33.88417],[-117.51024,33.88398],[-117.51069,33.88372],[-117.51173,33.88313],[-117.51273,33.88257],[-117.51322,33.88229],[-117.51409,33.88181],[-117.51427,33.88195],[-117.51409,33.88206],[-117.51407,33.88207],[-117.51355,33.88237],[-117.51337,33.88248],[-117.51327,33.88253],[-117.51298,33.8827],[-117.51289,33.88275],[-117.51257,33.88294],[-117.51253,33.88296],[-117.51147,33.88356],[-117.51111,33.88377],[-117.51106,33.8838],[-117.5109,33.88389],[-117.51085,33.88392],[-117.5108,33.88394],[-117.51067,33.88402],[-117.51062,33.88405],[-117.5104,33.88417]]],[[[-117.51939,33.88829],[-117.51837,33.88698],[-117.51777,33.88628],[-117.51773,33.88622],[-117.51739,33.88579],[-117.51618,33.88429],[-117.51719,33.88356],[-117.52347,33.88172],[-117.52968,33.88551],[-117.53083,33.88651],[-117.53119,33.88751],[-117.53203,33.8882],[-117.53122,33.88896],[-117.53261,33.89057],[-117.53203,33.89715],[-117.53112,33.89824],[-117.53008,33.89908],[-117.52855,33.89967],[-117.52552,33.9059],[-117.5236,33.90215],[-117.51515,33.90233],[-117.51509,33.89964],[-117.51817,33.89879],[-117.52234,33.89681],[-117.5228,33.89671],[-117.52332,33.89652],[-117.52376,33.89627],[-117.52431,33.89581],[-117.52454,33.89555],[-117.52483,33.89485],[-117.52424,33.89418],[-117.52399,33.89387],[-117.52317,33.89285],[-117.52211,33.8916],[-117.52111,33.89033],[-117.52039,33.88947],[-117.51939,33.88829]]]]}},{"type":"Feature","properties":{"county_fips":65,"srprec":"251029","precinct_id":"065-251029","county_name":"Riverside","area_sq_mi":2.134,"place_primary":"Corona","place_primary_share":99.5,"place_also":[],"places":[{"name":"Corona","geoid":"0616350","kind":"city","pct":99.5},{"name":"Home Gardens","geoid":"0634302","kind":"cdp","pct":0.3},{"name":"El Cerrito","geoid":"0621810","kind":"cdp","pct":0.1}],"bbox":[-117.5424,33.85098,-117.50169,33.87493],"g22_asm":{"dem_pct":37.6,"margin_dem":-24.8,"votes_two_party":133,"winner":"Rep"},"g24_asm":{"dem_pct":35.1,"margin_dem":-29.8,"votes_two_party":225,"winner":"Rep"}},"geometry":{"type":"Polygon","coordinates":[[[-117.52378,33.87262],[-117.52216,33.87414],[-117.52077,33.87458],[-117.51924,33.87284],[-117.51781,33.87288],[-117.51627,33.87249],[-117.5143,33.87069],[-117.51299,33.87018],[-117.50742,33.86843],[-117.50634,33.86894],[-117.50169,33.85832],[-117.50732,33.8542],[-117.51507,33.85832],[-117.52175,33.85805],[-117.52236,33.85794],[-117.52255,33.85708],[-117.52642,33.85828],[-117.53335,33.85498],[-117.53465,33.85419],[-117.53553,33.85389],[-117.53605,33.85771],[-117.53686,33.85974],[-117.53762,33.86101],[-117.53863,33.86217],[-117.54161,33.86494],[-117.54157,33.86628],[-117.5389,33.86782],[-117.53711,33.86886],[-117.53533,33.86989],[-117.53279,33.87131],[-117.53239,33.87159],[-117.53144,33.87209],[-117.52935,33.87322],[-117.52793,33.87414],[-117.52592,33.8746],[-117.52384,33.87251],[-117.52378,33.87262]]]}},{"type":"Feature","properties":{"county_fips":65,"srprec":"251030","precinct_id":"065-251030","county_name":"Riverside","area_sq_mi":0.074,"place_primary":"Corona","place_primary_share":100.0,"place_also":[],"places":[{"name":"Corona","geoid":"0616350","kind":"city","pct":100.0}],"bbox":[-117.54965,33.85389,-117.53557,33.86579],"g22_asm":{"dem_pct":48.8,"margin_dem":-2.4,"votes_two_party":1119,"winner":"Rep"},"g24_asm":{"dem_pct":46.1,"margin_dem":-7.9,"votes_two_party":1702,"winner":"Rep"}},"geometry":{"type":"MultiPolygon","coordinates":[[[[-117.53908,33.86262],[-117.54736,33.86298],[-117.54727,33.86303],[-117.54673,33.86334],[-117.54588,33.86383],[-117.54512,33.86427],[-117.54458,33.86458],[-117.54458,33.86458],[-117.54441,33.86469],[-117.54435,33.86471],[-117.54424,33.86477],[-117.5442,33.86479],[-117.54407,33.86486],[-117.54367,33.86507],[-117.54363,33.86509],[-117.54345,33.8652],[-117.54341,33.86524],[-117.5433,33.8653],[-117.54296,33.8655],[-117.54284,33.86557],[-117.5424,33.86579],[-117.54229,33.86566],[-117.54213,33.86549],[-117.54161,33.86494],[-117.54038,33.8638],[-117.54004,33.8635],[-117.53961,33.86308],[-117.53945,33.86295],[-117.53907,33.86261],[-117.53866,33.8622],[-117.53863,33.86217],[-117.53833,33.86188],[-117.53796,33.86145],[-117.53795,33.86145],[-117.53794,33.86143],[-117.53793,33.86142],[-117.53793,33.86142],[-117.53762,33.86101],[-117.53761,33.861],[-117.53756,33.86093],[-117.53755,33.86093],[-117.53755,33.86092],[-117.53738,33.86065],[-117.53705,33.86008],[-117.53686,33.85974],[-117.53681,33.85965],[-117.53672,33.85948],[-117.53667,33.85937],[-117.53662,33.85928],[-117.53639,33.85869],[-117.53616,33.85805],[-117.53605,33.85771],[-117.53598,33.85733],[-117.53589,33.85683],[-117.53575,33.85574],[-117.5357,33.85484],[-117.53561,33.85421],[-117.53557,33.85389],[-117.53561,33.85389],[-117.53908,33.86262]]],[[[-117.54965,33.86169],[-117.54938,33.86185],[-117.54915,33.86198],[-117.54904,33.86204],[-117.54965,33.86169]]]]}},{"type":"Feature","properties":{"county_fips":65,"srprec":"251037","precinct_id":"065-251037","county_name":"Riverside","area_sq_mi":0.058,"place_primary":"Corona","place_primary_share":93.6,"place_also":[],"places":[{"name":"Corona","geoid":"0616350","kind":"city","pct":93.6},{"name":"El Cerrito","geoid":"0621810","kind":"cdp","pct":2.2},{"name":"Home Gardens","geoid":"0634302","kind":"cdp","pct":1.3}],"bbox":[-117.53561,33.83872,-117.51419,33.87196],"g22_asm":{"dem_pct":43.8,"margin_dem":-12.4,"votes_two_party":740,"winner":"Rep"},"g24_asm":{"dem_pct":45.3,"margin_dem":-9.3,"votes_two_party":995,"winner":"Rep"}},"geometry":{"type":"MultiPolygon","coordinates":[[[[-117.51448,33.87196],[-117.51425,33.87196],[-117.51419,33.87196],[-117.5143,33.87069],[-117.51447,33.87187],[-117.51448,33.87196]]],[[[-117.5225,33.85726],[-117.52247,33.85734],[-117.52236,33.85743],[-117.52229,33.85758],[-117.52233,33.85771],[-117.52234,33.85775],[-117.52236,33.85794],[-117.52226,33.8578],[-117.52225,33.85779],[-117.52216,33.85766],[-117.52208,33.85756],[-117.52198,33.85747],[-117.52175,33.85749],[-117.52176,33.85729],[-117.52176,33.85711],[-117.52176,33.85708],[-117.52176,33.85657],[-117.52177,33.85639],[-117.52192,33.85653],[-117.52208,33.85667],[-117.52239,33.85694],[-117.52239,33.85695],[-117.52247,33.85701],[-117.52255,33.85708],[-117.5225,33.85726]]],[[[-117.53411,33.85011],[-117.53561,33.85389],[-117.53557,33.85389],[-117.53553,33.85389],[-117.53534,33.8539],[-117.53517,33.85391],[-117.53513,33.85392],[-117.53499,33.85398],[-117.53422,33.85106],[-117.53422,33.85106],[-117.53409,33.85011],[-117.53401,33.84477],[-117.53189,33.8431],[-117.5319,33.84271],[-117.53193,33.84239],[-117.53204,33.84216],[-117.53226,33.84182],[-117.53238,33.84164],[-117.53251,33.84146],[-117.53264,33.84127],[-117.53277,33.8411],[-117.53291,33.84088],[-117.53355,33.83992],[-117.53357,33.83973],[-117.53365,33.83963],[-117.53374,33.83952],[-117.53375,33.8395],[-117.53378,33.83946],[-117.53405,33.83911],[-117.53435,33.83872],[-117.53435,33.83873],[-117.53434,33.83877],[-117.53429,33.8389],[-117.53429,33.83893],[-117.53428,33.83901],[-117.53432,33.83916],[-117.53454,33.83959],[-117.53457,33.83964],[-117.53458,33.83966],[-117.53469,33.83984],[-117.53492,33.84026],[-117.53498,33.8404],[-117.53411,33.85011]]]]}},{"type":"Feature","properties":{"county_fips":65,"srprec":"252002","precinct_id":"065-252002","county_name":"Riverside","area_sq_mi":0.069,"place_primary":"Corona","place_primary_share":97.0,"place_also":[],"places":[{"name":"Corona","geoid":"0616350","kind":"city","pct":97.0},{"name":"Coronita","geoid":"0616420","kind":"cdp","pct":3.0}],"bbox":[-117.62268,33.87851,-117.59077,33.89448],"g22_asm":{"dem_pct":42.6,"margin_dem":-14.7,"votes_two_party":197,"winner":"Rep"},"g24_asm":null},"geometry":{"type":"MultiPolygon","coordinates":[[[[-117.59079,33.89448],[-117.59077,33.89448],[-117.59077,33.89447],[-117.59081,33.8944],[-117.59079,33.89448]]],[[[-117.62268,33.88223],[-117.60397,33.88021],[-117.59351,33.88407],[-117.59346,33.88427],[-117.5935,33.88407],[-117.59352,33.8839],[-117.59358,33.88357],[-117.59358,33.88347],[-117.59362,33.88322],[-117.59381,33.88217],[-117.59387,33.88182],[-117.59388,33.88182],[-117.59472,33.88167],[-117.59473,33.88167],[-117.59474,33.88167],[-117.59485,33.88165],[-117.5978,33.88119],[-117.59806,33.88115],[-117.59827,33.88112],[-117.59878,33.88103],[-117.59927,33.88095],[-117.60072,33.8807],[-117.60095,33.88066],[-117.60121,33.88062],[-117.6015,33.88058],[-117.60239,33.88045],[-117.60268,33.88041],[-117.60284,33.88038],[-117.60314,33.88034],[-117.60332,33.88031],[-117.60335,33.88031],[-117.60349,33.88028],[-117.60388,33.88022],[-117.60395,33.88021],[-117.60419,33.88018],[-117.60426,33.88017],[-117.60497,33.88009],[-117.60535,33.88006],[-117.606,33.88003],[-117.60679,33.88003],[-117.60721,33.88005],[-117.60801,33.88013],[-117.60901,33.88027],[-117.61201,33.88069],[-117.61301,33.88082],[-117.61388,33.88094],[-117.61651,33.88127],[-117.61738,33.88139],[-117.61902,33.88158],[-117.61976,33.88168],[-117.6201,33.88172],[-117.62044,33.88177],[-117.62079,33.88183],[-117.62118,33.88188],[-117.62155,33.88196],[-117.622,33.88204],[-117.62222,33.88211],[-117.62252,33.88218],[-117.62257,33.88219],[-117.62267,33.88223],[-117.62268,33.88223]]],[[[-117.59536,33.87852],[-117.59528,33.87851],[-117.59527,33.87851],[-117.59536,33.87852]]],[[[-117.60981,33.88016],[-117.60982,33.88016],[-117.61283,33.88055],[-117.61305,33.88059],[-117.61431,33.88078],[-117.61456,33.88083],[-117.61304,33.88063],[-117.60957,33.88015],[-117.60956,33.88015],[-117.60843,33.88002],[-117.60827,33.88],[-117.60804,33.87998],[-117.60805,33.87995],[-117.60767,33.87988],[-117.60981,33.88016]]]]}},{"type":"Feature","properties":{"county_fips":65,"srprec":"252007","precinct_id":"065-252007","county_name":"Riverside","area_sq_mi":0.021,"place_primary":"Corona","place_primary_share":100.0,"place_also":[],"places":[{"name":"Corona","geoid":"0616350","kind":"city","pct":100.0}],"bbox":[-117.58354,33.89248,-117.5774,33.89435],"g22_asm":{"dem_pct":37.8,"margin_dem":-24.5,"votes_two_party":1959,"winner":"Rep"},"g24_asm":{"dem_pct":42.5,"margin_dem":-14.9,"votes_two_party":2492,"winner":"Rep"}},"geometry":{"type":"Polygon","coordinates":[[[-117.57743,33.89424],[-117.5774,33.89428],[-117.57742,33.89424],[-117.57747,33.89415],[-117.57749,33.89409],[-117.57752,33.89404],[-117.57758,33.89392],[-117.57767,33.89373],[-117.57771,33.89366],[-117.57774,33.89359],[-117.57778,33.89352],[-117.57782,33.89342],[-117.57817,33.89272],[-117.57828,33.89248],[-117.57933,33.89285],[-117.58224,33.89389],[-117.58224,33.89389],[-117.58225,33.89389],[-117.58246,33.89396],[-117.5835,33.89434],[-117.58354,33.89435],[-117.57743,33.89424]]]}},{"type":"Feature","properties":{"county_fips":65,"srprec":"252008","precinct_id":"065-252008","county_name":"Riverside","area_sq_mi":0.0,"place_primary":"Corona","place_primary_share":100.0,"place_also":[],"places":[{"name":"Corona","geoid":"0616350","kind":"city","pct":100.0}],"bbox":[-117.57298,33.90056,-117.57296,33.90057],"g22_asm":{"dem_pct":45.9,"margin_dem":-8.2,"votes_two_party":122,"winner":"Rep"},"g24_asm":null},"geometry":{"type":"Polygon","coordinates":[[[-117.57297,33.90057],[-117.57296,33.90057],[-117.57298,33.90056],[-117.57297,33.90057]]]}},{"type":"Feature","properties":{"county_fips":65,"srprec":"252013","precinct_id":"065-252013","county_name":"Riverside","area_sq_mi":0.644,"place_primary":"Corona","place_primary_share":99.8,"place_also":[],"places":[{"name":"Corona","geoid":"0616350","kind":"city","pct":99.8},{"name":"Norco","geoid":"0651560","kind":"city","pct":0.2}],"bbox":[-117.58248,33.88065,-117.5644,33.90057],"g22_asm":{"dem_pct":59.4,"margin_dem":18.9,"votes_two_party":885,"winner":"Dem"},"g24_asm":{"dem_pct":52.7,"margin_dem":5.4,"votes_two_party":1269,"winner":"Dem"}},"geometry":{"type":"Polygon","coordinates":[[[-117.57298,33.90056],[-117.56892,33.89636],[-117.56841,33.89667],[-117.56764,33.8964],[-117.56814,33.89519],[-117.56657,33.89373],[-117.5677,33.89305],[-117.56848,33.89246],[-117.56714,33.89114],[-117.56589,33.88974],[-117.56448,33.88821],[-117.56463,33.88652],[-117.56498,33.88439],[-117.56523,33.88245],[-117.5656,33.88177],[-117.56641,33.88181],[-117.56742,33.88175],[-117.56853,33.88155],[-117.56943,33.88126],[-117.57063,33.88072],[-117.57151,33.88073],[-117.57449,33.88105],[-117.57662,33.88131],[-117.57833,33.88134],[-117.58245,33.88195],[-117.58228,33.88296],[-117.58212,33.88405],[-117.58173,33.88665],[-117.58138,33.88785],[-117.58012,33.88919],[-117.57853,33.88842],[-117.57221,33.88528],[-117.57143,33.88675],[-117.56951,33.89044],[-117.56915,33.89118],[-117.57474,33.89411],[-117.57695,33.89491],[-117.57298,33.90056]]]}},{"type":"Feature","properties":{"county_fips":65,"srprec":"252020","precinct_id":"065-252020","county_name":"Riverside","area_sq_mi":1.457,"place_primary":"Corona","place_primary_share":99.9,"place_also":[],"places":[{"name":"Corona","geoid":"0616350","kind":"city","pct":99.9}],"bbox":[-117.60581,33.86942,-117.56877,33.89491],"g22_asm":{"dem_pct":68.0,"margin_dem":35.9,"votes_two_party":905,"winner":"Dem"},"g24_asm":null},"geometry":{"type":"Polygon","coordinates":[[[-117.59081,33.8944],[-117.58224,33.89389],[-117.57774,33.89359],[-117.57742,33.89424],[-117.57499,33.8942],[-117.56892,33.89164],[-117.56951,33.89044],[-117.57146,33.8867],[-117.57384,33.88596],[-117.57929,33.88881],[-117.58124,33.88805],[-117.58166,33.88701],[-117.58212,33.88405],[-117.58238,33.88235],[-117.58251,33.88161],[-117.58271,33.88028],[-117.58318,33.87745],[-117.58347,33.87535],[-117.58379,33.87333],[-117.58811,33.87354],[-117.58925,33.87397],[-117.59428,33.87416],[-117.59976,33.86974],[-117.60239,33.87186],[-117.6031,33.87279],[-117.60237,33.874],[-117.59994,33.87656],[-117.59965,33.87717],[-117.60141,33.87837],[-117.60399,33.87833],[-117.60491,33.87952],[-117.60325,33.87973],[-117.60332,33.88031],[-117.60095,33.88066],[-117.59485,33.88165],[-117.59362,33.88322],[-117.59081,33.8944]],[[-117.5889,33.88248],[-117.59,33.88243],[-117.59051,33.88237],[-117.59123,33.88227],[-117.59206,33.88215],[-117.59149,33.8822],[-117.58849,33.88248],[-117.5889,33.88248]],[[-117.59527,33.87851],[-117.59528,33.87851],[-117.59536,33.87852],[-117.59527,33.87851]]]}},{"type":"Feature","properties":{"county_fips":65,"srprec":"252024","precinct_id":"065-252024","county_name":"Riverside","area_sq_mi":0.575,"place_primary":"Corona","place_primary_share":100.0,"place_also":[],"places":[{"name":"Corona","geoid":"0616350","kind":"city","pct":100.0}],"bbox":[-117.60362,33.85881,-117.58849,33.88248],"g22_asm":{"dem_pct":52.6,"margin_dem":5.2,"votes_two_party":1523,"winner":"Dem"},"g24_asm":{"dem_pct":53.6,"margin_dem":7.2,"votes_two_party":2865,"winner":"Dem"}},"geometry":{"type":"MultiPolygon","coordinates":[[[[-117.59123,33.88227],[-117.59051,33.88237],[-117.59,33.88243],[-117.5889,33.88248],[-117.58849,33.88248],[-117.59149,33.8822],[-117.59206,33.88215],[-117.59123,33.88227]]],[[[-117.59371,33.85898],[-117.59719,33.85935],[-117.59749,33.85937],[-117.59849,33.85945],[-117.59946,33.85953],[-117.6001,33.85957],[-117.60055,33.85956],[-117.60126,33.85939],[-117.60185,33.85933],[-117.60274,33.85965],[-117.60244,33.8601],[-117.6008,33.86162],[-117.60023,33.86213],[-117.59943,33.86288],[-117.59874,33.8635],[-117.60009,33.86477],[-117.60235,33.86646],[-117.60306,33.86675],[-117.60333,33.86769],[-117.60265,33.86944],[-117.60242,33.87004],[-117.6021,33.87074],[-117.60129,33.8709],[-117.59959,33.86964],[-117.59221,33.87612],[-117.58927,33.87391],[-117.58936,33.87346],[-117.59045,33.87223],[-117.59149,33.87121],[-117.59173,33.87053],[-117.59201,33.86994],[-117.59279,33.86924],[-117.59268,33.86921],[-117.59026,33.86804],[-117.59098,33.86439],[-117.59164,33.85881],[-117.59286,33.85889],[-117.59371,33.85898]]]]}},{"type":"Feature","properties":{"county_fips":65,"srprec":"253001","precinct_id":"065-253001","county_name":"Riverside","area_sq_mi":1.287,"place_primary":"Corona","place_primary_share":100.0,"place_also":[],"places":[{"name":"Corona","geoid":"0616350","kind":"city","pct":100.0}],"bbox":[-117.57075,33.86524,-117.5424,33.8957],"g22_asm":{"dem_pct":54.5,"margin_dem":9.0,"votes_two_party":466,"winner":"Dem"},"g24_asm":{"dem_pct":51.1,"margin_dem":2.3,"votes_two_party":837,"winner":"Dem"}},"geometry":{"type":"Polygon","coordinates":[[[-117.56066,33.89518],[-117.5594,33.89437],[-117.55667,33.89334],[-117.55196,33.88814],[-117.54989,33.88531],[-117.54862,33.88383],[-117.54727,33.88146],[-117.54621,33.87811],[-117.54553,33.87452],[-117.5447,33.8706],[-117.54372,33.86782],[-117.5427,33.86616],[-117.54351,33.86556],[-117.54488,33.86883],[-117.54735,33.87044],[-117.55019,33.87272],[-117.55515,33.87283],[-117.55927,33.873],[-117.5588,33.87441],[-117.55872,33.87557],[-117.55887,33.87673],[-117.55945,33.87814],[-117.56557,33.88005],[-117.57046,33.88062],[-117.56972,33.88116],[-117.56802,33.88166],[-117.5664,33.88181],[-117.56525,33.88231],[-117.56465,33.88638],[-117.56453,33.88823],[-117.56664,33.89057],[-117.56854,33.89253],[-117.56625,33.89392],[-117.56066,33.89518]]]}},{"type":"Feature","properties":{"county_fips":65,"srprec":"253008","precinct_id":"065-253008","county_name":"Riverside","area_sq_mi":1.096,"place_primary":"Corona","place_primary_share":100.0,"place_also":[],"places":[{"name":"Corona","geoid":"0616350","kind":"city","pct":100.0}],"bbox":[-117.58436,33.86795,-117.55871,33.88181],"g22_asm":{"dem_pct":63.3,"margin_dem":26.5,"votes_two_party":1048,"winner":"Dem"},"g24_asm":{"dem_pct":57.2,"margin_dem":14.4,"votes_two_party":1996,"winner":"Dem"}},"geometry":{"type":"Polygon","coordinates":[[[-117.5588,33.87442],[-117.559,33.87366],[-117.55937,33.8728],[-117.5602,33.87169],[-117.5612,33.87077],[-117.56198,33.87024],[-117.56288,33.86975],[-117.56378,33.86941],[-117.56552,33.86903],[-117.56707,33.86905],[-117.5675,33.86795],[-117.57146,33.86837],[-117.57332,33.86858],[-117.57483,33.86873],[-117.57638,33.86891],[-117.58233,33.86955],[-117.58427,33.87046],[-117.5841,33.87155],[-117.5839,33.87275],[-117.58366,33.8742],[-117.58334,33.87638],[-117.58298,33.87865],[-117.58262,33.88078],[-117.5822,33.88177],[-117.57686,33.88134],[-117.57465,33.88107],[-117.57151,33.88073],[-117.56945,33.88053],[-117.56234,33.87966],[-117.55979,33.87868],[-117.55915,33.87759],[-117.55882,33.87649],[-117.55871,33.87558],[-117.55877,33.87464],[-117.5588,33.87442]]]}},{"type":"Feature","properties":{"county_fips":65,"srprec":"253014","precinct_id":"065-253014","county_name":"Riverside","area_sq_mi":0.741,"place_primary":"Corona","place_primary_share":100.0,"place_also":[],"places":[{"name":"Corona","geoid":"0616350","kind":"city","pct":100.0}],"bbox":[-117.59337,33.85818,-117.5675,33.87397],"g22_asm":{"dem_pct":50.1,"margin_dem":0.2,"votes_two_party":1411,"winner":"Dem"},"g24_asm":{"dem_pct":46.3,"margin_dem":-7.3,"votes_two_party":2145,"winner":"Rep"}},"geometry":{"type":"Polygon","coordinates":[[[-117.58792,33.85837],[-117.59109,33.8644],[-117.59038,33.86731],[-117.59065,33.87099],[-117.59308,33.86897],[-117.59221,33.86974],[-117.59181,33.87027],[-117.59164,33.87095],[-117.59077,33.87195],[-117.58949,33.87312],[-117.58928,33.87389],[-117.58905,33.87378],[-117.58811,33.87354],[-117.58384,33.87311],[-117.58395,33.87245],[-117.5841,33.87155],[-117.58425,33.87063],[-117.58413,33.86974],[-117.5788,33.86917],[-117.57638,33.86891],[-117.5751,33.86876],[-117.5741,33.86865],[-117.57316,33.86856],[-117.5722,33.86844],[-117.56995,33.86822],[-117.56763,33.86712],[-117.56779,33.86598],[-117.5681,33.86417],[-117.56824,33.86319],[-117.56828,33.86288],[-117.57067,33.86234],[-117.57226,33.86252],[-117.5733,33.86263],[-117.57594,33.86293],[-117.57963,33.86331],[-117.58537,33.86308],[-117.58588,33.8597],[-117.58792,33.85837]]]}},{"type":"Feature","properties":{"county_fips":65,"srprec":"253022","precinct_id":"065-253022","county_name":"Riverside","area_sq_mi":0.675,"place_primary":"Corona","place_primary_share":100.0,"place_also":[],"places":[{"name":"Corona","geoid":"0616350","kind":"city","pct":100.0}],"bbox":[-117.56202,33.85829,-117.54341,33.87286],"g22_asm":{"dem_pct":54.0,"margin_dem":8.0,"votes_two_party":1156,"winner":"Dem"},"g24_asm":{"dem_pct":50.2,"margin_dem":0.5,"votes_two_party":1704,"winner":"Dem"}},"geometry":{"type":"Polygon","coordinates":[[[-117.54738,33.86298],[-117.55035,33.8614],[-117.55086,33.86204],[-117.55089,33.86293],[-117.55042,33.86327],[-117.54937,33.86391],[-117.5487,33.86425],[-117.54816,33.8646],[-117.54779,33.86477],[-117.55157,33.8629],[-117.55276,33.86289],[-117.55495,33.86162],[-117.55726,33.86031],[-117.55828,33.862],[-117.55943,33.86081],[-117.56159,33.8584],[-117.56157,33.85968],[-117.56157,33.86117],[-117.56155,33.86293],[-117.56153,33.86561],[-117.56158,33.86789],[-117.56188,33.8703],[-117.56099,33.87093],[-117.55979,33.87217],[-117.55909,33.87285],[-117.55615,33.87283],[-117.55258,33.87284],[-117.54965,33.87232],[-117.54735,33.87044],[-117.54516,33.86892],[-117.54442,33.86816],[-117.54341,33.86524],[-117.54435,33.86471],[-117.54727,33.86303],[-117.54738,33.86298]]]}},{"type":"Feature","properties":{"county_fips":65,"srprec":"253026","precinct_id":"065-253026","county_name":"Riverside","area_sq_mi":0.87,"place_primary":"Corona","place_primary_share":100.0,"place_also":[],"places":[{"name":"Corona","geoid":"0616350","kind":"city","pct":100.0}],"bbox":[-117.58613,33.85576,-117.5503,33.8702],"g22_asm":{"dem_pct":43.9,"margin_dem":-12.2,"votes_two_party":1843,"winner":"Rep"},"g24_asm":{"dem_pct":44.3,"margin_dem":-11.4,"votes_two_party":792,"winner":"Rep"}},"geometry":{"type":"Polygon","coordinates":[[[-117.55743,33.85729],[-117.56915,33.85634],[-117.57217,33.85664],[-117.57325,33.85676],[-117.57547,33.85701],[-117.581,33.85764],[-117.58605,33.85866],[-117.58526,33.86391],[-117.57683,33.86302],[-117.5733,33.86263],[-117.57201,33.8625],[-117.56834,33.86241],[-117.56822,33.86334],[-117.5679,33.86524],[-117.56763,33.86712],[-117.56726,33.86907],[-117.56606,33.86902],[-117.56457,33.8692],[-117.56315,33.86963],[-117.56206,33.87018],[-117.56152,33.86734],[-117.56153,33.86528],[-117.56156,33.86249],[-117.56158,33.86087],[-117.56157,33.85939],[-117.56149,33.85838],[-117.5591,33.86154],[-117.55817,33.86181],[-117.5562,33.8609],[-117.55429,33.86198],[-117.55248,33.86306],[-117.55137,33.86266],[-117.55062,33.86173],[-117.55743,33.85729]]]}},{"type":"Feature","properties":{"county_fips":65,"srprec":"253027","precinct_id":"065-253027","county_name":"Riverside","area_sq_mi":0.005,"place_primary":"Corona","place_primary_share":100.0,"place_also":[],"places":[{"name":"Corona","geoid":"0616350","kind":"city","pct":100.0}],"bbox":[-117.55157,33.86266,-117.54777,33.86504],"g22_asm":{"dem_pct":64.5,"margin_dem":29.0,"votes_two_party":31,"winner":"Dem"},"g24_asm":null},"geometry":{"type":"Polygon","coordinates":[[[-117.55122,33.8631],[-117.5509,33.86328],[-117.55091,33.86339],[-117.54868,33.86462],[-117.54793,33.86504],[-117.54777,33.86488],[-117.54779,33.86477],[-117.54781,33.86479],[-117.54785,33.86477],[-117.54798,33.86469],[-117.54803,33.86467],[-117.54806,33.86465],[-117.54811,33.86463],[-117.54816,33.8646],[-117.54819,33.86458],[-117.54823,33.86455],[-117.54836,33.86447],[-117.5484,33.86445],[-117.54848,33.8644],[-117.5486,33.86432],[-117.5487,33.86425],[-117.54878,33.8642],[-117.54886,33.86415],[-117.5489,33.86413],[-117.54893,33.86412],[-117.54917,33.86401],[-117.54929,33.86395],[-117.54937,33.86391],[-117.54941,33.86387],[-117.54962,33.86375],[-117.54997,33.86357],[-117.55017,33.86345],[-117.55027,33.86338],[-117.55031,33.86335],[-117.55042,33.86327],[-117.55046,33.86323],[-117.55053,33.86318],[-117.55055,33.86316],[-117.55063,33.86308],[-117.55071,33.86303],[-117.55084,33.86296],[-117.55089,33.86293],[-117.55093,33.8629],[-117.55102,33.86285],[-117.55128,33.8627],[-117.55137,33.86266],[-117.55148,33.8628],[-117.55157,33.8629],[-117.55122,33.8631]]]}},{"type":"Feature","properties":{"county_fips":65,"srprec":"254002","precinct_id":"065-254002","county_name":"Riverside","area_sq_mi":0.0,"place_primary":"Coronita","place_primary_share":100.0,"place_also":[],"places":[{"name":"Coronita","geoid":"0616420","kind":"cdp","pct":100.0}],"bbox":[-117.62066,33.88104,-117.62062,33.88111],"g22_asm":{"dem_pct":39.7,"margin_dem":-20.6,"votes_two_party":1398,"winner":"Rep"},"g24_asm":{"dem_pct":40.7,"margin_dem":-18.6,"votes_two_party":2029,"winner":"Rep"}},"geometry":{"type":"Polygon","coordinates":[[[-117.62066,33.88104],[-117.62066,33.88111],[-117.62062,33.88105],[-117.62062,33.88104],[-117.62066,33.88104]]]}},{"type":"Feature","properties":{"county_fips":65,"srprec":"254009","precinct_id":"065-254009","county_name":"Riverside","area_sq_mi":0.009,"place_primary":"Corona","place_primary_share":83.1,"place_also":["Coronita"],"places":[{"name":"Corona","geoid":"0616350","kind":"city","pct":83.1},{"name":"Coronita","geoid":"0616420","kind":"cdp","pct":16.9}],"bbox":[-117.62151,33.87483,-117.61605,33.88143],"g22_asm":{"dem_pct":43.3,"margin_dem":-13.4,"votes_two_party":1393,"winner":"Rep"},"g24_asm":{"dem_pct":42.8,"margin_dem":-14.4,"votes_two_party":2036,"winner":"Rep"}},"geometry":{"type":"MultiPolygon","coordinates":[[[[-117.61637,33.87484],[-117.61971,33.87912],[-117.61935,33.87884],[-117.61918,33.8787],[-117.61868,33.87825],[-117.61791,33.87742],[-117.61754,33.87702],[-117.61709,33.87652],[-117.61705,33.87648],[-117.61676,33.87614],[-117.61625,33.87558],[-117.61613,33.87548],[-117.61605,33.87544],[-117.61611,33.8753],[-117.61615,33.87521],[-117.61617,33.87515],[-117.61623,33.87504],[-117.61636,33.87483],[-117.61636,33.87483],[-117.61637,33.87484]]],[[[-117.62151,33.88143],[-117.62151,33.88143],[-117.62149,33.88143],[-117.62081,33.88132],[-117.62066,33.88111],[-117.62066,33.88104],[-117.62066,33.88099],[-117.6209,33.88065],[-117.62151,33.88143]]]]}},{"type":"Feature","properties":{"county_fips":65,"srprec":"254014","precinct_id":"065-254014","county_name":"Riverside","area_sq_mi":0.0,"place_primary":"Corona","place_primary_share":100.0,"place_also":[],"places":[{"name":"Corona","geoid":"0616350","kind":"city","pct":100.0}],"bbox":[-117.61209,33.86715,-117.61209,33.86715],"g22_asm":{"dem_pct":44.4,"margin_dem":-11.3,"votes_two_party":363,"winner":"Rep"},"g24_asm":{"dem_pct":47.6,"margin_dem":-4.7,"votes_two_party":527,"winner":"Rep"}},"geometry":{"type":"Polygon","coordinates":[[[-117.61209,33.86715],[-117.61209,33.86715],[-117.61209,33.86715]]]}},{"type":"Feature","properties":{"county_fips":65,"srprec":"254024","precinct_id":"065-254024","county_name":"Riverside","area_sq_mi":0.072,"place_primary":"Corona","place_primary_share":97.3,"place_also":[],"places":[{"name":"Corona","geoid":"0616350","kind":"city","pct":97.3},{"name":"Coronita","geoid":"0616420","kind":"cdp","pct":2.7}],"bbox":[-117.61396,33.86796,-117.60756,33.87416],"g22_asm":{"dem_pct":28.6,"margin_dem":-42.9,"votes_two_party":7,"winner":"Rep"},"g24_asm":{"dem_pct":15.4,"margin_dem":-69.2,"votes_two_party":13,"winner":"Rep"}},"geometry":{"type":"Polygon","coordinates":[[[-117.60768,33.87131],[-117.60781,33.87119],[-117.60786,33.87115],[-117.60821,33.87082],[-117.60869,33.87037],[-117.60927,33.86982],[-117.60962,33.86949],[-117.60965,33.86947],[-117.61002,33.86915],[-117.61004,33.86913],[-117.61018,33.86897],[-117.61022,33.86893],[-117.61035,33.86881],[-117.61039,33.86877],[-117.61044,33.86872],[-117.61061,33.86856],[-117.61066,33.86851],[-117.61127,33.86796],[-117.61129,33.8685],[-117.61131,33.8689],[-117.61132,33.86899],[-117.61135,33.86927],[-117.61142,33.86947],[-117.6115,33.86959],[-117.6118,33.87004],[-117.6126,33.87067],[-117.61314,33.8709],[-117.6136,33.87131],[-117.61376,33.87149],[-117.61378,33.87151],[-117.61396,33.87179],[-117.61362,33.8721],[-117.61353,33.87218],[-117.6134,33.8723],[-117.61303,33.87265],[-117.61259,33.87307],[-117.61235,33.87329],[-117.61186,33.87376],[-117.61141,33.87416],[-117.60984,33.87323],[-117.60944,33.87291],[-117.60756,33.87142],[-117.60764,33.87135],[-117.60768,33.87131]]]}},{"type":"Feature","properties":{"county_fips":65,"srprec":"254028","precinct_id":"065-254028","county_name":"Riverside","area_sq_mi":0.008,"place_primary":"Corona","place_primary_share":97.8,"place_also":[],"places":[{"name":"Corona","geoid":"0616350","kind":"city","pct":97.8},{"name":"Coronita","geoid":"0616420","kind":"cdp","pct":2.2}],"bbox":[-117.61135,33.85876,-117.59164,33.86897],"g22_asm":{"dem_pct":41.5,"margin_dem":-16.9,"votes_two_party":1822,"winner":"Rep"},"g24_asm":{"dem_pct":41.6,"margin_dem":-16.8,"votes_two_party":2530,"winner":"Rep"}},"geometry":{"type":"MultiPolygon","coordinates":[[[[-117.59286,33.85889],[-117.59276,33.85888],[-117.59243,33.85885],[-117.59228,33.85885],[-117.5918,33.85882],[-117.59164,33.85881],[-117.59165,33.85876],[-117.59286,33.85889]]],[[[-117.59749,33.85937],[-117.59744,33.85937],[-117.59741,33.85937],[-117.59737,33.85937],[-117.59727,33.85936],[-117.59719,33.85935],[-117.59663,33.85929],[-117.59471,33.85909],[-117.59407,33.85902],[-117.59374,33.85898],[-117.59371,33.85898],[-117.59749,33.85937]]],[[[-117.60152,33.85934],[-117.60137,33.85936],[-117.60126,33.85939],[-117.60106,33.85945],[-117.60089,33.8595],[-117.60088,33.8595],[-117.60064,33.85956],[-117.60055,33.85956],[-117.60039,33.85958],[-117.60028,33.85957],[-117.60019,33.85957],[-117.60012,33.85957],[-117.6001,33.85957],[-117.5999,33.85956],[-117.59983,33.85956],[-117.59973,33.85955],[-117.59957,33.85954],[-117.59946,33.85953],[-117.59937,33.85952],[-117.59926,33.85952],[-117.59924,33.85951],[-117.59905,33.8595],[-117.59849,33.85945],[-117.59812,33.85942],[-117.59804,33.85941],[-117.59789,33.85941],[-117.60152,33.85934]]],[[[-117.60185,33.85933],[-117.60184,33.85933],[-117.60184,33.85933],[-117.60185,33.85933]]],[[[-117.60685,33.86033],[-117.60685,33.86033],[-117.60683,33.86033],[-117.60678,33.86033],[-117.60664,33.8603],[-117.60646,33.86028],[-117.60622,33.86024],[-117.60612,33.86024],[-117.60606,33.86024],[-117.60587,33.86022],[-117.6054,33.86017],[-117.60398,33.86004],[-117.60363,33.86001],[-117.60351,33.85999],[-117.60337,33.85997],[-117.60334,33.85997],[-117.60311,33.8599],[-117.60297,33.85984],[-117.60296,33.85983],[-117.60294,33.85981],[-117.60284,33.85974],[-117.60282,33.85971],[-117.6028,33.85969],[-117.60274,33.85965],[-117.60258,33.85954],[-117.60238,33.85945],[-117.60228,33.8594],[-117.60685,33.86033]]],[[[-117.60762,33.86585],[-117.61007,33.86889],[-117.61135,33.86779],[-117.61125,33.86788],[-117.61127,33.86796],[-117.61066,33.86851],[-117.61061,33.86856],[-117.61044,33.86872],[-117.61039,33.86877],[-117.61035,33.86881],[-117.61022,33.86893],[-117.61018,33.86897],[-117.61006,33.86888],[-117.60998,33.86884],[-117.60981,33.86867],[-117.60955,33.8683],[-117.60942,33.86811],[-117.60938,33.86805],[-117.60934,33.86801],[-117.60919,33.86782],[-117.60913,33.86775],[-117.60911,33.86774],[-117.6091,33.86772],[-117.60899,33.86765],[-117.60895,33.86762],[-117.60881,33.86754],[-117.60877,33.86751],[-117.60872,33.86748],[-117.60872,33.86748],[-117.60868,33.86746],[-117.60853,33.86732],[-117.60846,33.86725],[-117.60838,33.86718],[-117.60809,33.86689],[-117.60792,33.86665],[-117.60779,33.86648],[-117.60775,33.8664],[-117.60773,33.86637],[-117.60767,33.86624],[-117.60764,33.86616],[-117.60763,33.86611],[-117.60761,33.86585],[-117.6076,33.86569],[-117.60762,33.86585]]]]}},{"type":"Feature","properties":{"county_fips":65,"srprec":"254029","precinct_id":"065-254029","county_name":"Riverside","area_sq_mi":0.273,"place_primary":"Corona","place_primary_share":100.0,"place_also":[],"places":[{"name":"Corona","geoid":"0616350","kind":"city","pct":100.0}],"bbox":[-117.60913,33.85974,-117.5986,33.87308],"g22_asm":{"dem_pct":49.6,"margin_dem":-0.9,"votes_two_party":575,"winner":"Rep"},"g24_asm":{"dem_pct":49.3,"margin_dem":-1.5,"votes_two_party":467,"winner":"Rep"}},"geometry":{"type":"Polygon","coordinates":[[[-117.6076,33.86569],[-117.60767,33.86624],[-117.60792,33.86665],[-117.60853,33.86732],[-117.60877,33.86751],[-117.6091,33.86772],[-117.60864,33.86821],[-117.60784,33.86896],[-117.6052,33.87141],[-117.60336,33.87308],[-117.60318,33.87289],[-117.60293,33.87259],[-117.60239,33.87186],[-117.60167,33.87119],[-117.6021,33.87074],[-117.60228,33.87037],[-117.60258,33.86963],[-117.60286,33.86886],[-117.60338,33.86753],[-117.60306,33.86675],[-117.60241,33.8665],[-117.60022,33.86488],[-117.59919,33.86408],[-117.5989,33.86336],[-117.59943,33.86288],[-117.59994,33.8624],[-117.60054,33.86184],[-117.60106,33.86137],[-117.6025,33.86005],[-117.60297,33.85984],[-117.60351,33.85999],[-117.60587,33.86022],[-117.60646,33.86028],[-117.60685,33.86033],[-117.6076,33.86569]]]}},{"type":"Feature","properties":{"county_fips":65,"srprec":"254039","precinct_id":"065-254039","county_name":"Riverside","area_sq_mi":0.0,"place_primary":"Corona","place_primary_share":100.0,"place_also":[],"places":[{"name":"Corona","geoid":"0616350","kind":"city","pct":100.0}],"bbox":[-117.59165,33.85758,-117.58052,33.85881],"g22_asm":{"dem_pct":43.9,"margin_dem":-12.2,"votes_two_party":1710,"winner":"Rep"},"g24_asm":null},"geometry":{"type":"MultiPolygon","coordinates":[[[[-117.58058,33.85759],[-117.58052,33.85758],[-117.58052,33.85758],[-117.58058,33.85759]]],[[[-117.58465,33.85802],[-117.58452,33.85801],[-117.58419,33.85798],[-117.5837,33.85792],[-117.58465,33.85802]]],[[[-117.59165,33.85876],[-117.59164,33.85881],[-117.59149,33.85879],[-117.58792,33.85837],[-117.59165,33.85876]]]]}},{"type":"Feature","properties":{"county_fips":65,"srprec":"254046","precinct_id":"065-254046","county_name":"Riverside","area_sq_mi":0.004,"place_primary":"Corona","place_primary_share":100.0,"place_also":[],"places":[{"name":"Corona","geoid":"0616350","kind":"city","pct":100.0}],"bbox":[-117.58052,33.85576,-117.5658,33.85758],"g22_asm":{"dem_pct":44.9,"margin_dem":-10.2,"votes_two_party":1747,"winner":"Rep"},"g24_asm":{"dem_pct":43.4,"margin_dem":-13.2,"votes_two_party":772,"winner":"Rep"}},"geometry":{"type":"Polygon","coordinates":[[[-117.56581,33.85576],[-117.58052,33.85758],[-117.58052,33.85758],[-117.57996,33.85751],[-117.57828,33.85731],[-117.57772,33.85725],[-117.57716,33.85719],[-117.57547,33.85701],[-117.57491,33.85695],[-117.57472,33.85693],[-117.57416,33.85686],[-117.57397,33.85684],[-117.57379,33.85682],[-117.57364,33.8568],[-117.57325,33.85676],[-117.57307,33.85674],[-117.5729,33.85672],[-117.57288,33.85672],[-117.57237,33.85666],[-117.57233,33.85666],[-117.57219,33.85665],[-117.57217,33.85664],[-117.57215,33.85664],[-117.57161,33.85659],[-117.57157,33.85659],[-117.56987,33.85642],[-117.56986,33.85642],[-117.56929,33.85637],[-117.56915,33.85634],[-117.56862,33.85625],[-117.56746,33.85606],[-117.56663,33.85592],[-117.56597,33.8558],[-117.56589,33.85578],[-117.5658,33.85576],[-117.56581,33.85576]]]}},{"type":"Feature","properties":{"county_fips":65,"srprec":"255021","precinct_id":"065-255021","county_name":"Riverside","area_sq_mi":0.046,"place_primary":"Corona","place_primary_share":74.6,"place_also":["El Cerrito"],"places":[{"name":"Corona","geoid":"0616350","kind":"city","pct":74.6},{"name":"El Cerrito","geoid":"0621810","kind":"cdp","pct":25.4}],"bbox":[-117.53583,33.83058,-117.52985,33.8404],"g22_asm":{"dem_pct":37.2,"margin_dem":-25.6,"votes_two_party":1806,"winner":"Rep"},"g24_asm":{"dem_pct":38.5,"margin_dem":-23.0,"votes_two_party":2621,"winner":"Rep"}},"geometry":{"type":"MultiPolygon","coordinates":[[[[-117.53251,33.83079],[-117.53462,33.83142],[-117.53449,33.83139],[-117.53447,33.83139],[-117.53448,33.83153],[-117.53451,33.8327],[-117.53417,33.83269],[-117.53418,33.83275],[-117.53418,33.83275],[-117.53418,33.83279],[-117.53391,33.83278],[-117.5339,33.83292],[-117.53363,33.83292],[-117.53363,33.83293],[-117.53226,33.83296],[-117.5323,33.8354],[-117.5323,33.83595],[-117.53216,33.83569],[-117.5315,33.83439],[-117.53151,33.83458],[-117.53153,33.83475],[-117.53153,33.83485],[-117.53146,33.83473],[-117.53025,33.83268],[-117.53005,33.83233],[-117.53002,33.83228],[-117.52992,33.8321],[-117.52985,33.832],[-117.52991,33.83197],[-117.52993,33.83195],[-117.53018,33.83182],[-117.53026,33.83178],[-117.5303,33.83176],[-117.53036,33.83173],[-117.5305,33.83166],[-117.53057,33.83162],[-117.53065,33.83157],[-117.53075,33.83152],[-117.53109,33.83134],[-117.53138,33.83119],[-117.5318,33.83103],[-117.53214,33.83091],[-117.53221,33.83089],[-117.5325,33.83079],[-117.53249,33.83077],[-117.53244,33.83068],[-117.53263,33.83061],[-117.5327,33.83058],[-117.53251,33.83079]]],[[[-117.53524,33.83747],[-117.53498,33.8404],[-117.53492,33.84026],[-117.53469,33.83984],[-117.53458,33.83966],[-117.53457,33.83964],[-117.53454,33.83959],[-117.53432,33.83916],[-117.53428,33.83901],[-117.53429,33.83893],[-117.53429,33.8389],[-117.53434,33.83877],[-117.53435,33.83873],[-117.53435,33.83872],[-117.53457,33.83843],[-117.53464,33.83833],[-117.5348,33.83811],[-117.53494,33.83789],[-117.53508,33.83767],[-117.53519,33.83751],[-117.53523,33.83746],[-117.53524,33.83744],[-117.53524,33.83747]]],[[[-117.53583,33.83178],[-117.53583,33.83178],[-117.53582,33.83178],[-117.53574,33.83177],[-117.53567,33.83174],[-117.53546,33.83167],[-117.53544,33.83166],[-117.53583,33.83178]]]]}},{"type":"Feature","properties":{"county_fips":65,"srprec":"255026","precinct_id":"065-255026","county_name":"Riverside","area_sq_mi":0.0,"place_primary":"El Cerrito","place_primary_share":98.0,"place_also":[],"places":[{"name":"El Cerrito","geoid":"0621810","kind":"cdp","pct":98.0},{"name":"Corona","geoid":"0616350","kind":"city","pct":2.0}],"bbox":[-117.5366,33.8263,-117.53658,33.82632],"g22_asm":{"dem_pct":39.9,"margin_dem":-20.1,"votes_two_party":2048,"winner":"Rep"},"g24_asm":{"dem_pct":37.5,"margin_dem":-25.0,"votes_two_party":2883,"winner":"Rep"}},"geometry":{"type":"Polygon","coordinates":[[[-117.5366,33.8263],[-117.53658,33.82632],[-117.53658,33.8263],[-117.5366,33.8263]]]}},{"type":"Feature","properties":{"county_fips":65,"srprec":"255033","precinct_id":"065-255033","county_name":"Riverside","area_sq_mi":0.016,"place_primary":"Corona","place_primary_share":92.0,"place_also":[],"places":[{"name":"Corona","geoid":"0616350","kind":"city","pct":92.0},{"name":"El Cerrito","geoid":"0621810","kind":"cdp","pct":8.0}],"bbox":[-117.52813,33.82673,-117.51206,33.82944],"g22_asm":{"dem_pct":46.4,"margin_dem":-7.2,"votes_two_party":1604,"winner":"Rep"},"g24_asm":{"dem_pct":45.4,"margin_dem":-9.2,"votes_two_party":2687,"winner":"Rep"}},"geometry":{"type":"MultiPolygon","coordinates":[[[[-117.51638,33.82934],[-117.51637,33.82934],[-117.51569,33.82933],[-117.5155,33.82932],[-117.51521,33.82929],[-117.51487,33.82905],[-117.51441,33.82868],[-117.51401,33.82839],[-117.51363,33.82812],[-117.51323,33.82783],[-117.51311,33.82772],[-117.51289,33.82755],[-117.51265,33.82735],[-117.51242,33.82713],[-117.5122,33.8269],[-117.51206,33.82673],[-117.51638,33.82934]]],[[[-117.52293,33.82931],[-117.5226,33.82933],[-117.5224,33.82935],[-117.52224,33.82936],[-117.52174,33.82936],[-117.52106,33.82937],[-117.52052,33.82938],[-117.5202,33.82938],[-117.51997,33.82939],[-117.5193,33.82943],[-117.51908,33.82944],[-117.51859,33.82943],[-117.51715,33.82937],[-117.51667,33.82935],[-117.51655,33.82935],[-117.52293,33.82931]]],[[[-117.52653,33.82928],[-117.52651,33.82928],[-117.52603,33.8293],[-117.52587,33.8293],[-117.52566,33.82931],[-117.52544,33.8293],[-117.52484,33.82929],[-117.52479,33.82929],[-117.52653,33.82928]]],[[[-117.52547,33.82674],[-117.52672,33.82779],[-117.52745,33.82849],[-117.52747,33.8285],[-117.52747,33.82851],[-117.52768,33.82872],[-117.52813,33.82925],[-117.52792,33.82925],[-117.5277,33.82926],[-117.52765,33.82926],[-117.52731,33.82926],[-117.52711,33.82926],[-117.52703,33.82926],[-117.5268,33.82927],[-117.52674,33.82928],[-117.52547,33.82674]]]]}},{"type":"Feature","properties":{"county_fips":65,"srprec":"367026","precinct_id":"065-367026","county_name":"Riverside","area_sq_mi":0.0,"place_primary":"Jurupa Valley","place_primary_share":100.0,"place_also":[],"places":[{"name":"Jurupa Valley","geoid":"0637692","kind":"city","pct":100.0}],"bbox":[-117.52632,33.96099,-117.5233,33.96471],"g22_asm":{"dem_pct":42.5,"margin_dem":-15.0,"votes_two_party":922,"winner":"Rep"},"g24_asm":null},"geometry":{"type":"MultiPolygon","coordinates":[[[[-117.52331,33.96471],[-117.5233,33.96469],[-117.52331,33.96469],[-117.52331,33.96471]]],[[[-117.52632,33.96099],[-117.52632,33.96099],[-117.52608,33.96165],[-117.52632,33.96099]]]]}},{"type":"Feature","properties":{"county_fips":65,"srprec":"442060","precinct_id":"065-442060","county_name":"Riverside","area_sq_mi":0.0,"place_primary":"Riverside","place_primary_share":100.0,"place_also":[],"places":[{"name":"Riverside","geoid":"0662000","kind":"city","pct":100.0}],"bbox":[-117.45781,33.90055,-117.4578,33.90095],"g22_asm":{"dem_pct":58.8,"margin_dem":17.7,"votes_two_party":362,"winner":"Dem"},"g24_asm":null},"geometry":{"type":"Polygon","coordinates":[[[-117.45781,33.90095],[-117.4578,33.90095],[-117.4578,33.90075],[-117.45781,33.90055],[-117.45781,33.90095]]]}}],"outline":{"type":"Polygon","coordinates":[[[-117.4331,34.03401],[-117.39526,34.03381],[-117.37529,34.03235],[-117.377,34.02657],[-117.37055,34.01944],[-117.34723,34.01942],[-117.33617,34.01938],[-117.33051,34.02845],[-117.32995,34.03295],[-117.33193,34.03697],[-117.33494,34.03567],[-117.33154,34.04045],[-117.32735,34.03953],[-117.32431,34.04072],[-117.31784,34.04193],[-117.31347,34.04214],[-117.31008,34.04429],[-117.30569,34.04496],[-117.29993,34.04477],[-117.297,34.04112],[-117.29606,34.03901],[-117.29522,34.03783],[-117.29098,34.03531],[-117.29199,34.03378],[-117.28765,34.00475],[-117.31037,34.00459],[-117.3198,34.00655],[-117.33111,34.00664],[-117.3366,34.0121],[-117.34818,34.00693],[-117.35561,33.99353],[-117.34718,33.98751],[-117.34851,33.97757],[-117.34848,33.966],[-117.34688,33.95734],[-117.34647,33.95229],[-117.34976,33.94634],[-117.35548,33.94424],[-117.36469,33.94508],[-117.36947,33.94648],[-117.37254,33.94188],[-117.37815,33.93634],[-117.3844,33.92414],[-117.38351,33.91459],[-117.38355,33.9036],[-117.38571,33.88677],[-117.42689,33.88695],[-117.44966,33.88731],[-117.46098,33.88488],[-117.46503,33.88978],[-117.47159,33.88278],[-117.48233,33.88662],[-117.49423,33.88589],[-117.50034,33.87927],[-117.48894,33.86757],[-117.48919,33.85841],[-117.48893,33.8364],[-117.50814,33.82436],[-117.51639,33.82935],[-117.52674,33.82928],[-117.52415,33.8241],[-117.5366,33.8263],[-117.53251,33.83079],[-117.53583,33.83178],[-117.53524,33.83747],[-117.53411,33.85011],[-117.53908,33.86262],[-117.54738,33.86298],[-117.55743,33.85729],[-117.56581,33.85576],[-117.581,33.85764],[-117.59782,33.85941],[-117.60194,33.85933],[-117.60685,33.86033],[-117.60762,33.86585],[-117.61007,33.86889],[-117.61209,33.86715],[-117.61637,33.87484],[-117.62151,33.88143],[-117.62268,33.88223],[-117.60397,33.88021],[-117.59351,33.88407],[-117.59079,33.89448],[-117.57743,33.89424],[-117.57297,33.90057],[-117.56842,33.89668],[-117.55984,33.89502],[-117.5578,33.89974],[-117.55353,33.89901],[-117.54732,33.89789],[-117.54057,33.89719],[-117.53635,33.90344],[-117.52984,33.90561],[-117.5134,33.91107],[-117.51651,33.92754],[-117.5159,33.94561],[-117.52335,33.95607],[-117.52323,33.96088],[-117.53357,33.95916],[-117.54412,33.95356],[-117.55336,33.94999],[-117.55083,33.95344],[-117.56528,33.96072],[-117.59302,33.96806],[-117.55834,34.00049],[-117.55838,34.02536],[-117.54213,34.03349],[-117.5141,34.03349],[-117.50033,34.03349],[-117.49308,34.03344],[-117.4701,34.0337],[-117.4331,34.03401]]]}}