{"type":"FeatureCollection","district_id":"ad-74","district_code":"AD-74","schema_version":2,"source":{"boundaries":"UC Berkeley Statewide Database SR precinct shapefiles (g22/g24 v01)","results":"SWDB SOV by SR precinct \u2014 Assembly contest (ASSDEM* vs ASSREP*)","places":"U.S. Census Bureau TIGER/Line 2020 cartographic places (cb_2020_06_place_500k)","assembly_boundary":"CRC 2020 (ca-assembly-crc-2020.geojson)","built_at":"2026-10-07","races":{"g22_asm":{"label":"2022 General \u00b7 Assembly","election":"2022-11-08"},"g24_asm":{"label":"2024 General \u00b7 Assembly","election":"2024-11-05"}}},"features":[{"type":"Feature","properties":{"county_fips":59,"srprec":"41119","precinct_id":"059-41119","county_name":"Orange","area_sq_mi":0.273,"place_primary":"Dana Point","place_primary_share":98.1,"place_also":[],"places":[{"name":"Dana Point","geoid":"0617946","kind":"city","pct":98.1}],"bbox":[-117.72475,33.46916,-117.71324,33.48348],"g22_asm":{"dem_pct":26.0,"margin_dem":-47.9,"votes_two_party":292,"winner":"Rep"},"g24_asm":{"dem_pct":26.3,"margin_dem":-47.3,"votes_two_party":319,"winner":"Rep"}},"geometry":{"type":"Polygon","coordinates":[[[-117.71547,33.46917],[-117.71806,33.46916],[-117.71848,33.46996],[-117.71986,33.47221],[-117.72128,33.47335],[-117.72172,33.47456],[-117.72245,33.47613],[-117.72352,33.47848],[-117.72475,33.48092],[-117.72411,33.48202],[-117.72302,33.48326],[-117.72229,33.48261],[-117.72167,33.48206],[-117.72158,33.48217],[-117.72058,33.48124],[-117.71867,33.47901],[-117.7166,33.47593],[-117.71525,33.47385],[-117.71501,33.47327],[-117.71324,33.47062],[-117.71371,33.47035],[-117.71411,33.46996],[-117.71431,33.46933],[-117.71454,33.46934],[-117.71466,33.46932],[-117.71474,33.4693],[-117.71481,33.46927],[-117.71487,33.46924],[-117.71494,33.4692],[-117.71504,33.46918],[-117.71511,33.46916],[-117.71519,33.46916],[-117.71529,33.46916],[-117.71547,33.46917]]]}},{"type":"Feature","properties":{"county_fips":59,"srprec":"41121","precinct_id":"059-41121","county_name":"Orange","area_sq_mi":0.407,"place_primary":"Dana Point","place_primary_share":100.0,"place_also":[],"places":[{"name":"Dana Point","geoid":"0617946","kind":"city","pct":100.0}],"bbox":[-117.7068,33.47633,-117.69764,33.48908],"g22_asm":{"dem_pct":43.9,"margin_dem":-12.3,"votes_two_party":1306,"winner":"Rep"},"g24_asm":{"dem_pct":42.9,"margin_dem":-14.1,"votes_two_party":1584,"winner":"Rep"}},"geometry":{"type":"Polygon","coordinates":[[[-117.69798,33.47633],[-117.70008,33.47636],[-117.70272,33.47637],[-117.70617,33.47641],[-117.70664,33.47649],[-117.70663,33.48021],[-117.70659,33.48045],[-117.70665,33.4806],[-117.70663,33.48116],[-117.7067,33.48123],[-117.70674,33.48126],[-117.7067,33.48136],[-117.70663,33.48418],[-117.7067,33.48772],[-117.70679,33.48766],[-117.7068,33.48859],[-117.70672,33.48859],[-117.70672,33.48868],[-117.70376,33.48803],[-117.70376,33.48908],[-117.70238,33.48908],[-117.70238,33.48762],[-117.702,33.48726],[-117.70008,33.48723],[-117.69895,33.48724],[-117.69817,33.48725],[-117.69816,33.48703],[-117.69798,33.48703],[-117.69795,33.48543],[-117.69794,33.48406],[-117.69787,33.48315],[-117.69768,33.48098],[-117.69767,33.48087],[-117.69765,33.4781],[-117.69766,33.47643],[-117.69773,33.47643],[-117.69782,33.47639],[-117.69781,33.47633],[-117.69798,33.47633]]]}},{"type":"Feature","properties":{"county_fips":59,"srprec":"41122","precinct_id":"059-41122","county_name":"Orange","area_sq_mi":1.017,"place_primary":"Dana Point","place_primary_share":98.1,"place_also":[],"places":[{"name":"Dana Point","geoid":"0617946","kind":"city","pct":98.1}],"bbox":[-117.71806,33.45403,-117.68366,33.47062],"g22_asm":{"dem_pct":40.4,"margin_dem":-19.1,"votes_two_party":764,"winner":"Rep"},"g24_asm":{"dem_pct":44.8,"margin_dem":-10.3,"votes_two_party":968,"winner":"Rep"}},"geometry":{"type":"Polygon","coordinates":[[[-117.69917,33.45675],[-117.70804,33.4606],[-117.71134,33.46015],[-117.7151,33.46036],[-117.71569,33.46125],[-117.7155,33.46195],[-117.71493,33.46296],[-117.71562,33.46521],[-117.71718,33.46794],[-117.71797,33.46916],[-117.71526,33.46916],[-117.7151,33.46917],[-117.71497,33.46919],[-117.71484,33.46925],[-117.71472,33.4693],[-117.71455,33.46934],[-117.71427,33.46948],[-117.71371,33.47035],[-117.7125,33.46955],[-117.70971,33.46589],[-117.70774,33.46544],[-117.70659,33.46559],[-117.70379,33.46619],[-117.70126,33.4667],[-117.69855,33.46722],[-117.69744,33.46742],[-117.69608,33.46753],[-117.69453,33.46697],[-117.69249,33.46621],[-117.68586,33.46458],[-117.68366,33.46417],[-117.68475,33.46166],[-117.68875,33.46138],[-117.69025,33.45686],[-117.69917,33.45675]]]}},{"type":"Feature","properties":{"county_fips":59,"srprec":"41124","precinct_id":"059-41124","county_name":"Orange","area_sq_mi":0.313,"place_primary":"Dana Point","place_primary_share":100.0,"place_also":[],"places":[{"name":"Dana Point","geoid":"0617946","kind":"city","pct":100.0}],"bbox":[-117.69382,33.46508,-117.68387,33.47664],"g22_asm":{"dem_pct":39.5,"margin_dem":-20.9,"votes_two_party":951,"winner":"Rep"},"g24_asm":{"dem_pct":40.3,"margin_dem":-19.4,"votes_two_party":1139,"winner":"Rep"}},"geometry":{"type":"Polygon","coordinates":[[[-117.68727,33.46526],[-117.6875,33.46516],[-117.68765,33.46508],[-117.6904,33.46586],[-117.6901,33.46674],[-117.69011,33.46738],[-117.68993,33.46753],[-117.68984,33.468],[-117.69001,33.46832],[-117.69036,33.46864],[-117.69033,33.46914],[-117.69176,33.46915],[-117.69361,33.46916],[-117.69382,33.46962],[-117.69379,33.47169],[-117.69366,33.47285],[-117.6931,33.47303],[-117.6927,33.47318],[-117.69219,33.47383],[-117.69174,33.47525],[-117.69137,33.47632],[-117.69024,33.47642],[-117.68936,33.47659],[-117.6882,33.47659],[-117.68627,33.47587],[-117.68496,33.4755],[-117.68486,33.47433],[-117.68432,33.47301],[-117.68412,33.47248],[-117.68401,33.47161],[-117.68387,33.46994],[-117.68403,33.46926],[-117.68509,33.46757],[-117.68604,33.4664],[-117.68727,33.46526]]]}},{"type":"Feature","properties":{"county_fips":59,"srprec":"41154","precinct_id":"059-41154","county_name":"Orange","area_sq_mi":0.196,"place_primary":"Dana Point","place_primary_share":88.7,"place_also":["San Clemente"],"places":[{"name":"Dana Point","geoid":"0617946","kind":"city","pct":88.7},{"name":"San Clemente","geoid":"0665084","kind":"city","pct":11.3}],"bbox":[-117.66127,33.4403,-117.64453,33.45447],"g22_asm":{"dem_pct":42.4,"margin_dem":-15.2,"votes_two_party":488,"winner":"Rep"},"g24_asm":{"dem_pct":41.7,"margin_dem":-16.6,"votes_two_party":602,"winner":"Rep"}},"geometry":{"type":"Polygon","coordinates":[[[-117.64984,33.44437],[-117.65262,33.44673],[-117.65324,33.44721],[-117.65408,33.44785],[-117.65503,33.4485],[-117.65593,33.44903],[-117.65635,33.4493],[-117.65691,33.44963],[-117.65841,33.45046],[-117.65939,33.45095],[-117.66113,33.452],[-117.66111,33.45286],[-117.66065,33.45367],[-117.65876,33.45385],[-117.65721,33.45376],[-117.6567,33.45326],[-117.65664,33.45236],[-117.65292,33.45015],[-117.65331,33.44946],[-117.65131,33.44894],[-117.64919,33.45146],[-117.64799,33.44813],[-117.6501,33.44539],[-117.64906,33.4446],[-117.64712,33.44317],[-117.64536,33.44162],[-117.64456,33.44116],[-117.64485,33.44034],[-117.64519,33.44116],[-117.64522,33.44119],[-117.64621,33.44177],[-117.64802,33.44294],[-117.64969,33.44423],[-117.64984,33.44437]]]}},{"type":"Feature","properties":{"county_fips":59,"srprec":"41155","precinct_id":"059-41155","county_name":"Orange","area_sq_mi":0.544,"place_primary":"Dana Point","place_primary_share":97.4,"place_also":[],"places":[{"name":"Dana Point","geoid":"0617946","kind":"city","pct":97.4}],"bbox":[-117.68251,33.45186,-117.65962,33.46702],"g22_asm":{"dem_pct":43.8,"margin_dem":-12.4,"votes_two_party":1139,"winner":"Rep"},"g24_asm":{"dem_pct":42.0,"margin_dem":-15.9,"votes_two_party":1415,"winner":"Rep"}},"geometry":{"type":"Polygon","coordinates":[[[-117.66969,33.4562],[-117.67372,33.45781],[-117.68009,33.46111],[-117.68211,33.46434],[-117.67959,33.46428],[-117.67631,33.464],[-117.67533,33.46528],[-117.6746,33.46619],[-117.67395,33.46694],[-117.67345,33.46659],[-117.67291,33.46651],[-117.67218,33.46665],[-117.67114,33.46673],[-117.66996,33.46696],[-117.66822,33.46632],[-117.66511,33.4639],[-117.66621,33.46157],[-117.66851,33.45973],[-117.66824,33.45839],[-117.66683,33.4577],[-117.66537,33.45742],[-117.66382,33.45769],[-117.66206,33.45729],[-117.66095,33.45643],[-117.65999,33.45508],[-117.66052,33.45382],[-117.6611,33.45287],[-117.66083,33.45258],[-117.66315,33.45273],[-117.66619,33.45418],[-117.66742,33.45502],[-117.6679,33.45527],[-117.66808,33.45529],[-117.66806,33.45551],[-117.66969,33.4562]]]}},{"type":"Feature","properties":{"county_fips":59,"srprec":"41158","precinct_id":"059-41158","county_name":"Orange","area_sq_mi":0.053,"place_primary":"Dana Point","place_primary_share":78.4,"place_also":["San Clemente"],"places":[{"name":"Dana Point","geoid":"0617946","kind":"city","pct":78.4},{"name":"San Clemente","geoid":"0665084","kind":"city","pct":16.7}],"bbox":[-117.66812,33.44079,-117.64522,33.45535],"g22_asm":{"dem_pct":23.2,"margin_dem":-53.6,"votes_two_party":69,"winner":"Rep"},"g24_asm":{"dem_pct":23.4,"margin_dem":-53.2,"votes_two_party":94,"winner":"Rep"}},"geometry":{"type":"Polygon","coordinates":[[[-117.65631,33.44925],[-117.65558,33.44882],[-117.65503,33.4485],[-117.65435,33.44803],[-117.65382,33.44766],[-117.65315,33.44714],[-117.65262,33.44673],[-117.65011,33.4446],[-117.64985,33.44437],[-117.64922,33.44385],[-117.64763,33.44267],[-117.64652,33.44196],[-117.64548,33.44134],[-117.64523,33.44118],[-117.64601,33.44107],[-117.64784,33.44237],[-117.65372,33.44698],[-117.65761,33.44938],[-117.66093,33.45102],[-117.66363,33.45203],[-117.66597,33.45328],[-117.66785,33.45505],[-117.66796,33.45531],[-117.66774,33.45522],[-117.66623,33.4543],[-117.66602,33.45417],[-117.66373,33.45299],[-117.65985,33.45116],[-117.65925,33.45088],[-117.65843,33.45043],[-117.6577,33.45007],[-117.65697,33.44957],[-117.65676,33.44954],[-117.65636,33.44928],[-117.65631,33.44925]],[[-117.66555,33.45376],[-117.66555,33.45376],[-117.66575,33.45353],[-117.66575,33.45353],[-117.66555,33.45376]],[[-117.66557,33.45377],[-117.66555,33.45376],[-117.66555,33.45376],[-117.66557,33.45377],[-117.66609,33.4541],[-117.66609,33.4541],[-117.66558,33.45377],[-117.66557,33.45377]]]}},{"type":"Feature","properties":{"county_fips":59,"srprec":"41161","precinct_id":"059-41161","county_name":"Orange","area_sq_mi":0.195,"place_primary":"Dana Point","place_primary_share":99.6,"place_also":[],"places":[{"name":"Dana Point","geoid":"0617946","kind":"city","pct":99.6},{"name":"San Clemente","geoid":"0665084","kind":"city","pct":0.4}],"bbox":[-117.66948,33.45885,-117.65361,33.46731],"g22_asm":{"dem_pct":45.6,"margin_dem":-8.8,"votes_two_party":588,"winner":"Rep"},"g24_asm":{"dem_pct":44.2,"margin_dem":-11.6,"votes_two_party":774,"winner":"Rep"}},"geometry":{"type":"Polygon","coordinates":[[[-117.65652,33.46334],[-117.65645,33.46331],[-117.65638,33.46327],[-117.65542,33.46343],[-117.65507,33.46419],[-117.65469,33.46407],[-117.65361,33.46059],[-117.65377,33.46053],[-117.65407,33.46032],[-117.65424,33.46017],[-117.65477,33.46016],[-117.65509,33.46002],[-117.65518,33.45997],[-117.65537,33.45985],[-117.65546,33.45978],[-117.65563,33.45959],[-117.65579,33.45941],[-117.65608,33.45903],[-117.65624,33.45885],[-117.65835,33.45993],[-117.66103,33.46109],[-117.66251,33.46209],[-117.66547,33.46415],[-117.66771,33.46568],[-117.66754,33.46586],[-117.66884,33.46668],[-117.66948,33.46702],[-117.66917,33.46707],[-117.66845,33.46719],[-117.66772,33.4673],[-117.6671,33.46714],[-117.66645,33.46693],[-117.6616,33.46539],[-117.6565,33.46338],[-117.65652,33.46334]]]}},{"type":"Feature","properties":{"county_fips":59,"srprec":"41289","precinct_id":"059-41289","county_name":"Orange","area_sq_mi":0.003,"place_primary":"Dana Point","place_primary_share":100.0,"place_also":[],"places":[{"name":"Dana Point","geoid":"0617946","kind":"city","pct":100.0}],"bbox":[-117.68931,33.48722,-117.68744,33.48801],"g22_asm":{"dem_pct":33.3,"margin_dem":-33.3,"votes_two_party":3,"winner":"Rep"},"g24_asm":null},"geometry":{"type":"Polygon","coordinates":[[[-117.68931,33.48722],[-117.68931,33.48723],[-117.68931,33.48723],[-117.68931,33.48801],[-117.68931,33.48801],[-117.68931,33.48801],[-117.68931,33.48801],[-117.68912,33.48791],[-117.68873,33.4877],[-117.68873,33.4877],[-117.68873,33.4877],[-117.68873,33.4877],[-117.68859,33.48763],[-117.6885,33.48759],[-117.6885,33.48759],[-117.6885,33.48759],[-117.6885,33.48759],[-117.68827,33.48748],[-117.68827,33.48748],[-117.68826,33.48748],[-117.68826,33.48748],[-117.68781,33.48732],[-117.68781,33.48732],[-117.68781,33.48732],[-117.68781,33.48732],[-117.68769,33.48729],[-117.68769,33.48729],[-117.68769,33.48729],[-117.68763,33.48727],[-117.68744,33.48723],[-117.68744,33.48723],[-117.68744,33.48723],[-117.68744,33.48723],[-117.68869,33.48722],[-117.68869,33.48722],[-117.68931,33.48722],[-117.68931,33.48722]]]}},{"type":"Feature","properties":{"county_fips":59,"srprec":"41291","precinct_id":"059-41291","county_name":"Orange","area_sq_mi":0.238,"place_primary":"Dana Point","place_primary_share":100.0,"place_also":[],"places":[{"name":"Dana Point","geoid":"0617946","kind":"city","pct":100.0}],"bbox":[-117.69792,33.47632,-117.68936,33.48363],"g22_asm":{"dem_pct":47.8,"margin_dem":-4.4,"votes_two_party":724,"winner":"Rep"},"g24_asm":{"dem_pct":48.3,"margin_dem":-3.3,"votes_two_party":902,"winner":"Rep"}},"geometry":{"type":"Polygon","coordinates":[[[-117.68943,33.47658],[-117.68943,33.47658],[-117.68964,33.47654],[-117.6899,33.47648],[-117.69024,33.47642],[-117.69039,33.47639],[-117.69086,33.47634],[-117.69123,33.47632],[-117.69142,33.47632],[-117.69764,33.47633],[-117.69764,33.47633],[-117.69766,33.47643],[-117.69772,33.47687],[-117.6977,33.4773],[-117.69765,33.4781],[-117.69764,33.47916],[-117.69764,33.4802],[-117.69767,33.48087],[-117.69767,33.48093],[-117.69768,33.48098],[-117.69769,33.48161],[-117.69773,33.48202],[-117.69787,33.48315],[-117.69792,33.48354],[-117.69769,33.48354],[-117.69687,33.48356],[-117.69681,33.48355],[-117.69678,33.48353],[-117.69678,33.48353],[-117.69675,33.4836],[-117.69673,33.48363],[-117.69419,33.48363],[-117.69189,33.4836],[-117.69155,33.4836],[-117.68937,33.48343],[-117.68936,33.48343],[-117.68936,33.48324],[-117.68939,33.48059],[-117.68943,33.47667],[-117.68943,33.47658]]]}},{"type":"Feature","properties":{"county_fips":59,"srprec":"41292","precinct_id":"059-41292","county_name":"Orange","area_sq_mi":0.203,"place_primary":"Dana Point","place_primary_share":99.4,"place_also":[],"places":[{"name":"Dana Point","geoid":"0617946","kind":"city","pct":99.4},{"name":"Laguna Niguel","geoid":"0639248","kind":"city","pct":0.6}],"bbox":[-117.69798,33.48343,-117.68931,33.4909],"g22_asm":{"dem_pct":42.4,"margin_dem":-15.1,"votes_two_party":674,"winner":"Rep"},"g24_asm":{"dem_pct":43.2,"margin_dem":-13.7,"votes_two_party":834,"winner":"Rep"}},"geometry":{"type":"Polygon","coordinates":[[[-117.69681,33.48355],[-117.69792,33.48354],[-117.69795,33.48529],[-117.69798,33.48701],[-117.69797,33.48846],[-117.69793,33.489],[-117.69783,33.48954],[-117.6975,33.49062],[-117.69732,33.49089],[-117.69721,33.49084],[-117.69681,33.4907],[-117.69497,33.48994],[-117.69475,33.48985],[-117.69357,33.48951],[-117.69333,33.48943],[-117.69323,33.48936],[-117.69275,33.48928],[-117.69195,33.48915],[-117.69179,33.48911],[-117.6914,33.48899],[-117.69126,33.48894],[-117.69107,33.48885],[-117.69085,33.48878],[-117.69071,33.48872],[-117.69052,33.48862],[-117.69037,33.48858],[-117.69006,33.48842],[-117.68931,33.48801],[-117.68931,33.48722],[-117.68941,33.48712],[-117.68936,33.48343],[-117.69419,33.48362],[-117.69678,33.48353],[-117.69681,33.48355]]]}},{"type":"Feature","properties":{"county_fips":59,"srprec":"41293","precinct_id":"059-41293","county_name":"Orange","area_sq_mi":0.303,"place_primary":"Dana Point","place_primary_share":99.9,"place_also":[],"places":[{"name":"Dana Point","geoid":"0617946","kind":"city","pct":99.9},{"name":"San Juan Capistrano","geoid":"0668028","kind":"city","pct":0.1}],"bbox":[-117.68943,33.47479,-117.67915,33.48729],"g22_asm":{"dem_pct":47.1,"margin_dem":-5.8,"votes_two_party":1093,"winner":"Rep"},"g24_asm":{"dem_pct":45.8,"margin_dem":-8.3,"votes_two_party":1294,"winner":"Rep"}},"geometry":{"type":"Polygon","coordinates":[[[-117.68505,33.47552],[-117.68797,33.47654],[-117.68943,33.47658],[-117.68936,33.48359],[-117.68734,33.4872],[-117.68682,33.4871],[-117.68665,33.48724],[-117.68599,33.48727],[-117.68485,33.48725],[-117.68259,33.48723],[-117.68273,33.48701],[-117.68333,33.48615],[-117.68392,33.48531],[-117.68427,33.48443],[-117.68451,33.48358],[-117.68481,33.48281],[-117.68518,33.48199],[-117.68532,33.48135],[-117.68537,33.48077],[-117.68458,33.48052],[-117.68417,33.48037],[-117.68386,33.48026],[-117.68338,33.48008],[-117.68277,33.47986],[-117.6812,33.47928],[-117.68086,33.47916],[-117.6805,33.47903],[-117.68012,33.47889],[-117.67923,33.47856],[-117.67936,33.47733],[-117.6804,33.47596],[-117.68139,33.47484],[-117.68505,33.47552]]]}},{"type":"Feature","properties":{"county_fips":59,"srprec":"41298","precinct_id":"059-41298","county_name":"Orange","area_sq_mi":0.039,"place_primary":"Dana Point","place_primary_share":100.0,"place_also":[],"places":[{"name":"Dana Point","geoid":"0617946","kind":"city","pct":100.0}],"bbox":[-117.70666,33.47282,-117.70195,33.47649],"g22_asm":{"dem_pct":46.0,"margin_dem":-8.0,"votes_two_party":224,"winner":"Rep"},"g24_asm":{"dem_pct":44.1,"margin_dem":-11.8,"votes_two_party":272,"winner":"Rep"}},"geometry":{"type":"Polygon","coordinates":[[[-117.70535,33.47313],[-117.70535,33.47313],[-117.70541,33.47284],[-117.70541,33.47284],[-117.70541,33.47284],[-117.70558,33.47284],[-117.70611,33.47284],[-117.70628,33.47284],[-117.70628,33.47284],[-117.70647,33.47283],[-117.70647,33.47283],[-117.70666,33.47282],[-117.70666,33.47282],[-117.70666,33.47282],[-117.70666,33.47284],[-117.70664,33.47611],[-117.70664,33.47611],[-117.70664,33.47649],[-117.70664,33.47649],[-117.70664,33.47649],[-117.7065,33.47646],[-117.7065,33.47646],[-117.70617,33.47641],[-117.70617,33.47641],[-117.70579,33.47639],[-117.70579,33.47639],[-117.70454,33.47636],[-117.70454,33.47636],[-117.70272,33.47637],[-117.70195,33.47637],[-117.70195,33.47637],[-117.70195,33.47637],[-117.70196,33.47611],[-117.70196,33.47611],[-117.702,33.47599],[-117.702,33.47599],[-117.70216,33.47588],[-117.70216,33.47587],[-117.70254,33.47565],[-117.70254,33.47565],[-117.70269,33.47554],[-117.70269,33.47554],[-117.70363,33.47495],[-117.70363,33.47495],[-117.70384,33.47477],[-117.70384,33.47477],[-117.70442,33.47433],[-117.70442,33.47433],[-117.70513,33.47357],[-117.70517,33.47354],[-117.70519,33.47351],[-117.70519,33.47351],[-117.70521,33.47347],[-117.70532,33.4732],[-117.70535,33.47313]]]}},{"type":"Feature","properties":{"county_fips":59,"srprec":"41302","precinct_id":"059-41302","county_name":"Orange","area_sq_mi":0.07,"place_primary":"Dana Point","place_primary_share":98.5,"place_also":[],"places":[{"name":"Dana Point","geoid":"0617946","kind":"city","pct":98.5},{"name":"Laguna Niguel","geoid":"0639248","kind":"city","pct":1.5}],"bbox":[-117.70239,33.48701,-117.69733,33.49123],"g22_asm":{"dem_pct":49.4,"margin_dem":-1.2,"votes_two_party":243,"winner":"Rep"},"g24_asm":{"dem_pct":49.1,"margin_dem":-1.7,"votes_two_party":346,"winner":"Rep"}},"geometry":{"type":"Polygon","coordinates":[[[-117.69817,33.48725],[-117.69817,33.48725],[-117.69901,33.48724],[-117.70008,33.48723],[-117.702,33.48726],[-117.70238,33.48762],[-117.70238,33.48908],[-117.70239,33.49078],[-117.70216,33.49082],[-117.702,33.49087],[-117.70184,33.49093],[-117.7015,33.49102],[-117.70082,33.49115],[-117.70076,33.49112],[-117.70061,33.49113],[-117.70054,33.49114],[-117.70046,33.4912],[-117.70007,33.49123],[-117.70005,33.49123],[-117.69939,33.49123],[-117.69934,33.49119],[-117.69912,33.49118],[-117.69906,33.49122],[-117.69896,33.49121],[-117.69868,33.49118],[-117.69797,33.49106],[-117.69758,33.49096],[-117.69749,33.49094],[-117.69748,33.49094],[-117.69733,33.4909],[-117.69761,33.49034],[-117.69783,33.48954],[-117.69789,33.48925],[-117.69792,33.489],[-117.69797,33.48853],[-117.69797,33.48832],[-117.69797,33.48807],[-117.69798,33.48701],[-117.69798,33.48703],[-117.69816,33.48703],[-117.69817,33.48725]]]}},{"type":"Feature","properties":{"county_fips":59,"srprec":"41305","precinct_id":"059-41305","county_name":"Orange","area_sq_mi":0.076,"place_primary":"Dana Point","place_primary_share":100.0,"place_also":[],"places":[{"name":"Dana Point","geoid":"0617946","kind":"city","pct":100.0}],"bbox":[-117.68765,33.46417,-117.67972,33.47421],"g22_asm":{"dem_pct":38.4,"margin_dem":-23.2,"votes_two_party":138,"winner":"Rep"},"g24_asm":{"dem_pct":44.6,"margin_dem":-10.8,"votes_two_party":204,"winner":"Rep"}},"geometry":{"type":"Polygon","coordinates":[[[-117.68341,33.4642],[-117.68366,33.46417],[-117.68447,33.46423],[-117.68502,33.46435],[-117.68586,33.46458],[-117.68752,33.46504],[-117.68761,33.46512],[-117.6875,33.46516],[-117.68741,33.46514],[-117.6871,33.46542],[-117.68604,33.4664],[-117.68559,33.46688],[-117.68497,33.46776],[-117.68416,33.46902],[-117.68397,33.46941],[-117.68388,33.46978],[-117.68364,33.46977],[-117.68322,33.46962],[-117.68318,33.46958],[-117.68292,33.46972],[-117.68264,33.47],[-117.68165,33.47075],[-117.68119,33.47108],[-117.68106,33.47133],[-117.68037,33.47296],[-117.68005,33.47382],[-117.68017,33.47392],[-117.68021,33.47407],[-117.68018,33.47421],[-117.67987,33.47349],[-117.68081,33.47126],[-117.6817,33.46912],[-117.68228,33.46743],[-117.68238,33.467],[-117.68251,33.46653],[-117.683,33.46504],[-117.68332,33.46431],[-117.68341,33.4642]]]}},{"type":"Feature","properties":{"county_fips":59,"srprec":"41313","precinct_id":"059-41313","county_name":"Orange","area_sq_mi":0.061,"place_primary":"Dana Point","place_primary_share":96.8,"place_also":[],"places":[{"name":"Dana Point","geoid":"0617946","kind":"city","pct":96.8},{"name":"Laguna Niguel","geoid":"0639248","kind":"city","pct":3.2}],"bbox":[-117.72015,33.49027,-117.71545,33.49495],"g22_asm":{"dem_pct":62.0,"margin_dem":24.0,"votes_two_party":179,"winner":"Dem"},"g24_asm":{"dem_pct":54.9,"margin_dem":9.8,"votes_two_party":266,"winner":"Dem"}},"geometry":{"type":"Polygon","coordinates":[[[-117.71556,33.4931],[-117.71615,33.49241],[-117.7163,33.49174],[-117.71667,33.491],[-117.71834,33.49044],[-117.71932,33.49066],[-117.71941,33.4905],[-117.7199,33.49072],[-117.71973,33.4912],[-117.71969,33.49224],[-117.71992,33.49228],[-117.71988,33.49255],[-117.71984,33.49321],[-117.71985,33.49337],[-117.71987,33.49376],[-117.71995,33.49422],[-117.72006,33.49467],[-117.71991,33.49478],[-117.71966,33.49484],[-117.71954,33.49489],[-117.71912,33.49493],[-117.7187,33.49495],[-117.71832,33.49492],[-117.71793,33.49486],[-117.71755,33.49476],[-117.71726,33.49466],[-117.71712,33.49461],[-117.71684,33.49447],[-117.71613,33.494],[-117.71602,33.49389],[-117.71564,33.49348],[-117.71545,33.49319],[-117.71556,33.4931]]]}},{"type":"Feature","properties":{"county_fips":59,"srprec":"41375","precinct_id":"059-41375","county_name":"Orange","area_sq_mi":0.016,"place_primary":"Dana Point","place_primary_share":100.0,"place_also":[],"places":[{"name":"Dana Point","geoid":"0617946","kind":"city","pct":100.0}],"bbox":[-117.71217,33.488,-117.7068,33.48989],"g22_asm":{"dem_pct":100.0,"margin_dem":100.0,"votes_two_party":1,"winner":"Dem"},"g24_asm":null},"geometry":{"type":"Polygon","coordinates":[[[-117.71109,33.48849],[-117.71157,33.48847],[-117.71171,33.48862],[-117.71168,33.48871],[-117.71167,33.48873],[-117.71162,33.48888],[-117.71158,33.48896],[-117.71155,33.48904],[-117.71153,33.48908],[-117.71173,33.4892],[-117.71217,33.48947],[-117.71182,33.48989],[-117.71123,33.4896],[-117.71106,33.48953],[-117.71099,33.48948],[-117.71075,33.48937],[-117.71057,33.4893],[-117.70947,33.48898],[-117.70936,33.48896],[-117.70874,33.48886],[-117.70789,33.48884],[-117.70684,33.48892],[-117.70681,33.48893],[-117.7068,33.488],[-117.70748,33.48814],[-117.70793,33.48819],[-117.70855,33.48827],[-117.71034,33.48849],[-117.71067,33.48845],[-117.71071,33.48841],[-117.71082,33.4884],[-117.7109,33.48846],[-117.71108,33.48845],[-117.71109,33.48849]]]}},{"type":"Feature","properties":{"county_fips":59,"srprec":"41378","precinct_id":"059-41378","county_name":"Orange","area_sq_mi":0.689,"place_primary":"Dana Point","place_primary_share":100.0,"place_also":[],"places":[{"name":"Dana Point","geoid":"0617946","kind":"city","pct":100.0}],"bbox":[-117.72332,33.47587,-117.70658,33.49319],"g22_asm":{"dem_pct":42.0,"margin_dem":-16.0,"votes_two_party":1324,"winner":"Rep"},"g24_asm":{"dem_pct":41.4,"margin_dem":-17.2,"votes_two_party":1611,"winner":"Rep"}},"geometry":{"type":"MultiPolygon","coordinates":[[[[-117.71474,33.4772],[-117.71556,33.47645],[-117.7165,33.4759],[-117.71823,33.47836],[-117.72058,33.48124],[-117.72159,33.48215],[-117.72199,33.48234],[-117.72296,33.4832],[-117.72331,33.48353],[-117.71939,33.4905],[-117.71667,33.491],[-117.71591,33.49284],[-117.71543,33.49317],[-117.7147,33.49196],[-117.71377,33.491],[-117.7134,33.49074],[-117.71285,33.49041],[-117.71173,33.4892],[-117.71158,33.48896],[-117.71168,33.48871],[-117.71109,33.48849],[-117.71082,33.4884],[-117.71034,33.48849],[-117.70732,33.48811],[-117.70671,33.48771],[-117.7067,33.48135],[-117.70663,33.48116],[-117.70659,33.48045],[-117.70666,33.4765],[-117.70824,33.47719],[-117.7098,33.47836],[-117.71176,33.47911],[-117.71379,33.47919],[-117.71421,33.47802],[-117.71474,33.4772]]],[[[-117.71155,33.48904],[-117.71155,33.48904],[-117.71155,33.48904]]]]}},{"type":"Feature","properties":{"county_fips":59,"srprec":"41379","precinct_id":"059-41379","county_name":"Orange","area_sq_mi":0.265,"place_primary":"Dana Point","place_primary_share":100.0,"place_also":[],"places":[{"name":"Dana Point","geoid":"0617946","kind":"city","pct":100.0}],"bbox":[-117.71657,33.46913,-117.70664,33.47932],"g22_asm":{"dem_pct":35.7,"margin_dem":-28.5,"votes_two_party":904,"winner":"Rep"},"g24_asm":{"dem_pct":37.0,"margin_dem":-26.0,"votes_two_party":994,"winner":"Rep"}},"geometry":{"type":"Polygon","coordinates":[[[-117.71355,33.47108],[-117.71501,33.47327],[-117.71525,33.47385],[-117.71643,33.47567],[-117.7164,33.47596],[-117.71585,33.47626],[-117.71519,33.47673],[-117.71474,33.4772],[-117.71434,33.47778],[-117.71398,33.47855],[-117.71379,33.47919],[-117.71236,33.47919],[-117.71128,33.47901],[-117.71019,33.47856],[-117.70932,33.47802],[-117.70846,33.47735],[-117.70731,33.47669],[-117.70664,33.47649],[-117.70666,33.47277],[-117.70743,33.46921],[-117.7077,33.46925],[-117.70777,33.46915],[-117.70825,33.4692],[-117.70837,33.46936],[-117.70848,33.46928],[-117.70869,33.46929],[-117.70906,33.46939],[-117.70987,33.46978],[-117.71017,33.46998],[-117.71044,33.47024],[-117.71061,33.47044],[-117.71102,33.47112],[-117.71114,33.47143],[-117.71225,33.47109],[-117.71296,33.47082],[-117.71327,33.47067],[-117.71355,33.47108]]]}},{"type":"Feature","properties":{"county_fips":59,"srprec":"41801","precinct_id":"059-41801","county_name":"Orange","area_sq_mi":0.141,"place_primary":"Dana Point","place_primary_share":97.0,"place_also":[],"places":[{"name":"Dana Point","geoid":"0617946","kind":"city","pct":97.0}],"bbox":[-117.73229,33.48092,-117.72327,33.49105],"g22_asm":{"dem_pct":18.9,"margin_dem":-62.1,"votes_two_party":227,"winner":"Rep"},"g24_asm":{"dem_pct":18.2,"margin_dem":-63.6,"votes_two_party":247,"winner":"Rep"}},"geometry":{"type":"Polygon","coordinates":[[[-117.72475,33.48092],[-117.7248,33.48104],[-117.72495,33.48137],[-117.72512,33.48166],[-117.72527,33.48206],[-117.72544,33.48232],[-117.72672,33.48353],[-117.72722,33.48363],[-117.72777,33.48366],[-117.72838,33.48379],[-117.72909,33.48385],[-117.72978,33.48388],[-117.73017,33.48405],[-117.7305,33.48411],[-117.73142,33.4843],[-117.73187,33.48459],[-117.73203,33.48472],[-117.73225,33.48501],[-117.73226,33.4898],[-117.73226,33.49035],[-117.73227,33.49089],[-117.73229,33.49105],[-117.73214,33.49094],[-117.73151,33.49052],[-117.73084,33.48999],[-117.73011,33.48938],[-117.72825,33.48768],[-117.72801,33.48747],[-117.72735,33.48692],[-117.72722,33.48681],[-117.72565,33.48545],[-117.72391,33.48401],[-117.72332,33.48352],[-117.72327,33.48348],[-117.72411,33.48202],[-117.72468,33.48104],[-117.7247,33.48102],[-117.72475,33.48092]]]}},{"type":"Feature","properties":{"county_fips":59,"srprec":"41802","precinct_id":"059-41802","county_name":"Orange","area_sq_mi":0.336,"place_primary":"Dana Point","place_primary_share":100.0,"place_also":[],"places":[{"name":"Dana Point","geoid":"0617946","kind":"city","pct":100.0}],"bbox":[-117.71327,33.46544,-117.69638,33.47284],"g22_asm":{"dem_pct":45.3,"margin_dem":-9.3,"votes_two_party":1222,"winner":"Rep"},"g24_asm":{"dem_pct":46.3,"margin_dem":-7.5,"votes_two_party":1667,"winner":"Rep"}},"geometry":{"type":"Polygon","coordinates":[[[-117.70889,33.46558],[-117.70995,33.46605],[-117.71174,33.46836],[-117.71302,33.47028],[-117.71312,33.47074],[-117.71236,33.47106],[-117.71114,33.47143],[-117.71086,33.4708],[-117.71046,33.47026],[-117.71015,33.46995],[-117.7094,33.46951],[-117.70885,33.46931],[-117.70848,33.46928],[-117.70831,33.46932],[-117.70777,33.46913],[-117.70778,33.46922],[-117.70742,33.46921],[-117.70666,33.47282],[-117.70558,33.47284],[-117.70239,33.47283],[-117.6972,33.47282],[-117.6964,33.47087],[-117.69638,33.46873],[-117.69644,33.46755],[-117.69744,33.46742],[-117.6982,33.46728],[-117.69862,33.46721],[-117.70002,33.46692],[-117.70146,33.46666],[-117.70325,33.46629],[-117.70479,33.46599],[-117.70659,33.46553],[-117.70725,33.46546],[-117.70818,33.46546],[-117.70889,33.46558]]]}},{"type":"Feature","properties":{"county_fips":59,"srprec":"41803","precinct_id":"059-41803","county_name":"Orange","area_sq_mi":0.165,"place_primary":"Dana Point","place_primary_share":100.0,"place_also":[],"places":[{"name":"Dana Point","geoid":"0617946","kind":"city","pct":100.0}],"bbox":[-117.70541,33.47279,-117.69137,33.47644],"g22_asm":{"dem_pct":45.5,"margin_dem":-9.0,"votes_two_party":633,"winner":"Rep"},"g24_asm":{"dem_pct":46.4,"margin_dem":-7.3,"votes_two_party":781,"winner":"Rep"}},"geometry":{"type":"Polygon","coordinates":[[[-117.70541,33.47284],[-117.70532,33.4732],[-117.70519,33.47351],[-117.70442,33.47433],[-117.70384,33.47477],[-117.70269,33.47554],[-117.70254,33.47565],[-117.702,33.47599],[-117.70196,33.47611],[-117.70195,33.47637],[-117.70056,33.47637],[-117.69853,33.47634],[-117.69781,33.47633],[-117.69781,33.47633],[-117.69782,33.47639],[-117.69782,33.47644],[-117.69772,33.47643],[-117.69766,33.47643],[-117.69764,33.47633],[-117.69544,33.47632],[-117.69137,33.47632],[-117.69149,33.476],[-117.69158,33.47571],[-117.69174,33.47525],[-117.69212,33.47406],[-117.69218,33.47387],[-117.69229,33.47365],[-117.69239,33.4735],[-117.6927,33.47318],[-117.69298,33.47303],[-117.6931,33.47303],[-117.69325,33.47298],[-117.69351,33.47288],[-117.6938,33.47283],[-117.69449,33.47282],[-117.6972,33.47282],[-117.69782,33.47283],[-117.70108,33.47283],[-117.70239,33.47283],[-117.70318,33.47283],[-117.70536,33.47284],[-117.70541,33.47284]]]}},{"type":"Feature","properties":{"county_fips":59,"srprec":"41805","precinct_id":"059-41805","county_name":"Orange","area_sq_mi":0.193,"place_primary":"Dana Point","place_primary_share":99.9,"place_also":[],"places":[{"name":"Dana Point","geoid":"0617946","kind":"city","pct":99.9},{"name":"San Clemente","geoid":"0665084","kind":"city","pct":0.1}],"bbox":[-117.66852,33.45477,-117.65624,33.4639],"g22_asm":{"dem_pct":42.9,"margin_dem":-14.1,"votes_two_party":722,"winner":"Rep"},"g24_asm":{"dem_pct":40.4,"margin_dem":-19.1,"votes_two_party":900,"winner":"Rep"}},"geometry":{"type":"Polygon","coordinates":[[[-117.65982,33.45491],[-117.66019,33.45528],[-117.66043,33.45555],[-117.66076,33.45619],[-117.66108,33.45658],[-117.66155,33.45698],[-117.66206,33.45729],[-117.66259,33.4575],[-117.66347,33.45767],[-117.66405,33.45768],[-117.66456,33.45763],[-117.66508,33.45747],[-117.66545,33.45743],[-117.66606,33.45758],[-117.6666,33.4577],[-117.66698,33.45767],[-117.66722,33.45752],[-117.66826,33.45841],[-117.66846,33.45863],[-117.66852,33.45923],[-117.66843,33.45974],[-117.66685,33.45956],[-117.66615,33.46101],[-117.66629,33.46171],[-117.6667,33.46211],[-117.66526,33.46363],[-117.6627,33.46223],[-117.66107,33.46112],[-117.6595,33.46043],[-117.65713,33.45936],[-117.6566,33.45844],[-117.65692,33.45806],[-117.65737,33.45751],[-117.65824,33.4565],[-117.65871,33.45594],[-117.65962,33.45477],[-117.65982,33.45491]]]}},{"type":"Feature","properties":{"county_fips":59,"srprec":"41808","precinct_id":"059-41808","county_name":"Orange","area_sq_mi":0.102,"place_primary":"Dana Point","place_primary_share":100.0,"place_also":[],"places":[{"name":"Dana Point","geoid":"0617946","kind":"city","pct":100.0}],"bbox":[-117.69644,33.46578,-117.68984,33.47283],"g22_asm":{"dem_pct":52.9,"margin_dem":5.9,"votes_two_party":512,"winner":"Dem"},"g24_asm":{"dem_pct":48.7,"margin_dem":-2.6,"votes_two_party":694,"winner":"Rep"}},"geometry":{"type":"Polygon","coordinates":[[[-117.69043,33.46578],[-117.69206,33.46611],[-117.69316,33.46636],[-117.69342,33.46655],[-117.69373,33.46665],[-117.69471,33.46704],[-117.69494,33.46712],[-117.69555,33.46737],[-117.69608,33.46753],[-117.69638,33.46755],[-117.69643,33.46765],[-117.6964,33.46826],[-117.69638,33.46894],[-117.6964,33.47053],[-117.69638,33.47208],[-117.69638,33.47282],[-117.6938,33.47283],[-117.69379,33.47169],[-117.69381,33.47052],[-117.69381,33.46916],[-117.69361,33.46916],[-117.69185,33.46915],[-117.69149,33.46914],[-117.69033,33.46914],[-117.69037,33.46889],[-117.69028,33.46854],[-117.69013,33.46841],[-117.68992,33.46822],[-117.68984,33.468],[-117.68991,33.46756],[-117.69004,33.46737],[-117.6901,33.46738],[-117.69011,33.46738],[-117.6901,33.46674],[-117.69027,33.46621],[-117.69041,33.46584],[-117.69043,33.46578]]]}},{"type":"Feature","properties":{"county_fips":59,"srprec":"41810","precinct_id":"059-41810","county_name":"Orange","area_sq_mi":0.072,"place_primary":"Dana Point","place_primary_share":100.0,"place_also":[],"places":[{"name":"Dana Point","geoid":"0617946","kind":"city","pct":100.0}],"bbox":[-117.68495,33.46958,-117.68005,33.4755],"g22_asm":{"dem_pct":46.6,"margin_dem":-6.7,"votes_two_party":341,"winner":"Rep"},"g24_asm":{"dem_pct":47.4,"margin_dem":-5.2,"votes_two_party":426,"winner":"Rep"}},"geometry":{"type":"Polygon","coordinates":[[[-117.68113,33.47116],[-117.68148,33.4709],[-117.68197,33.4705],[-117.68272,33.46992],[-117.68298,33.46967],[-117.68318,33.46958],[-117.68321,33.46961],[-117.68348,33.46974],[-117.68381,33.46978],[-117.68388,33.46978],[-117.68389,33.47032],[-117.68398,33.47124],[-117.68407,33.47208],[-117.68408,33.47221],[-117.68413,33.47257],[-117.6843,33.47297],[-117.68472,33.47386],[-117.6848,33.47406],[-117.68486,33.47433],[-117.68492,33.47524],[-117.68436,33.47538],[-117.68274,33.47509],[-117.68139,33.47484],[-117.68056,33.47468],[-117.68015,33.4746],[-117.68015,33.47437],[-117.68021,33.47407],[-117.68021,33.47395],[-117.68007,33.47387],[-117.6801,33.47361],[-117.68037,33.47296],[-117.68068,33.47221],[-117.68113,33.47116]]]}},{"type":"Feature","properties":{"county_fips":59,"srprec":"41811","precinct_id":"059-41811","county_name":"Orange","area_sq_mi":0.103,"place_primary":"Dana Point","place_primary_share":97.6,"place_also":[],"places":[{"name":"Dana Point","geoid":"0617946","kind":"city","pct":97.6},{"name":"San Juan Capistrano","geoid":"0668028","kind":"city","pct":2.4}],"bbox":[-117.68213,33.46345,-117.67391,33.47019],"g22_asm":{"dem_pct":74.4,"margin_dem":48.7,"votes_two_party":78,"winner":"Dem"},"g24_asm":{"dem_pct":65.1,"margin_dem":30.1,"votes_two_party":146,"winner":"Dem"}},"geometry":{"type":"Polygon","coordinates":[[[-117.67627,33.46409],[-117.67682,33.46345],[-117.67923,33.46419],[-117.67986,33.46436],[-117.68137,33.46441],[-117.68208,33.46434],[-117.68213,33.46442],[-117.68161,33.46448],[-117.68063,33.46453],[-117.68067,33.46474],[-117.68043,33.46592],[-117.67934,33.46906],[-117.67911,33.46898],[-117.67684,33.46831],[-117.67604,33.46849],[-117.67585,33.46896],[-117.67576,33.46948],[-117.67575,33.46958],[-117.67572,33.4699],[-117.6757,33.47013],[-117.67562,33.47015],[-117.67553,33.47011],[-117.67534,33.46991],[-117.67496,33.46916],[-117.67463,33.46846],[-117.67399,33.46715],[-117.67405,33.46681],[-117.6742,33.46665],[-117.6746,33.46619],[-117.67505,33.46562],[-117.67532,33.4653],[-117.67603,33.4644],[-117.67627,33.46409]]]}},{"type":"Feature","properties":{"county_fips":59,"srprec":"41812","precinct_id":"059-41812","county_name":"Orange","area_sq_mi":0.013,"place_primary":"Dana Point","place_primary_share":100.0,"place_also":[],"places":[{"name":"Dana Point","geoid":"0617946","kind":"city","pct":100.0}],"bbox":[-117.72252,33.49312,-117.71984,33.49508],"g22_asm":{"dem_pct":16.7,"margin_dem":-66.7,"votes_two_party":30,"winner":"Rep"},"g24_asm":{"dem_pct":16.7,"margin_dem":-66.7,"votes_two_party":48,"winner":"Rep"}},"geometry":{"type":"Polygon","coordinates":[[[-117.72177,33.49374],[-117.72252,33.49414],[-117.72252,33.49465],[-117.72228,33.49507],[-117.72227,33.49508],[-117.72227,33.49507],[-117.7221,33.49495],[-117.72208,33.49491],[-117.72207,33.49489],[-117.72205,33.49485],[-117.72205,33.49485],[-117.72199,33.49483],[-117.72192,33.49483],[-117.72192,33.49483],[-117.72178,33.49476],[-117.72178,33.49476],[-117.72162,33.4947],[-117.72158,33.49468],[-117.7213,33.49461],[-117.7213,33.49461],[-117.72113,33.49459],[-117.72095,33.49459],[-117.72061,33.49462],[-117.72047,33.49466],[-117.72043,33.49464],[-117.7204,33.49462],[-117.72036,33.49461],[-117.72027,33.49462],[-117.7202,33.49464],[-117.72016,33.49465],[-117.71995,33.49422],[-117.71987,33.49376],[-117.71987,33.49365],[-117.71984,33.49322],[-117.71984,33.49321],[-117.72001,33.4932],[-117.72129,33.49312],[-117.72151,33.49352],[-117.72177,33.49374]]]}},{"type":"Feature","properties":{"county_fips":59,"srprec":"41813","precinct_id":"059-41813","county_name":"Orange","area_sq_mi":0.449,"place_primary":"Dana Point","place_primary_share":98.8,"place_also":[],"places":[{"name":"Dana Point","geoid":"0617946","kind":"city","pct":98.8},{"name":"Laguna Niguel","geoid":"0639248","kind":"city","pct":1.1}],"bbox":[-117.73233,33.48349,-117.71941,33.49823],"g22_asm":{"dem_pct":36.4,"margin_dem":-27.1,"votes_two_party":579,"winner":"Rep"},"g24_asm":{"dem_pct":37.2,"margin_dem":-25.5,"votes_two_party":749,"winner":"Rep"}},"geometry":{"type":"Polygon","coordinates":[[[-117.73232,33.4913],[-117.73231,33.49319],[-117.73228,33.49393],[-117.73161,33.49411],[-117.73134,33.49469],[-117.7312,33.49499],[-117.73202,33.49538],[-117.73218,33.49543],[-117.73226,33.49553],[-117.73069,33.49823],[-117.72986,33.49682],[-117.72908,33.4967],[-117.72852,33.49704],[-117.72787,33.49737],[-117.72785,33.49732],[-117.72772,33.49734],[-117.72768,33.49731],[-117.72729,33.49732],[-117.72404,33.49622],[-117.72329,33.49577],[-117.72239,33.49515],[-117.72252,33.49467],[-117.72151,33.49352],[-117.71984,33.49317],[-117.71973,33.49225],[-117.71978,33.49107],[-117.72072,33.48815],[-117.72332,33.48352],[-117.72661,33.48629],[-117.72824,33.48767],[-117.73084,33.48999],[-117.73219,33.49098],[-117.73232,33.49128],[-117.73232,33.4913]],[[-117.73226,33.49547],[-117.73226,33.49553],[-117.73226,33.49553],[-117.73226,33.49547]]]}},{"type":"Feature","properties":{"county_fips":59,"srprec":"48141","precinct_id":"059-48141","county_name":"Orange","area_sq_mi":0.659,"place_primary":"San Clemente","place_primary_share":96.0,"place_also":[],"places":[{"name":"San Clemente","geoid":"0665084","kind":"city","pct":96.0}],"bbox":[-117.60996,33.3869,-117.59361,33.41576],"g22_asm":{"dem_pct":32.3,"margin_dem":-35.3,"votes_two_party":1249,"winner":"Rep"},"g24_asm":{"dem_pct":33.5,"margin_dem":-33.0,"votes_two_party":1609,"winner":"Rep"}},"geometry":{"type":"Polygon","coordinates":[[[-117.60996,33.40824],[-117.60941,33.40905],[-117.60849,33.40959],[-117.60798,33.41063],[-117.60698,33.41109],[-117.60597,33.41157],[-117.60539,33.4105],[-117.60504,33.41046],[-117.60455,33.41077],[-117.60533,33.41161],[-117.6058,33.41228],[-117.60513,33.41361],[-117.60342,33.41576],[-117.60324,33.41541],[-117.60259,33.41412],[-117.60153,33.41202],[-117.60063,33.41022],[-117.59852,33.40606],[-117.59537,33.39981],[-117.59385,33.39718],[-117.59388,33.39579],[-117.59397,33.39523],[-117.59406,33.39491],[-117.59409,33.39482],[-117.59413,33.39454],[-117.59433,33.3939],[-117.59464,33.39289],[-117.5951,33.39115],[-117.5962,33.3869],[-117.59755,33.38938],[-117.59864,33.39228],[-117.60111,33.39757],[-117.60368,33.40081],[-117.60636,33.40442],[-117.6091,33.40732],[-117.60996,33.40824]]]}},{"type":"Feature","properties":{"county_fips":59,"srprec":"48142","precinct_id":"059-48142","county_name":"Orange","area_sq_mi":0.595,"place_primary":"San Clemente","place_primary_share":96.2,"place_also":[],"places":[{"name":"San Clemente","geoid":"0665084","kind":"city","pct":96.2}],"bbox":[-117.62034,33.40824,-117.60337,33.42698],"g22_asm":{"dem_pct":45.7,"margin_dem":-8.6,"votes_two_party":2616,"winner":"Rep"},"g24_asm":{"dem_pct":43.8,"margin_dem":-12.3,"votes_two_party":2642,"winner":"Rep"}},"geometry":{"type":"Polygon","coordinates":[[[-117.60858,33.40955],[-117.6095,33.40857],[-117.61098,33.4096],[-117.61494,33.41358],[-117.61878,33.41739],[-117.62019,33.41936],[-117.61763,33.41793],[-117.61663,33.41858],[-117.61534,33.41946],[-117.61426,33.42005],[-117.61388,33.42073],[-117.61525,33.42154],[-117.61652,33.42142],[-117.61665,33.42179],[-117.61647,33.4222],[-117.61545,33.42383],[-117.61465,33.42442],[-117.61124,33.42611],[-117.61065,33.4268],[-117.60991,33.42627],[-117.60856,33.42425],[-117.60809,33.42334],[-117.60732,33.42175],[-117.60482,33.41856],[-117.60387,33.41671],[-117.60382,33.4154],[-117.60613,33.41261],[-117.60545,33.41187],[-117.60455,33.41077],[-117.60524,33.41048],[-117.60537,33.41098],[-117.60649,33.41141],[-117.60827,33.41034],[-117.60858,33.40955]],[[-117.60481,33.41097],[-117.60477,33.41094],[-117.60477,33.41094],[-117.60481,33.41097]]]}},{"type":"Feature","properties":{"county_fips":59,"srprec":"48143","precinct_id":"059-48143","county_name":"Orange","area_sq_mi":0.954,"place_primary":"San Clemente","place_primary_share":97.7,"place_also":[],"places":[{"name":"San Clemente","geoid":"0665084","kind":"city","pct":97.7}],"bbox":[-117.64251,33.42683,-117.61436,33.445],"g22_asm":{"dem_pct":45.2,"margin_dem":-9.6,"votes_two_party":1551,"winner":"Rep"},"g24_asm":{"dem_pct":44.9,"margin_dem":-10.2,"votes_two_party":2206,"winner":"Rep"}},"geometry":{"type":"Polygon","coordinates":[[[-117.62843,33.42685],[-117.63192,33.43046],[-117.63358,33.43192],[-117.63578,33.43323],[-117.63744,33.43479],[-117.63972,33.43675],[-117.64251,33.43986],[-117.63956,33.43914],[-117.63737,33.441],[-117.63646,33.4406],[-117.63484,33.44088],[-117.63264,33.44276],[-117.63215,33.44284],[-117.63143,33.44486],[-117.62632,33.44113],[-117.62239,33.43904],[-117.62054,33.43799],[-117.61849,33.43646],[-117.61699,33.43446],[-117.61573,33.43262],[-117.61446,33.43102],[-117.61531,33.43041],[-117.61556,33.42981],[-117.61708,33.43006],[-117.61808,33.43023],[-117.61894,33.43034],[-117.62049,33.42835],[-117.62161,33.42716],[-117.62312,33.42833],[-117.62441,33.42933],[-117.62691,33.4281],[-117.62725,33.42743],[-117.62841,33.42687],[-117.62843,33.42685]]]}},{"type":"Feature","properties":{"county_fips":59,"srprec":"48147","precinct_id":"059-48147","county_name":"Orange","area_sq_mi":0.575,"place_primary":"San Clemente","place_primary_share":99.5,"place_also":[],"places":[{"name":"San Clemente","geoid":"0665084","kind":"city","pct":99.5}],"bbox":[-117.65147,33.43829,-117.631,33.45616],"g22_asm":{"dem_pct":39.5,"margin_dem":-21.0,"votes_two_party":1068,"winner":"Rep"},"g24_asm":{"dem_pct":41.2,"margin_dem":-17.5,"votes_two_party":1324,"winner":"Rep"}},"geometry":{"type":"Polygon","coordinates":[[[-117.64241,33.43881],[-117.64492,33.44022],[-117.64457,33.44104],[-117.64502,33.44142],[-117.64475,33.4419],[-117.64417,33.4419],[-117.64391,33.44275],[-117.64423,33.44272],[-117.64393,33.44352],[-117.6439,33.44402],[-117.64435,33.44481],[-117.64442,33.44544],[-117.64456,33.44546],[-117.64579,33.44621],[-117.6475,33.44838],[-117.64909,33.45158],[-117.6493,33.45189],[-117.65147,33.45616],[-117.64525,33.45343],[-117.64376,33.45271],[-117.638,33.44881],[-117.63421,33.44679],[-117.63386,33.44685],[-117.63203,33.44588],[-117.63115,33.44525],[-117.63136,33.445],[-117.63192,33.44394],[-117.63213,33.44266],[-117.63264,33.44276],[-117.63266,33.44277],[-117.63555,33.44147],[-117.63673,33.44077],[-117.63737,33.441],[-117.63956,33.43914],[-117.64251,33.43986],[-117.64241,33.43881]]]}},{"type":"Feature","properties":{"county_fips":59,"srprec":"48148","precinct_id":"059-48148","county_name":"Orange","area_sq_mi":2.156,"place_primary":"San Clemente","place_primary_share":100.0,"place_also":[],"places":[{"name":"San Clemente","geoid":"0665084","kind":"city","pct":100.0}],"bbox":[-117.61601,33.43309,-117.57848,33.45693],"g22_asm":{"dem_pct":41.7,"margin_dem":-16.6,"votes_two_party":2050,"winner":"Rep"},"g24_asm":{"dem_pct":42.6,"margin_dem":-14.9,"votes_two_party":2646,"winner":"Rep"}},"geometry":{"type":"Polygon","coordinates":[[[-117.60335,33.43878],[-117.60487,33.43945],[-117.60573,33.43988],[-117.60584,33.44018],[-117.60606,33.44021],[-117.60752,33.44067],[-117.61208,33.442],[-117.61501,33.44225],[-117.61592,33.44244],[-117.61503,33.4432],[-117.61356,33.44445],[-117.61106,33.44693],[-117.6098,33.44877],[-117.60904,33.4502],[-117.60855,33.45128],[-117.60726,33.45271],[-117.60556,33.45367],[-117.60013,33.45641],[-117.59569,33.45632],[-117.58683,33.4552],[-117.57851,33.45382],[-117.58062,33.44595],[-117.58354,33.43542],[-117.58674,33.43656],[-117.58869,33.43721],[-117.58947,33.43554],[-117.5903,33.43518],[-117.59314,33.43372],[-117.59453,33.43358],[-117.59614,33.4339],[-117.59961,33.43752],[-117.60089,33.43849],[-117.60273,33.43879],[-117.60335,33.43878]]]}},{"type":"Feature","properties":{"county_fips":59,"srprec":"48151","precinct_id":"059-48151","county_name":"Orange","area_sq_mi":1.956,"place_primary":"San Clemente","place_primary_share":100.0,"place_also":[],"places":[{"name":"San Clemente","geoid":"0665084","kind":"city","pct":100.0}],"bbox":[-117.61046,33.39684,-117.58342,33.43721],"g22_asm":{"dem_pct":41.0,"margin_dem":-17.9,"votes_two_party":2775,"winner":"Rep"},"g24_asm":{"dem_pct":40.3,"margin_dem":-19.4,"votes_two_party":3448,"winner":"Rep"}},"geometry":{"type":"Polygon","coordinates":[[[-117.60776,33.42745],[-117.60557,33.42815],[-117.60188,33.42888],[-117.60048,33.43035],[-117.59996,33.43177],[-117.59934,33.43147],[-117.59921,33.43128],[-117.5981,33.43179],[-117.59719,33.43149],[-117.59603,33.43218],[-117.5944,33.43364],[-117.59233,33.43397],[-117.5898,33.43565],[-117.58899,33.43712],[-117.58674,33.43656],[-117.58351,33.43541],[-117.58896,33.41442],[-117.59333,33.39784],[-117.59362,33.39684],[-117.59605,33.4011],[-117.5992,33.40736],[-117.60114,33.41122],[-117.60253,33.414],[-117.60334,33.41562],[-117.60452,33.41799],[-117.60659,33.4207],[-117.60779,33.42268],[-117.6083,33.42376],[-117.60888,33.42476],[-117.61042,33.4271],[-117.60977,33.42788],[-117.60968,33.42838],[-117.60904,33.42842],[-117.6083,33.42822],[-117.60776,33.42745]]]}},{"type":"Feature","properties":{"county_fips":59,"srprec":"48152","precinct_id":"059-48152","county_name":"Orange","area_sq_mi":0.092,"place_primary":"San Clemente","place_primary_share":100.0,"place_also":[],"places":[{"name":"San Clemente","geoid":"0665084","kind":"city","pct":100.0}],"bbox":[-117.62061,33.42247,-117.61271,33.43034],"g22_asm":{"dem_pct":50.5,"margin_dem":1.1,"votes_two_party":380,"winner":"Dem"},"g24_asm":{"dem_pct":47.3,"margin_dem":-5.4,"votes_two_party":573,"winner":"Rep"}},"geometry":{"type":"Polygon","coordinates":[[[-117.61971,33.42247],[-117.62002,33.42255],[-117.62022,33.42266],[-117.62046,33.42301],[-117.6204,33.42352],[-117.62053,33.42372],[-117.62059,33.42412],[-117.62049,33.42443],[-117.62001,33.42463],[-117.61896,33.42456],[-117.61854,33.42525],[-117.61845,33.42579],[-117.61852,33.42653],[-117.61829,33.42725],[-117.61703,33.42825],[-117.61602,33.42891],[-117.61567,33.42931],[-117.61558,33.42975],[-117.61552,33.43005],[-117.61535,33.43034],[-117.61437,33.42986],[-117.61326,33.42894],[-117.61323,33.4282],[-117.61282,33.42772],[-117.6132,33.42729],[-117.6151,33.42597],[-117.61661,33.42489],[-117.61723,33.42432],[-117.61764,33.42365],[-117.61846,33.42321],[-117.61867,33.42303],[-117.61886,33.4227],[-117.61911,33.42263],[-117.6197,33.42247],[-117.61971,33.42247]]]}},{"type":"Feature","properties":{"county_fips":59,"srprec":"48155","precinct_id":"059-48155","county_name":"Orange","area_sq_mi":1.155,"place_primary":"San Clemente","place_primary_share":100.0,"place_also":[],"places":[{"name":"San Clemente","geoid":"0665084","kind":"city","pct":100.0}],"bbox":[-117.63349,33.45592,-117.60464,33.47514],"g22_asm":{"dem_pct":36.4,"margin_dem":-27.3,"votes_two_party":1972,"winner":"Rep"},"g24_asm":{"dem_pct":37.5,"margin_dem":-24.9,"votes_two_party":2514,"winner":"Rep"}},"geometry":{"type":"Polygon","coordinates":[[[-117.61975,33.46141],[-117.62136,33.46184],[-117.62305,33.462],[-117.62483,33.46305],[-117.62667,33.46524],[-117.62873,33.46599],[-117.63071,33.46651],[-117.63206,33.46762],[-117.63313,33.46868],[-117.63277,33.46952],[-117.62915,33.47242],[-117.62888,33.47358],[-117.62722,33.47359],[-117.62622,33.47375],[-117.62388,33.47458],[-117.62083,33.47492],[-117.61882,33.47513],[-117.61708,33.47472],[-117.61629,33.4742],[-117.61435,33.47268],[-117.61049,33.47158],[-117.60966,33.47075],[-117.60836,33.46891],[-117.60474,33.46397],[-117.60539,33.46342],[-117.60842,33.46152],[-117.61193,33.4595],[-117.61321,33.45782],[-117.61582,33.45637],[-117.61749,33.45603],[-117.61826,33.45807],[-117.61871,33.4602],[-117.61894,33.46044],[-117.61975,33.46141]]]}},{"type":"Feature","properties":{"county_fips":59,"srprec":"48156","precinct_id":"059-48156","county_name":"Orange","area_sq_mi":1.23,"place_primary":"San Clemente","place_primary_share":100.0,"place_also":[],"places":[{"name":"San Clemente","geoid":"0665084","kind":"city","pct":100.0}],"bbox":[-117.63121,33.43894,-117.6006,33.46386],"g22_asm":{"dem_pct":35.8,"margin_dem":-28.4,"votes_two_party":1458,"winner":"Rep"},"g24_asm":{"dem_pct":37.1,"margin_dem":-25.8,"votes_two_party":1785,"winner":"Rep"}},"geometry":{"type":"Polygon","coordinates":[[[-117.62265,33.43894],[-117.63121,33.44488],[-117.63074,33.44561],[-117.62907,33.44673],[-117.62824,33.44725],[-117.62778,33.4478],[-117.62691,33.44965],[-117.6262,33.45068],[-117.62532,33.45116],[-117.62268,33.45186],[-117.62068,33.45364],[-117.61855,33.45546],[-117.61756,33.45601],[-117.61536,33.45649],[-117.61371,33.45736],[-117.61242,33.45887],[-117.60988,33.46093],[-117.60686,33.46224],[-117.60478,33.46379],[-117.60449,33.46369],[-117.60312,33.46093],[-117.60264,33.45918],[-117.60125,33.45681],[-117.6006,33.45617],[-117.60643,33.45322],[-117.6085,33.45136],[-117.60926,33.44968],[-117.61137,33.44647],[-117.61414,33.44396],[-117.61592,33.44244],[-117.61735,33.44124],[-117.61895,33.44016],[-117.62121,33.43933],[-117.62233,33.43901],[-117.62265,33.43894]]]}},{"type":"Feature","properties":{"county_fips":59,"srprec":"48157","precinct_id":"059-48157","county_name":"Orange","area_sq_mi":1.499,"place_primary":"San Clemente","place_primary_share":100.0,"place_also":[],"places":[{"name":"San Clemente","geoid":"0665084","kind":"city","pct":100.0}],"bbox":[-117.64382,33.4452,-117.61749,33.46906],"g22_asm":{"dem_pct":37.0,"margin_dem":-26.0,"votes_two_party":2558,"winner":"Rep"},"g24_asm":{"dem_pct":38.2,"margin_dem":-23.6,"votes_two_party":3219,"winner":"Rep"}},"geometry":{"type":"Polygon","coordinates":[[[-117.62788,33.44765],[-117.62863,33.44699],[-117.63068,33.44567],[-117.6316,33.44558],[-117.63387,33.44686],[-117.63756,33.44854],[-117.64376,33.45271],[-117.64237,33.4543],[-117.64138,33.45621],[-117.64222,33.45698],[-117.64331,33.45749],[-117.6435,33.45946],[-117.64183,33.46324],[-117.63997,33.46551],[-117.63818,33.46678],[-117.63352,33.46898],[-117.63258,33.46815],[-117.6316,33.46719],[-117.6298,33.46616],[-117.62713,33.46554],[-117.6258,33.46425],[-117.62364,33.46224],[-117.62151,33.46183],[-117.62032,33.46168],[-117.6188,33.46047],[-117.6186,33.45959],[-117.61791,33.45709],[-117.61761,33.45599],[-117.61947,33.45479],[-117.62228,33.45209],[-117.62532,33.45116],[-117.62652,33.45034],[-117.62765,33.44805],[-117.62788,33.44765]]]}},{"type":"Feature","properties":{"county_fips":59,"srprec":"48161","precinct_id":"059-48161","county_name":"Orange","area_sq_mi":0.207,"place_primary":"San Clemente","place_primary_share":98.4,"place_also":[],"places":[{"name":"San Clemente","geoid":"0665084","kind":"city","pct":98.4},{"name":"Dana Point","geoid":"0617946","kind":"city","pct":1.6}],"bbox":[-117.65997,33.44894,-117.64919,33.45885],"g22_asm":{"dem_pct":46.4,"margin_dem":-7.1,"votes_two_party":771,"winner":"Rep"},"g24_asm":{"dem_pct":44.4,"margin_dem":-11.3,"votes_two_party":994,"winner":"Rep"}},"geometry":{"type":"Polygon","coordinates":[[[-117.65304,33.44971],[-117.65368,33.44912],[-117.65387,33.44926],[-117.65292,33.45015],[-117.65343,33.45054],[-117.65451,33.45136],[-117.65541,33.45179],[-117.65722,33.45264],[-117.65721,33.45265],[-117.65702,33.45291],[-117.65659,33.45338],[-117.65659,33.45338],[-117.65677,33.45345],[-117.65721,33.45376],[-117.65791,33.45413],[-117.65825,33.45381],[-117.65838,33.45361],[-117.65914,33.45407],[-117.65997,33.45447],[-117.659,33.45558],[-117.65828,33.45644],[-117.6579,33.45689],[-117.65724,33.45767],[-117.65684,33.45816],[-117.6565,33.45856],[-117.65614,33.45879],[-117.65147,33.45616],[-117.65103,33.45544],[-117.6493,33.45189],[-117.64923,33.45156],[-117.64967,33.45089],[-117.65131,33.44894],[-117.65131,33.44894],[-117.65209,33.44953],[-117.65272,33.45],[-117.65304,33.44971]]]}},{"type":"Feature","properties":{"county_fips":59,"srprec":"48165","precinct_id":"059-48165","county_name":"Orange","area_sq_mi":1.73,"place_primary":"San Clemente","place_primary_share":99.9,"place_also":[],"places":[{"name":"San Clemente","geoid":"0665084","kind":"city","pct":99.9}],"bbox":[-117.60474,33.45334,-117.5712,33.47355],"g22_asm":{"dem_pct":39.2,"margin_dem":-21.7,"votes_two_party":2640,"winner":"Rep"},"g24_asm":{"dem_pct":41.3,"margin_dem":-17.5,"votes_two_party":3392,"winner":"Rep"}},"geometry":{"type":"Polygon","coordinates":[[[-117.57462,33.46899],[-117.57788,33.46729],[-117.57858,33.46448],[-117.57439,33.46217],[-117.5712,33.45591],[-117.57143,33.45463],[-117.57213,33.45447],[-117.57368,33.45337],[-117.58683,33.4552],[-117.59588,33.45645],[-117.59916,33.45694],[-117.60402,33.46402],[-117.60466,33.46401],[-117.60345,33.46449],[-117.60234,33.46465],[-117.59999,33.46467],[-117.59754,33.4643],[-117.59749,33.46499],[-117.59686,33.46698],[-117.59672,33.46809],[-117.59701,33.46919],[-117.59657,33.47155],[-117.59492,33.47207],[-117.59357,33.47269],[-117.59208,33.47323],[-117.58804,33.47135],[-117.58706,33.47121],[-117.5851,33.47325],[-117.58292,33.47334],[-117.5823,33.47325],[-117.58023,33.47274],[-117.58002,33.47316],[-117.5794,33.47299],[-117.57802,33.47324],[-117.57462,33.46899]]]}},{"type":"Feature","properties":{"county_fips":59,"srprec":"48166","precinct_id":"059-48166","county_name":"Orange","area_sq_mi":0.889,"place_primary":"San Clemente","place_primary_share":100.0,"place_also":[],"places":[{"name":"San Clemente","geoid":"0665084","kind":"city","pct":100.0}],"bbox":[-117.62228,33.42707,-117.59518,33.44236],"g22_asm":{"dem_pct":40.3,"margin_dem":-19.5,"votes_two_party":1351,"winner":"Rep"},"g24_asm":{"dem_pct":40.1,"margin_dem":-19.8,"votes_two_party":1631,"winner":"Rep"}},"geometry":{"type":"Polygon","coordinates":[[[-117.60696,33.42839],[-117.60833,33.42828],[-117.60907,33.42843],[-117.60968,33.42838],[-117.60977,33.42788],[-117.61046,33.42707],[-117.61253,33.42957],[-117.61569,33.43257],[-117.61663,33.43396],[-117.61841,33.43637],[-117.62054,33.43799],[-117.62205,33.43906],[-117.6202,33.43981],[-117.61849,33.4404],[-117.61659,33.44188],[-117.6144,33.4422],[-117.60762,33.441],[-117.60607,33.44033],[-117.60584,33.44018],[-117.60556,33.43987],[-117.6039,33.43898],[-117.60251,33.43882],[-117.60002,33.43792],[-117.59945,33.43733],[-117.59581,33.43242],[-117.59711,33.43147],[-117.59793,33.43178],[-117.59878,33.43131],[-117.59932,33.43139],[-117.59965,33.43178],[-117.60001,33.43079],[-117.60188,33.42888],[-117.60577,33.42807],[-117.60696,33.42839]]]}},{"type":"Feature","properties":{"county_fips":59,"srprec":"48169","precinct_id":"059-48169","county_name":"Orange","area_sq_mi":1.09,"place_primary":"San Clemente","place_primary_share":99.7,"place_also":[],"places":[{"name":"San Clemente","geoid":"0665084","kind":"city","pct":99.7},{"name":"San Juan Capistrano","geoid":"0668028","kind":"city","pct":0.3}],"bbox":[-117.64487,33.46533,-117.60882,33.48119],"g22_asm":{"dem_pct":35.8,"margin_dem":-28.3,"votes_two_party":1825,"winner":"Rep"},"g24_asm":{"dem_pct":36.7,"margin_dem":-26.5,"votes_two_party":2259,"winner":"Rep"}},"geometry":{"type":"Polygon","coordinates":[[[-117.64135,33.4663],[-117.64212,33.46662],[-117.64245,33.46753],[-117.64315,33.46754],[-117.6438,33.4678],[-117.64412,33.4692],[-117.64487,33.46982],[-117.64264,33.47818],[-117.63326,33.48003],[-117.62718,33.47866],[-117.61945,33.47971],[-117.6131,33.47928],[-117.60882,33.47564],[-117.61,33.47248],[-117.61207,33.47171],[-117.61489,33.47303],[-117.61639,33.47429],[-117.61708,33.47472],[-117.61873,33.47512],[-117.62004,33.47502],[-117.62252,33.47485],[-117.62478,33.47423],[-117.62629,33.47373],[-117.62722,33.47359],[-117.62888,33.47362],[-117.62899,33.47287],[-117.62976,33.47148],[-117.63349,33.46912],[-117.63352,33.46898],[-117.63755,33.46716],[-117.63966,33.46575],[-117.64023,33.46533],[-117.64054,33.46584],[-117.64097,33.46593],[-117.64135,33.4663]],[[-117.63307,33.47898],[-117.63307,33.47898],[-117.63307,33.47898],[-117.63307,33.47898]]]}},{"type":"Feature","properties":{"county_fips":59,"srprec":"48173","precinct_id":"059-48173","county_name":"Orange","area_sq_mi":0.988,"place_primary":"San Clemente","place_primary_share":100.0,"place_also":[],"places":[{"name":"San Clemente","geoid":"0665084","kind":"city","pct":100.0}],"bbox":[-117.60952,33.46438,-117.5837,33.4849],"g22_asm":{"dem_pct":36.6,"margin_dem":-26.9,"votes_two_party":2265,"winner":"Rep"},"g24_asm":{"dem_pct":39.7,"margin_dem":-20.6,"votes_two_party":1728,"winner":"Rep"}},"geometry":{"type":"Polygon","coordinates":[[[-117.58625,33.4849],[-117.587,33.48449],[-117.58853,33.48422],[-117.58982,33.48361],[-117.59151,33.4833],[-117.59252,33.48187],[-117.59179,33.48087],[-117.59135,33.47964],[-117.59166,33.47853],[-117.59131,33.4777],[-117.59037,33.47697],[-117.58885,33.47689],[-117.58493,33.4784],[-117.5837,33.47739],[-117.58424,33.47672],[-117.58607,33.47583],[-117.58953,33.47436],[-117.59149,33.47356],[-117.59201,33.47323],[-117.59266,33.47389],[-117.59418,33.47234],[-117.59225,33.4734],[-117.59436,33.47219],[-117.59657,33.47155],[-117.59904,33.4699],[-117.60218,33.4659],[-117.60226,33.46466],[-117.60588,33.46954],[-117.60835,33.47717],[-117.60854,33.47896],[-117.60917,33.48142],[-117.6057,33.4835],[-117.59425,33.48432],[-117.58625,33.4849]]]}},{"type":"Feature","properties":{"county_fips":59,"srprec":"48245","precinct_id":"059-48245","county_name":"Orange","area_sq_mi":0.044,"place_primary":"San Clemente","place_primary_share":100.0,"place_also":[],"places":[{"name":"San Clemente","geoid":"0665084","kind":"city","pct":100.0}],"bbox":[-117.64989,33.44165,-117.64389,33.44538],"g22_asm":{"dem_pct":38.7,"margin_dem":-22.5,"votes_two_party":142,"winner":"Rep"},"g24_asm":{"dem_pct":36.2,"margin_dem":-27.5,"votes_two_party":149,"winner":"Rep"}},"geometry":{"type":"Polygon","coordinates":[[[-117.64945,33.44493],[-117.64856,33.44518],[-117.64832,33.44508],[-117.64805,33.44502],[-117.64773,33.44499],[-117.64755,33.44499],[-117.64752,33.44499],[-117.64748,33.44499],[-117.64746,33.445],[-117.64744,33.445],[-117.64741,33.445],[-117.64738,33.445],[-117.64736,33.44501],[-117.64734,33.44501],[-117.64732,33.44501],[-117.6473,33.44502],[-117.64728,33.44502],[-117.64727,33.44502],[-117.64726,33.44502],[-117.64725,33.44502],[-117.64724,33.44503],[-117.64723,33.44503],[-117.64722,33.44503],[-117.64722,33.44503],[-117.64721,33.44503],[-117.64598,33.44534],[-117.64448,33.44491],[-117.64395,33.44424],[-117.64399,33.44334],[-117.64447,33.44236],[-117.64648,33.44267],[-117.64788,33.4437],[-117.64989,33.44523],[-117.64945,33.44493]]]}},{"type":"Feature","properties":{"county_fips":59,"srprec":"48249","precinct_id":"059-48249","county_name":"Orange","area_sq_mi":0.229,"place_primary":"San Clemente","place_primary_share":92.6,"place_also":[],"places":[{"name":"San Clemente","geoid":"0665084","kind":"city","pct":92.6}],"bbox":[-117.62839,33.41763,-117.61558,33.43039],"g22_asm":{"dem_pct":50.2,"margin_dem":0.5,"votes_two_party":880,"winner":"Dem"},"g24_asm":{"dem_pct":47.1,"margin_dem":-5.8,"votes_two_party":1200,"winner":"Rep"}},"geometry":{"type":"MultiPolygon","coordinates":[[[[-117.62839,33.42684],[-117.62838,33.42683],[-117.62838,33.42683],[-117.62838,33.42683],[-117.62838,33.42683],[-117.62838,33.42683],[-117.62839,33.42684]]],[[[-117.62838,33.42683],[-117.62749,33.42772],[-117.62572,33.42839],[-117.62344,33.42858],[-117.6227,33.42801],[-117.62143,33.42727],[-117.61934,33.42966],[-117.61886,33.43037],[-117.61782,33.43019],[-117.61566,33.42977],[-117.61573,33.42917],[-117.61703,33.42825],[-117.6185,33.4264],[-117.61854,33.42525],[-117.62,33.42463],[-117.62054,33.42425],[-117.62036,33.42359],[-117.62044,33.42296],[-117.62,33.42254],[-117.61924,33.42257],[-117.61881,33.42216],[-117.61911,33.42092],[-117.61958,33.42072],[-117.61991,33.42036],[-117.61939,33.41956],[-117.62028,33.41947],[-117.62231,33.41837],[-117.62344,33.41776],[-117.62352,33.41787],[-117.62238,33.41845],[-117.62063,33.41957],[-117.62349,33.42257],[-117.62635,33.42475],[-117.62838,33.42683]]]]}},{"type":"Feature","properties":{"county_fips":59,"srprec":"48250","precinct_id":"059-48250","county_name":"Orange","area_sq_mi":0.034,"place_primary":"San Clemente","place_primary_share":98.0,"place_also":[],"places":[{"name":"San Clemente","geoid":"0665084","kind":"city","pct":98.0},{"name":"Dana Point","geoid":"0617946","kind":"city","pct":2.0}],"bbox":[-117.65011,33.44473,-117.6443,33.44838],"g22_asm":{"dem_pct":48.2,"margin_dem":-3.5,"votes_two_party":199,"winner":"Rep"},"g24_asm":{"dem_pct":50.2,"margin_dem":0.4,"votes_two_party":247,"winner":"Dem"}},"geometry":{"type":"MultiPolygon","coordinates":[[[[-117.64768,33.44499],[-117.648,33.44501],[-117.64832,33.44508],[-117.6486,33.44519],[-117.64955,33.445],[-117.64815,33.44772],[-117.6475,33.44838],[-117.64577,33.4462],[-117.64442,33.44544],[-117.64448,33.44491],[-117.6458,33.44537],[-117.6472,33.44503],[-117.64721,33.44503],[-117.64722,33.44503],[-117.64723,33.44503],[-117.64724,33.44503],[-117.64725,33.44502],[-117.64726,33.44502],[-117.64727,33.44502],[-117.64728,33.44502],[-117.64729,33.44502],[-117.6473,33.44502],[-117.64732,33.44501],[-117.64734,33.44501],[-117.64736,33.44501],[-117.64739,33.445],[-117.64741,33.445],[-117.64743,33.445],[-117.64746,33.445],[-117.64748,33.44499],[-117.64751,33.44499],[-117.64754,33.44499],[-117.64757,33.44499],[-117.64768,33.44499]]],[[[-117.64441,33.44485],[-117.64441,33.44485],[-117.64441,33.44485],[-117.64441,33.44485],[-117.64441,33.44485]]]]}},{"type":"Feature","properties":{"county_fips":59,"srprec":"48252","precinct_id":"059-48252","county_name":"Orange","area_sq_mi":0.357,"place_primary":"San Clemente","place_primary_share":98.8,"place_also":[],"places":[{"name":"San Clemente","geoid":"0665084","kind":"city","pct":98.8},{"name":"San Juan Capistrano","geoid":"0668028","kind":"city","pct":1.2}],"bbox":[-117.65467,33.45668,-117.64023,33.46982],"g22_asm":{"dem_pct":40.2,"margin_dem":-19.7,"votes_two_party":712,"winner":"Rep"},"g24_asm":{"dem_pct":30.4,"margin_dem":-39.2,"votes_two_party":365,"winner":"Rep"}},"geometry":{"type":"MultiPolygon","coordinates":[[[[-117.6514,33.45986],[-117.65096,33.46078],[-117.65062,33.46129],[-117.65039,33.46176],[-117.65039,33.46252],[-117.64951,33.46455],[-117.65206,33.46574],[-117.65342,33.4651],[-117.65181,33.46628],[-117.65021,33.46703],[-117.65018,33.46703],[-117.64957,33.46707],[-117.64504,33.46967],[-117.64416,33.46955],[-117.64407,33.46865],[-117.64352,33.46756],[-117.64291,33.46761],[-117.64245,33.46753],[-117.64212,33.46662],[-117.64186,33.46645],[-117.6414,33.46603],[-117.64085,33.46597],[-117.64063,33.4656],[-117.64031,33.46523],[-117.64264,33.46186],[-117.64346,33.45985],[-117.64382,33.45773],[-117.6438,33.45768],[-117.6443,33.45716],[-117.64502,33.45678],[-117.64672,33.45681],[-117.65017,33.45791],[-117.65146,33.45923],[-117.6514,33.45986]]],[[[-117.64885,33.46658],[-117.64886,33.46658],[-117.64957,33.46707],[-117.64892,33.46663],[-117.64886,33.46658],[-117.64885,33.46658],[-117.64885,33.46658],[-117.64885,33.46658],[-117.64885,33.46658]]]]}},{"type":"Feature","properties":{"county_fips":59,"srprec":"48257","precinct_id":"059-48257","county_name":"Orange","area_sq_mi":0.159,"place_primary":"San Clemente","place_primary_share":98.7,"place_also":[],"places":[{"name":"San Clemente","geoid":"0665084","kind":"city","pct":98.7},{"name":"San Juan Capistrano","geoid":"0668028","kind":"city","pct":1.1},{"name":"Dana Point","geoid":"0617946","kind":"city","pct":0.2}],"bbox":[-117.66645,33.46327,-117.65063,33.4684],"g22_asm":{"dem_pct":41.7,"margin_dem":-16.5,"votes_two_party":381,"winner":"Rep"},"g24_asm":{"dem_pct":44.6,"margin_dem":-10.9,"votes_two_party":460,"winner":"Rep"}},"geometry":{"type":"Polygon","coordinates":[[[-117.66645,33.46693],[-117.66629,33.4671],[-117.6662,33.46714],[-117.66608,33.46709],[-117.66581,33.46736],[-117.6653,33.46812],[-117.66423,33.46838],[-117.6636,33.46833],[-117.66159,33.46804],[-117.66121,33.46805],[-117.66015,33.46809],[-117.6601,33.46809],[-117.6601,33.46808],[-117.66003,33.46808],[-117.6598,33.46809],[-117.6598,33.4678],[-117.65507,33.46783],[-117.65452,33.46784],[-117.6545,33.46734],[-117.65318,33.46733],[-117.65064,33.46712],[-117.65072,33.46706],[-117.65466,33.4642],[-117.65469,33.46407],[-117.65507,33.46419],[-117.65542,33.46343],[-117.65617,33.46367],[-117.65643,33.46329],[-117.65647,33.46332],[-117.65652,33.46334],[-117.65633,33.46372],[-117.6616,33.46539],[-117.66629,33.46688],[-117.66645,33.46693]]]}},{"type":"Feature","properties":{"county_fips":59,"srprec":"48258","precinct_id":"059-48258","county_name":"Orange","area_sq_mi":0.028,"place_primary":"San Clemente","place_primary_share":93.1,"place_also":[],"places":[{"name":"San Clemente","geoid":"0665084","kind":"city","pct":93.1},{"name":"Dana Point","geoid":"0617946","kind":"city","pct":6.9}],"bbox":[-117.65624,33.45616,-117.6514,33.46059],"g22_asm":{"dem_pct":66.7,"margin_dem":33.3,"votes_two_party":3,"winner":"Dem"},"g24_asm":null},"geometry":{"type":"Polygon","coordinates":[[[-117.6518,33.45696],[-117.6515,33.4564],[-117.6514,33.45621],[-117.65154,33.45627],[-117.65147,33.45616],[-117.65195,33.45638],[-117.65618,33.45882],[-117.65624,33.45885],[-117.65608,33.45903],[-117.65601,33.45912],[-117.65579,33.45941],[-117.6557,33.45951],[-117.65561,33.45961],[-117.65546,33.45978],[-117.65542,33.45982],[-117.65526,33.45993],[-117.65518,33.45997],[-117.65511,33.46001],[-117.65502,33.46006],[-117.65477,33.46016],[-117.65437,33.46018],[-117.65402,33.46016],[-117.65405,33.46027],[-117.65411,33.46039],[-117.65371,33.46055],[-117.65361,33.46059],[-117.65352,33.4604],[-117.65332,33.45997],[-117.65332,33.45997],[-117.65291,33.45917],[-117.65291,33.45916],[-117.65328,33.45873],[-117.65372,33.4582],[-117.65303,33.45768],[-117.6518,33.45696],[-117.6518,33.45696],[-117.6518,33.45696],[-117.65179,33.45695],[-117.6518,33.45696]]]}},{"type":"Feature","properties":{"county_fips":59,"srprec":"48259","precinct_id":"059-48259","county_name":"Orange","area_sq_mi":0.002,"place_primary":"San Clemente","place_primary_share":100.0,"place_also":[],"places":[{"name":"San Clemente","geoid":"0665084","kind":"city","pct":100.0}],"bbox":[-117.64543,33.44131,-117.64391,33.44275],"g22_asm":{"dem_pct":0.0,"margin_dem":-100.0,"votes_two_party":1,"winner":"Rep"},"g24_asm":null},"geometry":{"type":"MultiPolygon","coordinates":[[[[-117.6454,33.44156],[-117.64536,33.44162],[-117.64536,33.44162],[-117.6453,33.44169],[-117.6454,33.44156]]],[[[-117.6454,33.44156],[-117.64525,33.44174],[-117.64524,33.44175],[-117.64524,33.44175],[-117.64511,33.44166],[-117.64509,33.44165],[-117.64509,33.44165],[-117.64508,33.44166],[-117.64497,33.44178],[-117.64447,33.44236],[-117.64433,33.44256],[-117.64425,33.44268],[-117.64424,33.4427],[-117.64406,33.44275],[-117.64391,33.44275],[-117.64391,33.44275],[-117.644,33.44251],[-117.64416,33.44257],[-117.64416,33.44257],[-117.64455,33.44213],[-117.64455,33.44212],[-117.64417,33.4419],[-117.64429,33.44172],[-117.64429,33.44172],[-117.64468,33.44199],[-117.64468,33.44199],[-117.64475,33.4419],[-117.64498,33.44162],[-117.64498,33.44162],[-117.64497,33.44161],[-117.64494,33.44157],[-117.64494,33.44156],[-117.64502,33.44142],[-117.64506,33.44132],[-117.64507,33.44131],[-117.64511,33.44133],[-117.64543,33.44153],[-117.64542,33.44153],[-117.64542,33.44153],[-117.6454,33.44156]]]]}},{"type":"Feature","properties":{"county_fips":59,"srprec":"48800","precinct_id":"059-48800","county_name":"Orange","area_sq_mi":0.103,"place_primary":"San Clemente","place_primary_share":100.0,"place_also":[],"places":[{"name":"San Clemente","geoid":"0665084","kind":"city","pct":100.0}],"bbox":[-117.60254,33.4643,-117.59657,33.47161],"g22_asm":null,"g24_asm":{"dem_pct":31.1,"margin_dem":-37.8,"votes_two_party":241,"winner":"Rep"}},"geometry":{"type":"Polygon","coordinates":[[[-117.59751,33.46444],[-117.59754,33.4643],[-117.59762,33.46431],[-117.59968,33.46463],[-117.59992,33.46466],[-117.60036,33.46471],[-117.60077,33.46473],[-117.60157,33.46474],[-117.60226,33.46466],[-117.60226,33.46481],[-117.60239,33.46532],[-117.60254,33.46554],[-117.60224,33.46579],[-117.60218,33.4659],[-117.60213,33.46614],[-117.602,33.46667],[-117.60212,33.46816],[-117.60095,33.46893],[-117.59963,33.46981],[-117.59904,33.4699],[-117.59809,33.47068],[-117.59708,33.47124],[-117.59658,33.47161],[-117.59657,33.47155],[-117.59693,33.47143],[-117.59757,33.47097],[-117.59736,33.47023],[-117.59701,33.46919],[-117.59687,33.46885],[-117.59679,33.46851],[-117.59672,33.4681],[-117.59674,33.4677],[-117.59678,33.4673],[-117.59685,33.46705],[-117.59686,33.46698],[-117.59697,33.46652],[-117.59725,33.46583],[-117.59746,33.46522],[-117.59749,33.46481],[-117.59758,33.46445],[-117.59751,33.46444]]]}},{"type":"Feature","properties":{"county_fips":59,"srprec":"48801","precinct_id":"059-48801","county_name":"Orange","area_sq_mi":0.626,"place_primary":"San Clemente","place_primary_share":100.0,"place_also":[],"places":[{"name":"San Clemente","geoid":"0665084","kind":"city","pct":100.0}],"bbox":[-117.59266,33.47091,-117.57563,33.48545],"g22_asm":null,"g24_asm":{"dem_pct":35.8,"margin_dem":-28.5,"votes_two_party":1074,"winner":"Rep"}},"geometry":{"type":"Polygon","coordinates":[[[-117.57861,33.48545],[-117.57812,33.48344],[-117.57806,33.47327],[-117.57979,33.47329],[-117.58018,33.47301],[-117.58042,33.47253],[-117.58237,33.4733],[-117.58363,33.47297],[-117.58667,33.4717],[-117.5872,33.47112],[-117.59109,33.47364],[-117.58965,33.47426],[-117.58792,33.4748],[-117.58607,33.47583],[-117.58443,33.47661],[-117.58378,33.47722],[-117.58371,33.47848],[-117.58569,33.47807],[-117.5884,33.47702],[-117.59015,33.47665],[-117.5906,33.47715],[-117.59138,33.47778],[-117.59165,33.47873],[-117.59137,33.47955],[-117.59147,33.48043],[-117.59206,33.48107],[-117.5925,33.48196],[-117.59206,33.48295],[-117.5908,33.48345],[-117.58972,33.48366],[-117.58857,33.48421],[-117.58743,33.48443],[-117.58621,33.48436],[-117.57861,33.48545]]]}},{"type":"Feature","properties":{"county_fips":59,"srprec":"48806","precinct_id":"059-48806","county_name":"Orange","area_sq_mi":0.145,"place_primary":"San Clemente","place_primary_share":96.9,"place_also":[],"places":[{"name":"San Clemente","geoid":"0665084","kind":"city","pct":96.9}],"bbox":[-117.62028,33.41743,-117.6104,33.4311],"g22_asm":null,"g24_asm":{"dem_pct":43.5,"margin_dem":-13.0,"votes_two_party":768,"winner":"Rep"}},"geometry":{"type":"Polygon","coordinates":[[[-117.61569,33.42139],[-117.61458,33.42099],[-117.61392,33.42031],[-117.61463,33.41989],[-117.61575,33.41923],[-117.61697,33.41853],[-117.61775,33.41792],[-117.62,33.41963],[-117.61938,33.41956],[-117.6199,33.42029],[-117.61979,33.42065],[-117.61938,33.42076],[-117.61895,33.42119],[-117.61881,33.42222],[-117.61872,33.42297],[-117.61802,33.42339],[-117.61723,33.42432],[-117.61657,33.42493],[-117.61324,33.42726],[-117.61327,33.42818],[-117.61326,33.42894],[-117.61467,33.43],[-117.61531,33.43041],[-117.61446,33.43102],[-117.61323,33.43017],[-117.61058,33.42724],[-117.61083,33.42665],[-117.61159,33.42647],[-117.61527,33.42399],[-117.61557,33.42367],[-117.61647,33.4222],[-117.61665,33.42179],[-117.61655,33.42146],[-117.6158,33.42138],[-117.61569,33.42139]]]}},{"type":"Feature","properties":{"county_fips":59,"srprec":"48807","precinct_id":"059-48807","county_name":"Orange","area_sq_mi":0.134,"place_primary":"San Clemente","place_primary_share":100.0,"place_also":[],"places":[{"name":"San Clemente","geoid":"0665084","kind":"city","pct":100.0}],"bbox":[-117.65372,33.45273,-117.64138,33.45998],"g22_asm":null,"g24_asm":{"dem_pct":50.0,"margin_dem":0.0,"votes_two_party":210,"winner":"Tie"}},"geometry":{"type":"MultiPolygon","coordinates":[[[[-117.6515,33.4564],[-117.65179,33.45694],[-117.6518,33.45696],[-117.6518,33.45696],[-117.65303,33.45768],[-117.65372,33.4582],[-117.65291,33.45916],[-117.65324,33.45983],[-117.65332,33.45997],[-117.65231,33.45974],[-117.65166,33.45938],[-117.6511,33.45889],[-117.65038,33.45809],[-117.64923,33.45745],[-117.64672,33.45681],[-117.64575,33.45668],[-117.64476,33.45688],[-117.6443,33.45716],[-117.64383,33.45764],[-117.6438,33.45768],[-117.64369,33.45767],[-117.64316,33.45742],[-117.64286,33.45726],[-117.64222,33.45698],[-117.64159,33.45667],[-117.64145,33.45644],[-117.64138,33.45619],[-117.64166,33.45544],[-117.64237,33.4543],[-117.64368,33.45287],[-117.64385,33.45276],[-117.64485,33.45323],[-117.64696,33.45418],[-117.65147,33.45616],[-117.6514,33.45621],[-117.6515,33.4564]]],[[[-117.6515,33.4564],[-117.6515,33.4564],[-117.6515,33.4564]]]]}},{"type":"Feature","properties":{"county_fips":59,"srprec":"48808","precinct_id":"059-48808","county_name":"Orange","area_sq_mi":0.089,"place_primary":"San Clemente","place_primary_share":96.0,"place_also":[],"places":[{"name":"San Clemente","geoid":"0665084","kind":"city","pct":96.0},{"name":"Dana Point","geoid":"0617946","kind":"city","pct":4.0}],"bbox":[-117.65496,33.45945,-117.64946,33.46585],"g22_asm":null,"g24_asm":{"dem_pct":43.8,"margin_dem":-12.4,"votes_two_party":331,"winner":"Rep"}},"geometry":{"type":"MultiPolygon","coordinates":[[[[-117.65352,33.4604],[-117.65361,33.46059],[-117.65361,33.46059],[-117.65459,33.46256],[-117.65496,33.46328],[-117.65467,33.46414],[-117.65465,33.4642],[-117.65276,33.46558],[-117.6527,33.46552],[-117.65255,33.46538],[-117.65206,33.46574],[-117.65128,33.46585],[-117.64992,33.46539],[-117.64946,33.46499],[-117.64959,33.46392],[-117.64971,33.46369],[-117.65055,33.46292],[-117.65039,33.46252],[-117.65036,33.46244],[-117.65037,33.46206],[-117.65039,33.46176],[-117.65044,33.4615],[-117.6505,33.46141],[-117.65071,33.46121],[-117.65079,33.4611],[-117.65088,33.46097],[-117.65096,33.46078],[-117.65106,33.46052],[-117.65126,33.46004],[-117.6514,33.45986],[-117.65177,33.45945],[-117.65231,33.45974],[-117.65279,33.45989],[-117.65332,33.45998],[-117.65332,33.45998],[-117.65352,33.4604]]],[[[-117.65231,33.45974],[-117.65231,33.45974],[-117.65231,33.45974]]]]}},{"type":"Feature","properties":{"county_fips":59,"srprec":"49114","precinct_id":"059-49114","county_name":"Orange","area_sq_mi":0.516,"place_primary":"San Juan Capistrano","place_primary_share":100.0,"place_also":[],"places":[{"name":"San Juan Capistrano","geoid":"0668028","kind":"city","pct":100.0}],"bbox":[-117.64848,33.50116,-117.62487,33.51514],"g22_asm":{"dem_pct":27.4,"margin_dem":-45.2,"votes_two_party":460,"winner":"Rep"},"g24_asm":{"dem_pct":31.1,"margin_dem":-37.8,"votes_two_party":550,"winner":"Rep"}},"geometry":{"type":"Polygon","coordinates":[[[-117.64772,33.50137],[-117.64827,33.50246],[-117.64848,33.50278],[-117.64745,33.50404],[-117.64296,33.50729],[-117.64111,33.50763],[-117.6364,33.50929],[-117.63394,33.51128],[-117.63253,33.51166],[-117.63226,33.51198],[-117.63196,33.51227],[-117.63146,33.51249],[-117.63106,33.51264],[-117.6303,33.51322],[-117.62974,33.51359],[-117.62917,33.51396],[-117.62811,33.51514],[-117.62826,33.51492],[-117.62487,33.51188],[-117.62545,33.51124],[-117.62594,33.51036],[-117.62576,33.50947],[-117.62539,33.50892],[-117.62649,33.50763],[-117.62799,33.50663],[-117.62828,33.50318],[-117.63313,33.50351],[-117.63548,33.50342],[-117.63641,33.50357],[-117.64005,33.5052],[-117.64057,33.50519],[-117.64287,33.50381],[-117.64508,33.50272],[-117.64695,33.50163],[-117.64762,33.50116],[-117.64772,33.50137]]]}},{"type":"Feature","properties":{"county_fips":59,"srprec":"49116","precinct_id":"059-49116","county_name":"Orange","area_sq_mi":1.405,"place_primary":"San Juan Capistrano","place_primary_share":100.0,"place_also":[],"places":[{"name":"San Juan Capistrano","geoid":"0668028","kind":"city","pct":100.0}],"bbox":[-117.66372,33.50255,-117.63067,33.52339],"g22_asm":{"dem_pct":30.3,"margin_dem":-39.5,"votes_two_party":1315,"winner":"Rep"},"g24_asm":{"dem_pct":31.8,"margin_dem":-36.4,"votes_two_party":1559,"winner":"Rep"}},"geometry":{"type":"Polygon","coordinates":[[[-117.6635,33.51677],[-117.66204,33.51725],[-117.66034,33.51744],[-117.65968,33.51962],[-117.65819,33.51891],[-117.65655,33.51933],[-117.65585,33.51964],[-117.65525,33.52093],[-117.65476,33.52109],[-117.65311,33.52233],[-117.65096,33.52226],[-117.65022,33.52298],[-117.64914,33.52276],[-117.65002,33.52176],[-117.65029,33.52093],[-117.6468,33.52336],[-117.64634,33.52324],[-117.63725,33.52044],[-117.63137,33.51593],[-117.63397,33.51467],[-117.6356,33.51418],[-117.638,33.51313],[-117.63999,33.51264],[-117.64387,33.51107],[-117.64591,33.51],[-117.64922,33.50802],[-117.65056,33.50716],[-117.65181,33.50573],[-117.65229,33.5051],[-117.65485,33.50363],[-117.65789,33.5027],[-117.65867,33.50403],[-117.66037,33.50833],[-117.66321,33.51504],[-117.6635,33.51677]],[[-117.65914,33.5197],[-117.65914,33.5197],[-117.6592,33.51966],[-117.65914,33.5197]]]}},{"type":"Feature","properties":{"county_fips":59,"srprec":"49118","precinct_id":"059-49118","county_name":"Orange","area_sq_mi":0.503,"place_primary":"San Juan Capistrano","place_primary_share":100.0,"place_also":[],"places":[{"name":"San Juan Capistrano","geoid":"0668028","kind":"city","pct":100.0}],"bbox":[-117.65835,33.49789,-117.62811,33.51641],"g22_asm":{"dem_pct":41.1,"margin_dem":-17.7,"votes_two_party":1128,"winner":"Rep"},"g24_asm":{"dem_pct":42.6,"margin_dem":-14.8,"votes_two_party":1444,"winner":"Rep"}},"geometry":{"type":"Polygon","coordinates":[[[-117.65504,33.49838],[-117.65653,33.49958],[-117.65776,33.50068],[-117.6581,33.50257],[-117.65782,33.50273],[-117.65533,33.50348],[-117.65256,33.50486],[-117.65191,33.50558],[-117.6508,33.50696],[-117.64949,33.50787],[-117.64754,33.50904],[-117.64484,33.51055],[-117.64369,33.51117],[-117.63999,33.51263],[-117.6385,33.51297],[-117.63605,33.51402],[-117.63457,33.51448],[-117.63298,33.51503],[-117.63065,33.5164],[-117.62833,33.51498],[-117.62917,33.51396],[-117.62985,33.51351],[-117.63066,33.51292],[-117.63128,33.51253],[-117.63187,33.51233],[-117.63227,33.51197],[-117.63326,33.51143],[-117.63617,33.50953],[-117.64111,33.50763],[-117.64431,33.50692],[-117.64801,33.50341],[-117.65261,33.49988],[-117.65504,33.49809],[-117.65504,33.49838]]]}},{"type":"Feature","properties":{"county_fips":59,"srprec":"49126","precinct_id":"059-49126","county_name":"Orange","area_sq_mi":1.07,"place_primary":"San Juan Capistrano","place_primary_share":99.7,"place_also":[],"places":[{"name":"San Juan Capistrano","geoid":"0668028","kind":"city","pct":99.7},{"name":"San Clemente","geoid":"0665084","kind":"city","pct":0.3}],"bbox":[-117.66625,33.46658,-117.64016,33.48375],"g22_asm":{"dem_pct":39.9,"margin_dem":-20.1,"votes_two_party":829,"winner":"Rep"},"g24_asm":{"dem_pct":38.7,"margin_dem":-22.6,"votes_two_party":959,"winner":"Rep"}},"geometry":{"type":"MultiPolygon","coordinates":[[[[-117.66581,33.46736],[-117.66589,33.46814],[-117.66481,33.46875],[-117.66378,33.46966],[-117.66393,33.47081],[-117.66425,33.4717],[-117.66302,33.47244],[-117.66237,33.47384],[-117.66175,33.47384],[-117.66061,33.47472],[-117.66238,33.4748],[-117.65873,33.48059],[-117.65386,33.48225],[-117.64915,33.48374],[-117.64417,33.48295],[-117.64274,33.48204],[-117.64082,33.48197],[-117.64016,33.48149],[-117.64149,33.48094],[-117.643,33.47933],[-117.64354,33.47877],[-117.64337,33.47814],[-117.64363,33.47504],[-117.64438,33.47453],[-117.64407,33.47399],[-117.64373,33.47195],[-117.64421,33.47048],[-117.64505,33.46967],[-117.64989,33.46709],[-117.65033,33.46711],[-117.6543,33.46813],[-117.6573,33.4694],[-117.66359,33.46833],[-117.66581,33.46736]]],[[[-117.65064,33.46712],[-117.65061,33.46712],[-117.65063,33.46712],[-117.65063,33.46712],[-117.65063,33.46712],[-117.65064,33.46712]]],[[[-117.65318,33.46733],[-117.65318,33.46733],[-117.65318,33.46733]]],[[[-117.66034,33.46808],[-117.66149,33.46805],[-117.66158,33.46804],[-117.66149,33.46805],[-117.66034,33.46808]]]]}},{"type":"Feature","properties":{"county_fips":59,"srprec":"49129","precinct_id":"059-49129","county_name":"Orange","area_sq_mi":0.26,"place_primary":"San Juan Capistrano","place_primary_share":100.0,"place_also":[],"places":[{"name":"San Juan Capistrano","geoid":"0668028","kind":"city","pct":100.0}],"bbox":[-117.67078,33.48977,-117.65824,33.50255],"g22_asm":{"dem_pct":46.6,"margin_dem":-6.7,"votes_two_party":371,"winner":"Rep"},"g24_asm":{"dem_pct":44.1,"margin_dem":-11.8,"votes_two_party":467,"winner":"Rep"}},"geometry":{"type":"Polygon","coordinates":[[[-117.66905,33.4911],[-117.67074,33.49264],[-117.66941,33.49397],[-117.66918,33.49419],[-117.66887,33.49448],[-117.66775,33.49573],[-117.66723,33.49676],[-117.66675,33.49787],[-117.66597,33.49792],[-117.66579,33.49795],[-117.66491,33.49798],[-117.6634,33.49805],[-117.66247,33.49815],[-117.66145,33.49809],[-117.66079,33.49845],[-117.66004,33.49926],[-117.65991,33.49954],[-117.65991,33.49993],[-117.66004,33.50095],[-117.6593,33.50225],[-117.65851,33.50249],[-117.65831,33.50227],[-117.65828,33.50006],[-117.65838,33.49891],[-117.65866,33.49744],[-117.65991,33.49438],[-117.66065,33.4933],[-117.66232,33.49254],[-117.6638,33.49194],[-117.66484,33.49122],[-117.66539,33.49054],[-117.66594,33.49084],[-117.66806,33.49083],[-117.66905,33.4911]]]}},{"type":"Feature","properties":{"county_fips":59,"srprec":"49131","precinct_id":"059-49131","county_name":"Orange","area_sq_mi":0.076,"place_primary":"San Juan Capistrano","place_primary_share":100.0,"place_also":[],"places":[{"name":"San Juan Capistrano","geoid":"0668028","kind":"city","pct":100.0}],"bbox":[-117.67288,33.49397,-117.66654,33.50167],"g22_asm":{"dem_pct":68.6,"margin_dem":37.2,"votes_two_party":207,"winner":"Dem"},"g24_asm":{"dem_pct":64.7,"margin_dem":29.4,"votes_two_party":340,"winner":"Dem"}},"geometry":{"type":"Polygon","coordinates":[[[-117.66941,33.49397],[-117.66993,33.49433],[-117.67009,33.49426],[-117.67024,33.49428],[-117.67107,33.49478],[-117.67123,33.49462],[-117.67129,33.49459],[-117.67189,33.49445],[-117.67288,33.495],[-117.67273,33.495],[-117.67276,33.49503],[-117.67122,33.49649],[-117.67085,33.49636],[-117.67021,33.49704],[-117.66992,33.49752],[-117.6691,33.49755],[-117.66914,33.49841],[-117.66912,33.49918],[-117.66898,33.49949],[-117.66869,33.49997],[-117.66851,33.50027],[-117.66818,33.50088],[-117.66815,33.50112],[-117.66838,33.50148],[-117.66795,33.50167],[-117.66749,33.50093],[-117.66684,33.4998],[-117.66666,33.4992],[-117.66654,33.49849],[-117.66663,33.49821],[-117.66677,33.49781],[-117.66735,33.49649],[-117.66775,33.49573],[-117.66854,33.49478],[-117.66915,33.49423],[-117.66936,33.49402],[-117.66941,33.49397]]]}},{"type":"Feature","properties":{"county_fips":59,"srprec":"49132","precinct_id":"059-49132","county_name":"Orange","area_sq_mi":0.051,"place_primary":"San Juan Capistrano","place_primary_share":100.0,"place_also":[],"places":[{"name":"San Juan Capistrano","geoid":"0668028","kind":"city","pct":100.0}],"bbox":[-117.66052,33.49336,-117.65504,33.50263],"g22_asm":null,"g24_asm":{"dem_pct":47.5,"margin_dem":-5.1,"votes_two_party":118,"winner":"Rep"}},"geometry":{"type":"Polygon","coordinates":[[[-117.66006,33.49363],[-117.66052,33.49336],[-117.65991,33.49438],[-117.65898,33.49643],[-117.65841,33.49872],[-117.65832,33.49955],[-117.65824,33.50142],[-117.65811,33.50257],[-117.65793,33.50101],[-117.6572,33.50028],[-117.6569,33.5],[-117.65565,33.49875],[-117.65504,33.49838],[-117.65539,33.49789],[-117.65623,33.49714],[-117.65658,33.49708],[-117.65703,33.49695],[-117.65718,33.49692],[-117.65738,33.49665],[-117.65757,33.49647],[-117.65789,33.49625],[-117.65807,33.49608],[-117.6583,33.49574],[-117.65843,33.49548],[-117.65859,33.49496],[-117.65861,33.49478],[-117.65871,33.49445],[-117.65876,33.49427],[-117.65888,33.49421],[-117.65934,33.49409],[-117.65959,33.49403],[-117.65978,33.49392],[-117.66,33.49371],[-117.66006,33.49363]]]}},{"type":"Feature","properties":{"county_fips":59,"srprec":"49134","precinct_id":"059-49134","county_name":"Orange","area_sq_mi":0.027,"place_primary":"San Juan Capistrano","place_primary_share":99.8,"place_also":[],"places":[{"name":"San Juan Capistrano","geoid":"0668028","kind":"city","pct":99.8},{"name":"San Clemente","geoid":"0665084","kind":"city","pct":0.2}],"bbox":[-117.66033,33.4678,-117.65426,33.4694],"g22_asm":{"dem_pct":12.5,"margin_dem":-75.0,"votes_two_party":24,"winner":"Rep"},"g24_asm":{"dem_pct":10.7,"margin_dem":-78.6,"votes_two_party":28,"winner":"Rep"}},"geometry":{"type":"Polygon","coordinates":[[[-117.65514,33.46783],[-117.65979,33.4678],[-117.6598,33.4678],[-117.6598,33.46807],[-117.6598,33.46809],[-117.6598,33.46809],[-117.6598,33.46809],[-117.66003,33.46808],[-117.66003,33.46808],[-117.6601,33.46808],[-117.6601,33.46808],[-117.6601,33.46809],[-117.6601,33.46809],[-117.6601,33.46809],[-117.66015,33.46809],[-117.66033,33.46808],[-117.66033,33.46808],[-117.66033,33.46841],[-117.66033,33.46841],[-117.6573,33.4694],[-117.6573,33.4694],[-117.65729,33.46936],[-117.65729,33.46936],[-117.65719,33.46938],[-117.65656,33.46924],[-117.65426,33.46873],[-117.65426,33.46873],[-117.65426,33.46813],[-117.65426,33.46813],[-117.6543,33.46813],[-117.65453,33.46812],[-117.65453,33.46812],[-117.65452,33.46784],[-117.65456,33.46784],[-117.65477,33.46783],[-117.65507,33.46783],[-117.65514,33.46783]]]}},{"type":"Feature","properties":{"county_fips":59,"srprec":"49331","precinct_id":"059-49331","county_name":"Orange","area_sq_mi":0.006,"place_primary":"San Juan Capistrano","place_primary_share":99.1,"place_also":[],"places":[{"name":"San Juan Capistrano","geoid":"0668028","kind":"city","pct":99.1},{"name":"Laguna Niguel","geoid":"0639248","kind":"city","pct":0.9}],"bbox":[-117.68609,33.49325,-117.68424,33.49454],"g22_asm":{"dem_pct":0.0,"margin_dem":-100.0,"votes_two_party":6,"winner":"Rep"},"g24_asm":null},"geometry":{"type":"Polygon","coordinates":[[[-117.68458,33.49325],[-117.68505,33.4934],[-117.68505,33.4934],[-117.68507,33.49341],[-117.68507,33.49341],[-117.68609,33.49372],[-117.68609,33.49372],[-117.68609,33.49372],[-117.68609,33.49372],[-117.68587,33.49454],[-117.68587,33.49454],[-117.68587,33.49454],[-117.68587,33.49454],[-117.68587,33.49454],[-117.68587,33.49454],[-117.68587,33.49454],[-117.68587,33.49454],[-117.68587,33.49454],[-117.68587,33.49454],[-117.68587,33.49454],[-117.68587,33.49454],[-117.6853,33.49443],[-117.6853,33.49443],[-117.68495,33.49441],[-117.68495,33.49441],[-117.68492,33.49441],[-117.68492,33.49441],[-117.68486,33.49441],[-117.68486,33.49441],[-117.68483,33.49441],[-117.68483,33.49441],[-117.6848,33.49441],[-117.6848,33.49441],[-117.68475,33.49438],[-117.68474,33.49438],[-117.68473,33.49437],[-117.68473,33.49437],[-117.68468,33.49436],[-117.68468,33.49436],[-117.68449,33.49431],[-117.68441,33.49429],[-117.68441,33.49429],[-117.68437,33.49428],[-117.68431,33.49426],[-117.68431,33.49426],[-117.68427,33.49425],[-117.68427,33.49425],[-117.68424,33.49424],[-117.68424,33.49424],[-117.68424,33.49424],[-117.68451,33.49346],[-117.68451,33.49346],[-117.68458,33.49326],[-117.68458,33.49325],[-117.68458,33.49325]]]}},{"type":"Feature","properties":{"county_fips":59,"srprec":"49333","precinct_id":"059-49333","county_name":"Orange","area_sq_mi":0.426,"place_primary":"San Juan Capistrano","place_primary_share":100.0,"place_also":[],"places":[{"name":"San Juan Capistrano","geoid":"0668028","kind":"city","pct":100.0}],"bbox":[-117.67332,33.49792,-117.65835,33.52074],"g22_asm":{"dem_pct":59.0,"margin_dem":17.9,"votes_two_party":229,"winner":"Dem"},"g24_asm":{"dem_pct":61.4,"margin_dem":22.8,"votes_two_party":399,"winner":"Dem"}},"geometry":{"type":"MultiPolygon","coordinates":[[[[-117.66867,33.50341],[-117.67,33.5055],[-117.67083,33.50801],[-117.67092,33.50966],[-117.6712,33.51136],[-117.67193,33.51341],[-117.67322,33.51524],[-117.67232,33.5162],[-117.67154,33.51784],[-117.67307,33.51988],[-117.67132,33.52011],[-117.67036,33.51616],[-117.66924,33.51274],[-117.66968,33.51109],[-117.6691,33.51004],[-117.66886,33.50889],[-117.66844,33.50735],[-117.66724,33.50773],[-117.66587,33.50779],[-117.66438,33.50798],[-117.6631,33.50547],[-117.66198,33.50678],[-117.66099,33.50752],[-117.66057,33.50801],[-117.65904,33.50521],[-117.65851,33.50249],[-117.66004,33.50095],[-117.65991,33.49954],[-117.66069,33.49855],[-117.66224,33.49814],[-117.66399,33.49805],[-117.66587,33.49793],[-117.66701,33.50112],[-117.66867,33.50341]]],[[[-117.66589,33.49793],[-117.66587,33.49793],[-117.66589,33.49793],[-117.66589,33.49793],[-117.66589,33.49793]]]]}},{"type":"Feature","properties":{"county_fips":59,"srprec":"49335","precinct_id":"059-49335","county_name":"Orange","area_sq_mi":0.659,"place_primary":"San Juan Capistrano","place_primary_share":100.0,"place_also":[],"places":[{"name":"San Juan Capistrano","geoid":"0668028","kind":"city","pct":100.0}],"bbox":[-117.68154,33.495,-117.66589,33.52004],"g22_asm":{"dem_pct":35.2,"margin_dem":-29.6,"votes_two_party":582,"winner":"Rep"},"g24_asm":{"dem_pct":39.4,"margin_dem":-21.2,"votes_two_party":716,"winner":"Rep"}},"geometry":{"type":"Polygon","coordinates":[[[-117.67529,33.4962],[-117.67612,33.4977],[-117.67768,33.49872],[-117.67913,33.49953],[-117.68091,33.50056],[-117.68139,33.50108],[-117.67965,33.50309],[-117.67677,33.50517],[-117.67657,33.50684],[-117.67878,33.50723],[-117.67715,33.5088],[-117.67659,33.51886],[-117.67215,33.51886],[-117.6718,33.51663],[-117.67324,33.51531],[-117.67315,33.51425],[-117.67126,33.51175],[-117.67118,33.51009],[-117.67017,33.50862],[-117.67026,33.50599],[-117.66893,33.50363],[-117.66701,33.50112],[-117.66597,33.49792],[-117.66673,33.49791],[-117.66661,33.49899],[-117.66749,33.50093],[-117.66827,33.50132],[-117.66826,33.50068],[-117.66901,33.49944],[-117.66911,33.4978],[-117.6705,33.49643],[-117.67276,33.49506],[-117.67402,33.4956],[-117.67529,33.4962]]]}},{"type":"Feature","properties":{"county_fips":59,"srprec":"49338","precinct_id":"059-49338","county_name":"Orange","area_sq_mi":0.355,"place_primary":"San Juan Capistrano","place_primary_share":100.0,"place_also":[],"places":[{"name":"San Juan Capistrano","geoid":"0668028","kind":"city","pct":100.0}],"bbox":[-117.67906,33.47365,-117.66186,33.49182],"g22_asm":{"dem_pct":39.7,"margin_dem":-20.5,"votes_two_party":234,"winner":"Rep"},"g24_asm":{"dem_pct":34.7,"margin_dem":-30.5,"votes_two_party":262,"winner":"Rep"}},"geometry":{"type":"Polygon","coordinates":[[[-117.67896,33.4747],[-117.67836,33.47587],[-117.67838,33.47709],[-117.67831,33.47743],[-117.67813,33.47827],[-117.67828,33.47836],[-117.67831,33.47838],[-117.67856,33.47846],[-117.67803,33.48085],[-117.67747,33.48245],[-117.67697,33.48319],[-117.67631,33.48392],[-117.6753,33.48462],[-117.6741,33.4852],[-117.6722,33.48586],[-117.67203,33.48522],[-117.6657,33.48876],[-117.66455,33.49069],[-117.66295,33.49182],[-117.66223,33.49163],[-117.66193,33.49154],[-117.6626,33.49049],[-117.66415,33.48846],[-117.66591,33.48615],[-117.66786,33.48379],[-117.66761,33.48366],[-117.66856,33.48244],[-117.66842,33.48234],[-117.66888,33.48259],[-117.67309,33.47773],[-117.67386,33.47648],[-117.67452,33.47438],[-117.67486,33.47365],[-117.67653,33.47378],[-117.67763,33.47405],[-117.67906,33.47439],[-117.67896,33.4747]]]}},{"type":"Feature","properties":{"county_fips":59,"srprec":"49341","precinct_id":"059-49341","county_name":"Orange","area_sq_mi":0.12,"place_primary":"San Juan Capistrano","place_primary_share":100.0,"place_also":[],"places":[{"name":"San Juan Capistrano","geoid":"0668028","kind":"city","pct":100.0}],"bbox":[-117.67346,33.52839,-117.66524,33.53844],"g22_asm":{"dem_pct":56.4,"margin_dem":12.9,"votes_two_party":404,"winner":"Dem"},"g24_asm":{"dem_pct":54.2,"margin_dem":8.5,"votes_two_party":708,"winner":"Dem"}},"geometry":{"type":"Polygon","coordinates":[[[-117.67121,33.52851],[-117.67332,33.53011],[-117.67231,33.53094],[-117.67249,33.531],[-117.67285,33.53186],[-117.67214,33.53249],[-117.67084,33.5323],[-117.67038,33.53301],[-117.67112,33.53323],[-117.67092,33.53402],[-117.67092,33.53471],[-117.67003,33.53451],[-117.67004,33.53387],[-117.66959,33.53381],[-117.66955,33.53457],[-117.66959,33.5354],[-117.67034,33.53575],[-117.67028,33.53644],[-117.66978,33.53712],[-117.66909,33.53749],[-117.66823,33.53753],[-117.66754,33.53807],[-117.66671,33.53819],[-117.66594,33.53775],[-117.66533,33.53736],[-117.66614,33.53641],[-117.66583,33.53607],[-117.66684,33.53527],[-117.66761,33.53389],[-117.66871,33.53157],[-117.66981,33.5304],[-117.67012,33.52978],[-117.67105,33.5286],[-117.67121,33.52851]]]}},{"type":"Feature","properties":{"county_fips":59,"srprec":"49346","precinct_id":"059-49346","county_name":"Orange","area_sq_mi":0.866,"place_primary":"San Juan Capistrano","place_primary_share":99.9,"place_also":[],"places":[{"name":"San Juan Capistrano","geoid":"0668028","kind":"city","pct":99.9}],"bbox":[-117.68082,33.50735,-117.66037,33.54164],"g22_asm":{"dem_pct":58.4,"margin_dem":16.7,"votes_two_party":598,"winner":"Dem"},"g24_asm":{"dem_pct":62.6,"margin_dem":25.2,"votes_two_party":1061,"winner":"Dem"}},"geometry":{"type":"MultiPolygon","coordinates":[[[[-117.6808,33.53612],[-117.6808,33.53612],[-117.6808,33.53612]]],[[[-117.6808,33.53612],[-117.67637,33.54023],[-117.67471,33.54159],[-117.67441,33.53837],[-117.67504,33.53337],[-117.67121,33.52851],[-117.67012,33.52775],[-117.66903,33.52709],[-117.66585,33.52122],[-117.66321,33.51504],[-117.66044,33.50822],[-117.66151,33.50925],[-117.66247,33.50948],[-117.66266,33.51024],[-117.66286,33.51103],[-117.66384,33.51089],[-117.66429,33.51042],[-117.6663,33.50939],[-117.66624,33.50777],[-117.66829,33.50743],[-117.66887,33.50815],[-117.66897,33.50982],[-117.66949,33.51076],[-117.6696,33.51176],[-117.6696,33.5145],[-117.6697,33.51637],[-117.67025,33.51822],[-117.6697,33.51994],[-117.6714,33.52031],[-117.67384,33.52022],[-117.67422,33.52004],[-117.67657,33.52718],[-117.68081,33.53555],[-117.6808,33.53612]]]]}},{"type":"Feature","properties":{"county_fips":59,"srprec":"49348","precinct_id":"059-49348","county_name":"Orange","area_sq_mi":2.125,"place_primary":"San Juan Capistrano","place_primary_share":100.0,"place_also":[],"places":[{"name":"San Juan Capistrano","geoid":"0668028","kind":"city","pct":100.0}],"bbox":[-117.66186,33.48136,-117.62764,33.50531],"g22_asm":{"dem_pct":39.2,"margin_dem":-21.5,"votes_two_party":2780,"winner":"Rep"},"g24_asm":{"dem_pct":39.7,"margin_dem":-20.6,"votes_two_party":3211,"winner":"Rep"}},"geometry":{"type":"Polygon","coordinates":[[[-117.63954,33.48138],[-117.6415,33.48187],[-117.64345,33.48249],[-117.6464,33.48373],[-117.65476,33.48338],[-117.65969,33.48841],[-117.66169,33.49148],[-117.66044,33.49341],[-117.65973,33.49396],[-117.65888,33.49421],[-117.65862,33.49475],[-117.65398,33.49834],[-117.65266,33.49922],[-117.65211,33.49963],[-117.65163,33.50034],[-117.65039,33.50099],[-117.64941,33.5016],[-117.64905,33.50177],[-117.64854,33.50172],[-117.64762,33.50116],[-117.64508,33.50272],[-117.64096,33.50496],[-117.63642,33.50357],[-117.63398,33.5039],[-117.62783,33.49689],[-117.6312,33.49088],[-117.6319,33.48962],[-117.63259,33.4887],[-117.63261,33.48749],[-117.63266,33.48617],[-117.63244,33.48508],[-117.63359,33.48399],[-117.63898,33.48145],[-117.63954,33.48138]]]}},{"type":"Feature","properties":{"county_fips":59,"srprec":"49349","precinct_id":"059-49349","county_name":"Orange","area_sq_mi":0.601,"place_primary":"San Juan Capistrano","place_primary_share":100.0,"place_also":[],"places":[{"name":"San Juan Capistrano","geoid":"0668028","kind":"city","pct":100.0}],"bbox":[-117.67464,33.46715,-117.65418,33.48274],"g22_asm":{"dem_pct":37.3,"margin_dem":-25.5,"votes_two_party":644,"winner":"Rep"},"g24_asm":{"dem_pct":36.5,"margin_dem":-27.1,"votes_two_party":913,"winner":"Rep"}},"geometry":{"type":"Polygon","coordinates":[[[-117.66551,33.46861],[-117.66791,33.46812],[-117.66892,33.46769],[-117.66966,33.46721],[-117.67146,33.46792],[-117.67347,33.46946],[-117.6742,33.47069],[-117.67455,33.47195],[-117.67457,33.47394],[-117.67334,33.47739],[-117.66888,33.48259],[-117.66788,33.4825],[-117.66598,33.48267],[-117.66384,33.48228],[-117.65882,33.48181],[-117.6553,33.48184],[-117.65833,33.48079],[-117.66131,33.48047],[-117.66166,33.48027],[-117.66201,33.47932],[-117.66369,33.47438],[-117.66175,33.47501],[-117.66111,33.47507],[-117.66093,33.47443],[-117.66194,33.47389],[-117.66233,33.4739],[-117.66237,33.47349],[-117.66425,33.4717],[-117.66461,33.47098],[-117.66377,33.47077],[-117.66384,33.47011],[-117.66373,33.46942],[-117.66422,33.46875],[-117.66549,33.46862],[-117.66551,33.46861]]]}},{"type":"Feature","properties":{"county_fips":59,"srprec":"49355","precinct_id":"059-49355","county_name":"Orange","area_sq_mi":0.062,"place_primary":"San Juan Capistrano","place_primary_share":98.7,"place_also":[],"places":[{"name":"San Juan Capistrano","geoid":"0668028","kind":"city","pct":98.7},{"name":"Laguna Niguel","geoid":"0639248","kind":"city","pct":1.0},{"name":"Dana Point","geoid":"0617946","kind":"city","pct":0.3}],"bbox":[-117.68663,33.48723,-117.68063,33.49134],"g22_asm":{"dem_pct":47.6,"margin_dem":-4.8,"votes_two_party":208,"winner":"Rep"},"g24_asm":{"dem_pct":48.2,"margin_dem":-3.6,"votes_two_party":253,"winner":"Rep"}},"geometry":{"type":"Polygon","coordinates":[[[-117.68063,33.49024],[-117.68078,33.49002],[-117.68083,33.48994],[-117.68088,33.48987],[-117.68106,33.48963],[-117.68114,33.48953],[-117.68151,33.48906],[-117.68187,33.48857],[-117.682,33.48838],[-117.68212,33.48822],[-117.68214,33.48817],[-117.68229,33.48785],[-117.68248,33.48746],[-117.68257,33.48728],[-117.68259,33.48723],[-117.68298,33.48723],[-117.68356,33.48724],[-117.68449,33.48725],[-117.68456,33.48725],[-117.68485,33.48725],[-117.68531,33.48725],[-117.68531,33.48725],[-117.6857,33.48727],[-117.68599,33.48727],[-117.68599,33.48727],[-117.68612,33.48728],[-117.6865,33.48729],[-117.6865,33.48729],[-117.68663,33.48729],[-117.68663,33.48729],[-117.68644,33.48791],[-117.68586,33.48924],[-117.68562,33.48979],[-117.68552,33.49004],[-117.68547,33.49016],[-117.6854,33.4903],[-117.68503,33.49118],[-117.68496,33.49134],[-117.68496,33.49134],[-117.68455,33.49125],[-117.68136,33.49042],[-117.68063,33.49024]]]}},{"type":"Feature","properties":{"county_fips":59,"srprec":"49357","precinct_id":"059-49357","county_name":"Orange","area_sq_mi":1.026,"place_primary":"San Juan Capistrano","place_primary_share":100.0,"place_also":[],"places":[{"name":"San Juan Capistrano","geoid":"0668028","kind":"city","pct":100.0}],"bbox":[-117.67015,33.51622,-117.64174,33.53689],"g22_asm":{"dem_pct":31.3,"margin_dem":-37.4,"votes_two_party":597,"winner":"Rep"},"g24_asm":{"dem_pct":33.4,"margin_dem":-33.1,"votes_two_party":697,"winner":"Rep"}},"geometry":{"type":"Polygon","coordinates":[[[-117.65906,33.53387],[-117.64807,33.52712],[-117.64556,33.52323],[-117.64662,33.5233],[-117.64724,33.52296],[-117.65029,33.52093],[-117.65018,33.52163],[-117.64925,33.52263],[-117.64934,33.52308],[-117.65022,33.52298],[-117.6508,33.52234],[-117.65226,33.5224],[-117.65373,33.5219],[-117.65476,33.52109],[-117.65521,33.5209],[-117.65527,33.52065],[-117.65593,33.51956],[-117.65655,33.51933],[-117.6579,33.51908],[-117.65884,33.51957],[-117.66003,33.51936],[-117.66068,33.51778],[-117.66201,33.51722],[-117.66337,33.5168],[-117.66372,33.51622],[-117.66653,33.52282],[-117.66856,33.52661],[-117.66988,33.52757],[-117.66983,33.52775],[-117.66915,33.52839],[-117.66901,33.52928],[-117.66864,33.53051],[-117.66679,33.53209],[-117.66681,33.53372],[-117.66398,33.53689],[-117.65906,33.53387]]]}},{"type":"Feature","properties":{"county_fips":59,"srprec":"49801","precinct_id":"059-49801","county_name":"Orange","area_sq_mi":0.248,"place_primary":"San Juan Capistrano","place_primary_share":99.8,"place_also":[],"places":[{"name":"San Juan Capistrano","geoid":"0668028","kind":"city","pct":99.8},{"name":"Dana Point","geoid":"0617946","kind":"city","pct":0.2}],"bbox":[-117.68537,33.47847,-117.67265,33.48723],"g22_asm":{"dem_pct":43.4,"margin_dem":-13.2,"votes_two_party":1042,"winner":"Rep"},"g24_asm":{"dem_pct":41.5,"margin_dem":-17.0,"votes_two_party":1381,"winner":"Rep"}},"geometry":{"type":"Polygon","coordinates":[[[-117.67923,33.47857],[-117.68024,33.47893],[-117.6806,33.47906],[-117.68096,33.4792],[-117.68132,33.47933],[-117.68314,33.47999],[-117.6835,33.48013],[-117.68393,33.48028],[-117.68422,33.48039],[-117.68461,33.48053],[-117.6852,33.48073],[-117.68533,33.48124],[-117.68521,33.48188],[-117.68505,33.48235],[-117.68458,33.48345],[-117.68448,33.48369],[-117.68422,33.48464],[-117.68391,33.48534],[-117.68318,33.48636],[-117.68273,33.48701],[-117.68241,33.48723],[-117.68078,33.48723],[-117.6785,33.48722],[-117.6753,33.48718],[-117.67446,33.48716],[-117.67279,33.48712],[-117.67287,33.48667],[-117.67361,33.48592],[-117.67534,33.48496],[-117.67721,33.48357],[-117.67786,33.48144],[-117.67861,33.47847],[-117.67882,33.4785],[-117.67923,33.47857]]]}},{"type":"Feature","properties":{"county_fips":59,"srprec":"49802","precinct_id":"059-49802","county_name":"Orange","area_sq_mi":0.503,"place_primary":"San Juan Capistrano","place_primary_share":100.0,"place_also":[],"places":[{"name":"San Juan Capistrano","geoid":"0668028","kind":"city","pct":100.0}],"bbox":[-117.63047,33.49171,-117.61592,33.50521],"g22_asm":{"dem_pct":27.3,"margin_dem":-45.4,"votes_two_party":194,"winner":"Rep"},"g24_asm":{"dem_pct":33.5,"margin_dem":-33.1,"votes_two_party":254,"winner":"Rep"}},"geometry":{"type":"Polygon","coordinates":[[[-117.62015,33.50385],[-117.62005,33.50365],[-117.6192,33.50197],[-117.61831,33.50026],[-117.61818,33.5],[-117.61809,33.49981],[-117.61746,33.4986],[-117.61693,33.49759],[-117.61665,33.49702],[-117.6161,33.49543],[-117.61596,33.49494],[-117.61713,33.49416],[-117.61686,33.49353],[-117.61641,33.49249],[-117.61653,33.49203],[-117.61689,33.49233],[-117.61818,33.49257],[-117.62056,33.49171],[-117.62293,33.49198],[-117.62321,33.49197],[-117.62339,33.49202],[-117.62398,33.49233],[-117.62409,33.49248],[-117.62414,33.49259],[-117.6284,33.49264],[-117.63047,33.49201],[-117.62764,33.49603],[-117.62772,33.49617],[-117.62776,33.4967],[-117.62779,33.49681],[-117.62792,33.49724],[-117.62828,33.50318],[-117.6219,33.5051],[-117.62183,33.50499],[-117.62125,33.50521],[-117.62095,33.50452],[-117.62039,33.50433],[-117.62015,33.50385]]]}},{"type":"Feature","properties":{"county_fips":59,"srprec":"49808","precinct_id":"059-49808","county_name":"Orange","area_sq_mi":0.013,"place_primary":"San Juan Capistrano","place_primary_share":99.9,"place_also":[],"places":[{"name":"San Juan Capistrano","geoid":"0668028","kind":"city","pct":99.9},{"name":"Dana Point","geoid":"0617946","kind":"city","pct":0.1}],"bbox":[-117.67004,33.46693,-117.66589,33.46854],"g22_asm":{"dem_pct":30.8,"margin_dem":-38.5,"votes_two_party":39,"winner":"Rep"},"g24_asm":{"dem_pct":35.7,"margin_dem":-28.6,"votes_two_party":56,"winner":"Rep"}},"geometry":{"type":"Polygon","coordinates":[[[-117.66996,33.46696],[-117.67,33.46695],[-117.67004,33.46695],[-117.67,33.46698],[-117.66989,33.46705],[-117.6698,33.46711],[-117.66975,33.46715],[-117.6694,33.46739],[-117.66931,33.46745],[-117.66904,33.46763],[-117.66876,33.46778],[-117.66858,33.46786],[-117.66828,33.46798],[-117.66814,33.46803],[-117.66791,33.46812],[-117.6676,33.4682],[-117.66635,33.46846],[-117.6661,33.46851],[-117.66593,33.46854],[-117.6659,33.46842],[-117.66589,33.46829],[-117.66592,33.46791],[-117.666,33.4676],[-117.66625,33.46716],[-117.66627,33.46713],[-117.66644,33.46693],[-117.66645,33.46693],[-117.66645,33.46693],[-117.66645,33.46693],[-117.66651,33.46695],[-117.6671,33.46714],[-117.66743,33.46724],[-117.66766,33.46731],[-117.66772,33.4673],[-117.66789,33.46728],[-117.66831,33.46721],[-117.66855,33.46717],[-117.66872,33.46714],[-117.66917,33.46707],[-117.66975,33.46699],[-117.66996,33.46696]]]}},{"type":"Feature","properties":{"county_fips":59,"srprec":"49811","precinct_id":"059-49811","county_name":"Orange","area_sq_mi":0.334,"place_primary":"San Juan Capistrano","place_primary_share":100.0,"place_also":[],"places":[{"name":"San Juan Capistrano","geoid":"0668028","kind":"city","pct":100.0}],"bbox":[-117.68259,33.48586,-117.66594,33.4962],"g22_asm":{"dem_pct":46.6,"margin_dem":-6.8,"votes_two_party":483,"winner":"Rep"},"g24_asm":{"dem_pct":49.2,"margin_dem":-1.6,"votes_two_party":819,"winner":"Rep"}},"geometry":{"type":"Polygon","coordinates":[[[-117.67228,33.48618],[-117.67224,33.48692],[-117.67226,33.48746],[-117.67231,33.48777],[-117.67256,33.48714],[-117.67279,33.48712],[-117.67443,33.48716],[-117.67524,33.48718],[-117.6777,33.48721],[-117.67981,33.48723],[-117.68157,33.48723],[-117.68257,33.48728],[-117.68212,33.48822],[-117.68114,33.48953],[-117.68078,33.49002],[-117.68026,33.49077],[-117.67976,33.4915],[-117.67939,33.492],[-117.67905,33.4924],[-117.67816,33.49307],[-117.67693,33.4938],[-117.67594,33.4952],[-117.67526,33.49618],[-117.67265,33.49486],[-117.67152,33.49175],[-117.67105,33.49229],[-117.67028,33.49213],[-117.66622,33.49086],[-117.66604,33.48968],[-117.66648,33.48893],[-117.66726,33.48789],[-117.67201,33.48592],[-117.67228,33.48618]]]}},{"type":"Feature","properties":{"county_fips":59,"srprec":"49813","precinct_id":"059-49813","county_name":"Orange","area_sq_mi":0.012,"place_primary":"San Juan Capistrano","place_primary_share":100.0,"place_also":[],"places":[{"name":"San Juan Capistrano","geoid":"0668028","kind":"city","pct":100.0}],"bbox":[-117.67721,33.4832,-117.6722,33.48777],"g22_asm":{"dem_pct":44.8,"margin_dem":-10.3,"votes_two_party":29,"winner":"Rep"},"g24_asm":{"dem_pct":51.2,"margin_dem":2.4,"votes_two_party":41,"winner":"Dem"}},"geometry":{"type":"Polygon","coordinates":[[[-117.67697,33.4832],[-117.67721,33.48357],[-117.6771,33.4837],[-117.67696,33.48388],[-117.67626,33.48443],[-117.67595,33.48461],[-117.67533,33.48496],[-117.67508,33.48513],[-117.67462,33.48538],[-117.67388,33.48577],[-117.6735,33.486],[-117.67335,33.48612],[-117.67312,33.48637],[-117.67299,33.48653],[-117.67292,33.48662],[-117.67271,33.48693],[-117.67267,33.48699],[-117.67264,33.48708],[-117.67253,33.48721],[-117.67249,33.48729],[-117.67231,33.48777],[-117.67227,33.48765],[-117.67227,33.48763],[-117.67224,33.48721],[-117.67224,33.48717],[-117.67224,33.48704],[-117.67224,33.48681],[-117.67224,33.48666],[-117.67225,33.48621],[-117.67228,33.48618],[-117.6722,33.48586],[-117.67222,33.48585],[-117.6741,33.4852],[-117.67486,33.48484],[-117.6753,33.48462],[-117.67589,33.48424],[-117.67618,33.48401],[-117.67641,33.48382],[-117.67668,33.48356],[-117.67697,33.4832]]]}},{"type":"Feature","properties":{"county_fips":59,"srprec":"49815","precinct_id":"059-49815","county_name":"Orange","area_sq_mi":0.007,"place_primary":"San Juan Capistrano","place_primary_share":100.0,"place_also":[],"places":[{"name":"San Juan Capistrano","geoid":"0668028","kind":"city","pct":100.0}],"bbox":[-117.67124,33.51636,-117.66954,33.52],"g22_asm":{"dem_pct":100.0,"margin_dem":100.0,"votes_two_party":1,"winner":"Dem"},"g24_asm":null},"geometry":{"type":"Polygon","coordinates":[[[-117.66954,33.51643],[-117.66954,33.51643],[-117.66954,33.51643],[-117.66955,33.51643],[-117.66958,33.51642],[-117.6697,33.51637],[-117.66974,33.51636],[-117.66974,33.51636],[-117.66974,33.51636],[-117.67007,33.51715],[-117.67096,33.51927],[-117.67096,33.51927],[-117.67106,33.51951],[-117.67124,33.51994],[-117.67124,33.51994],[-117.67124,33.51994],[-117.671,33.51995],[-117.671,33.51995],[-117.67092,33.51996],[-117.67026,33.52],[-117.67026,33.52],[-117.66982,33.51995],[-117.66976,33.51995],[-117.6697,33.51994],[-117.6697,33.51994],[-117.6697,33.51994],[-117.6697,33.51993],[-117.66982,33.51967],[-117.66982,33.51967],[-117.67,33.51937],[-117.67,33.51937],[-117.67005,33.51927],[-117.67005,33.51927],[-117.67014,33.51908],[-117.67014,33.51908],[-117.67018,33.51893],[-117.67024,33.51871],[-117.67024,33.51871],[-117.67025,33.51851],[-117.67025,33.51851],[-117.67025,33.51822],[-117.67025,33.51822],[-117.67022,33.51799],[-117.67022,33.51799],[-117.67014,33.51773],[-117.67014,33.51773],[-117.66989,33.51724],[-117.66983,33.51713],[-117.66978,33.51702],[-117.66978,33.51702],[-117.66954,33.51643]]]}},{"type":"Feature","properties":{"county_fips":59,"srprec":"49817","precinct_id":"059-49817","county_name":"Orange","area_sq_mi":0.326,"place_primary":"San Juan Capistrano","place_primary_share":98.0,"place_also":[],"places":[{"name":"San Juan Capistrano","geoid":"0668028","kind":"city","pct":98.0},{"name":"Laguna Niguel","geoid":"0639248","kind":"city","pct":2.0}],"bbox":[-117.68587,33.49024,-117.67477,33.50684],"g22_asm":{"dem_pct":37.2,"margin_dem":-25.6,"votes_two_party":543,"winner":"Rep"},"g24_asm":{"dem_pct":39.0,"margin_dem":-21.9,"votes_two_party":648,"winner":"Rep"}},"geometry":{"type":"Polygon","coordinates":[[[-117.68063,33.49024],[-117.68495,33.49136],[-117.68458,33.49325],[-117.68431,33.49426],[-117.68473,33.49437],[-117.68486,33.49441],[-117.68587,33.49454],[-117.68513,33.49704],[-117.68398,33.50029],[-117.68067,33.50373],[-117.67956,33.50462],[-117.67754,33.50614],[-117.6766,33.50586],[-117.67669,33.50534],[-117.67753,33.50463],[-117.67915,33.50343],[-117.68042,33.50214],[-117.68112,33.50146],[-117.68147,33.50089],[-117.68112,33.50066],[-117.68012,33.50012],[-117.6794,33.49968],[-117.6784,33.49913],[-117.67787,33.49883],[-117.67697,33.49834],[-117.67641,33.49796],[-117.67481,33.49688],[-117.67529,33.4962],[-117.67636,33.49448],[-117.67724,33.49353],[-117.67871,33.49271],[-117.67919,33.49225],[-117.67958,33.49175],[-117.68026,33.49077],[-117.68063,33.49024]]]}},{"type":"Feature","properties":{"county_fips":59,"srprec":"49818","precinct_id":"059-49818","county_name":"Orange","area_sq_mi":0.03,"place_primary":"San Juan Capistrano","place_primary_share":100.0,"place_also":[],"places":[{"name":"San Juan Capistrano","geoid":"0668028","kind":"city","pct":100.0}],"bbox":[-117.67407,33.49175,-117.66941,33.4949],"g22_asm":{"dem_pct":46.2,"margin_dem":-7.6,"votes_two_party":145,"winner":"Rep"},"g24_asm":{"dem_pct":46.8,"margin_dem":-6.5,"votes_two_party":186,"winner":"Rep"}},"geometry":{"type":"Polygon","coordinates":[[[-117.67378,33.49312],[-117.67407,33.49329],[-117.67407,33.49329],[-117.67286,33.49462],[-117.67265,33.49486],[-117.67265,33.49486],[-117.67273,33.4949],[-117.67273,33.4949],[-117.67264,33.49486],[-117.67264,33.49486],[-117.67161,33.4943],[-117.67161,33.4943],[-117.67129,33.49459],[-117.67128,33.49459],[-117.67127,33.49458],[-117.67127,33.49458],[-117.67123,33.49462],[-117.67111,33.49474],[-117.67107,33.49478],[-117.67107,33.49478],[-117.67085,33.49463],[-117.67053,33.49441],[-117.67038,33.49434],[-117.67024,33.49428],[-117.6702,33.49427],[-117.67017,33.49426],[-117.67016,33.49426],[-117.67009,33.49426],[-117.67,33.49427],[-117.66993,33.49433],[-117.66993,33.49433],[-117.66982,33.49426],[-117.66951,33.49404],[-117.66941,33.49397],[-117.66941,33.49397],[-117.66975,33.49365],[-117.66977,33.49363],[-117.67036,33.49309],[-117.67074,33.49265],[-117.67105,33.49229],[-117.67108,33.49225],[-117.67121,33.4921],[-117.67152,33.49175],[-117.67152,33.49175],[-117.67378,33.49312]]]}},{"type":"Feature","properties":{"county_fips":59,"srprec":"49820","precinct_id":"059-49820","county_name":"Orange","area_sq_mi":0.117,"place_primary":"San Juan Capistrano","place_primary_share":97.9,"place_also":[],"places":[{"name":"San Juan Capistrano","geoid":"0668028","kind":"city","pct":97.9},{"name":"Dana Point","geoid":"0617946","kind":"city","pct":2.1}],"bbox":[-117.67936,33.46649,-117.66975,33.47439],"g22_asm":{"dem_pct":37.0,"margin_dem":-26.1,"votes_two_party":46,"winner":"Rep"},"g24_asm":{"dem_pct":31.7,"margin_dem":-36.7,"votes_two_party":60,"winner":"Rep"}},"geometry":{"type":"Polygon","coordinates":[[[-117.67916,33.469],[-117.67823,33.47171],[-117.67813,33.47254],[-117.67932,33.46905],[-117.67908,33.46983],[-117.67925,33.47345],[-117.67935,33.47357],[-117.67913,33.47414],[-117.67906,33.47439],[-117.67718,33.47393],[-117.67472,33.47365],[-117.67462,33.47235],[-117.67426,33.47082],[-117.67408,33.47042],[-117.6731,33.46903],[-117.67065,33.46754],[-117.6698,33.46711],[-117.67004,33.46695],[-117.67032,33.46691],[-117.6713,33.46669],[-117.67218,33.46665],[-117.67255,33.46651],[-117.67296,33.46651],[-117.67355,33.4666],[-117.67375,33.4667],[-117.67415,33.46749],[-117.67488,33.469],[-117.67528,33.46982],[-117.67558,33.47013],[-117.6757,33.47019],[-117.67572,33.46987],[-117.67576,33.46952],[-117.67587,33.46888],[-117.6762,33.46816],[-117.67925,33.46903],[-117.67916,33.469]]]}},{"type":"Feature","properties":{"county_fips":59,"srprec":"49825","precinct_id":"059-49825","county_name":"Orange","area_sq_mi":0.062,"place_primary":"San Juan Capistrano","place_primary_share":100.0,"place_also":[],"places":[{"name":"San Juan Capistrano","geoid":"0668028","kind":"city","pct":100.0}],"bbox":[-117.6666,33.50547,-117.66072,33.51114],"g22_asm":{"dem_pct":57.3,"margin_dem":14.7,"votes_two_party":211,"winner":"Dem"},"g24_asm":{"dem_pct":55.4,"margin_dem":10.7,"votes_two_party":271,"winner":"Dem"}},"geometry":{"type":"Polygon","coordinates":[[[-117.6633,33.50587],[-117.664,33.50731],[-117.66424,33.50773],[-117.66453,33.50797],[-117.66536,33.50787],[-117.66622,33.50923],[-117.66659,33.5101],[-117.66588,33.5103],[-117.66474,33.51042],[-117.66403,33.51053],[-117.66402,33.51068],[-117.66401,33.51084],[-117.66315,33.51108],[-117.66293,33.51114],[-117.66286,33.51103],[-117.66278,33.51078],[-117.66268,33.51045],[-117.66266,33.51024],[-117.66263,33.51],[-117.66255,33.5097],[-117.66247,33.50948],[-117.66224,33.50882],[-117.66177,33.50903],[-117.66154,33.50924],[-117.66119,33.50888],[-117.66082,33.50763],[-117.66089,33.50761],[-117.66121,33.50734],[-117.66151,33.50721],[-117.6617,33.50701],[-117.66202,33.50675],[-117.6628,33.50589],[-117.66321,33.50569],[-117.6633,33.50587]]]}},{"type":"Feature","properties":{"county_fips":59,"srprec":"49826","precinct_id":"059-49826","county_name":"Orange","area_sq_mi":0.002,"place_primary":"San Juan Capistrano","place_primary_share":100.0,"place_also":[],"places":[{"name":"San Juan Capistrano","geoid":"0668028","kind":"city","pct":100.0}],"bbox":[-117.66844,33.50705,-117.66707,33.50773],"g22_asm":{"dem_pct":50.0,"margin_dem":0.0,"votes_two_party":2,"winner":"Tie"},"g24_asm":null},"geometry":{"type":"Polygon","coordinates":[[[-117.66707,33.50737],[-117.66707,33.50737],[-117.6673,33.50731],[-117.66798,33.50711],[-117.66821,33.50705],[-117.66821,33.50705],[-117.66821,33.50705],[-117.66825,33.50711],[-117.66826,33.50711],[-117.66839,33.50729],[-117.66839,33.50729],[-117.66844,33.50735],[-117.66844,33.50735],[-117.66844,33.50735],[-117.66844,33.50735],[-117.66829,33.50743],[-117.66829,33.50743],[-117.66811,33.50748],[-117.66811,33.50748],[-117.66761,33.50763],[-117.66761,33.50763],[-117.66724,33.50773],[-117.66724,33.50773],[-117.66724,33.50773],[-117.66723,33.5077],[-117.66707,33.50737]]]}},{"type":"Feature","properties":{"county_fips":59,"srprec":"49829","precinct_id":"059-49829","county_name":"Orange","area_sq_mi":0.007,"place_primary":"San Juan Capistrano","place_primary_share":100.0,"place_also":[],"places":[{"name":"San Juan Capistrano","geoid":"0668028","kind":"city","pct":100.0}],"bbox":[-117.66423,33.47157,-117.66237,33.47353],"g22_asm":{"dem_pct":57.1,"margin_dem":14.3,"votes_two_party":21,"winner":"Dem"},"g24_asm":{"dem_pct":58.3,"margin_dem":16.7,"votes_two_party":24,"winner":"Dem"}},"geometry":{"type":"Polygon","coordinates":[[[-117.66237,33.47349],[-117.66237,33.47349],[-117.66237,33.47349],[-117.66238,33.4732],[-117.66239,33.4732],[-117.66239,33.47312],[-117.66239,33.47312],[-117.66241,33.47303],[-117.66242,33.47298],[-117.66242,33.47298],[-117.66248,33.47286],[-117.66248,33.47286],[-117.66249,33.47285],[-117.66249,33.47284],[-117.66263,33.47271],[-117.66263,33.47271],[-117.66298,33.47247],[-117.66302,33.47244],[-117.66302,33.47244],[-117.66314,33.47234],[-117.66314,33.47234],[-117.66328,33.47222],[-117.66328,33.47222],[-117.66339,33.47207],[-117.66339,33.47207],[-117.66355,33.47174],[-117.66363,33.47157],[-117.66363,33.47157],[-117.66363,33.47157],[-117.66378,33.4716],[-117.66389,33.47163],[-117.66389,33.47163],[-117.66423,33.4717],[-117.66423,33.4717],[-117.66423,33.4717],[-117.66337,33.47351],[-117.66336,33.47353],[-117.66336,33.47353],[-117.66336,33.47353],[-117.6629,33.47351],[-117.6629,33.47351],[-117.66237,33.47349]]]}},{"type":"Feature","properties":{"county_fips":59,"srprec":"49830","precinct_id":"059-49830","county_name":"Orange","area_sq_mi":0.002,"place_primary":"San Juan Capistrano","place_primary_share":100.0,"place_also":[],"places":[{"name":"San Juan Capistrano","geoid":"0668028","kind":"city","pct":100.0}],"bbox":[-117.66194,33.47379,-117.66093,33.47466],"g22_asm":{"dem_pct":75.0,"margin_dem":50.0,"votes_two_party":8,"winner":"Dem"},"g24_asm":null},"geometry":{"type":"Polygon","coordinates":[[[-117.66184,33.47431],[-117.66184,33.47431],[-117.66126,33.47466],[-117.66126,33.47466],[-117.66126,33.47466],[-117.66093,33.47443],[-117.66093,33.47443],[-117.66093,33.47443],[-117.66123,33.47417],[-117.66139,33.47403],[-117.66139,33.47403],[-117.66143,33.47398],[-117.66144,33.47398],[-117.66157,33.47384],[-117.66157,33.47384],[-117.6616,33.47381],[-117.6616,33.47381],[-117.66161,33.47379],[-117.66161,33.47379],[-117.66161,33.47379],[-117.66175,33.47384],[-117.66175,33.47384],[-117.66181,33.47386],[-117.66181,33.47386],[-117.66194,33.47389],[-117.66194,33.47389],[-117.66194,33.47389],[-117.66184,33.47431]]]}},{"type":"Feature","properties":{"county_fips":59,"srprec":"49831","precinct_id":"059-49831","county_name":"Orange","area_sq_mi":0.253,"place_primary":"San Juan Capistrano","place_primary_share":100.0,"place_also":[],"places":[{"name":"San Juan Capistrano","geoid":"0668028","kind":"city","pct":100.0}],"bbox":[-117.66856,33.4818,-117.65424,33.49153],"g22_asm":{"dem_pct":63.2,"margin_dem":26.3,"votes_two_party":57,"winner":"Dem"},"g24_asm":{"dem_pct":65.3,"margin_dem":30.7,"votes_two_party":101,"winner":"Dem"}},"geometry":{"type":"Polygon","coordinates":[[[-117.66336,33.48208],[-117.66427,33.48261],[-117.66568,33.48273],[-117.66649,33.48262],[-117.66788,33.4825],[-117.66841,33.48234],[-117.6679,33.48333],[-117.66786,33.48379],[-117.66654,33.48535],[-117.66499,33.4873],[-117.6626,33.49049],[-117.66186,33.49153],[-117.66167,33.49147],[-117.66158,33.49141],[-117.66187,33.49093],[-117.66274,33.48967],[-117.66295,33.48887],[-117.66309,33.48836],[-117.66284,33.48827],[-117.66271,33.48827],[-117.66245,33.48825],[-117.66219,33.48824],[-117.66147,33.4884],[-117.6606,33.48859],[-117.66004,33.48855],[-117.65947,33.48832],[-117.65866,33.4876],[-117.65796,33.48722],[-117.65633,33.48499],[-117.65476,33.48338],[-117.65424,33.48252],[-117.65882,33.48181],[-117.66312,33.4818],[-117.66336,33.48208]]]}},{"type":"Feature","properties":{"county_fips":59,"srprec":"49838","precinct_id":"059-49838","county_name":"Orange","area_sq_mi":0.246,"place_primary":"San Juan Capistrano","place_primary_share":99.9,"place_also":[],"places":[{"name":"San Juan Capistrano","geoid":"0668028","kind":"city","pct":99.9}],"bbox":[-117.67509,33.52775,-117.66398,33.54175],"g22_asm":{"dem_pct":46.9,"margin_dem":-6.2,"votes_two_party":258,"winner":"Rep"},"g24_asm":{"dem_pct":47.3,"margin_dem":-5.3,"votes_two_party":374,"winner":"Rep"}},"geometry":{"type":"Polygon","coordinates":[[[-117.66983,33.54049],[-117.66683,33.53341],[-117.6675,33.53143],[-117.66955,33.53027],[-117.66896,33.52887],[-117.66983,33.52775],[-117.67017,33.52966],[-117.66963,33.53055],[-117.66811,33.53261],[-117.66689,33.53521],[-117.66608,33.53629],[-117.6654,33.53713],[-117.66593,33.53773],[-117.66706,33.53841],[-117.66773,33.53791],[-117.66909,33.53749],[-117.66991,33.53699],[-117.67052,33.53584],[-117.66959,33.5354],[-117.66955,33.5343],[-117.67004,33.53387],[-117.67047,33.53463],[-117.67099,33.53449],[-117.67112,33.53323],[-117.67046,33.53284],[-117.67156,33.53253],[-117.67284,33.53176],[-117.67231,33.53094],[-117.67347,33.53001],[-117.67474,33.5362],[-117.67388,33.54096],[-117.67313,33.54168],[-117.6718,33.54169],[-117.66983,33.54049]]]}},{"type":"Feature","properties":{"county_fips":59,"srprec":"58107","precinct_id":"059-58107","county_name":"Orange","area_sq_mi":1.404,"place_primary":"Laguna Niguel","place_primary_share":99.9,"place_also":[],"places":[{"name":"Laguna Niguel","geoid":"0639248","kind":"city","pct":99.9}],"bbox":[-117.72066,33.4896,-117.70489,33.52646],"g22_asm":{"dem_pct":40.6,"margin_dem":-18.9,"votes_two_party":2224,"winner":"Rep"},"g24_asm":{"dem_pct":40.9,"margin_dem":-18.2,"votes_two_party":2649,"winner":"Rep"}},"geometry":{"type":"Polygon","coordinates":[[[-117.71123,33.48961],[-117.71352,33.49082],[-117.71435,33.49154],[-117.71557,33.49338],[-117.71685,33.49448],[-117.71832,33.49492],[-117.71966,33.49484],[-117.72034,33.49506],[-117.72063,33.49677],[-117.72024,33.5017],[-117.72033,33.50502],[-117.71935,33.50987],[-117.71892,33.5146],[-117.71916,33.51777],[-117.71864,33.51938],[-117.71634,33.52233],[-117.71137,33.52646],[-117.70995,33.52531],[-117.70818,33.5234],[-117.70549,33.51977],[-117.705,33.51883],[-117.70493,33.51764],[-117.7055,33.51642],[-117.70789,33.51379],[-117.70862,33.51124],[-117.7081,33.50839],[-117.70805,33.50577],[-117.70849,33.50402],[-117.71047,33.50112],[-117.71185,33.4985],[-117.71065,33.49611],[-117.70944,33.49467],[-117.70923,33.49263],[-117.71094,33.49004],[-117.71123,33.48961]]]}},{"type":"Feature","properties":{"county_fips":59,"srprec":"58108","precinct_id":"059-58108","county_name":"Orange","area_sq_mi":0.938,"place_primary":"Laguna Niguel","place_primary_share":100.0,"place_also":[],"places":[{"name":"Laguna Niguel","geoid":"0639248","kind":"city","pct":100.0}],"bbox":[-117.71137,33.51893,-117.68495,33.53768],"g22_asm":{"dem_pct":46.4,"margin_dem":-7.2,"votes_two_party":2526,"winner":"Rep"},"g24_asm":{"dem_pct":46.8,"margin_dem":-6.5,"votes_two_party":3185,"winner":"Rep"}},"geometry":{"type":"Polygon","coordinates":[[[-117.68793,33.5287],[-117.68935,33.52802],[-117.69072,33.52797],[-117.69305,33.52725],[-117.69524,33.52583],[-117.69799,33.5253],[-117.69977,33.52464],[-117.70255,33.52251],[-117.70302,33.5214],[-117.70279,33.52011],[-117.7044,33.51908],[-117.70537,33.51961],[-117.70729,33.52199],[-117.70964,33.52514],[-117.71103,33.52604],[-117.71063,33.52691],[-117.70903,33.52863],[-117.70736,33.52999],[-117.70474,33.53124],[-117.70146,33.53364],[-117.69588,33.53671],[-117.69397,33.53532],[-117.69167,33.53527],[-117.68998,33.53599],[-117.68673,33.53579],[-117.68496,33.53533],[-117.68497,33.53117],[-117.68509,33.52836],[-117.68554,33.52481],[-117.68804,33.52492],[-117.68748,33.52655],[-117.68718,33.52775],[-117.68761,33.52885],[-117.68793,33.5287]]]}},{"type":"Feature","properties":{"county_fips":59,"srprec":"58111","precinct_id":"059-58111","county_name":"Orange","area_sq_mi":0.274,"place_primary":"Laguna Niguel","place_primary_share":95.5,"place_also":[],"places":[{"name":"Laguna Niguel","geoid":"0639248","kind":"city","pct":95.5},{"name":"Laguna Beach","geoid":"0639178","kind":"city","pct":3.7},{"name":"Dana Point","geoid":"0617946","kind":"city","pct":0.8}],"bbox":[-117.73941,33.49655,-117.72553,33.51311],"g22_asm":{"dem_pct":40.4,"margin_dem":-19.1,"votes_two_party":314,"winner":"Rep"},"g24_asm":{"dem_pct":42.5,"margin_dem":-14.9,"votes_two_party":369,"winner":"Rep"}},"geometry":{"type":"MultiPolygon","coordinates":[[[[-117.73359,33.49968],[-117.73313,33.50053],[-117.7332,33.50105],[-117.73306,33.50136],[-117.73257,33.50233],[-117.73387,33.50341],[-117.73562,33.5049],[-117.73784,33.50811],[-117.73466,33.50831],[-117.73485,33.50899],[-117.73447,33.51002],[-117.73674,33.51046],[-117.73654,33.51132],[-117.73922,33.51076],[-117.73668,33.51281],[-117.73326,33.51242],[-117.73393,33.51138],[-117.73314,33.51008],[-117.73293,33.50796],[-117.73371,33.50742],[-117.73463,33.50652],[-117.73402,33.50554],[-117.73155,33.50568],[-117.73016,33.50659],[-117.7302,33.50402],[-117.72811,33.50138],[-117.72596,33.49796],[-117.7273,33.49732],[-117.72776,33.49735],[-117.72849,33.49693],[-117.73228,33.49867],[-117.73319,33.49915],[-117.73299,33.49829],[-117.73359,33.49968]]],[[[-117.7297,33.49657],[-117.72976,33.49655],[-117.72976,33.49655],[-117.72976,33.49655],[-117.72986,33.49682],[-117.7297,33.49657]]],[[[-117.72847,33.49686],[-117.72846,33.49683],[-117.72846,33.49683],[-117.72846,33.49683],[-117.72864,33.49679],[-117.72864,33.49679],[-117.72908,33.4967],[-117.72847,33.49686]]]]}},{"type":"Feature","properties":{"county_fips":59,"srprec":"58114","precinct_id":"059-58114","county_name":"Orange","area_sq_mi":0.264,"place_primary":"Laguna Niguel","place_primary_share":100.0,"place_also":[],"places":[{"name":"Laguna Niguel","geoid":"0639248","kind":"city","pct":100.0}],"bbox":[-117.70302,33.51942,-117.68717,33.52885],"g22_asm":{"dem_pct":49.0,"margin_dem":-2.0,"votes_two_party":871,"winner":"Rep"},"g24_asm":{"dem_pct":49.2,"margin_dem":-1.6,"votes_two_party":1179,"winner":"Rep"}},"geometry":{"type":"Polygon","coordinates":[[[-117.70247,33.51945],[-117.70284,33.52031],[-117.703,33.52109],[-117.70301,33.52154],[-117.70274,33.52227],[-117.7023,33.52274],[-117.7001,33.52439],[-117.69907,33.52521],[-117.69817,33.52533],[-117.69727,33.52527],[-117.69524,33.52583],[-117.69393,33.52666],[-117.69254,33.5275],[-117.69141,33.52796],[-117.69055,33.52796],[-117.68956,33.52798],[-117.68888,33.5282],[-117.68808,33.52863],[-117.68741,33.52852],[-117.68721,33.52796],[-117.68719,33.52734],[-117.68745,33.52661],[-117.68796,33.52542],[-117.68804,33.52492],[-117.68912,33.5248],[-117.68981,33.52463],[-117.69114,33.52409],[-117.6919,33.52359],[-117.69326,33.52244],[-117.69501,33.52103],[-117.69638,33.5204],[-117.69774,33.52011],[-117.70065,33.5197],[-117.70247,33.51945]]]}},{"type":"Feature","properties":{"county_fips":59,"srprec":"58118","precinct_id":"059-58118","county_name":"Orange","area_sq_mi":0.601,"place_primary":"Laguna Niguel","place_primary_share":99.0,"place_also":[],"places":[{"name":"Laguna Niguel","geoid":"0639248","kind":"city","pct":99.0},{"name":"Aliso Viejo","geoid":"0600947","kind":"city","pct":0.2}],"bbox":[-117.72618,33.52927,-117.71387,33.55563],"g22_asm":{"dem_pct":50.4,"margin_dem":0.9,"votes_two_party":2514,"winner":"Dem"},"g24_asm":{"dem_pct":48.3,"margin_dem":-3.4,"votes_two_party":1724,"winner":"Rep"}},"geometry":{"type":"MultiPolygon","coordinates":[[[[-117.72114,33.54319],[-117.71965,33.5489],[-117.72104,33.55064],[-117.72089,33.55205],[-117.71863,33.55555],[-117.71831,33.55559],[-117.718,33.55554],[-117.71839,33.55394],[-117.71799,33.55205],[-117.71756,33.55117],[-117.71728,33.55099],[-117.71683,33.55006],[-117.71622,33.54597],[-117.71582,33.54449],[-117.71499,33.54272],[-117.71487,33.54188],[-117.71502,33.54076],[-117.71531,33.53902],[-117.71521,33.53821],[-117.71496,33.53751],[-117.71409,33.53568],[-117.71388,33.53471],[-117.71398,33.53354],[-117.71448,33.5307],[-117.71506,33.52977],[-117.71526,33.52958],[-117.71724,33.53092],[-117.719,33.53139],[-117.72111,33.53168],[-117.72192,33.53274],[-117.72383,33.53445],[-117.72338,33.53745],[-117.72429,33.53842],[-117.72565,33.54029],[-117.72224,33.54343],[-117.72114,33.54319]],[[-117.71389,33.53469],[-117.71389,33.53471],[-117.7139,33.53476],[-117.71389,33.53469]]],[[[-117.72104,33.55064],[-117.72104,33.55064],[-117.72104,33.55064]]]]}},{"type":"Feature","properties":{"county_fips":59,"srprec":"58121","precinct_id":"059-58121","county_name":"Orange","area_sq_mi":1.613,"place_primary":"Laguna Niguel","place_primary_share":99.9,"place_also":[],"places":[{"name":"Laguna Niguel","geoid":"0639248","kind":"city","pct":99.9}],"bbox":[-117.73668,33.49459,-117.71483,33.52778],"g22_asm":{"dem_pct":48.0,"margin_dem":-3.9,"votes_two_party":2228,"winner":"Rep"},"g24_asm":{"dem_pct":49.8,"margin_dem":-0.4,"votes_two_party":2705,"winner":"Rep"}},"geometry":{"type":"Polygon","coordinates":[[[-117.72553,33.49756],[-117.72736,33.49987],[-117.72855,33.50213],[-117.73036,33.50482],[-117.73048,33.50657],[-117.73184,33.50557],[-117.73418,33.50567],[-117.73447,33.50662],[-117.73343,33.50757],[-117.73287,33.50811],[-117.73317,33.51021],[-117.73386,33.51144],[-117.73323,33.51246],[-117.73668,33.51281],[-117.73559,33.51504],[-117.73604,33.52723],[-117.72739,33.52591],[-117.7236,33.52703],[-117.72043,33.52599],[-117.71892,33.52578],[-117.71622,33.52511],[-117.71484,33.52366],[-117.71794,33.52059],[-117.71916,33.51747],[-117.71898,33.51419],[-117.72002,33.50706],[-117.72023,33.50234],[-117.72045,33.49894],[-117.72034,33.49506],[-117.72069,33.49461],[-117.72178,33.49476],[-117.7221,33.49495],[-117.72302,33.49562],[-117.72553,33.49756]]]}},{"type":"Feature","properties":{"county_fips":59,"srprec":"58299","precinct_id":"059-58299","county_name":"Orange","area_sq_mi":0.516,"place_primary":"Laguna Niguel","place_primary_share":100.0,"place_also":[],"places":[{"name":"Laguna Niguel","geoid":"0639248","kind":"city","pct":100.0}],"bbox":[-117.69748,33.48842,-117.68148,33.50535],"g22_asm":{"dem_pct":32.9,"margin_dem":-34.2,"votes_two_party":720,"winner":"Rep"},"g24_asm":{"dem_pct":34.5,"margin_dem":-31.0,"votes_two_party":846,"winner":"Rep"}},"geometry":{"type":"Polygon","coordinates":[[[-117.69051,33.48861],[-117.69094,33.4888],[-117.6914,33.48899],[-117.69189,33.48913],[-117.69303,33.48937],[-117.69335,33.48946],[-117.69475,33.48985],[-117.69681,33.4907],[-117.69733,33.4909],[-117.69739,33.49109],[-117.69652,33.49248],[-117.69578,33.49329],[-117.69397,33.49504],[-117.69333,33.49609],[-117.69299,33.49704],[-117.69288,33.49891],[-117.69288,33.50028],[-117.69267,33.50124],[-117.69196,33.50266],[-117.69095,33.50376],[-117.68763,33.50535],[-117.68544,33.50529],[-117.68348,33.50532],[-117.68239,33.50483],[-117.684,33.50091],[-117.68479,33.49814],[-117.68586,33.4946],[-117.68641,33.49243],[-117.68773,33.49163],[-117.68831,33.48983],[-117.68911,33.48928],[-117.68964,33.48918],[-117.68992,33.48867],[-117.69037,33.48858],[-117.69051,33.48861]]]}},{"type":"Feature","properties":{"county_fips":59,"srprec":"58314","precinct_id":"059-58314","county_name":"Orange","area_sq_mi":1.14,"place_primary":"Laguna Niguel","place_primary_share":100.0,"place_also":[],"places":[{"name":"Laguna Niguel","geoid":"0639248","kind":"city","pct":100.0}],"bbox":[-117.71839,33.52366,-117.6986,33.56356],"g22_asm":{"dem_pct":44.2,"margin_dem":-11.6,"votes_two_party":1658,"winner":"Rep"},"g24_asm":{"dem_pct":40.9,"margin_dem":-18.2,"votes_two_party":1086,"winner":"Rep"}},"geometry":{"type":"Polygon","coordinates":[[[-117.71719,33.55081],[-117.71821,33.55268],[-117.71796,33.55554],[-117.71651,33.56036],[-117.71585,33.56262],[-117.71581,33.56279],[-117.71182,33.56286],[-117.70829,33.56344],[-117.70924,33.55733],[-117.70959,33.55393],[-117.70709,33.55182],[-117.70427,33.54809],[-117.70248,33.54574],[-117.70316,33.54235],[-117.70308,33.5404],[-117.7004,33.53776],[-117.70272,33.53256],[-117.70783,33.52971],[-117.70983,33.52761],[-117.71201,33.52607],[-117.71138,33.52646],[-117.70962,33.52788],[-117.70799,33.52961],[-117.70439,33.53147],[-117.70227,33.53925],[-117.70314,33.54053],[-117.70318,33.53937],[-117.70682,33.5349],[-117.71336,33.53465],[-117.715,33.53758],[-117.71518,33.54],[-117.71498,33.54272],[-117.7164,33.54756],[-117.71719,33.55081]]]}},{"type":"Feature","properties":{"county_fips":59,"srprec":"58324","precinct_id":"059-58324","county_name":"Orange","area_sq_mi":0.287,"place_primary":"Laguna Niguel","place_primary_share":98.9,"place_also":[],"places":[{"name":"Laguna Niguel","geoid":"0639248","kind":"city","pct":98.9},{"name":"San Juan Capistrano","geoid":"0668028","kind":"city","pct":1.1}],"bbox":[-117.68813,33.50514,-117.67776,33.52496],"g22_asm":{"dem_pct":44.8,"margin_dem":-10.5,"votes_two_party":1070,"winner":"Rep"},"g24_asm":{"dem_pct":44.0,"margin_dem":-11.9,"votes_two_party":1342,"winner":"Rep"}},"geometry":{"type":"Polygon","coordinates":[[[-117.6838,33.50514],[-117.68574,33.50657],[-117.68244,33.51061],[-117.68147,33.51323],[-117.682,33.51614],[-117.68411,33.51873],[-117.68575,33.52221],[-117.68341,33.52479],[-117.68411,33.52377],[-117.68349,33.52383],[-117.68305,33.52359],[-117.68237,33.523],[-117.68194,33.52302],[-117.68104,33.52312],[-117.68082,33.52321],[-117.68018,33.52254],[-117.6799,33.52086],[-117.68078,33.51962],[-117.67996,33.51894],[-117.6794,33.51827],[-117.67921,33.51769],[-117.67936,33.51696],[-117.67928,33.51615],[-117.67944,33.51521],[-117.67946,33.51446],[-117.67965,33.51357],[-117.67967,33.51263],[-117.67988,33.51195],[-117.67966,33.51085],[-117.68052,33.50945],[-117.68092,33.50893],[-117.68007,33.50668],[-117.68369,33.50532],[-117.6838,33.50514]]]}},{"type":"Feature","properties":{"county_fips":59,"srprec":"58327","precinct_id":"059-58327","county_name":"Orange","area_sq_mi":0.091,"place_primary":"Laguna Niguel","place_primary_share":94.4,"place_also":[],"places":[{"name":"Laguna Niguel","geoid":"0639248","kind":"city","pct":94.4},{"name":"San Juan Capistrano","geoid":"0668028","kind":"city","pct":5.6}],"bbox":[-117.68555,33.5247,-117.68225,33.53548],"g22_asm":{"dem_pct":42.9,"margin_dem":-14.1,"votes_two_party":347,"winner":"Rep"},"g24_asm":{"dem_pct":46.2,"margin_dem":-7.6,"votes_two_party":528,"winner":"Rep"}},"geometry":{"type":"Polygon","coordinates":[[[-117.68323,33.52482],[-117.68493,33.52471],[-117.68554,33.52481],[-117.68517,33.52776],[-117.68499,33.52931],[-117.68497,33.53138],[-117.68496,33.53499],[-117.68479,33.53547],[-117.68417,33.53531],[-117.6836,33.53537],[-117.68317,33.53475],[-117.68319,33.53449],[-117.68285,33.53367],[-117.68298,33.53327],[-117.68309,33.53317],[-117.6829,33.53302],[-117.68314,33.53257],[-117.68353,33.53254],[-117.68353,33.53245],[-117.6836,33.53207],[-117.68336,33.53133],[-117.68293,33.53119],[-117.68295,33.53073],[-117.68293,33.53059],[-117.68297,33.52994],[-117.68325,33.52981],[-117.68332,33.52971],[-117.68346,33.5297],[-117.68363,33.52977],[-117.68265,33.52956],[-117.68272,33.52885],[-117.68315,33.52562],[-117.68267,33.52509],[-117.68323,33.52482]]]}},{"type":"Feature","properties":{"county_fips":59,"srprec":"58330","precinct_id":"059-58330","county_name":"Orange","area_sq_mi":0.714,"place_primary":"Laguna Niguel","place_primary_share":99.6,"place_also":[],"places":[{"name":"Laguna Niguel","geoid":"0639248","kind":"city","pct":99.6},{"name":"San Juan Capistrano","geoid":"0668028","kind":"city","pct":0.4}],"bbox":[-117.69198,33.53545,-117.67429,33.55672],"g22_asm":{"dem_pct":44.6,"margin_dem":-10.8,"votes_two_party":1643,"winner":"Rep"},"g24_asm":{"dem_pct":45.3,"margin_dem":-9.3,"votes_two_party":2107,"winner":"Rep"}},"geometry":{"type":"Polygon","coordinates":[[[-117.68495,33.53545],[-117.68514,33.53652],[-117.68579,33.53782],[-117.68509,33.53828],[-117.68452,33.54039],[-117.68429,33.54369],[-117.68873,33.54309],[-117.69057,33.54258],[-117.69163,33.54279],[-117.6908,33.5443],[-117.68844,33.5507],[-117.68642,33.55286],[-117.68324,33.55561],[-117.68099,33.55662],[-117.67761,33.55445],[-117.67547,33.54789],[-117.67441,33.54177],[-117.67641,33.54154],[-117.67792,33.54071],[-117.67987,33.5417],[-117.67985,33.54529],[-117.68027,33.5459],[-117.68057,33.54444],[-117.68071,33.54411],[-117.68094,33.54384],[-117.68169,33.54295],[-117.68199,33.54188],[-117.68151,33.54047],[-117.68236,33.53841],[-117.68351,33.5382],[-117.68428,33.53856],[-117.68352,33.53751],[-117.68433,33.53653],[-117.68495,33.53545]]]}},{"type":"Feature","properties":{"county_fips":59,"srprec":"58336","precinct_id":"059-58336","county_name":"Orange","area_sq_mi":0.299,"place_primary":"Laguna Niguel","place_primary_share":99.1,"place_also":[],"places":[{"name":"Laguna Niguel","geoid":"0639248","kind":"city","pct":99.1},{"name":"Laguna Hills","geoid":"0639220","kind":"city","pct":0.8}],"bbox":[-117.68479,33.54236,-117.67319,33.56353],"g22_asm":{"dem_pct":54.5,"margin_dem":9.0,"votes_two_party":301,"winner":"Dem"},"g24_asm":{"dem_pct":53.2,"margin_dem":6.4,"votes_two_party":686,"winner":"Dem"}},"geometry":{"type":"Polygon","coordinates":[[[-117.67328,33.55294],[-117.67332,33.55199],[-117.67324,33.55072],[-117.67326,33.55002],[-117.67343,33.54928],[-117.67336,33.54875],[-117.67349,33.54795],[-117.6736,33.54727],[-117.67401,33.54366],[-117.67429,33.54236],[-117.67438,33.54336],[-117.67461,33.54442],[-117.67559,33.54829],[-117.6765,33.55198],[-117.67717,33.55375],[-117.67809,33.55507],[-117.6788,33.55572],[-117.68035,33.55672],[-117.68061,33.55683],[-117.68122,33.55707],[-117.68363,33.55759],[-117.68461,33.55794],[-117.68267,33.55929],[-117.6823,33.55915],[-117.68171,33.55991],[-117.681,33.55996],[-117.68056,33.56022],[-117.68005,33.56106],[-117.67944,33.56098],[-117.67913,33.56126],[-117.67835,33.56233],[-117.67678,33.56353],[-117.67633,33.56353],[-117.67328,33.55294]]]}},{"type":"Feature","properties":{"county_fips":59,"srprec":"58350","precinct_id":"059-58350","county_name":"Orange","area_sq_mi":1.074,"place_primary":"Laguna Niguel","place_primary_share":99.9,"place_also":[],"places":[{"name":"Laguna Niguel","geoid":"0639248","kind":"city","pct":99.9},{"name":"Dana Point","geoid":"0617946","kind":"city","pct":0.1}],"bbox":[-117.71185,33.48883,-117.68813,33.50764],"g22_asm":{"dem_pct":43.0,"margin_dem":-14.0,"votes_two_party":2436,"winner":"Rep"},"g24_asm":{"dem_pct":42.9,"margin_dem":-14.1,"votes_two_party":2891,"winner":"Rep"}},"geometry":{"type":"MultiPolygon","coordinates":[[[[-117.71107,33.48953],[-117.71092,33.49006],[-117.70936,33.49222],[-117.70916,33.49348],[-117.70975,33.49525],[-117.71065,33.49611],[-117.71165,33.49748],[-117.71163,33.49958],[-117.71026,33.50135],[-117.70904,33.50318],[-117.7082,33.50503],[-117.70801,33.50565],[-117.70558,33.50607],[-117.7006,33.50679],[-117.69553,33.50674],[-117.69334,33.50643],[-117.68819,33.50533],[-117.69095,33.50376],[-117.69225,33.50219],[-117.69281,33.5007],[-117.69291,33.49957],[-117.69298,33.49712],[-117.69351,33.49574],[-117.69484,33.49415],[-117.6964,33.49263],[-117.69741,33.49106],[-117.69868,33.49118],[-117.70005,33.49123],[-117.70076,33.49112],[-117.70216,33.49082],[-117.70543,33.48932],[-117.7081,33.48883],[-117.70998,33.4891],[-117.71106,33.48953],[-117.71107,33.48953]]],[[[-117.71106,33.48953],[-117.71106,33.48952],[-117.71106,33.48953]]],[[[-117.70239,33.49078],[-117.70239,33.49078],[-117.70239,33.49078]]]]}},{"type":"Feature","properties":{"county_fips":59,"srprec":"58354","precinct_id":"059-58354","county_name":"Orange","area_sq_mi":1.231,"place_primary":"Laguna Niguel","place_primary_share":100.0,"place_also":[],"places":[{"name":"Laguna Niguel","geoid":"0639248","kind":"city","pct":100.0}],"bbox":[-117.70862,33.50526,-117.68144,33.52493],"g22_asm":{"dem_pct":45.3,"margin_dem":-9.4,"votes_two_party":2659,"winner":"Rep"},"g24_asm":{"dem_pct":46.6,"margin_dem":-6.9,"votes_two_party":2532,"winner":"Rep"}},"geometry":{"type":"Polygon","coordinates":[[[-117.70668,33.50545],[-117.70808,33.50558],[-117.70797,33.50778],[-117.70846,33.51008],[-117.70851,33.51226],[-117.70753,33.5143],[-117.7055,33.51642],[-117.70493,33.51764],[-117.70499,33.51882],[-117.7033,33.51931],[-117.70061,33.51899],[-117.69998,33.51607],[-117.69918,33.51306],[-117.69629,33.51302],[-117.69385,33.51468],[-117.69246,33.5188],[-117.69177,33.5231],[-117.69066,33.52431],[-117.68924,33.52477],[-117.68744,33.52492],[-117.68575,33.52221],[-117.68514,33.52016],[-117.68376,33.51838],[-117.68256,33.51707],[-117.68173,33.5155],[-117.68144,33.51374],[-117.68157,33.51261],[-117.68244,33.51061],[-117.68436,33.50773],[-117.68637,33.5062],[-117.69251,33.5053],[-117.69499,33.50622],[-117.70017,33.50718],[-117.70558,33.50607],[-117.70668,33.50545]]]}},{"type":"Feature","properties":{"county_fips":59,"srprec":"58357","precinct_id":"059-58357","county_name":"Orange","area_sq_mi":0.317,"place_primary":"Laguna Niguel","place_primary_share":99.5,"place_also":[],"places":[{"name":"Laguna Niguel","geoid":"0639248","kind":"city","pct":99.5},{"name":"Aliso Viejo","geoid":"0600947","kind":"city","pct":0.5}],"bbox":[-117.71609,33.56218,-117.70035,33.56939],"g22_asm":{"dem_pct":48.8,"margin_dem":-2.5,"votes_two_party":802,"winner":"Rep"},"g24_asm":{"dem_pct":48.0,"margin_dem":-4.1,"votes_two_party":1086,"winner":"Rep"}},"geometry":{"type":"Polygon","coordinates":[[[-117.71521,33.56684],[-117.71519,33.56686],[-117.70858,33.56927],[-117.70035,33.56898],[-117.70068,33.56837],[-117.70124,33.56718],[-117.70148,33.56669],[-117.70197,33.56528],[-117.70224,33.56468],[-117.70307,33.56312],[-117.70329,33.56262],[-117.70341,33.56218],[-117.70383,33.56224],[-117.70456,33.56241],[-117.70485,33.56251],[-117.70508,33.56261],[-117.70607,33.56307],[-117.7065,33.56322],[-117.70661,33.56325],[-117.70686,33.5633],[-117.70688,33.56331],[-117.70777,33.56339],[-117.7091,33.56351],[-117.70996,33.56356],[-117.71037,33.5635],[-117.71088,33.56335],[-117.71182,33.56286],[-117.71216,33.56273],[-117.71267,33.56263],[-117.71471,33.56261],[-117.71549,33.56273],[-117.71581,33.56279],[-117.71576,33.56293],[-117.71589,33.56346],[-117.71601,33.56416],[-117.71521,33.56684]]]}},{"type":"Feature","properties":{"county_fips":59,"srprec":"58371","precinct_id":"059-58371","county_name":"Orange","area_sq_mi":0.32,"place_primary":"Laguna Niguel","place_primary_share":100.0,"place_also":[],"places":[{"name":"Laguna Niguel","geoid":"0639248","kind":"city","pct":100.0}],"bbox":[-117.70349,33.55693,-117.69201,33.56898],"g22_asm":{"dem_pct":44.2,"margin_dem":-11.6,"votes_two_party":1011,"winner":"Rep"},"g24_asm":{"dem_pct":43.8,"margin_dem":-12.4,"votes_two_party":1374,"winner":"Rep"}},"geometry":{"type":"Polygon","coordinates":[[[-117.70052,33.55729],[-117.70183,33.55818],[-117.70254,33.55886],[-117.70313,33.55978],[-117.70344,33.56074],[-117.70348,33.56172],[-117.70329,33.56262],[-117.70295,33.56334],[-117.70191,33.56544],[-117.70128,33.5671],[-117.70051,33.56869],[-117.70023,33.56888],[-117.69712,33.56618],[-117.69525,33.56463],[-117.69406,33.56307],[-117.69288,33.56147],[-117.69271,33.56104],[-117.69252,33.55982],[-117.69229,33.55987],[-117.6921,33.55955],[-117.6937,33.55896],[-117.69463,33.55868],[-117.69484,33.55821],[-117.69524,33.55779],[-117.69574,33.55752],[-117.6962,33.55739],[-117.69654,33.55737],[-117.69751,33.55753],[-117.69791,33.55762],[-117.69834,33.55766],[-117.69878,33.55762],[-117.69941,33.5574],[-117.70003,33.55693],[-117.70015,33.55702],[-117.70052,33.55729]]]}},{"type":"Feature","properties":{"county_fips":59,"srprec":"58372","precinct_id":"059-58372","county_name":"Orange","area_sq_mi":0.824,"place_primary":"Laguna Niguel","place_primary_share":100.0,"place_also":[],"places":[{"name":"Laguna Niguel","geoid":"0639248","kind":"city","pct":100.0}],"bbox":[-117.70992,33.53633,-117.69198,33.56341],"g22_asm":{"dem_pct":46.3,"margin_dem":-7.3,"votes_two_party":2585,"winner":"Rep"},"g24_asm":{"dem_pct":47.4,"margin_dem":-5.2,"votes_two_party":3184,"winner":"Rep"}},"geometry":{"type":"Polygon","coordinates":[[[-117.70769,33.55216],[-117.70925,33.5534],[-117.7099,33.55568],[-117.70936,33.55713],[-117.70856,33.55878],[-117.70777,33.56339],[-117.70668,33.56327],[-117.70516,33.56264],[-117.70451,33.56239],[-117.70348,33.56172],[-117.70322,33.56],[-117.70238,33.55869],[-117.70124,33.55777],[-117.70014,33.55702],[-117.69898,33.55592],[-117.69775,33.55443],[-117.6971,33.55265],[-117.69717,33.54933],[-117.69607,33.54652],[-117.69323,33.54418],[-117.69198,33.54309],[-117.69443,33.54076],[-117.69579,33.53892],[-117.69873,33.53644],[-117.70162,33.53872],[-117.7028,33.53986],[-117.70328,33.54117],[-117.70322,33.54215],[-117.70239,33.54417],[-117.70248,33.54574],[-117.70305,33.54681],[-117.70443,33.54829],[-117.70543,33.55023],[-117.70734,33.55196],[-117.70769,33.55216]]]}},{"type":"Feature","properties":{"county_fips":59,"srprec":"58373","precinct_id":"059-58373","county_name":"Orange","area_sq_mi":0.554,"place_primary":"Laguna Niguel","place_primary_share":99.9,"place_also":[],"places":[{"name":"Laguna Niguel","geoid":"0639248","kind":"city","pct":99.9}],"bbox":[-117.70003,33.54309,-117.68035,33.55929],"g22_asm":{"dem_pct":47.5,"margin_dem":-4.9,"votes_two_party":1881,"winner":"Rep"},"g24_asm":{"dem_pct":48.4,"margin_dem":-3.3,"votes_two_party":2455,"winner":"Rep"}},"geometry":{"type":"Polygon","coordinates":[[[-117.695,33.54544],[-117.6968,33.54777],[-117.69716,33.55005],[-117.6971,33.55265],[-117.69775,33.55443],[-117.6987,33.55564],[-117.69989,33.55705],[-117.69899,33.55757],[-117.69826,33.55766],[-117.69771,33.55757],[-117.69671,33.55737],[-117.69606,33.55742],[-117.69524,33.55779],[-117.69476,33.55834],[-117.69459,33.55896],[-117.69166,33.55882],[-117.69017,33.55875],[-117.68955,33.55843],[-117.6881,33.55566],[-117.68603,33.55699],[-117.68546,33.55737],[-117.68546,33.55737],[-117.68332,33.55752],[-117.68061,33.55683],[-117.6813,33.55656],[-117.68284,33.5559],[-117.68493,33.55388],[-117.68664,33.55273],[-117.68813,33.5513],[-117.69034,33.54532],[-117.6908,33.5443],[-117.69186,33.54319],[-117.69283,33.54385],[-117.695,33.54544]]]}},{"type":"Feature","properties":{"county_fips":59,"srprec":"58804","precinct_id":"059-58804","county_name":"Orange","area_sq_mi":0.068,"place_primary":"Laguna Niguel","place_primary_share":94.6,"place_also":[],"places":[{"name":"Laguna Niguel","geoid":"0639248","kind":"city","pct":94.6},{"name":"Dana Point","geoid":"0617946","kind":"city","pct":5.4}],"bbox":[-117.69008,33.4871,-117.68418,33.49372],"g22_asm":{"dem_pct":19.2,"margin_dem":-61.5,"votes_two_party":26,"winner":"Rep"},"g24_asm":{"dem_pct":20.0,"margin_dem":-60.0,"votes_two_party":40,"winner":"Rep"}},"geometry":{"type":"MultiPolygon","coordinates":[[[[-117.68781,33.48732],[-117.68827,33.48748],[-117.6885,33.48759],[-117.68873,33.4877],[-117.69,33.48838],[-117.69006,33.48842],[-117.69001,33.48855],[-117.68995,33.48863],[-117.68973,33.48894],[-117.68965,33.48915],[-117.68963,33.48926],[-117.68962,33.48934],[-117.68947,33.48933],[-117.68849,33.48936],[-117.68844,33.48947],[-117.68831,33.48983],[-117.68794,33.49076],[-117.68773,33.49163],[-117.68734,33.49257],[-117.68641,33.49243],[-117.68629,33.49293],[-117.68609,33.49372],[-117.68458,33.49325],[-117.68418,33.49314],[-117.68496,33.49134],[-117.6854,33.4903],[-117.68552,33.49004],[-117.68644,33.48791],[-117.68668,33.48713],[-117.68677,33.4871],[-117.68682,33.4871],[-117.68691,33.48715],[-117.68734,33.4872],[-117.68769,33.48729],[-117.68781,33.48732]]],[[[-117.68644,33.48791],[-117.68644,33.48791],[-117.68644,33.48791]]]]}},{"type":"Feature","properties":{"county_fips":59,"srprec":"58805","precinct_id":"059-58805","county_name":"Orange","area_sq_mi":0.051,"place_primary":"Laguna Niguel","place_primary_share":100.0,"place_also":[],"places":[{"name":"Laguna Niguel","geoid":"0639248","kind":"city","pct":100.0}],"bbox":[-117.68585,33.4981,-117.67866,33.50531],"g22_asm":{"dem_pct":50.0,"margin_dem":0.0,"votes_two_party":4,"winner":"Tie"},"g24_asm":null},"geometry":{"type":"Polygon","coordinates":[[[-117.68585,33.4993],[-117.68413,33.50081],[-117.684,33.50091],[-117.684,33.50091],[-117.68405,33.50106],[-117.68421,33.50281],[-117.6836,33.50428],[-117.68239,33.50483],[-117.68165,33.50504],[-117.68148,33.50526],[-117.68148,33.50526],[-117.68148,33.50526],[-117.68153,33.50526],[-117.68148,33.50531],[-117.68077,33.50531],[-117.67945,33.5053],[-117.67866,33.5053],[-117.67956,33.50462],[-117.67956,33.50462],[-117.68041,33.50394],[-117.68041,33.50394],[-117.68046,33.5039],[-117.68049,33.50388],[-117.68067,33.50373],[-117.68074,33.50366],[-117.68269,33.50173],[-117.68372,33.5007],[-117.68388,33.50055],[-117.68444,33.49908],[-117.6847,33.49842],[-117.6847,33.49841],[-117.6848,33.4981],[-117.6848,33.4981],[-117.6848,33.49811],[-117.68478,33.49817],[-117.68478,33.49817],[-117.6849,33.4983],[-117.68585,33.4993]],[[-117.68068,33.50373],[-117.68068,33.50373],[-117.68068,33.50373]]]}},{"type":"Feature","properties":{"county_fips":59,"srprec":"58807","precinct_id":"059-58807","county_name":"Orange","area_sq_mi":0.09,"place_primary":"Laguna Niguel","place_primary_share":100.0,"place_also":[],"places":[{"name":"Laguna Niguel","geoid":"0639248","kind":"city","pct":100.0}],"bbox":[-117.69109,33.53783,-117.68422,33.54401],"g22_asm":{"dem_pct":42.5,"margin_dem":-15.0,"votes_two_party":113,"winner":"Rep"},"g24_asm":{"dem_pct":40.8,"margin_dem":-18.4,"votes_two_party":125,"winner":"Rep"}},"geometry":{"type":"Polygon","coordinates":[[[-117.68978,33.54132],[-117.68988,33.54138],[-117.69042,33.54173],[-117.69063,33.54188],[-117.69083,33.54203],[-117.69109,33.54229],[-117.69086,33.54243],[-117.69074,33.54251],[-117.69011,33.54274],[-117.68974,33.54286],[-117.68948,33.54292],[-117.68928,33.54295],[-117.68911,33.54298],[-117.6889,33.54303],[-117.68706,33.54367],[-117.68571,33.54401],[-117.68513,33.54401],[-117.68503,33.54373],[-117.68429,33.54369],[-117.68447,33.54336],[-117.68463,33.54284],[-117.68468,33.54248],[-117.68453,33.54066],[-117.68452,33.54039],[-117.68465,33.53911],[-117.6847,33.53889],[-117.68477,33.53871],[-117.68499,33.53839],[-117.6852,33.53817],[-117.68533,33.53808],[-117.6856,33.53792],[-117.68569,33.53787],[-117.68581,33.53785],[-117.686,33.53813],[-117.68635,33.53855],[-117.68675,33.53894],[-117.6878,33.53978],[-117.68938,33.54104],[-117.6897,33.54127],[-117.68978,33.54132]]]}},{"type":"Feature","properties":{"county_fips":59,"srprec":"58813","precinct_id":"059-58813","county_name":"Orange","area_sq_mi":0.212,"place_primary":"Laguna Niguel","place_primary_share":100.0,"place_also":[],"places":[{"name":"Laguna Niguel","geoid":"0639248","kind":"city","pct":100.0}],"bbox":[-117.69715,33.53525,-117.68495,33.54309],"g22_asm":{"dem_pct":44.1,"margin_dem":-11.8,"votes_two_party":483,"winner":"Rep"},"g24_asm":{"dem_pct":45.4,"margin_dem":-9.2,"votes_two_party":650,"winner":"Rep"}},"geometry":{"type":"Polygon","coordinates":[[[-117.69414,33.53539],[-117.6944,33.53557],[-117.69601,33.53681],[-117.69666,33.53813],[-117.69542,33.53932],[-117.69486,33.5401],[-117.69427,33.54098],[-117.69261,33.54254],[-117.6918,33.54293],[-117.69124,33.54243],[-117.69073,33.54195],[-117.69044,33.54174],[-117.68988,33.54138],[-117.6897,33.54127],[-117.68926,33.54094],[-117.68676,33.53894],[-117.68617,33.53834],[-117.68581,33.53785],[-117.68566,33.53768],[-117.68532,33.53703],[-117.68515,33.53655],[-117.68512,33.53646],[-117.68503,33.53611],[-117.68495,33.53547],[-117.68544,33.53545],[-117.68605,33.53555],[-117.68789,33.53618],[-117.68854,33.53632],[-117.68998,33.53599],[-117.69077,33.53565],[-117.69153,33.5353],[-117.692,33.53525],[-117.69362,33.53526],[-117.69403,33.53534],[-117.69414,33.53539]]]}},{"type":"Feature","properties":{"county_fips":59,"srprec":"58819","precinct_id":"059-58819","county_name":"Orange","area_sq_mi":0.852,"place_primary":"Laguna Niguel","place_primary_share":99.8,"place_also":[],"places":[{"name":"Laguna Niguel","geoid":"0639248","kind":"city","pct":99.8}],"bbox":[-117.73771,33.52549,-117.71558,33.54128],"g22_asm":null,"g24_asm":{"dem_pct":50.1,"margin_dem":0.2,"votes_two_party":1413,"winner":"Dem"}},"geometry":{"type":"Polygon","coordinates":[[[-117.73702,33.53946],[-117.73376,33.54005],[-117.73074,33.5401],[-117.72842,33.5391],[-117.72537,33.53915],[-117.724,33.53776],[-117.72319,33.53698],[-117.72383,33.53445],[-117.72206,33.53324],[-117.72173,33.53228],[-117.7208,33.53152],[-117.719,33.53139],[-117.71755,33.5311],[-117.71636,33.52999],[-117.71559,33.52928],[-117.71594,33.5289],[-117.71627,33.52837],[-117.71648,33.52781],[-117.71657,33.52722],[-117.71657,33.52625],[-117.71667,33.52604],[-117.71874,33.52582],[-117.71925,33.52568],[-117.71981,33.5256],[-117.72043,33.52599],[-117.72121,33.52625],[-117.72271,33.52674],[-117.72383,33.52714],[-117.72438,33.52752],[-117.72463,33.52778],[-117.72897,33.52608],[-117.72987,33.52724],[-117.73604,33.52723],[-117.73596,33.52694],[-117.73702,33.53946]]]}},{"type":"Feature","properties":{"county_fips":59,"srprec":"58820","precinct_id":"059-58820","county_name":"Orange","area_sq_mi":0.436,"place_primary":"Laguna Niguel","place_primary_share":100.0,"place_also":[],"places":[{"name":"Laguna Niguel","geoid":"0639248","kind":"city","pct":100.0}],"bbox":[-117.71658,33.52366,-117.69861,33.5407],"g22_asm":null,"g24_asm":{"dem_pct":47.6,"margin_dem":-4.8,"votes_two_party":916,"winner":"Rep"}},"geometry":{"type":"Polygon","coordinates":[[[-117.70656,33.5351],[-117.70464,33.538],[-117.7034,33.53929],[-117.7031,33.53978],[-117.70368,33.54051],[-117.70304,33.54028],[-117.70272,33.53974],[-117.7023,33.53927],[-117.70196,33.53318],[-117.70273,33.53257],[-117.70483,33.5312],[-117.70713,33.53012],[-117.70807,33.52956],[-117.70881,33.5289],[-117.70941,33.52815],[-117.71009,33.52737],[-117.71095,33.52671],[-117.71162,33.52633],[-117.71253,33.52567],[-117.71535,33.52408],[-117.71611,33.52493],[-117.71647,33.52576],[-117.71655,33.52612],[-117.71657,33.52729],[-117.7164,33.52806],[-117.71602,33.52878],[-117.71559,33.52928],[-117.71521,33.52961],[-117.71456,33.53051],[-117.71416,33.53251],[-117.71387,33.53439],[-117.71276,33.535],[-117.71114,33.53556],[-117.7069,33.53481],[-117.70656,33.5351]]]}},{"type":"Feature","properties":{"county_fips":59,"srprec":"58821","precinct_id":"059-58821","county_name":"Orange","area_sq_mi":0.23,"place_primary":"Laguna Niguel","place_primary_share":100.0,"place_also":[],"places":[{"name":"Laguna Niguel","geoid":"0639248","kind":"city","pct":100.0}],"bbox":[-117.702,33.51277,-117.69145,33.52343],"g22_asm":null,"g24_asm":{"dem_pct":42.4,"margin_dem":-15.2,"votes_two_party":818,"winner":"Rep"}},"geometry":{"type":"Polygon","coordinates":[[[-117.69177,33.5231],[-117.69145,33.5221],[-117.69214,33.52082],[-117.69251,33.51964],[-117.69251,33.51833],[-117.69311,33.51625],[-117.69351,33.51514],[-117.69374,33.5148],[-117.69413,33.5144],[-117.69484,33.51391],[-117.6955,33.51351],[-117.69636,33.51299],[-117.69675,33.51284],[-117.69727,33.51277],[-117.69834,33.51291],[-117.69983,33.51312],[-117.69994,33.51461],[-117.6998,33.51539],[-117.69998,33.51607],[-117.70079,33.51666],[-117.70129,33.51799],[-117.70069,33.51869],[-117.7006,33.51931],[-117.70022,33.51976],[-117.69964,33.51984],[-117.69774,33.5201],[-117.697,33.52023],[-117.69645,33.52038],[-117.69592,33.52057],[-117.69501,33.52103],[-117.69456,33.52134],[-117.69337,33.52235],[-117.69319,33.5225],[-117.69212,33.52342],[-117.69177,33.5231]]]}}],"outline":{"type":"Polygon","coordinates":[[[-117.71856,33.55563],[-117.7152,33.56686],[-117.70859,33.56928],[-117.70083,33.56939],[-117.68633,33.55752],[-117.67639,33.56586],[-117.67328,33.55294],[-117.66983,33.54049],[-117.65906,33.53387],[-117.65025,33.52845],[-117.62938,33.51731],[-117.6272,33.51842],[-117.62614,33.51863],[-117.61982,33.51919],[-117.62015,33.50385],[-117.60571,33.4835],[-117.57861,33.48545],[-117.57146,33.45598],[-117.52693,33.46178],[-117.48521,33.50502],[-117.33322,33.47851],[-117.28624,33.46327],[-117.26476,33.45625],[-117.24409,33.44968],[-117.2361,33.43196],[-117.22576,33.43096],[-117.22737,33.42784],[-117.23026,33.42372],[-117.2346,33.41893],[-117.23785,33.41381],[-117.24187,33.41361],[-117.24922,33.40394],[-117.25519,33.40237],[-117.2549,33.35815],[-117.24926,33.33045],[-117.25839,33.32185],[-117.24921,33.31529],[-117.24516,33.30623],[-117.24219,33.2996],[-117.24304,33.29439],[-117.24151,33.29274],[-117.24404,33.28682],[-117.24713,33.28235],[-117.24709,33.28031],[-117.24593,33.27838],[-117.23866,33.26791],[-117.24263,33.26568],[-117.24287,33.25784],[-117.25792,33.24372],[-117.25078,33.2351],[-117.24401,33.2342],[-117.23701,33.23001],[-117.2359,33.22927],[-117.22891,33.22955],[-117.22933,33.23294],[-117.22221,33.23586],[-117.21836,33.23572],[-117.22125,33.23326],[-117.21735,33.22906],[-117.21539,33.2303],[-117.21394,33.22926],[-117.21542,33.2252],[-117.2081,33.22697],[-117.20662,33.22077],[-117.20577,33.21987],[-117.20801,33.21198],[-117.20519,33.20639],[-117.19959,33.21003],[-117.19675,33.20612],[-117.20606,33.2018],[-117.21678,33.20124],[-117.21346,33.19568],[-117.21019,33.19251],[-117.21381,33.18781],[-117.21671,33.19093],[-117.21899,33.19066],[-117.21975,33.18535],[-117.21909,33.18081],[-117.22408,33.18125],[-117.22448,33.17426],[-117.21926,33.17351],[-117.21518,33.17403],[-117.21145,33.17069],[-117.21006,33.16794],[-117.21325,33.16675],[-117.21584,33.16531],[-117.21578,33.16193],[-117.21853,33.16013],[-117.21534,33.15391],[-117.214,33.14891],[-117.21932,33.13955],[-117.2303,33.13365],[-117.25426,33.15231],[-117.27893,33.17578],[-117.28304,33.17298],[-117.29934,33.18152],[-117.31462,33.18009],[-117.32361,33.18202],[-117.32891,33.18065],[-117.34428,33.1764],[-117.35411,33.16886],[-117.35903,33.16438],[-117.62293,33.34049],[-117.7509,33.42327],[-117.73232,33.49319],[-117.7342,33.50281],[-117.73883,33.50757],[-117.73465,33.50987],[-117.73941,33.51079],[-117.73701,33.53956],[-117.71856,33.55563]]]}}