{"type":"FeatureCollection","district_id":"ad-7","district_code":"AD-7","schema_version":2,"source":{"boundaries":"UC Berkeley Statewide Database SR precinct shapefiles (g22/g24 v01)","results":"SWDB SOV by SR precinct \u2014 Assembly contest (ASSDEM* vs ASSREP*)","places":"U.S. Census Bureau TIGER/Line 2020 cartographic places (cb_2020_06_place_500k)","assembly_boundary":"CRC 2020 (ca-assembly-crc-2020.geojson)","built_at":"2026-10-08","races":{"g22_asm":{"label":"2022 General \u00b7 Assembly","election":"2022-11-08"},"g24_asm":{"label":"2024 General \u00b7 Assembly","election":"2024-11-05"}}},"features":[{"type":"Feature","properties":{"county_fips":61,"srprec":"0451110","precinct_id":"061-0451110","county_name":"Placer","area_sq_mi":0.001,"place_primary":"Unincorporated Placer County","place_primary_share":34.6,"place_also":[],"places":[{"name":"Citrus Heights","geoid":"0613588","kind":"city","pct":34.6}],"bbox":[-121.28964,38.72022,-121.27203,38.72147],"g22_asm":{"dem_pct":30.3,"margin_dem":-39.4,"votes_two_party":274,"winner":"Rep"},"g24_asm":{"dem_pct":32.9,"margin_dem":-34.1,"votes_two_party":337,"winner":"Rep"}},"geometry":{"type":"MultiPolygon","coordinates":[[[[-121.27547,38.72042],[-121.27245,38.72025],[-121.27203,38.72022],[-121.27203,38.72022],[-121.2722,38.72023],[-121.27221,38.72023],[-121.27222,38.72023],[-121.2723,38.72024],[-121.27244,38.72024],[-121.27257,38.72025],[-121.2728,38.72026],[-121.2735,38.72029],[-121.27373,38.7203],[-121.27376,38.7203],[-121.27384,38.7203],[-121.27388,38.72031],[-121.27417,38.72032],[-121.27506,38.72038],[-121.27536,38.7204],[-121.27539,38.7204],[-121.27545,38.72041],[-121.27546,38.72041],[-121.27549,38.72042],[-121.2755,38.72042],[-121.27554,38.72042],[-121.27555,38.72042],[-121.27562,38.72043],[-121.27547,38.72042]]],[[[-121.27828,38.72061],[-121.27814,38.7206],[-121.27826,38.7206],[-121.27843,38.7206],[-121.27846,38.7206],[-121.27875,38.72063],[-121.27969,38.72073],[-121.28001,38.72077],[-121.28003,38.72077],[-121.28009,38.72078],[-121.28011,38.72078],[-121.28011,38.72078],[-121.28014,38.72078],[-121.28035,38.7208],[-121.28045,38.72081],[-121.27828,38.72061]]],[[[-121.28146,38.72091],[-121.28142,38.72091],[-121.28145,38.72091],[-121.28183,38.7209],[-121.28196,38.7209],[-121.28229,38.72093],[-121.28329,38.721],[-121.28362,38.72102],[-121.28374,38.72103],[-121.2841,38.72106],[-121.28423,38.72107],[-121.28531,38.72115],[-121.288,38.72136],[-121.28146,38.72091]]],[[[-121.28899,38.72142],[-121.28963,38.72146],[-121.28963,38.72147],[-121.28899,38.72142]]]]},"geometry_g24":{"type":"MultiPolygon","coordinates":[[[[-121.27547,38.72042],[-121.27245,38.72025],[-121.27203,38.72022],[-121.27203,38.72022],[-121.27203,38.72022],[-121.27221,38.72023],[-121.27221,38.72023],[-121.27244,38.72024],[-121.27244,38.72024],[-121.27257,38.72025],[-121.27257,38.72025],[-121.2728,38.72026],[-121.2735,38.72029],[-121.27373,38.7203],[-121.27373,38.7203],[-121.27376,38.7203],[-121.27376,38.7203],[-121.27384,38.7203],[-121.27385,38.7203],[-121.27387,38.7203],[-121.27388,38.72031],[-121.27417,38.72032],[-121.27506,38.72038],[-121.27536,38.7204],[-121.27536,38.7204],[-121.27539,38.7204],[-121.27539,38.7204],[-121.27546,38.72041],[-121.27549,38.72042],[-121.27549,38.72042],[-121.2755,38.72042],[-121.2755,38.72042],[-121.27554,38.72042],[-121.27554,38.72042],[-121.27555,38.72042],[-121.27555,38.72042],[-121.27562,38.72043],[-121.27547,38.72042]]],[[[-121.27828,38.72061],[-121.27814,38.7206],[-121.27826,38.7206],[-121.27826,38.7206],[-121.27843,38.7206],[-121.27843,38.7206],[-121.27875,38.72063],[-121.27969,38.72073],[-121.28001,38.72077],[-121.28001,38.72077],[-121.28003,38.72077],[-121.28003,38.72077],[-121.28009,38.72078],[-121.28009,38.72078],[-121.28011,38.72078],[-121.28011,38.72078],[-121.28035,38.7208],[-121.28045,38.72081],[-121.27828,38.72061]]],[[[-121.28146,38.72091],[-121.28142,38.72091],[-121.28145,38.72091],[-121.28183,38.7209],[-121.28196,38.7209],[-121.28196,38.7209],[-121.28229,38.72093],[-121.28329,38.721],[-121.28362,38.72102],[-121.28374,38.72103],[-121.2841,38.72106],[-121.28423,38.72107],[-121.28531,38.72115],[-121.288,38.72136],[-121.28146,38.72091]]],[[[-121.28899,38.72142],[-121.28963,38.72146],[-121.28964,38.72146],[-121.28964,38.72146],[-121.28964,38.72146],[-121.28964,38.72147],[-121.28899,38.72142]]]]}},{"type":"Feature","properties":{"county_fips":61,"srprec":"0451118","precinct_id":"061-0451118","county_name":"Placer","area_sq_mi":0.0,"place_primary":"Unincorporated Placer County","place_primary_share":null,"place_also":[],"places":[],"bbox":[-121.22757,38.7168,-121.22586,38.71703],"g22_asm":null,"g24_asm":{"dem_pct":23.4,"margin_dem":-53.1,"votes_two_party":192,"winner":"Rep"}},"geometry":{"type":"Polygon","coordinates":[[[-121.22738,38.71701],[-121.22586,38.71689],[-121.22586,38.7168],[-121.22586,38.7168],[-121.22586,38.7168],[-121.22586,38.7168],[-121.22586,38.7168],[-121.22614,38.71684],[-121.22699,38.71698],[-121.22699,38.71698],[-121.22728,38.717],[-121.22728,38.717],[-121.22737,38.71701],[-121.22757,38.71703],[-121.22738,38.71701]]]}},{"type":"Feature","properties":{"county_fips":61,"srprec":"0451119","precinct_id":"061-0451119","county_name":"Placer","area_sq_mi":0.001,"place_primary":"Unincorporated Placer County","place_primary_share":0.9,"place_also":[],"places":[{"name":"Roseville","geoid":"0662938","kind":"city","pct":0.9},{"name":"Orangevale","geoid":"0654092","kind":"cdp","pct":0.4}],"bbox":[-121.22586,38.71657,-121.22228,38.71689],"g22_asm":null,"g24_asm":{"dem_pct":39.7,"margin_dem":-20.6,"votes_two_party":68,"winner":"Rep"}},"geometry":{"type":"Polygon","coordinates":[[[-121.22229,38.71662],[-121.22228,38.71657],[-121.22228,38.71657],[-121.22228,38.71657],[-121.22232,38.71657],[-121.22266,38.71659],[-121.22293,38.71661],[-121.22513,38.71675],[-121.22586,38.7168],[-121.22586,38.7168],[-121.22586,38.7168],[-121.22586,38.71689],[-121.22229,38.71662]]]}},{"type":"Feature","properties":{"county_fips":61,"srprec":"0451201","precinct_id":"061-0451201","county_name":"Placer","area_sq_mi":0.0,"place_primary":"Granite Bay","place_primary_share":99.7,"place_also":[],"places":[{"name":"Granite Bay","geoid":"0630693","kind":"cdp","pct":99.7},{"name":"Roseville","geoid":"0662938","kind":"city","pct":0.3}],"bbox":[-121.21651,38.71581,-121.21082,38.71619],"g22_asm":{"dem_pct":39.1,"margin_dem":-21.8,"votes_two_party":1608,"winner":"Rep"},"g24_asm":{"dem_pct":38.0,"margin_dem":-24.0,"votes_two_party":1730,"winner":"Rep"}},"geometry":{"type":"Polygon","coordinates":[[[-121.20854,38.71567],[-121.20668,38.71555],[-121.20677,38.71555],[-121.20712,38.71557],[-121.20818,38.71564],[-121.20853,38.71566],[-121.20899,38.71569],[-121.20935,38.71572],[-121.20964,38.71574],[-121.20977,38.71574],[-121.20996,38.71576],[-121.21036,38.71578],[-121.21082,38.71581],[-121.21151,38.71586],[-121.21358,38.71599],[-121.21427,38.71604],[-121.21479,38.71607],[-121.21634,38.71618],[-121.21649,38.71619],[-121.21649,38.71619],[-121.20854,38.71567]]]},"geometry_g24":{"type":"Polygon","coordinates":[[[-121.21082,38.71582],[-121.21082,38.71581],[-121.21082,38.71581],[-121.21082,38.71581],[-121.21151,38.71586],[-121.21358,38.71599],[-121.21427,38.71604],[-121.21427,38.71604],[-121.21478,38.71607],[-121.21634,38.71618],[-121.21634,38.71618],[-121.21649,38.71618],[-121.21651,38.71619],[-121.21651,38.71619],[-121.21651,38.71619],[-121.21651,38.71619],[-121.21082,38.71582]]]}},{"type":"Feature","properties":{"county_fips":61,"srprec":"0451202","precinct_id":"061-0451202","county_name":"Placer","area_sq_mi":0.001,"place_primary":"Granite Bay","place_primary_share":99.1,"place_also":[],"places":[{"name":"Granite Bay","geoid":"0630693","kind":"cdp","pct":99.1},{"name":"Orangevale","geoid":"0654092","kind":"cdp","pct":0.8}],"bbox":[-121.21082,38.71384,-121.18291,38.71582],"g22_asm":null,"g24_asm":{"dem_pct":35.5,"margin_dem":-28.9,"votes_two_party":2294,"winner":"Rep"}},"geometry":{"type":"MultiPolygon","coordinates":[[[[-121.19272,38.71461],[-121.19102,38.7145],[-121.19044,38.71445],[-121.19031,38.71444],[-121.19044,38.71445],[-121.19102,38.7145],[-121.18857,38.71433],[-121.18857,38.71432],[-121.18857,38.71432],[-121.18857,38.71432],[-121.18864,38.71432],[-121.18857,38.71432],[-121.18848,38.71431],[-121.18836,38.7143],[-121.18797,38.71428],[-121.18629,38.71415],[-121.18435,38.71401],[-121.18385,38.71398],[-121.18369,38.71396],[-121.18329,38.71394],[-121.18291,38.71391],[-121.18291,38.71391],[-121.18291,38.71391],[-121.18291,38.71391],[-121.18291,38.71384],[-121.18291,38.71384],[-121.18291,38.71384],[-121.18291,38.71384],[-121.18353,38.71389],[-121.18488,38.714],[-121.18542,38.71405],[-121.18665,38.71415],[-121.18689,38.71417],[-121.18731,38.7142],[-121.18857,38.71431],[-121.18857,38.71431],[-121.18961,38.71438],[-121.19271,38.71461],[-121.19292,38.71462],[-121.19272,38.71461]],[[-121.18992,38.71442],[-121.18986,38.71441],[-121.18963,38.71439],[-121.18986,38.71441],[-121.18992,38.71442]]],[[[-121.20854,38.71567],[-121.20668,38.71555],[-121.20677,38.71555],[-121.20712,38.71557],[-121.20818,38.71564],[-121.20853,38.71566],[-121.20899,38.71569],[-121.21036,38.71578],[-121.21082,38.71581],[-121.21082,38.71581],[-121.21082,38.71581],[-121.21082,38.71581],[-121.21082,38.71582],[-121.20854,38.71567]]]]}},{"type":"Feature","properties":{"county_fips":61,"srprec":"0451203","precinct_id":"061-0451203","county_name":"Placer","area_sq_mi":0.0,"place_primary":"Granite Bay","place_primary_share":97.0,"place_also":[],"places":[{"name":"Granite Bay","geoid":"0630693","kind":"cdp","pct":97.0},{"name":"Orangevale","geoid":"0654092","kind":"cdp","pct":3.0}],"bbox":[-121.19292,38.71431,-121.18857,38.71462],"g22_asm":{"dem_pct":36.2,"margin_dem":-27.6,"votes_two_party":931,"winner":"Rep"},"g24_asm":null},"geometry":{"type":"Polygon","coordinates":[[[-121.19272,38.71461],[-121.18857,38.71433],[-121.18857,38.71431],[-121.18961,38.71438],[-121.19271,38.71461],[-121.19292,38.71462],[-121.19272,38.71461]]]}},{"type":"Feature","properties":{"county_fips":61,"srprec":"0451204","precinct_id":"061-0451204","county_name":"Placer","area_sq_mi":0.001,"place_primary":"Granite Bay","place_primary_share":99.8,"place_also":[],"places":[{"name":"Granite Bay","geoid":"0630693","kind":"cdp","pct":99.8},{"name":"Folsom","geoid":"0624638","kind":"city","pct":0.2}],"bbox":[-121.18857,38.71321,-121.17189,38.71433],"g22_asm":{"dem_pct":37.6,"margin_dem":-24.8,"votes_two_party":819,"winner":"Rep"},"g24_asm":{"dem_pct":34.8,"margin_dem":-30.5,"votes_two_party":1355,"winner":"Rep"}},"geometry":{"type":"MultiPolygon","coordinates":[[[[-121.17189,38.71321],[-121.17224,38.71323],[-121.17252,38.71325],[-121.17189,38.71321]]],[[[-121.18202,38.71389],[-121.18199,38.71389],[-121.18201,38.71389],[-121.18234,38.71391],[-121.18291,38.71393],[-121.18291,38.71384],[-121.18353,38.71389],[-121.18488,38.714],[-121.18542,38.71405],[-121.18665,38.71415],[-121.18689,38.71417],[-121.18731,38.7142],[-121.18856,38.71431],[-121.18857,38.71431],[-121.18857,38.71433],[-121.18202,38.71389]]]]},"geometry_g24":{"type":"MultiPolygon","coordinates":[[[[-121.17189,38.71321],[-121.17224,38.71323],[-121.17224,38.71323],[-121.17252,38.71325],[-121.17189,38.71321]]],[[[-121.18202,38.71389],[-121.18199,38.71389],[-121.18201,38.71389],[-121.18234,38.71391],[-121.18291,38.71393],[-121.18291,38.71393],[-121.18291,38.71393],[-121.18291,38.71393],[-121.18291,38.71393],[-121.18291,38.71391],[-121.18291,38.71391],[-121.18291,38.71391],[-121.18329,38.71394],[-121.18329,38.71394],[-121.18369,38.71396],[-121.18385,38.71398],[-121.18435,38.71401],[-121.18629,38.71415],[-121.18797,38.71428],[-121.18836,38.7143],[-121.18848,38.71431],[-121.18857,38.71432],[-121.18857,38.71432],[-121.18857,38.71432],[-121.18857,38.71433],[-121.18202,38.71389]]]]}},{"type":"Feature","properties":{"county_fips":61,"srprec":"0451289","precinct_id":"061-0451289","county_name":"Placer","area_sq_mi":0.03,"place_primary":"Unincorporated Placer County","place_primary_share":0.4,"place_also":[],"places":[{"name":"Folsom","geoid":"0624638","kind":"city","pct":0.4}],"bbox":[-121.17136,38.7114,-121.1441,38.71317],"g22_asm":{"dem_pct":39.9,"margin_dem":-20.2,"votes_two_party":1528,"winner":"Rep"},"g24_asm":null},"geometry":{"type":"Polygon","coordinates":[[[-121.17002,38.71308],[-121.1441,38.7119],[-121.1444,38.71188],[-121.14525,38.71181],[-121.14526,38.71181],[-121.1453,38.71181],[-121.14662,38.7114],[-121.14961,38.71161],[-121.14961,38.71161],[-121.17001,38.71307],[-121.17038,38.7131],[-121.17136,38.71317],[-121.17002,38.71308]]]}},{"type":"Feature","properties":{"county_fips":61,"srprec":"0457102","precinct_id":"061-0457102","county_name":"Placer","area_sq_mi":0.0,"place_primary":"Roseville","place_primary_share":98.0,"place_also":[],"places":[{"name":"Roseville","geoid":"0662938","kind":"city","pct":98.0},{"name":"Citrus Heights","geoid":"0613588","kind":"city","pct":2.0}],"bbox":[-121.29418,38.71989,-121.26722,38.72182],"g22_asm":{"dem_pct":42.0,"margin_dem":-16.1,"votes_two_party":1094,"winner":"Rep"},"g24_asm":{"dem_pct":40.5,"margin_dem":-19.0,"votes_two_party":1289,"winner":"Rep"}},"geometry":{"type":"MultiPolygon","coordinates":[[[[-121.26722,38.71989],[-121.2672,38.71989],[-121.2672,38.71989],[-121.26725,38.71989],[-121.26808,38.71995],[-121.26722,38.71989]]],[[[-121.28965,38.72147],[-121.28963,38.72147],[-121.28963,38.72146],[-121.28967,38.72146],[-121.28971,38.72147],[-121.28985,38.72147],[-121.2899,38.72148],[-121.29,38.72148],[-121.2903,38.7215],[-121.29036,38.7215],[-121.2904,38.7215],[-121.29175,38.72164],[-121.28965,38.72147]]],[[[-121.29361,38.72178],[-121.29384,38.72179],[-121.29383,38.7218],[-121.29361,38.72178]]]]},"geometry_g24":{"type":"MultiPolygon","coordinates":[[[[-121.26722,38.71989],[-121.26722,38.71989],[-121.26722,38.71989],[-121.26722,38.71989],[-121.26722,38.71989],[-121.26809,38.71995],[-121.26722,38.71989]]],[[[-121.28965,38.72147],[-121.28964,38.72147],[-121.28964,38.72146],[-121.28964,38.72146],[-121.28964,38.72146],[-121.28967,38.72146],[-121.28967,38.72146],[-121.28971,38.72146],[-121.28971,38.72147],[-121.28985,38.72147],[-121.2899,38.72148],[-121.2899,38.72148],[-121.29,38.72148],[-121.2903,38.7215],[-121.2903,38.7215],[-121.29036,38.7215],[-121.29036,38.7215],[-121.2904,38.7215],[-121.2904,38.7215],[-121.29175,38.72164],[-121.28965,38.72147]]],[[[-121.29385,38.7218],[-121.29361,38.72178],[-121.29384,38.72179],[-121.29384,38.72179],[-121.29418,38.72182],[-121.29385,38.7218]]]]}},{"type":"Feature","properties":{"county_fips":61,"srprec":"0457109","precinct_id":"061-0457109","county_name":"Placer","area_sq_mi":0.0,"place_primary":"Roseville","place_primary_share":82.5,"place_also":["Citrus Heights"],"places":[{"name":"Roseville","geoid":"0662938","kind":"city","pct":82.5},{"name":"Citrus Heights","geoid":"0613588","kind":"city","pct":17.5}],"bbox":[-121.26485,38.71945,-121.26093,38.71973],"g22_asm":{"dem_pct":36.5,"margin_dem":-27.1,"votes_two_party":1774,"winner":"Rep"},"g24_asm":{"dem_pct":35.0,"margin_dem":-30.0,"votes_two_party":2139,"winner":"Rep"}},"geometry":{"type":"MultiPolygon","coordinates":[[[[-121.25047,38.7187],[-121.25217,38.7188],[-121.25236,38.71881],[-121.2525,38.71882],[-121.25352,38.71888],[-121.25386,38.7189],[-121.25394,38.71891],[-121.25417,38.71894],[-121.25424,38.71895],[-121.25425,38.71895],[-121.25047,38.7187]]],[[[-121.26177,38.71951],[-121.26094,38.71945],[-121.26121,38.71947],[-121.26153,38.71949],[-121.26176,38.7195],[-121.26181,38.7195],[-121.26198,38.71952],[-121.26203,38.71952],[-121.2624,38.71955],[-121.26256,38.71956],[-121.26349,38.71963],[-121.26387,38.71965],[-121.26389,38.71965],[-121.26396,38.71966],[-121.26397,38.71966],[-121.26485,38.71972],[-121.26485,38.71972],[-121.26522,38.71975],[-121.26522,38.71975],[-121.26177,38.71951]]]]},"geometry_g24":{"type":"Polygon","coordinates":[[[-121.26177,38.71951],[-121.26093,38.71945],[-121.26153,38.71949],[-121.26176,38.7195],[-121.26176,38.7195],[-121.26181,38.7195],[-121.26181,38.7195],[-121.26198,38.71952],[-121.26203,38.71952],[-121.26203,38.71952],[-121.2624,38.71955],[-121.26256,38.71956],[-121.26256,38.71956],[-121.26256,38.71956],[-121.26256,38.71956],[-121.26256,38.71956],[-121.26256,38.71956],[-121.26349,38.71962],[-121.26387,38.71965],[-121.26397,38.71966],[-121.26397,38.71966],[-121.26485,38.71972],[-121.26485,38.71972],[-121.26485,38.71972],[-121.26485,38.71973],[-121.26177,38.71951]]]}},{"type":"Feature","properties":{"county_fips":61,"srprec":"0457114","precinct_id":"061-0457114","county_name":"Placer","area_sq_mi":0.001,"place_primary":"Roseville","place_primary_share":99.0,"place_also":[],"places":[{"name":"Roseville","geoid":"0662938","kind":"city","pct":99.0},{"name":"Orangevale","geoid":"0654092","kind":"cdp","pct":1.0}],"bbox":[-121.22229,38.71619,-121.21651,38.71662],"g22_asm":{"dem_pct":40.4,"margin_dem":-19.1,"votes_two_party":1815,"winner":"Rep"},"g24_asm":{"dem_pct":38.4,"margin_dem":-23.2,"votes_two_party":1451,"winner":"Rep"}},"geometry":{"type":"Polygon","coordinates":[[[-121.21699,38.71622],[-121.21649,38.71619],[-121.21649,38.71619],[-121.21686,38.71621],[-121.21689,38.71621],[-121.21695,38.71621],[-121.21697,38.71622],[-121.21731,38.71624],[-121.21747,38.71625],[-121.21802,38.71628],[-121.22115,38.71649],[-121.22171,38.71653],[-121.22196,38.71655],[-121.2222,38.71656],[-121.22232,38.71657],[-121.22233,38.71663],[-121.21699,38.71622]]]},"geometry_g24":{"type":"Polygon","coordinates":[[[-121.21699,38.71622],[-121.21651,38.71619],[-121.21651,38.71619],[-121.21651,38.71619],[-121.21651,38.71619],[-121.21688,38.71621],[-121.21689,38.71621],[-121.21695,38.71621],[-121.21695,38.71622],[-121.21697,38.71622],[-121.21697,38.71622],[-121.21802,38.71628],[-121.22115,38.71649],[-121.22171,38.71653],[-121.22228,38.71657],[-121.22228,38.71657],[-121.22228,38.71657],[-121.22229,38.71662],[-121.21699,38.71622]]]}},{"type":"Feature","properties":{"county_fips":61,"srprec":"0457203","precinct_id":"061-0457203","county_name":"Placer","area_sq_mi":0.0,"place_primary":"Roseville","place_primary_share":100.0,"place_also":[],"places":[{"name":"Roseville","geoid":"0662938","kind":"city","pct":100.0}],"bbox":[-121.30584,38.72263,-121.30583,38.72263],"g22_asm":{"dem_pct":43.3,"margin_dem":-13.4,"votes_two_party":1376,"winner":"Rep"},"g24_asm":{"dem_pct":41.7,"margin_dem":-16.7,"votes_two_party":2240,"winner":"Rep"}},"geometry":{"type":"MultiPolygon","coordinates":[[[[-121.29385,38.7218],[-121.29383,38.7218],[-121.29384,38.72179],[-121.29418,38.72182],[-121.29385,38.7218]]],[[[-121.2989,38.72205],[-121.29876,38.72204],[-121.29887,38.72204],[-121.29888,38.72204],[-121.29891,38.72204],[-121.29903,38.72205],[-121.29903,38.72205],[-121.29905,38.72205],[-121.29911,38.72207],[-121.2989,38.72205]]],[[[-121.30584,38.72263],[-121.30583,38.72263],[-121.30584,38.72263]]]]},"geometry_g24":{"type":"Polygon","coordinates":[[[-121.30584,38.72263],[-121.30583,38.72263],[-121.30584,38.72263]]]}},{"type":"Feature","properties":{"county_fips":61,"srprec":"6451114","precinct_id":"061-6451114","county_name":"Placer","area_sq_mi":0.0,"place_primary":"Unincorporated Placer County","place_primary_share":5.7,"place_also":[],"places":[{"name":"Citrus Heights","geoid":"0613588","kind":"city","pct":5.7}],"bbox":[-121.2672,38.71972,-121.26485,38.71989],"g22_asm":{"dem_pct":33.3,"margin_dem":-33.3,"votes_two_party":6,"winner":"Rep"},"g24_asm":null},"geometry":{"type":"Polygon","coordinates":[[[-121.26522,38.71975],[-121.26522,38.71975],[-121.26485,38.71972],[-121.26485,38.71972],[-121.26521,38.71974],[-121.26539,38.71975],[-121.26581,38.71979],[-121.26656,38.71984],[-121.2672,38.71989],[-121.2672,38.71989],[-121.26522,38.71975]]]}},{"type":"Feature","properties":{"county_fips":61,"srprec":"6451116","precinct_id":"061-6451116","county_name":"Placer","area_sq_mi":0.001,"place_primary":"Orangevale","place_primary_share":58.6,"place_also":[],"places":[{"name":"Orangevale","geoid":"0654092","kind":"cdp","pct":58.6}],"bbox":[-121.24103,38.71766,-121.23605,38.71808],"g22_asm":{"dem_pct":31.6,"margin_dem":-36.7,"votes_two_party":98,"winner":"Rep"},"g24_asm":null},"geometry":{"type":"Polygon","coordinates":[[[-121.24094,38.71807],[-121.23605,38.7177],[-121.23607,38.71766],[-121.23774,38.7178],[-121.23831,38.71784],[-121.23874,38.71787],[-121.24003,38.71798],[-121.24036,38.718],[-121.24046,38.71801],[-121.24063,38.71803],[-121.24092,38.71806],[-121.24103,38.71808],[-121.24094,38.71807]]]}},{"type":"Feature","properties":{"county_fips":61,"srprec":"6451118","precinct_id":"061-6451118","county_name":"Placer","area_sq_mi":0.0,"place_primary":"Unincorporated Placer County","place_primary_share":26.4,"place_also":[],"places":[{"name":"Orangevale","geoid":"0654092","kind":"cdp","pct":26.4}],"bbox":[-121.23607,38.7168,-121.22586,38.7177],"g22_asm":{"dem_pct":25.6,"margin_dem":-48.9,"votes_two_party":176,"winner":"Rep"},"g24_asm":null},"geometry":{"type":"MultiPolygon","coordinates":[[[[-121.22738,38.71701],[-121.22586,38.71689],[-121.22586,38.7168],[-121.22614,38.71684],[-121.22699,38.71698],[-121.22699,38.71698],[-121.22723,38.71699],[-121.22728,38.717],[-121.22737,38.71701],[-121.22757,38.71703],[-121.22738,38.71701]]],[[[-121.23481,38.71761],[-121.23471,38.7176],[-121.2348,38.7176],[-121.23526,38.7176],[-121.23527,38.7176],[-121.23529,38.7176],[-121.23542,38.71762],[-121.23543,38.71762],[-121.23546,38.71762],[-121.236,38.71766],[-121.23607,38.71766],[-121.23605,38.7177],[-121.23481,38.71761]]]]}},{"type":"Feature","properties":{"county_fips":61,"srprec":"6451119","precinct_id":"061-6451119","county_name":"Placer","area_sq_mi":0.001,"place_primary":"Unincorporated Placer County","place_primary_share":0.4,"place_also":[],"places":[{"name":"Orangevale","geoid":"0654092","kind":"cdp","pct":0.4}],"bbox":[-121.22586,38.71657,-121.22232,38.71689],"g22_asm":{"dem_pct":51.2,"margin_dem":2.4,"votes_two_party":41,"winner":"Dem"},"g24_asm":null},"geometry":{"type":"Polygon","coordinates":[[[-121.22233,38.71663],[-121.22232,38.71657],[-121.22266,38.71659],[-121.22293,38.71661],[-121.22513,38.71675],[-121.22586,38.7168],[-121.22586,38.71689],[-121.22233,38.71663]]]}},{"type":"Feature","properties":{"county_fips":67,"srprec":"0013551","precinct_id":"067-0013551","county_name":"Sacramento","area_sq_mi":0.064,"place_primary":"Rio Linda","place_primary_share":98.0,"place_also":[],"places":[{"name":"Rio Linda","geoid":"0660942","kind":"cdp","pct":98.0},{"name":"McClellan Park","geoid":"0644760","kind":"cdp","pct":2.0}],"bbox":[-121.4126,38.67038,-121.40135,38.69148],"g22_asm":null,"g24_asm":{"dem_pct":37.7,"margin_dem":-24.6,"votes_two_party":958,"winner":"Rep"}},"geometry":{"type":"MultiPolygon","coordinates":[[[[-121.40135,38.69148],[-121.40136,38.69065],[-121.40136,38.69065],[-121.40136,38.69065],[-121.40136,38.69057],[-121.40136,38.69054],[-121.40137,38.69054],[-121.40137,38.69054],[-121.40137,38.69054],[-121.40189,38.69055],[-121.40135,38.69148]]],[[[-121.40867,38.67041],[-121.406,38.68338],[-121.406,38.68336],[-121.4036,38.68333],[-121.4036,38.68333],[-121.4036,38.67959],[-121.40361,38.67942],[-121.40361,38.6791],[-121.40361,38.67899],[-121.40361,38.67606],[-121.40361,38.67505],[-121.40351,38.67253],[-121.40352,38.67242],[-121.40355,38.67233],[-121.40365,38.67216],[-121.40376,38.67203],[-121.40559,38.6706],[-121.4057,38.67053],[-121.40575,38.67051],[-121.4059,38.67045],[-121.40605,38.67041],[-121.40617,38.67039],[-121.40632,38.67038],[-121.40852,38.6704],[-121.40866,38.6704],[-121.40878,38.67041],[-121.40884,38.67042],[-121.40905,38.67046],[-121.40922,38.6705],[-121.40938,38.67055],[-121.40954,38.67062],[-121.40969,38.6707],[-121.4098,38.67076],[-121.40999,38.6709],[-121.4124,38.67296],[-121.4125,38.67303],[-121.41259,38.6731],[-121.40867,38.67041]]]]}},{"type":"Feature","properties":{"county_fips":67,"srprec":"0013576","precinct_id":"067-0013576","county_name":"Sacramento","area_sq_mi":0.064,"place_primary":"Rio Linda","place_primary_share":98.0,"place_also":[],"places":[{"name":"Rio Linda","geoid":"0660942","kind":"cdp","pct":98.0},{"name":"McClellan Park","geoid":"0644760","kind":"cdp","pct":2.0}],"bbox":[-121.4126,38.67038,-121.40135,38.69148],"g22_asm":{"dem_pct":34.2,"margin_dem":-31.6,"votes_two_party":813,"winner":"Rep"},"g24_asm":null},"geometry":{"type":"MultiPolygon","coordinates":[[[[-121.40135,38.69148],[-121.40136,38.69065],[-121.40136,38.69054],[-121.40189,38.69055],[-121.40135,38.69148]]],[[[-121.40867,38.67041],[-121.40359,38.67228],[-121.40601,38.68336],[-121.406,38.68338],[-121.406,38.68336],[-121.40478,38.68334],[-121.40376,38.68333],[-121.4036,38.68333],[-121.4036,38.67959],[-121.40361,38.67941],[-121.40361,38.67899],[-121.40361,38.67606],[-121.40361,38.67505],[-121.4035,38.6726],[-121.40351,38.67249],[-121.40353,38.67238],[-121.40358,38.67227],[-121.40365,38.67215],[-121.40376,38.67203],[-121.40559,38.6706],[-121.4057,38.67053],[-121.40575,38.67051],[-121.4059,38.67045],[-121.40605,38.67041],[-121.40617,38.67039],[-121.40632,38.67038],[-121.40785,38.67039],[-121.40852,38.6704],[-121.40866,38.6704],[-121.40884,38.67042],[-121.40905,38.67045],[-121.40922,38.6705],[-121.40938,38.67055],[-121.40954,38.67062],[-121.40969,38.6707],[-121.4098,38.67076],[-121.40999,38.6709],[-121.4124,38.67296],[-121.4125,38.67303],[-121.41259,38.6731],[-121.4126,38.6731],[-121.40867,38.67041]]]]}},{"type":"Feature","properties":{"county_fips":67,"srprec":"0016114","precinct_id":"067-0016114","county_name":"Sacramento","area_sq_mi":0.005,"place_primary":"Sacramento","place_primary_share":95.4,"place_also":[],"places":[{"name":"Sacramento","geoid":"0664000","kind":"city","pct":95.4},{"name":"McClellan Park","geoid":"0644760","kind":"cdp","pct":4.6}],"bbox":[-121.42218,38.65452,-121.42162,38.65734],"g22_asm":{"dem_pct":50.0,"margin_dem":0.0,"votes_two_party":622,"winner":"Tie"},"g24_asm":{"dem_pct":52.3,"margin_dem":4.6,"votes_two_party":1101,"winner":"Dem"}},"geometry":{"type":"Polygon","coordinates":[[[-121.42213,38.65734],[-121.42197,38.65732],[-121.42162,38.6573],[-121.42162,38.65691],[-121.42164,38.65452],[-121.42164,38.65452],[-121.42218,38.65453],[-121.42213,38.65734]]]}},{"type":"Feature","properties":{"county_fips":67,"srprec":"0016318","precinct_id":"067-0016318","county_name":"Sacramento","area_sq_mi":0.09,"place_primary":"Sacramento","place_primary_share":96.5,"place_also":[],"places":[{"name":"Sacramento","geoid":"0664000","kind":"city","pct":96.5},{"name":"McClellan Park","geoid":"0644760","kind":"cdp","pct":3.5}],"bbox":[-121.42348,38.63902,-121.40548,38.66898],"g22_asm":null,"g24_asm":{"dem_pct":53.6,"margin_dem":7.2,"votes_two_party":942,"winner":"Dem"}},"geometry":{"type":"MultiPolygon","coordinates":[[[[-121.41049,38.63988],[-121.41047,38.63988],[-121.41047,38.63988],[-121.41047,38.63988],[-121.41042,38.63988],[-121.40961,38.63987],[-121.4092,38.63986],[-121.40684,38.63983],[-121.40666,38.63983],[-121.40642,38.63983],[-121.40574,38.63982],[-121.40574,38.63982],[-121.40574,38.63982],[-121.40573,38.63982],[-121.40561,38.6398],[-121.40561,38.6398],[-121.40561,38.6398],[-121.40561,38.63975],[-121.40561,38.63974],[-121.40561,38.63974],[-121.40561,38.63919],[-121.40561,38.63919],[-121.40561,38.63916],[-121.4056,38.63914],[-121.4056,38.63914],[-121.40558,38.63911],[-121.40557,38.63909],[-121.40557,38.63909],[-121.40551,38.63904],[-121.40551,38.63904],[-121.40551,38.63904],[-121.40548,38.63902],[-121.41049,38.63988]]],[[[-121.41059,38.6399],[-121.41569,38.64717],[-121.41531,38.64717],[-121.41531,38.64717],[-121.4153,38.64716],[-121.41354,38.64715],[-121.41068,38.64713],[-121.41068,38.64713],[-121.41068,38.64713],[-121.41068,38.64532],[-121.41068,38.64351],[-121.41068,38.64351],[-121.41068,38.6417],[-121.41068,38.64083],[-121.41068,38.64083],[-121.41067,38.64074],[-121.41066,38.64071],[-121.41066,38.64071],[-121.41066,38.64071],[-121.4106,38.6401],[-121.41057,38.6399],[-121.41057,38.6399],[-121.41057,38.6399],[-121.41059,38.6399]]],[[[-121.4157,38.65827],[-121.41527,38.66897],[-121.41526,38.66898],[-121.41526,38.66898],[-121.41525,38.66896],[-121.41523,38.66889],[-121.41521,38.6688],[-121.41521,38.66777],[-121.41521,38.66577],[-121.41521,38.66216],[-121.41521,38.66098],[-121.41521,38.66098],[-121.41521,38.66082],[-121.41521,38.66082],[-121.41521,38.66075],[-121.4152,38.65955],[-121.4152,38.65941],[-121.41519,38.65922],[-121.41518,38.65909],[-121.41518,38.65909],[-121.41516,38.65901],[-121.41509,38.65881],[-121.41509,38.65881],[-121.41507,38.65871],[-121.41507,38.65871],[-121.41504,38.65853],[-121.41503,38.65834],[-121.41503,38.65834],[-121.41503,38.65832],[-121.41503,38.65832],[-121.41508,38.65831],[-121.41524,38.6583],[-121.41528,38.6583],[-121.41529,38.6583],[-121.4153,38.65831],[-121.4155,38.65829],[-121.41569,38.65827],[-121.41593,38.65832],[-121.41599,38.65838],[-121.41606,38.65845],[-121.4157,38.65827]]],[[[-121.41765,38.64996],[-121.41765,38.64996],[-121.41765,38.64996],[-121.41765,38.64996],[-121.41765,38.64996],[-121.41759,38.64995],[-121.41759,38.64995],[-121.41759,38.64995],[-121.41759,38.64987],[-121.41765,38.64996]]],[[[-121.41949,38.66012],[-121.41948,38.66011],[-121.4195,38.66011],[-121.41949,38.66012]]],[[[-121.4233,38.65101],[-121.42143,38.65099],[-121.42115,38.65099],[-121.4199,38.65097],[-121.4199,38.65097],[-121.4199,38.65097],[-121.4199,38.6509],[-121.4199,38.65089],[-121.4199,38.65089],[-121.41991,38.65044],[-121.41991,38.65038],[-121.4233,38.65101]]],[[[-121.42212,38.65804],[-121.42052,38.65931],[-121.42058,38.65922],[-121.42058,38.65922],[-121.42058,38.65922],[-121.42106,38.65853],[-121.42106,38.65853],[-121.42106,38.65853],[-121.42112,38.65843],[-121.42112,38.65843],[-121.42134,38.65829],[-121.42134,38.65828],[-121.42137,38.65827],[-121.42137,38.65827],[-121.42137,38.65827],[-121.42137,38.65827],[-121.42138,38.65827],[-121.42141,38.65826],[-121.4216,38.65819],[-121.42168,38.65816],[-121.42168,38.65816],[-121.42188,38.65812],[-121.42193,38.65811],[-121.42193,38.65811],[-121.4221,38.65803],[-121.4221,38.65803],[-121.42212,38.65803],[-121.42212,38.65804]]],[[[-121.42223,38.65191],[-121.42213,38.65734],[-121.42204,38.65733],[-121.42203,38.65733],[-121.42197,38.65732],[-121.42162,38.6573],[-121.42162,38.6573],[-121.42162,38.6573],[-121.42162,38.6573],[-121.42162,38.65707],[-121.42162,38.65691],[-121.42162,38.65691],[-121.42163,38.65568],[-121.42164,38.65453],[-121.42164,38.65452],[-121.42164,38.65452],[-121.42164,38.65452],[-121.42164,38.65452],[-121.42164,38.65452],[-121.42164,38.65452],[-121.42164,38.65452],[-121.42164,38.65391],[-121.42164,38.65391],[-121.42165,38.65386],[-121.42165,38.65386],[-121.42165,38.65386],[-121.42164,38.65283],[-121.42164,38.65272],[-121.42164,38.65272],[-121.42164,38.65272],[-121.42164,38.65272],[-121.42164,38.65272],[-121.42219,38.65272],[-121.42219,38.65272],[-121.42219,38.65272],[-121.42219,38.65267],[-121.42219,38.65265],[-121.4222,38.65252],[-121.42221,38.65222],[-121.42221,38.65204],[-121.42222,38.65191],[-121.42222,38.6519],[-121.42222,38.6519],[-121.42222,38.6518],[-121.42222,38.65179],[-121.42222,38.65179],[-121.42222,38.65179],[-121.42222,38.65174],[-121.42222,38.65174],[-121.42222,38.65174],[-121.42248,38.65174],[-121.42223,38.65191]]],[[[-121.42348,38.65104],[-121.42348,38.65104],[-121.42347,38.65104],[-121.42348,38.65104]]]]}},{"type":"Feature","properties":{"county_fips":67,"srprec":"0016655","precinct_id":"067-0016655","county_name":"Sacramento","area_sq_mi":0.074,"place_primary":"Sacramento","place_primary_share":97.8,"place_also":[],"places":[{"name":"Sacramento","geoid":"0664000","kind":"city","pct":97.8},{"name":"McClellan Park","geoid":"0644760","kind":"cdp","pct":2.2}],"bbox":[-121.42348,38.6399,-121.41057,38.65453],"g22_asm":{"dem_pct":60.1,"margin_dem":20.3,"votes_two_party":597,"winner":"Dem"},"g24_asm":null},"geometry":{"type":"MultiPolygon","coordinates":[[[[-121.41059,38.6399],[-121.41569,38.64717],[-121.41531,38.64717],[-121.41068,38.64713],[-121.41068,38.64532],[-121.41068,38.64351],[-121.41068,38.6417],[-121.41069,38.64083],[-121.41066,38.64071],[-121.41057,38.6399],[-121.41059,38.6399]]],[[[-121.41765,38.64996],[-121.41765,38.64996],[-121.41759,38.64995],[-121.41759,38.64987],[-121.41765,38.64996]]],[[[-121.4233,38.65101],[-121.42143,38.65099],[-121.42115,38.65098],[-121.4199,38.65097],[-121.4199,38.65089],[-121.41991,38.65038],[-121.4233,38.65101]]],[[[-121.42223,38.65191],[-121.42218,38.65453],[-121.42164,38.65452],[-121.42164,38.65391],[-121.42164,38.65391],[-121.42165,38.65386],[-121.42164,38.65272],[-121.42219,38.65272],[-121.42221,38.65204],[-121.42222,38.65191],[-121.42222,38.6519],[-121.42222,38.65179],[-121.42222,38.65174],[-121.42248,38.65174],[-121.42223,38.65191]]],[[[-121.42348,38.65104],[-121.42348,38.65104],[-121.42347,38.65104],[-121.42348,38.65104]]]]}},{"type":"Feature","properties":{"county_fips":67,"srprec":"0019282","precinct_id":"067-0019282","county_name":"Sacramento","area_sq_mi":0.007,"place_primary":"Sacramento","place_primary_share":99.2,"place_also":[],"places":[{"name":"Sacramento","geoid":"0664000","kind":"city","pct":99.2},{"name":"McClellan Park","geoid":"0644760","kind":"cdp","pct":0.8}],"bbox":[-121.41049,38.63902,-121.40548,38.63988],"g22_asm":{"dem_pct":62.5,"margin_dem":25.0,"votes_two_party":624,"winner":"Dem"},"g24_asm":null},"geometry":{"type":"Polygon","coordinates":[[[-121.41049,38.63988],[-121.41047,38.63988],[-121.4092,38.63986],[-121.40684,38.63983],[-121.40574,38.63982],[-121.40561,38.6398],[-121.4056,38.63974],[-121.40561,38.63919],[-121.4056,38.63914],[-121.40557,38.63909],[-121.40551,38.63904],[-121.40548,38.63902],[-121.41049,38.63988]]]}},{"type":"Feature","properties":{"county_fips":67,"srprec":"0021009","precinct_id":"067-0021009","county_name":"Sacramento","area_sq_mi":0.0,"place_primary":"Antelope","place_primary_share":91.9,"place_also":[],"places":[{"name":"Antelope","geoid":"0602210","kind":"cdp","pct":91.9},{"name":"North Highlands","geoid":"0651924","kind":"cdp","pct":8.1}],"bbox":[-121.39397,38.70435,-121.39284,38.70437],"g22_asm":{"dem_pct":48.4,"margin_dem":-3.3,"votes_two_party":608,"winner":"Rep"},"g24_asm":{"dem_pct":44.5,"margin_dem":-10.9,"votes_two_party":1091,"winner":"Rep"}},"geometry":{"type":"Polygon","coordinates":[[[-121.39397,38.70437],[-121.39284,38.70435],[-121.39335,38.70436],[-121.39394,38.70437],[-121.39349,38.70436],[-121.39395,38.70437],[-121.39395,38.70437],[-121.39397,38.70437]]]}},{"type":"Feature","properties":{"county_fips":67,"srprec":"0021226","precinct_id":"067-0021226","county_name":"Sacramento","area_sq_mi":0.0,"place_primary":"Antelope","place_primary_share":90.8,"place_also":[],"places":[{"name":"Antelope","geoid":"0602210","kind":"cdp","pct":90.8},{"name":"North Highlands","geoid":"0651924","kind":"cdp","pct":9.2}],"bbox":[-121.39397,38.70411,-121.3828,38.70437],"g22_asm":{"dem_pct":49.9,"margin_dem":-0.1,"votes_two_party":679,"winner":"Rep"},"g24_asm":null},"geometry":{"type":"Polygon","coordinates":[[[-121.39397,38.70437],[-121.3828,38.70416],[-121.3828,38.70411],[-121.3836,38.70412],[-121.38418,38.70418],[-121.38555,38.70421],[-121.38638,38.70422],[-121.38742,38.70424],[-121.3921,38.70433],[-121.39396,38.70437],[-121.39397,38.70437]]]}},{"type":"Feature","properties":{"county_fips":67,"srprec":"0021231","precinct_id":"067-0021231","county_name":"Sacramento","area_sq_mi":0.0,"place_primary":"Antelope","place_primary_share":90.8,"place_also":[],"places":[{"name":"Antelope","geoid":"0602210","kind":"cdp","pct":90.8},{"name":"North Highlands","geoid":"0651924","kind":"cdp","pct":9.2}],"bbox":[-121.39335,38.70411,-121.3828,38.70436],"g22_asm":null,"g24_asm":{"dem_pct":56.3,"margin_dem":12.6,"votes_two_party":881,"winner":"Dem"}},"geometry":{"type":"Polygon","coordinates":[[[-121.3828,38.70416],[-121.3828,38.70411],[-121.3828,38.70411],[-121.3828,38.70411],[-121.38282,38.70411],[-121.38284,38.70411],[-121.38322,38.70412],[-121.3836,38.70412],[-121.3836,38.70412],[-121.38418,38.70418],[-121.38418,38.70418],[-121.38471,38.70419],[-121.38555,38.70421],[-121.38555,38.70421],[-121.38637,38.70422],[-121.38742,38.70424],[-121.39029,38.7043],[-121.3921,38.70433],[-121.39335,38.70436],[-121.39326,38.70436],[-121.39284,38.70435],[-121.3828,38.70416]]]}},{"type":"Feature","properties":{"county_fips":67,"srprec":"0021340","precinct_id":"067-0021340","county_name":"Sacramento","area_sq_mi":0.001,"place_primary":"Antelope","place_primary_share":99.9,"place_also":[],"places":[{"name":"Antelope","geoid":"0602210","kind":"cdp","pct":99.9},{"name":"North Highlands","geoid":"0651924","kind":"cdp","pct":0.1}],"bbox":[-121.3828,38.704,-121.37368,38.70416],"g22_asm":{"dem_pct":46.4,"margin_dem":-7.3,"votes_two_party":798,"winner":"Rep"},"g24_asm":{"dem_pct":49.3,"margin_dem":-1.5,"votes_two_party":1153,"winner":"Rep"}},"geometry":{"type":"Polygon","coordinates":[[[-121.37664,38.70404],[-121.37368,38.704],[-121.37432,38.70401],[-121.37565,38.70402],[-121.37663,38.70403],[-121.37788,38.70405],[-121.38,38.70408],[-121.38079,38.70408],[-121.38141,38.70409],[-121.3828,38.70411],[-121.3828,38.70416],[-121.37664,38.70404]]]},"geometry_g24":{"type":"Polygon","coordinates":[[[-121.37664,38.70404],[-121.37368,38.704],[-121.37432,38.70401],[-121.37432,38.70401],[-121.37565,38.70402],[-121.37637,38.70403],[-121.37637,38.70403],[-121.37663,38.70403],[-121.37663,38.70403],[-121.37663,38.70403],[-121.37663,38.70403],[-121.37663,38.70404],[-121.37663,38.70403],[-121.37663,38.70403],[-121.37663,38.70403],[-121.37788,38.70405],[-121.3799,38.70407],[-121.38,38.70408],[-121.38076,38.70408],[-121.38079,38.70408],[-121.38141,38.70409],[-121.38141,38.70409],[-121.38264,38.70411],[-121.3828,38.70411],[-121.3828,38.70411],[-121.3828,38.70411],[-121.3828,38.70416],[-121.37664,38.70404]]]}},{"type":"Feature","properties":{"county_fips":67,"srprec":"0021489","precinct_id":"067-0021489","county_name":"Sacramento","area_sq_mi":0.0,"place_primary":"Antelope","place_primary_share":57.2,"place_also":["Foothill Farms"],"places":[{"name":"Antelope","geoid":"0602210","kind":"cdp","pct":57.2},{"name":"Foothill Farms","geoid":"0624722","kind":"cdp","pct":42.8}],"bbox":[-121.36342,38.70373,-121.3543,38.70385],"g22_asm":{"dem_pct":40.7,"margin_dem":-18.6,"votes_two_party":708,"winner":"Rep"},"g24_asm":{"dem_pct":44.3,"margin_dem":-11.5,"votes_two_party":1073,"winner":"Rep"}},"geometry":{"type":"Polygon","coordinates":[[[-121.36048,38.70381],[-121.3543,38.70373],[-121.3543,38.70373],[-121.35528,38.70374],[-121.35572,38.70374],[-121.35579,38.70375],[-121.3564,38.70375],[-121.35696,38.70376],[-121.36047,38.70381],[-121.36168,38.70382],[-121.3625,38.70383],[-121.3633,38.70384],[-121.36342,38.70385],[-121.36048,38.70381]]]},"geometry_g24":{"type":"Polygon","coordinates":[[[-121.36048,38.70381],[-121.3543,38.70373],[-121.3543,38.70373],[-121.3543,38.70373],[-121.3543,38.70373],[-121.35528,38.70374],[-121.35572,38.70374],[-121.35572,38.70374],[-121.35572,38.70374],[-121.35579,38.70375],[-121.35579,38.70375],[-121.35579,38.70375],[-121.3564,38.70375],[-121.35694,38.70376],[-121.35696,38.70376],[-121.36047,38.70381],[-121.36168,38.70382],[-121.3625,38.70383],[-121.3633,38.70384],[-121.3633,38.70384],[-121.36331,38.70384],[-121.36336,38.70385],[-121.36342,38.70385],[-121.36048,38.70381]]]}},{"type":"Feature","properties":{"county_fips":67,"srprec":"0021516","precinct_id":"067-0021516","county_name":"Sacramento","area_sq_mi":0.172,"place_primary":"North Highlands","place_primary_share":100.0,"place_also":[],"places":[{"name":"North Highlands","geoid":"0651924","kind":"cdp","pct":100.0}],"bbox":[-121.40136,38.69049,-121.39417,38.70363],"g22_asm":{"dem_pct":46.1,"margin_dem":-7.7,"votes_two_party":739,"winner":"Rep"},"g24_asm":{"dem_pct":32.4,"margin_dem":-35.3,"votes_two_party":34,"winner":"Rep"}},"geometry":{"type":"Polygon","coordinates":[[[-121.39397,38.70437],[-121.38742,38.70424],[-121.38418,38.70418],[-121.38141,38.70409],[-121.37788,38.70405],[-121.37565,38.70194],[-121.37565,38.70152],[-121.37681,38.70148],[-121.37784,38.70106],[-121.37612,38.69902],[-121.37594,38.69864],[-121.3759,38.69815],[-121.37592,38.6973],[-121.37587,38.69692],[-121.37573,38.69656],[-121.37547,38.69619],[-121.37512,38.69588],[-121.37463,38.69559],[-121.37399,38.69539],[-121.37339,38.69518],[-121.37284,38.69486],[-121.37198,38.6939],[-121.37296,38.69361],[-121.37382,38.69323],[-121.37489,38.69256],[-121.37678,38.69136],[-121.37777,38.69089],[-121.37887,38.69055],[-121.37985,38.69038],[-121.381,38.6903],[-121.38294,38.69033],[-121.39524,38.69047],[-121.39659,38.69049],[-121.40136,38.69065],[-121.39397,38.70437]]]},"geometry_g24":{"type":"Polygon","coordinates":[[[-121.39439,38.70363],[-121.3944,38.70313],[-121.3944,38.70313],[-121.3944,38.70241],[-121.39441,38.70132],[-121.39441,38.70132],[-121.39441,38.70132],[-121.39441,38.70091],[-121.39441,38.70087],[-121.39441,38.70087],[-121.39441,38.70059],[-121.3944,38.70041],[-121.3944,38.69996],[-121.3944,38.69995],[-121.3944,38.69951],[-121.3944,38.69951],[-121.3944,38.69951],[-121.3944,38.69921],[-121.39439,38.69778],[-121.39439,38.69778],[-121.39439,38.69778],[-121.39418,38.69761],[-121.39418,38.69761],[-121.39418,38.69761],[-121.39418,38.69721],[-121.39417,38.69669],[-121.39417,38.69669],[-121.39417,38.69669],[-121.39421,38.69588],[-121.39421,38.69588],[-121.39421,38.69588],[-121.39432,38.69588],[-121.39441,38.69589],[-121.39441,38.69589],[-121.39441,38.69589],[-121.39441,38.69589],[-121.39441,38.6958],[-121.39441,38.69574],[-121.39441,38.69574],[-121.39441,38.69574],[-121.39444,38.69574],[-121.39444,38.69574],[-121.39444,38.69574],[-121.39444,38.69574],[-121.39442,38.69434],[-121.39439,38.69178],[-121.39439,38.69178],[-121.39439,38.69178],[-121.39672,38.69182],[-121.39672,38.69182],[-121.39672,38.69182],[-121.39673,38.69182],[-121.39673,38.69049],[-121.39673,38.69049],[-121.39673,38.69049],[-121.39674,38.69049],[-121.40136,38.69054],[-121.40136,38.69054],[-121.40136,38.69054],[-121.40136,38.69057],[-121.40136,38.69065],[-121.40136,38.69065],[-121.40135,38.69148],[-121.39439,38.70363]]]}},{"type":"Feature","properties":{"county_fips":67,"srprec":"0021564","precinct_id":"067-0021564","county_name":"Sacramento","area_sq_mi":0.978,"place_primary":"North Highlands","place_primary_share":100.0,"place_also":[],"places":[{"name":"North Highlands","geoid":"0651924","kind":"cdp","pct":100.0}],"bbox":[-121.39673,38.69027,-121.37176,38.70437],"g22_asm":null,"g24_asm":{"dem_pct":47.4,"margin_dem":-5.3,"votes_two_party":1119,"winner":"Rep"}},"geometry":{"type":"Polygon","coordinates":[[[-121.39397,38.70437],[-121.39335,38.70436],[-121.38638,38.70422],[-121.38321,38.70412],[-121.38141,38.70409],[-121.37663,38.70403],[-121.37565,38.70194],[-121.37565,38.70177],[-121.37655,38.70152],[-121.37784,38.70106],[-121.37629,38.69922],[-121.37597,38.69875],[-121.3759,38.69815],[-121.3759,38.69706],[-121.37573,38.69656],[-121.37557,38.69631],[-121.37499,38.69579],[-121.37423,38.69545],[-121.37317,38.69507],[-121.37176,38.69395],[-121.37295,38.69361],[-121.37405,38.6931],[-121.37566,38.69206],[-121.37777,38.69089],[-121.37922,38.69048],[-121.381,38.6903],[-121.38282,38.6935],[-121.39191,38.69027],[-121.39597,38.69048],[-121.39439,38.69178],[-121.39441,38.69574],[-121.39421,38.69588],[-121.39439,38.69778],[-121.39441,38.70059],[-121.3944,38.70313],[-121.39397,38.70437]],[[-121.38288,38.69033],[-121.38294,38.69033],[-121.38294,38.69033],[-121.38288,38.69033]],[[-121.37623,38.69601],[-121.37557,38.6963],[-121.37623,38.69601]],[[-121.37623,38.69601],[-121.37665,38.69582],[-121.37665,38.69582],[-121.37623,38.69601]],[[-121.37665,38.69582],[-121.37669,38.6958],[-121.37665,38.69582]],[[-121.37708,38.69567],[-121.37715,38.69565],[-121.37715,38.69565],[-121.37708,38.69567]],[[-121.37748,38.6956],[-121.37752,38.6956],[-121.37752,38.6956],[-121.37748,38.6956]],[[-121.37756,38.69559],[-121.37774,38.69559],[-121.37774,38.69559],[-121.37756,38.69559]],[[-121.37775,38.69559],[-121.37778,38.69559],[-121.37775,38.69559]],[[-121.38281,38.69559],[-121.3817,38.69559],[-121.38281,38.69559],[-121.38281,38.69559],[-121.38281,38.69559],[-121.38281,38.69563],[-121.38281,38.69559],[-121.38281,38.69559],[-121.38281,38.69559]],[[-121.3817,38.69559],[-121.3786,38.69559],[-121.3786,38.69559],[-121.3817,38.69559]],[[-121.38281,38.69563],[-121.38281,38.69746],[-121.38281,38.69746],[-121.38281,38.69563]],[[-121.38281,38.70273],[-121.38281,38.70273],[-121.3828,38.70379],[-121.38281,38.70273]],[[-121.38282,38.69861],[-121.38281,38.69791],[-121.38281,38.69791],[-121.38282,38.69861]],[[-121.38281,38.70264],[-121.38281,38.70207],[-121.38281,38.70207],[-121.38281,38.70264]],[[-121.38281,38.70129],[-121.38281,38.70101],[-121.38281,38.70129]],[[-121.38281,38.70099],[-121.38281,38.70099],[-121.38282,38.69998],[-121.38282,38.69998],[-121.38281,38.70099]],[[-121.38282,38.6942],[-121.38282,38.6942],[-121.38281,38.69555],[-121.38282,38.6942]],[[-121.38282,38.69938],[-121.38282,38.69874],[-121.38282,38.69938]],[[-121.38748,38.69039],[-121.38334,38.69034],[-121.38748,38.69039]],[[-121.39524,38.69047],[-121.39212,38.69044],[-121.39524,38.69047]]]}},{"type":"Feature","properties":{"county_fips":67,"srprec":"0021615","precinct_id":"067-0021615","county_name":"Sacramento","area_sq_mi":0.378,"place_primary":"North Highlands","place_primary_share":100.0,"place_also":[],"places":[{"name":"North Highlands","geoid":"0651924","kind":"cdp","pct":100.0}],"bbox":[-121.37784,38.69395,-121.36364,38.70402],"g22_asm":{"dem_pct":50.7,"margin_dem":1.3,"votes_two_party":744,"winner":"Dem"},"g24_asm":{"dem_pct":49.0,"margin_dem":-2.1,"votes_two_party":1101,"winner":"Rep"}},"geometry":{"type":"Polygon","coordinates":[[[-121.36364,38.70386],[-121.36365,38.70189],[-121.36367,38.69763],[-121.36753,38.69765],[-121.36756,38.69695],[-121.36757,38.69679],[-121.36763,38.69665],[-121.36775,38.69648],[-121.36797,38.69619],[-121.3681,38.69586],[-121.36819,38.69548],[-121.36831,38.69523],[-121.36838,38.69503],[-121.36837,38.69482],[-121.36925,38.69433],[-121.37098,38.69407],[-121.37176,38.69395],[-121.37284,38.69486],[-121.37317,38.69507],[-121.37363,38.69528],[-121.37399,38.69539],[-121.37439,38.6955],[-121.37478,38.69566],[-121.37512,38.69588],[-121.37537,38.69608],[-121.37557,38.69631],[-121.37573,38.69656],[-121.37583,38.69679],[-121.3759,38.69706],[-121.37592,38.6973],[-121.37591,38.69777],[-121.3759,38.69841],[-121.37594,38.69864],[-121.37604,38.69889],[-121.37619,38.69911],[-121.37784,38.70106],[-121.37687,38.70146],[-121.37668,38.7015],[-121.37565,38.70152],[-121.37583,38.70177],[-121.37565,38.70402],[-121.37368,38.704],[-121.36364,38.70386]]]},"geometry_g24":{"type":"Polygon","coordinates":[[[-121.36364,38.70386],[-121.36367,38.69763],[-121.36753,38.69765],[-121.36754,38.69732],[-121.36757,38.69681],[-121.36762,38.69665],[-121.36775,38.69648],[-121.36797,38.69619],[-121.36815,38.69559],[-121.36823,38.69539],[-121.36838,38.69503],[-121.36837,38.69482],[-121.36925,38.69433],[-121.37174,38.69395],[-121.3727,38.69475],[-121.373,38.69497],[-121.37363,38.69528],[-121.37399,38.69539],[-121.37463,38.69559],[-121.37499,38.69579],[-121.37536,38.69608],[-121.37557,38.69631],[-121.37573,38.69656],[-121.37587,38.69692],[-121.37592,38.69726],[-121.37591,38.69777],[-121.3759,38.69841],[-121.37597,38.69875],[-121.37612,38.69902],[-121.37772,38.70093],[-121.37784,38.70106],[-121.37681,38.70147],[-121.37655,38.70152],[-121.37565,38.70153],[-121.37565,38.70177],[-121.37565,38.70194],[-121.37565,38.70402],[-121.36364,38.70386]]]}},{"type":"Feature","properties":{"county_fips":67,"srprec":"0021688","precinct_id":"067-0021688","county_name":"Sacramento","area_sq_mi":0.439,"place_primary":"North Highlands","place_primary_share":99.9,"place_also":[],"places":[{"name":"North Highlands","geoid":"0651924","kind":"cdp","pct":99.9},{"name":"Foothill Farms","geoid":"0624722","kind":"cdp","pct":0.1}],"bbox":[-121.37176,38.67911,-121.35665,38.69765],"g22_asm":{"dem_pct":52.8,"margin_dem":5.6,"votes_two_party":708,"winner":"Dem"},"g24_asm":{"dem_pct":51.0,"margin_dem":1.9,"votes_two_party":838,"winner":"Dem"}},"geometry":{"type":"MultiPolygon","coordinates":[[[[-121.37338,38.68854],[-121.37337,38.68891],[-121.37327,38.68984],[-121.37331,38.6903],[-121.37344,38.69076],[-121.37359,38.69109],[-121.37381,38.69146],[-121.37412,38.69183],[-121.37489,38.69256],[-121.37405,38.69309],[-121.37353,38.69337],[-121.37296,38.69361],[-121.37231,38.69382],[-121.37176,38.69395],[-121.37098,38.69407],[-121.36925,38.69433],[-121.36837,38.69482],[-121.36838,38.69503],[-121.36831,38.69523],[-121.36819,38.69548],[-121.3681,38.69586],[-121.36797,38.69619],[-121.36775,38.69648],[-121.36763,38.69665],[-121.36757,38.69679],[-121.36756,38.69695],[-121.36753,38.69765],[-121.36367,38.69763],[-121.36371,38.69335],[-121.36374,38.69106],[-121.36374,38.69018],[-121.36389,38.68901],[-121.36418,38.689],[-121.36459,38.68892],[-121.36497,38.68877],[-121.36524,38.68861],[-121.36543,38.68846],[-121.36704,38.68688],[-121.36763,38.68631],[-121.3687,38.68526],[-121.37178,38.68635],[-121.37221,38.68662],[-121.37259,38.68693],[-121.37287,38.68723],[-121.37309,38.68757],[-121.37326,38.68793],[-121.37336,38.68832],[-121.37338,38.68854]]],[[[-121.36375,38.68904],[-121.36047,38.68904],[-121.35967,38.68904],[-121.35808,38.68903],[-121.35762,38.68903],[-121.35764,38.68754],[-121.35768,38.68492],[-121.35683,38.68492],[-121.35666,38.68493],[-121.35665,38.68487],[-121.35665,38.68482],[-121.35666,38.68472],[-121.35667,38.68467],[-121.35671,38.68457],[-121.35676,38.68448],[-121.35684,38.6844],[-121.35753,38.68375],[-121.35881,38.68257],[-121.35938,38.68205],[-121.35996,38.68152],[-121.36184,38.67979],[-121.36188,38.67976],[-121.36196,38.6797],[-121.36205,38.67966],[-121.36215,38.67963],[-121.36226,38.6796],[-121.3625,38.67958],[-121.36263,38.67956],[-121.3628,38.6795],[-121.3637,38.67911],[-121.36378,38.67924],[-121.3639,38.67945],[-121.36398,38.67962],[-121.36404,38.67979],[-121.36408,38.67993],[-121.36411,38.68011],[-121.36413,38.68029],[-121.36414,38.68047],[-121.36411,38.6807],[-121.36408,38.68088],[-121.36402,38.68112],[-121.36392,38.68146],[-121.36379,38.6821],[-121.36378,38.68239],[-121.36377,38.68347],[-121.36377,38.68409],[-121.36377,38.68493],[-121.36375,38.68904]]]]},"geometry_g24":{"type":"MultiPolygon","coordinates":[[[[-121.3637,38.69449],[-121.3637,38.69394],[-121.36373,38.6922],[-121.36375,38.68906],[-121.36375,38.68904],[-121.36377,38.68408],[-121.3641,38.68412],[-121.36445,38.6843],[-121.36763,38.68631],[-121.36865,38.68696],[-121.36906,38.68729],[-121.36937,38.68769],[-121.36957,38.68811],[-121.36965,38.68848],[-121.36966,38.68955],[-121.36967,38.69026],[-121.36977,38.69099],[-121.36997,38.69163],[-121.37001,38.69172],[-121.37041,38.69247],[-121.37096,38.69318],[-121.37176,38.69395],[-121.37098,38.69407],[-121.36829,38.69447],[-121.36837,38.69482],[-121.36834,38.69515],[-121.36819,38.69549],[-121.36804,38.69603],[-121.36786,38.69636],[-121.36762,38.69665],[-121.36757,38.69681],[-121.36753,38.69765],[-121.36367,38.69763],[-121.36369,38.69449],[-121.3637,38.69449]],[[-121.3648,38.69449],[-121.3648,38.69449],[-121.3637,38.69449],[-121.3648,38.69449]],[[-121.36418,38.689],[-121.36418,38.689],[-121.36399,38.68901],[-121.36418,38.689]],[[-121.36418,38.689],[-121.36428,38.68898],[-121.36418,38.689]],[[-121.36459,38.68892],[-121.36459,38.68892],[-121.36455,38.68892],[-121.36459,38.68892]],[[-121.36514,38.68867],[-121.36524,38.68861],[-121.36524,38.68861],[-121.36514,38.68867]],[[-121.36533,38.68854],[-121.36533,38.68854],[-121.36526,38.68859],[-121.36533,38.68854]],[[-121.36594,38.68796],[-121.36594,38.68796],[-121.36543,38.68846],[-121.36594,38.68796]],[[-121.3681,38.69449],[-121.36807,38.69449],[-121.36807,38.69449],[-121.3681,38.69449]]],[[[-121.36377,38.68493],[-121.36373,38.68904],[-121.35764,38.68903],[-121.35764,38.68754],[-121.35768,38.68492],[-121.35683,38.68492],[-121.35666,38.68493],[-121.35665,38.68484],[-121.35665,38.68482],[-121.35666,38.68472],[-121.35666,38.68472],[-121.35668,38.68467],[-121.35676,38.68449],[-121.35676,38.68448],[-121.35684,38.68439],[-121.35881,38.68257],[-121.36184,38.67979],[-121.36188,38.67976],[-121.36196,38.6797],[-121.36212,38.67964],[-121.36226,38.6796],[-121.3625,38.67958],[-121.36263,38.67956],[-121.3628,38.6795],[-121.3637,38.67911],[-121.3639,38.67944],[-121.36404,38.67979],[-121.36411,38.68011],[-121.36414,38.68047],[-121.36408,38.68088],[-121.36402,38.68112],[-121.36379,38.6821],[-121.36377,38.68408],[-121.36377,38.68493]]]]}},{"type":"Feature","properties":{"county_fips":67,"srprec":"0021712","precinct_id":"067-0021712","county_name":"Sacramento","area_sq_mi":1.048,"place_primary":"North Highlands","place_primary_share":99.5,"place_also":[],"places":[{"name":"North Highlands","geoid":"0651924","kind":"cdp","pct":99.5},{"name":"McClellan Park","geoid":"0644760","kind":"cdp","pct":0.5}],"bbox":[-121.3956,38.66853,-121.37182,38.69037],"g22_asm":{"dem_pct":46.9,"margin_dem":-6.2,"votes_two_party":145,"winner":"Rep"},"g24_asm":{"dem_pct":48.4,"margin_dem":-3.1,"votes_two_party":1053,"winner":"Rep"}},"geometry":{"type":"Polygon","coordinates":[[[-121.38294,38.69033],[-121.38283,38.69033],[-121.38283,38.68937],[-121.38284,38.68861],[-121.38284,38.68786],[-121.38284,38.68715],[-121.38284,38.68649],[-121.38285,38.68581],[-121.38285,38.68577],[-121.38285,38.68503],[-121.38286,38.68436],[-121.38286,38.6837],[-121.38287,38.68306],[-121.38289,38.67892],[-121.38289,38.67837],[-121.3829,38.6758],[-121.38289,38.67384],[-121.38288,38.67193],[-121.38288,38.67147],[-121.38288,38.67028],[-121.38288,38.66863],[-121.38293,38.66853],[-121.38296,38.66853],[-121.38298,38.66854],[-121.38305,38.66856],[-121.3831,38.66857],[-121.38416,38.66857],[-121.38444,38.66858],[-121.38461,38.66858],[-121.38462,38.67106],[-121.38463,38.67177],[-121.38464,38.67179],[-121.38466,38.67181],[-121.38469,38.67181],[-121.38529,38.67182],[-121.38529,38.67182],[-121.38529,38.67184],[-121.3853,38.67402],[-121.38544,38.67401],[-121.38642,38.67403],[-121.38668,38.67585],[-121.38752,38.67586],[-121.39217,38.67593],[-121.39216,38.67771],[-121.39216,38.67862],[-121.39413,38.67873],[-121.39412,38.67913],[-121.39441,38.67913],[-121.39443,38.67965],[-121.39447,38.6814],[-121.39458,38.6814],[-121.39536,38.68141],[-121.39534,38.68212],[-121.39534,38.68212],[-121.39534,38.68222],[-121.3954,38.68321],[-121.3954,38.68321],[-121.39533,38.68321],[-121.39533,38.68906],[-121.39533,38.69047],[-121.39524,38.69047],[-121.39212,38.69044],[-121.38748,38.69039],[-121.38294,38.69033]]]},"geometry_g24":{"type":"MultiPolygon","coordinates":[[[[-121.39217,38.67593],[-121.39413,38.67873],[-121.39441,38.67913],[-121.3956,38.6814],[-121.39534,38.68217],[-121.39533,38.68321],[-121.3874,38.69036],[-121.38284,38.68786],[-121.38027,38.68716],[-121.37863,38.68736],[-121.37815,38.6867],[-121.37852,38.68641],[-121.37938,38.68478],[-121.37877,38.68452],[-121.37754,38.68381],[-121.3767,38.68299],[-121.37611,38.68196],[-121.37588,38.68086],[-121.37577,38.67957],[-121.37518,38.67957],[-121.37422,38.67957],[-121.37373,38.67915],[-121.37365,38.67838],[-121.37367,38.67572],[-121.37373,38.67508],[-121.37199,38.67439],[-121.37287,38.67428],[-121.37346,38.67413],[-121.37623,38.67392],[-121.37793,38.67378],[-121.38077,38.67381],[-121.3829,38.6758],[-121.39217,38.67593]],[[-121.38284,38.68649],[-121.38285,38.68581],[-121.38285,38.68581],[-121.38284,38.68649]],[[-121.37626,38.67919],[-121.37626,38.67919],[-121.37657,38.67912],[-121.37657,38.67912],[-121.37626,38.67919]],[[-121.37658,38.67912],[-121.37658,38.67912],[-121.37683,38.67906],[-121.37683,38.67906],[-121.37658,38.67912]],[[-121.37819,38.67891],[-121.37844,38.67891],[-121.37844,38.67891],[-121.37819,38.67891]],[[-121.3793,38.67891],[-121.38016,38.67891],[-121.38016,38.67891],[-121.3793,38.67891]],[[-121.3793,38.67891],[-121.37844,38.67891],[-121.37844,38.67891],[-121.3793,38.67891]],[[-121.38288,38.67892],[-121.38288,38.67892],[-121.38288,38.67892],[-121.38288,38.67892],[-121.38288,38.67892],[-121.38288,38.67979],[-121.38288,38.67892],[-121.38289,38.67892],[-121.38288,38.67892]],[[-121.38288,38.67892],[-121.38188,38.67891],[-121.38188,38.67891],[-121.38288,38.67892]],[[-121.38288,38.67979],[-121.38287,38.68306],[-121.38286,38.6837],[-121.38287,38.68306],[-121.38287,38.68306],[-121.38287,38.68306],[-121.38288,38.68306],[-121.38287,38.68306],[-121.38287,38.68306],[-121.38287,38.68306],[-121.38288,38.67979]],[[-121.38286,38.6837],[-121.38286,38.68436],[-121.38286,38.68437],[-121.38286,38.6837]],[[-121.38285,38.68503],[-121.38285,38.68577],[-121.38285,38.68577],[-121.38285,38.68503]]],[[[-121.39217,38.67593],[-121.39216,38.67706],[-121.39217,38.67593],[-121.39217,38.67593],[-121.39217,38.67593]]],[[[-121.38635,38.67585],[-121.3829,38.6758],[-121.3829,38.6758],[-121.3829,38.6758],[-121.38289,38.67384],[-121.38289,38.67347],[-121.38289,38.67195],[-121.38289,38.67347],[-121.38288,38.67193],[-121.38288,38.67147],[-121.38288,38.67028],[-121.38288,38.66863],[-121.38288,38.66863],[-121.3829,38.66859],[-121.38291,38.66856],[-121.38292,38.66854],[-121.38293,38.66854],[-121.38293,38.66853],[-121.38296,38.66853],[-121.38296,38.66854],[-121.38298,38.66854],[-121.38298,38.66854],[-121.38305,38.66856],[-121.38305,38.66856],[-121.38307,38.66856],[-121.3831,38.66857],[-121.3831,38.66857],[-121.38357,38.66857],[-121.38416,38.66857],[-121.38444,38.66858],[-121.38444,38.66858],[-121.38461,38.66858],[-121.38461,38.66858],[-121.38462,38.66858],[-121.38462,38.66858],[-121.38462,38.67082],[-121.38462,38.67106],[-121.38463,38.67177],[-121.38463,38.67177],[-121.38464,38.67179],[-121.38464,38.67179],[-121.38466,38.67181],[-121.38466,38.67181],[-121.38469,38.67181],[-121.38469,38.67181],[-121.38529,38.67182],[-121.38529,38.67182],[-121.38529,38.67182],[-121.38529,38.67184],[-121.38529,38.67184],[-121.38529,38.67184],[-121.3853,38.67402],[-121.3853,38.67402],[-121.3853,38.67402],[-121.3853,38.67402],[-121.38544,38.67401],[-121.38544,38.67401],[-121.38642,38.67403],[-121.38642,38.67403],[-121.38642,38.67403],[-121.38668,38.67585],[-121.38668,38.67585],[-121.38668,38.67585],[-121.38635,38.67585]]]]}},{"type":"Feature","properties":{"county_fips":67,"srprec":"0021783","precinct_id":"067-0021783","county_name":"Sacramento","area_sq_mi":3.617,"place_primary":"McClellan Park","place_primary_share":99.6,"place_also":[],"places":[{"name":"McClellan Park","geoid":"0644760","kind":"cdp","pct":99.6},{"name":"Sacramento","geoid":"0664000","kind":"city","pct":0.2},{"name":"North Highlands","geoid":"0651924","kind":"cdp","pct":0.2}],"bbox":[-121.42348,38.63902,-121.38283,38.69055],"g22_asm":{"dem_pct":66.7,"margin_dem":33.3,"votes_two_party":81,"winner":"Dem"},"g24_asm":{"dem_pct":68.1,"margin_dem":36.1,"votes_two_party":144,"winner":"Dem"}},"geometry":{"type":"Polygon","coordinates":[[[-121.41264,38.67313],[-121.4124,38.67296],[-121.40954,38.67062],[-121.40884,38.67042],[-121.40632,38.67038],[-121.40575,38.67051],[-121.40365,38.67215],[-121.4035,38.6726],[-121.40361,38.67941],[-121.40478,38.68334],[-121.40136,38.69054],[-121.39533,38.69047],[-121.3954,38.68321],[-121.39536,38.68141],[-121.39441,38.67913],[-121.39216,38.67771],[-121.38642,38.67403],[-121.38529,38.67182],[-121.38464,38.67179],[-121.38444,38.66858],[-121.38298,38.66854],[-121.38292,38.6655],[-121.38288,38.66385],[-121.38284,38.66274],[-121.38589,38.65651],[-121.38826,38.65435],[-121.3894,38.65418],[-121.39389,38.65424],[-121.39871,38.65411],[-121.40129,38.65963],[-121.40127,38.66555],[-121.41148,38.66898],[-121.41264,38.67313]]]},"geometry_g24":{"type":"Polygon","coordinates":[[[-121.40548,38.63902],[-121.40571,38.63981],[-121.41066,38.64071],[-121.41569,38.64717],[-121.42115,38.65098],[-121.42219,38.65265],[-121.42163,38.65568],[-121.42168,38.65816],[-121.42058,38.65922],[-121.41528,38.6583],[-121.41508,38.65875],[-121.41521,38.66075],[-121.41525,38.66896],[-121.4124,38.67296],[-121.40938,38.67055],[-121.40632,38.67038],[-121.4057,38.67053],[-121.40351,38.67249],[-121.4036,38.68333],[-121.4036,38.68554],[-121.39597,38.69048],[-121.39534,38.68217],[-121.39441,38.67913],[-121.39216,38.67771],[-121.38668,38.67585],[-121.38529,38.67182],[-121.38461,38.66858],[-121.38292,38.66678],[-121.38286,38.66077],[-121.38845,38.65418],[-121.39728,38.65411],[-121.40131,38.64677],[-121.40134,38.64283],[-121.40548,38.63902]],[[-121.38752,38.67583],[-121.38753,38.67406],[-121.38753,38.67406],[-121.38752,38.67583]],[[-121.38744,38.67186],[-121.38748,38.67187],[-121.38744,38.67186]],[[-121.38749,38.67187],[-121.38749,38.67187],[-121.38749,38.67187]],[[-121.40137,38.69039],[-121.40136,38.68963],[-121.40137,38.69039]],[[-121.40136,38.68963],[-121.40136,38.68957],[-121.40136,38.68962],[-121.40136,38.68963]],[[-121.40136,38.68873],[-121.40137,38.68841],[-121.40137,38.68873],[-121.40136,38.68873]],[[-121.4036,38.68343],[-121.4036,38.68343],[-121.4036,38.68355],[-121.4036,38.68343]]]}},{"type":"Feature","properties":{"county_fips":67,"srprec":"0021817","precinct_id":"067-0021817","county_name":"Sacramento","area_sq_mi":0.409,"place_primary":"North Highlands","place_primary_share":100.0,"place_also":[],"places":[{"name":"North Highlands","geoid":"0651924","kind":"cdp","pct":100.0}],"bbox":[-121.38284,38.67938,-121.36763,38.69395],"g22_asm":{"dem_pct":49.6,"margin_dem":-0.8,"votes_two_party":528,"winner":"Rep"},"g24_asm":{"dem_pct":50.4,"margin_dem":0.9,"votes_two_party":1130,"winner":"Dem"}},"geometry":{"type":"Polygon","coordinates":[[[-121.37489,38.69256],[-121.37397,38.69166],[-121.37359,38.69109],[-121.37337,38.69053],[-121.37327,38.68984],[-121.37338,38.68873],[-121.37336,38.68832],[-121.37318,38.68775],[-121.37287,38.68723],[-121.37243,38.68678],[-121.37178,38.68635],[-121.3703,38.6837],[-121.37229,38.68176],[-121.37328,38.68079],[-121.37384,38.68033],[-121.37457,38.67987],[-121.37539,38.67948],[-121.3758,38.67964],[-121.37588,38.68005],[-121.37592,38.68123],[-121.37611,38.68196],[-121.37645,38.68264],[-121.37686,38.68318],[-121.37734,38.68365],[-121.37805,38.68415],[-121.37877,38.68452],[-121.3794,38.68474],[-121.37874,38.6861],[-121.37852,38.68641],[-121.37822,38.68665],[-121.37833,38.68702],[-121.37863,38.68735],[-121.37969,38.68721],[-121.38083,38.68715],[-121.38284,38.68861],[-121.38256,38.69032],[-121.38023,38.69033],[-121.37922,38.69048],[-121.37801,38.69081],[-121.3771,38.69119],[-121.37556,38.69212],[-121.37489,38.69256]]]},"geometry_g24":{"type":"Polygon","coordinates":[[[-121.37328,38.68079],[-121.37429,38.68003],[-121.37539,38.67948],[-121.3758,38.67964],[-121.3759,38.68108],[-121.37611,38.68197],[-121.3767,38.68299],[-121.37734,38.68365],[-121.37852,38.6844],[-121.3794,38.68474],[-121.37867,38.68622],[-121.37822,38.68665],[-121.37833,38.68702],[-121.37863,38.68736],[-121.37991,38.68719],[-121.38284,38.68786],[-121.38256,38.69032],[-121.37985,38.69038],[-121.37801,38.69081],[-121.37678,38.69136],[-121.37422,38.693],[-121.37324,38.6935],[-121.37198,38.6939],[-121.37096,38.69318],[-121.37013,38.69198],[-121.36993,38.69153],[-121.36969,38.69053],[-121.36965,38.68848],[-121.36958,38.68813],[-121.36937,38.68769],[-121.3688,38.68706],[-121.3687,38.68526],[-121.37278,38.68128],[-121.37328,38.68079]],[[-121.37024,38.68803],[-121.37024,38.68803],[-121.37024,38.68803]],[[-121.37146,38.68738],[-121.37146,38.68738],[-121.37146,38.68738]]]}},{"type":"Feature","properties":{"county_fips":67,"srprec":"0021846","precinct_id":"067-0021846","county_name":"Sacramento","area_sq_mi":0.356,"place_primary":"North Highlands","place_primary_share":100.0,"place_also":[],"places":[{"name":"North Highlands","geoid":"0651924","kind":"cdp","pct":100.0}],"bbox":[-121.3829,38.67377,-121.37181,38.68739],"g22_asm":{"dem_pct":51.3,"margin_dem":2.7,"votes_two_party":559,"winner":"Dem"},"g24_asm":null},"geometry":{"type":"Polygon","coordinates":[[[-121.37365,38.67693],[-121.37368,38.67508],[-121.37181,38.67503],[-121.37262,38.67437],[-121.37319,38.67417],[-121.3744,38.67413],[-121.37563,38.6741],[-121.37623,38.67392],[-121.37793,38.67378],[-121.37986,38.6738],[-121.38172,38.67385],[-121.38289,38.67837],[-121.38286,38.6837],[-121.38285,38.68577],[-121.38284,38.68715],[-121.37991,38.68719],[-121.37905,38.68729],[-121.37838,38.68715],[-121.37815,38.68669],[-121.37842,38.6865],[-121.37867,38.68622],[-121.37921,38.68512],[-121.37903,38.68462],[-121.37828,38.68428],[-121.37754,38.68381],[-121.37703,38.68336],[-121.37651,38.68273],[-121.3762,38.68218],[-121.37598,38.68153],[-121.37588,38.68086],[-121.37584,38.67977],[-121.37568,38.67938],[-121.37487,38.67971],[-121.37434,38.67966],[-121.37392,38.67937],[-121.37373,38.67915],[-121.37364,38.67884],[-121.37366,38.67803],[-121.37365,38.67693]]]}},{"type":"Feature","properties":{"county_fips":67,"srprec":"0021895","precinct_id":"067-0021895","county_name":"Sacramento","area_sq_mi":0.358,"place_primary":"North Highlands","place_primary_share":100.0,"place_also":[],"places":[{"name":"North Highlands","geoid":"0651924","kind":"cdp","pct":100.0}],"bbox":[-121.37457,38.67433,-121.36375,38.68904],"g22_asm":{"dem_pct":56.2,"margin_dem":12.4,"votes_two_party":628,"winner":"Dem"},"g24_asm":null},"geometry":{"type":"Polygon","coordinates":[[[-121.36592,38.67622],[-121.36778,38.67453],[-121.36833,38.67433],[-121.36955,38.67434],[-121.37199,38.67439],[-121.37373,38.67508],[-121.37366,38.67632],[-121.37365,38.67838],[-121.37366,38.67898],[-121.37379,38.67923],[-121.374,38.67943],[-121.37445,38.67975],[-121.37394,38.68026],[-121.37335,38.68072],[-121.37278,38.68127],[-121.3713,38.68272],[-121.36924,38.68473],[-121.36763,38.68631],[-121.36594,38.68796],[-121.36524,38.68861],[-121.36478,38.68885],[-121.36418,38.689],[-121.36375,38.68904],[-121.36377,38.68347],[-121.36392,38.68146],[-121.36481,38.6805],[-121.36476,38.68014],[-121.36451,38.67965],[-121.36416,38.67917],[-121.36384,38.67824],[-121.36392,38.67793],[-121.36416,38.67763],[-121.36453,38.67734],[-121.36516,38.67691],[-121.36592,38.67622]]]}},{"type":"Feature","properties":{"county_fips":67,"srprec":"0021933","precinct_id":"067-0021933","county_name":"Sacramento","area_sq_mi":0.329,"place_primary":"North Highlands","place_primary_share":100.0,"place_also":[],"places":[{"name":"North Highlands","geoid":"0651924","kind":"cdp","pct":100.0}],"bbox":[-121.37457,38.67433,-121.36254,38.68631],"g22_asm":null,"g24_asm":{"dem_pct":49.4,"margin_dem":-1.3,"votes_two_party":857,"winner":"Rep"}},"geometry":{"type":"Polygon","coordinates":[[[-121.3695,38.67434],[-121.3696,38.67434],[-121.37199,38.67439],[-121.37373,38.67505],[-121.37368,38.67508],[-121.37367,38.67569],[-121.37365,38.67704],[-121.37365,38.67838],[-121.37366,38.67897],[-121.37379,38.67923],[-121.374,38.67943],[-121.37445,38.67975],[-121.37429,38.68003],[-121.37359,38.68052],[-121.37316,38.6809],[-121.37174,38.68229],[-121.36818,38.68578],[-121.3652,38.68477],[-121.3642,38.68416],[-121.36388,38.68408],[-121.36377,38.68347],[-121.36392,38.68146],[-121.36402,38.68112],[-121.36412,38.6807],[-121.36411,38.68011],[-121.36398,38.67962],[-121.3637,38.67911],[-121.36349,38.67886],[-121.36335,38.67872],[-121.36294,38.67838],[-121.36254,38.6781],[-121.36523,38.67684],[-121.36496,38.67707],[-121.36659,38.6756],[-121.36803,38.6744],[-121.36833,38.67433],[-121.3695,38.67434]],[[-121.36384,38.67824],[-121.36384,38.67824],[-121.36384,38.67824],[-121.36384,38.67824],[-121.36384,38.67824],[-121.36384,38.67824],[-121.36384,38.67824],[-121.36384,38.67824]]]}},{"type":"Feature","properties":{"county_fips":67,"srprec":"0021960","precinct_id":"067-0021960","county_name":"Sacramento","area_sq_mi":0.463,"place_primary":"North Highlands","place_primary_share":100.0,"place_also":[],"places":[{"name":"North Highlands","geoid":"0651924","kind":"cdp","pct":100.0}],"bbox":[-121.38293,38.65932,-121.36253,38.68112],"g22_asm":{"dem_pct":55.3,"margin_dem":10.5,"votes_two_party":599,"winner":"Dem"},"g24_asm":null},"geometry":{"type":"Polygon","coordinates":[[[-121.37403,38.66751],[-121.38061,38.66142],[-121.38242,38.65973],[-121.38284,38.66274],[-121.38284,38.66369],[-121.38292,38.66417],[-121.38292,38.66678],[-121.38288,38.67028],[-121.38289,38.67384],[-121.38076,38.67381],[-121.37885,38.67379],[-121.37659,38.67382],[-121.37564,38.6741],[-121.37523,38.67413],[-121.37346,38.67413],[-121.37293,38.67426],[-121.37199,38.67439],[-121.36955,38.67434],[-121.36833,38.67433],[-121.36778,38.67453],[-121.36592,38.67622],[-121.36496,38.67707],[-121.36434,38.67748],[-121.36406,38.67774],[-121.36388,38.67801],[-121.36386,38.67833],[-121.36425,38.67932],[-121.36462,38.67981],[-121.36479,38.68026],[-121.3648,38.68112],[-121.36411,38.6807],[-121.36411,38.68011],[-121.36398,38.67962],[-121.3637,38.67911],[-121.36335,38.67872],[-121.36272,38.67822],[-121.36389,38.67686],[-121.3684,38.67269],[-121.37077,38.6705],[-121.37403,38.66751]]]}},{"type":"Feature","properties":{"county_fips":67,"srprec":"0021975","precinct_id":"067-0021975","county_name":"Sacramento","area_sq_mi":0.45,"place_primary":"North Highlands","place_primary_share":100.0,"place_also":[],"places":[{"name":"North Highlands","geoid":"0651924","kind":"cdp","pct":100.0}],"bbox":[-121.38292,38.65932,-121.36253,38.6781],"g22_asm":null,"g24_asm":{"dem_pct":53.7,"margin_dem":7.5,"votes_two_party":934,"winner":"Dem"}},"geometry":{"type":"Polygon","coordinates":[[[-121.38286,38.66076],[-121.38283,38.66362],[-121.38288,38.66385],[-121.38292,38.66417],[-121.38292,38.66854],[-121.38288,38.67028],[-121.38289,38.67384],[-121.38077,38.67381],[-121.37889,38.67379],[-121.37885,38.67379],[-121.37704,38.67377],[-121.37623,38.67392],[-121.37564,38.6741],[-121.37523,38.67413],[-121.37346,38.67413],[-121.37293,38.67426],[-121.37258,38.67438],[-121.36963,38.67434],[-121.36955,38.67434],[-121.36951,38.67434],[-121.3682,38.67436],[-121.36778,38.67453],[-121.36592,38.67622],[-121.36496,38.67707],[-121.36521,38.67686],[-121.36443,38.67683],[-121.36253,38.6781],[-121.36389,38.67686],[-121.36429,38.6765],[-121.3661,38.67482],[-121.3684,38.6727],[-121.37077,38.6705],[-121.37304,38.66842],[-121.37403,38.66751],[-121.38061,38.66142],[-121.38242,38.65973],[-121.38287,38.65935],[-121.38286,38.66076]],[[-121.37438,38.66843],[-121.37438,38.66844],[-121.37438,38.66844],[-121.37438,38.66844],[-121.37438,38.66844],[-121.37438,38.66844],[-121.37438,38.66843]]]}},{"type":"Feature","properties":{"county_fips":67,"srprec":"0022061","precinct_id":"067-0022061","county_name":"Sacramento","area_sq_mi":0.0,"place_primary":"Antelope","place_primary_share":100.0,"place_also":[],"places":[{"name":"Antelope","geoid":"0602210","kind":"cdp","pct":100.0}],"bbox":[-121.3543,38.70362,-121.3459,38.70373],"g22_asm":{"dem_pct":54.8,"margin_dem":9.6,"votes_two_party":761,"winner":"Dem"},"g24_asm":null},"geometry":{"type":"Polygon","coordinates":[[[-121.3459,38.70363],[-121.3459,38.70362],[-121.34844,38.70365],[-121.35278,38.70371],[-121.3543,38.70373],[-121.3543,38.70373],[-121.3459,38.70363]]]}},{"type":"Feature","properties":{"county_fips":67,"srprec":"0022195","precinct_id":"067-0022195","county_name":"Sacramento","area_sq_mi":0.0,"place_primary":"Antelope","place_primary_share":100.0,"place_also":[],"places":[{"name":"Antelope","geoid":"0602210","kind":"cdp","pct":100.0}],"bbox":[-121.3459,38.70308,-121.33512,38.70363],"g22_asm":{"dem_pct":45.5,"margin_dem":-9.0,"votes_two_party":622,"winner":"Rep"},"g24_asm":{"dem_pct":42.3,"margin_dem":-15.4,"votes_two_party":950,"winner":"Rep"}},"geometry":{"type":"MultiPolygon","coordinates":[[[[-121.33536,38.70315],[-121.33512,38.70313],[-121.33518,38.70308],[-121.33535,38.70314],[-121.33536,38.70315]]],[[[-121.3423,38.70358],[-121.34227,38.70358],[-121.34228,38.70358],[-121.34393,38.7036],[-121.34479,38.70361],[-121.34484,38.70361],[-121.3459,38.70362],[-121.3459,38.70363],[-121.3423,38.70358]]]]},"geometry_g24":{"type":"MultiPolygon","coordinates":[[[[-121.33536,38.70315],[-121.33512,38.70313],[-121.33517,38.70309],[-121.33518,38.70308],[-121.33518,38.70308],[-121.33518,38.70308],[-121.33535,38.70314],[-121.33535,38.70314],[-121.33536,38.70315]]],[[[-121.3423,38.70358],[-121.34227,38.70358],[-121.34228,38.70358],[-121.34228,38.70358],[-121.34228,38.70358],[-121.34393,38.7036],[-121.34478,38.70361],[-121.34478,38.70361],[-121.34479,38.70361],[-121.34479,38.70361],[-121.34479,38.70361],[-121.34479,38.70361],[-121.34484,38.70361],[-121.34484,38.70361],[-121.3459,38.70362],[-121.3459,38.70362],[-121.3459,38.70362],[-121.3459,38.70363],[-121.3423,38.70358]]]]}},{"type":"Feature","properties":{"county_fips":67,"srprec":"0022315","precinct_id":"067-0022315","county_name":"Sacramento","area_sq_mi":0.0,"place_primary":"Antelope","place_primary_share":100.0,"place_also":[],"places":[{"name":"Antelope","geoid":"0602210","kind":"cdp","pct":100.0}],"bbox":[-121.3543,38.70362,-121.3459,38.70373],"g22_asm":null,"g24_asm":{"dem_pct":50.7,"margin_dem":1.3,"votes_two_party":821,"winner":"Dem"}},"geometry":{"type":"Polygon","coordinates":[[[-121.3459,38.70363],[-121.3459,38.70362],[-121.3459,38.70362],[-121.3459,38.70362],[-121.3459,38.70362],[-121.34592,38.70362],[-121.34844,38.70365],[-121.34849,38.70366],[-121.35278,38.70371],[-121.3543,38.70373],[-121.3543,38.70373],[-121.3543,38.70373],[-121.3543,38.70373],[-121.3459,38.70363]]]}},{"type":"Feature","properties":{"county_fips":67,"srprec":"0022337","precinct_id":"067-0022337","county_name":"Sacramento","area_sq_mi":0.007,"place_primary":"Antelope","place_primary_share":55.5,"place_also":["Citrus Heights"],"places":[{"name":"Antelope","geoid":"0602210","kind":"cdp","pct":55.5},{"name":"Citrus Heights","geoid":"0613588","kind":"city","pct":44.5}],"bbox":[-121.32711,38.70589,-121.31367,38.71821],"g22_asm":{"dem_pct":39.4,"margin_dem":-21.2,"votes_two_party":208,"winner":"Rep"},"g24_asm":{"dem_pct":47.9,"margin_dem":-4.3,"votes_two_party":328,"winner":"Rep"}},"geometry":{"type":"MultiPolygon","coordinates":[[[[-121.31369,38.71821],[-121.31369,38.71821],[-121.31367,38.7182],[-121.31391,38.71799],[-121.31607,38.71606],[-121.31639,38.71557],[-121.31643,38.71551],[-121.31644,38.71546],[-121.31647,38.71498],[-121.31647,38.71462],[-121.31673,38.71461],[-121.31772,38.71457],[-121.31369,38.71821]]],[[[-121.3261,38.707],[-121.31815,38.71419],[-121.31815,38.71415],[-121.32094,38.71155],[-121.32513,38.70765],[-121.32514,38.70725],[-121.32587,38.70711],[-121.32609,38.70699],[-121.32613,38.70696],[-121.3261,38.707]]],[[[-121.32675,38.70632],[-121.32698,38.70592],[-121.327,38.70589],[-121.32734,38.70521],[-121.32736,38.70518],[-121.32736,38.70518],[-121.32773,38.70464],[-121.32866,38.70378],[-121.32898,38.70352],[-121.32946,38.70352],[-121.32675,38.70632]]]]},"geometry_g24":{"type":"MultiPolygon","coordinates":[[[[-121.31369,38.71821],[-121.31369,38.71821],[-121.31368,38.71821],[-121.31368,38.71821],[-121.31367,38.7182],[-121.31367,38.7182],[-121.31367,38.7182],[-121.31384,38.71805],[-121.31391,38.71799],[-121.31391,38.71799],[-121.31391,38.71799],[-121.31412,38.71779],[-121.31413,38.71779],[-121.31462,38.71735],[-121.31561,38.71646],[-121.31591,38.7162],[-121.31594,38.71617],[-121.31607,38.71606],[-121.31607,38.71606],[-121.31608,38.71604],[-121.31608,38.71604],[-121.31639,38.71557],[-121.31643,38.71551],[-121.31643,38.71551],[-121.31643,38.71551],[-121.31643,38.71551],[-121.31644,38.71546],[-121.31644,38.71546],[-121.31647,38.71502],[-121.31647,38.71498],[-121.31647,38.71498],[-121.31647,38.71498],[-121.31647,38.71463],[-121.31647,38.71462],[-121.31647,38.71462],[-121.31647,38.71462],[-121.31673,38.71461],[-121.31772,38.71457],[-121.31369,38.71821]]],[[[-121.3261,38.707],[-121.31815,38.71419],[-121.31815,38.71415],[-121.31815,38.71415],[-121.31815,38.71415],[-121.31815,38.71415],[-121.31815,38.71415],[-121.32094,38.71155],[-121.3211,38.7114],[-121.32114,38.71137],[-121.3211,38.7114],[-121.32513,38.70765],[-121.32513,38.70765],[-121.32513,38.70765],[-121.32514,38.70741],[-121.32514,38.70726],[-121.32514,38.70725],[-121.32514,38.70725],[-121.32514,38.70725],[-121.32526,38.70723],[-121.32587,38.70711],[-121.32587,38.70711],[-121.32608,38.707],[-121.32609,38.70699],[-121.32609,38.70699],[-121.32609,38.70699],[-121.32613,38.70696],[-121.3261,38.707]]],[[[-121.32675,38.70632],[-121.32682,38.7062],[-121.327,38.70589],[-121.327,38.70589],[-121.327,38.70589],[-121.327,38.70589],[-121.327,38.70589],[-121.327,38.70589],[-121.32701,38.70589],[-121.32702,38.7059],[-121.32708,38.70593],[-121.327,38.70589],[-121.32708,38.70593],[-121.32711,38.70595],[-121.32675,38.70632]]]]}},{"type":"Feature","properties":{"county_fips":67,"srprec":"0022453","precinct_id":"067-0022453","county_name":"Sacramento","area_sq_mi":0.244,"place_primary":"Foothill Farms","place_primary_share":100.0,"place_also":[],"places":[{"name":"Foothill Farms","geoid":"0624722","kind":"cdp","pct":100.0}],"bbox":[-121.36367,38.69763,-121.34844,38.70386],"g22_asm":{"dem_pct":48.5,"margin_dem":-3.0,"votes_two_party":635,"winner":"Rep"},"g24_asm":{"dem_pct":48.1,"margin_dem":-3.7,"votes_two_party":945,"winner":"Rep"}},"geometry":{"type":"Polygon","coordinates":[[[-121.36342,38.70385],[-121.3625,38.70383],[-121.36047,38.70381],[-121.3564,38.70375],[-121.35572,38.70374],[-121.3543,38.70373],[-121.34844,38.70365],[-121.34845,38.70258],[-121.34922,38.7019],[-121.34925,38.70161],[-121.34933,38.70138],[-121.3495,38.70112],[-121.34973,38.70089],[-121.35001,38.70071],[-121.35033,38.70058],[-121.3507,38.7005],[-121.35123,38.70048],[-121.35136,38.70047],[-121.35175,38.70039],[-121.35211,38.70025],[-121.35237,38.7001],[-121.35258,38.69992],[-121.35274,38.69974],[-121.35294,38.69935],[-121.35348,38.6995],[-121.35394,38.69959],[-121.35444,38.69967],[-121.35469,38.69975],[-121.35491,38.69986],[-121.3551,38.70002],[-121.35547,38.69995],[-121.35599,38.69965],[-121.35641,38.69945],[-121.35731,38.69911],[-121.35763,38.699],[-121.35798,38.69892],[-121.35844,38.69886],[-121.35935,38.69882],[-121.35984,38.69876],[-121.36016,38.6987],[-121.36061,38.69855],[-121.3622,38.69783],[-121.36254,38.69771],[-121.36273,38.69767],[-121.36308,38.69763],[-121.36366,38.70027],[-121.36365,38.70327],[-121.36342,38.70385]]]},"geometry_g24":{"type":"Polygon","coordinates":[[[-121.36342,38.70385],[-121.35696,38.70376],[-121.3564,38.70375],[-121.35572,38.70374],[-121.35278,38.70371],[-121.34845,38.70318],[-121.34889,38.7019],[-121.34922,38.70175],[-121.34933,38.70138],[-121.34961,38.701],[-121.35001,38.70071],[-121.35052,38.70053],[-121.35123,38.70048],[-121.35156,38.70044],[-121.35211,38.70025],[-121.35246,38.70003],[-121.35274,38.69974],[-121.35294,38.69935],[-121.35379,38.69956],[-121.35444,38.69967],[-121.3548,38.6998],[-121.35501,38.69994],[-121.35517,38.7001],[-121.35547,38.69995],[-121.3562,38.69954],[-121.35731,38.69911],[-121.35776,38.69897],[-121.35844,38.69886],[-121.35983,38.69876],[-121.36041,38.69862],[-121.3622,38.69783],[-121.36254,38.69771],[-121.36273,38.69767],[-121.36367,38.69763],[-121.36342,38.70385]]]}},{"type":"Feature","properties":{"county_fips":67,"srprec":"0022488","precinct_id":"067-0022488","county_name":"Sacramento","area_sq_mi":0.388,"place_primary":"Foothill Farms","place_primary_share":99.9,"place_also":[],"places":[{"name":"Foothill Farms","geoid":"0624722","kind":"cdp","pct":99.9}],"bbox":[-121.35294,38.69094,-121.33535,38.70365],"g22_asm":{"dem_pct":42.6,"margin_dem":-14.9,"votes_two_party":707,"winner":"Rep"},"g24_asm":null},"geometry":{"type":"Polygon","coordinates":[[[-121.33536,38.70315],[-121.33677,38.70185],[-121.33808,38.70064],[-121.33931,38.6995],[-121.34073,38.6982],[-121.34264,38.69644],[-121.34587,38.69344],[-121.34859,38.69094],[-121.35075,38.69382],[-121.35021,38.69446],[-121.34975,38.69524],[-121.34947,38.69598],[-121.34934,38.69664],[-121.34929,38.69756],[-121.34979,38.69797],[-121.35055,38.69816],[-121.35103,38.69836],[-121.35204,38.69895],[-121.35268,38.69925],[-121.35274,38.69974],[-121.35246,38.70003],[-121.35211,38.70025],[-121.35156,38.70044],[-121.35123,38.70048],[-121.35052,38.70053],[-121.35001,38.70071],[-121.3496,38.701],[-121.34933,38.70138],[-121.34922,38.70175],[-121.34845,38.70258],[-121.3459,38.70362],[-121.34393,38.7036],[-121.33536,38.70315]]]}},{"type":"Feature","properties":{"county_fips":67,"srprec":"0022491","precinct_id":"067-0022491","county_name":"Sacramento","area_sq_mi":0.24,"place_primary":"Foothill Farms","place_primary_share":100.0,"place_also":[],"places":[{"name":"Foothill Farms","geoid":"0624722","kind":"cdp","pct":100.0}],"bbox":[-121.36369,38.69296,-121.34923,38.7001],"g22_asm":{"dem_pct":50.7,"margin_dem":1.3,"votes_two_party":602,"winner":"Dem"},"g24_asm":{"dem_pct":48.3,"margin_dem":-3.4,"votes_two_party":832,"winner":"Rep"}},"geometry":{"type":"Polygon","coordinates":[[[-121.35348,38.6995],[-121.35294,38.69935],[-121.35246,38.69916],[-121.35204,38.69895],[-121.35123,38.69846],[-121.35082,38.69826],[-121.35055,38.69816],[-121.35008,38.69803],[-121.34923,38.69786],[-121.34929,38.69756],[-121.34932,38.69693],[-121.34937,38.69645],[-121.34947,38.69598],[-121.34963,38.69551],[-121.34988,38.69498],[-121.35021,38.69446],[-121.35053,38.69405],[-121.35164,38.69296],[-121.35247,38.69348],[-121.35309,38.69378],[-121.35353,38.69396],[-121.35409,38.69414],[-121.35479,38.69431],[-121.35538,38.69441],[-121.35587,38.69445],[-121.35727,38.69448],[-121.36199,38.69449],[-121.36367,38.69763],[-121.36294,38.69764],[-121.36261,38.69769],[-121.3624,38.69776],[-121.36159,38.6981],[-121.36041,38.69862],[-121.35989,38.69875],[-121.35957,38.6988],[-121.35874,38.69884],[-121.35821,38.69888],[-121.35776,38.69897],[-121.35754,38.69903],[-121.35685,38.69928],[-121.3562,38.69954],[-121.35567,38.69984],[-121.35517,38.7001],[-121.35501,38.69994],[-121.3548,38.6998],[-121.35457,38.6997],[-121.35431,38.69964],[-121.35379,38.69956],[-121.35348,38.6995]]]},"geometry_g24":{"type":"Polygon","coordinates":[[[-121.34925,38.69776],[-121.34932,38.69693],[-121.34943,38.69616],[-121.34963,38.69551],[-121.35004,38.69471],[-121.35053,38.69405],[-121.35164,38.69296],[-121.35278,38.69364],[-121.35353,38.69396],[-121.35444,38.69423],[-121.35538,38.6944],[-121.35624,38.69447],[-121.35727,38.69448],[-121.36369,38.69449],[-121.36367,38.69763],[-121.36273,38.69767],[-121.36254,38.69771],[-121.3622,38.69783],[-121.36016,38.69869],[-121.35957,38.6988],[-121.35844,38.69886],[-121.35776,38.69897],[-121.35731,38.6991],[-121.35685,38.69928],[-121.3562,38.69954],[-121.35547,38.69995],[-121.3551,38.70002],[-121.35498,38.69991],[-121.35469,38.69975],[-121.35431,38.69964],[-121.35348,38.6995],[-121.35268,38.69925],[-121.35204,38.69895],[-121.35103,38.69836],[-121.35055,38.69816],[-121.34979,38.69797],[-121.34925,38.69776]]]}},{"type":"Feature","properties":{"county_fips":67,"srprec":"0022517","precinct_id":"067-0022517","county_name":"Sacramento","area_sq_mi":0.364,"place_primary":"Foothill Farms","place_primary_share":98.9,"place_also":[],"places":[{"name":"Foothill Farms","geoid":"0624722","kind":"cdp","pct":98.9},{"name":"North Highlands","geoid":"0651924","kind":"cdp","pct":1.1}],"bbox":[-121.36375,38.6781,-121.34859,38.69449],"g22_asm":{"dem_pct":46.3,"margin_dem":-7.3,"votes_two_party":695,"winner":"Rep"},"g24_asm":{"dem_pct":44.6,"margin_dem":-10.8,"votes_two_party":1036,"winner":"Rep"}},"geometry":{"type":"Polygon","coordinates":[[[-121.36272,38.67822],[-121.36315,38.67854],[-121.36349,38.67886],[-121.3637,38.67911],[-121.36263,38.67956],[-121.36226,38.6796],[-121.36205,38.67966],[-121.36188,38.67976],[-121.35996,38.68152],[-121.35881,38.68257],[-121.35684,38.6844],[-121.35671,38.68457],[-121.35666,38.68472],[-121.35665,38.68487],[-121.35683,38.68492],[-121.35764,38.68754],[-121.35808,38.68903],[-121.36047,38.68904],[-121.36374,38.69018],[-121.36374,38.69106],[-121.36371,38.69335],[-121.36199,38.69449],[-121.35727,38.69448],[-121.35587,38.69445],[-121.35538,38.69441],[-121.35479,38.69431],[-121.35409,38.69414],[-121.35353,38.69396],[-121.35309,38.69378],[-121.35247,38.69348],[-121.35164,38.69296],[-121.34859,38.69094],[-121.35127,38.68845],[-121.35357,38.68636],[-121.35444,38.68556],[-121.35495,38.68509],[-121.35777,38.68249],[-121.36102,38.67951],[-121.36253,38.6781],[-121.36272,38.67822]]]},"geometry_g24":{"type":"Polygon","coordinates":[[[-121.36267,38.67819],[-121.36294,38.67838],[-121.36335,38.67872],[-121.36364,38.67904],[-121.36364,38.67913],[-121.3625,38.67958],[-121.36217,38.67962],[-121.36205,38.67966],[-121.36188,38.67976],[-121.36184,38.67979],[-121.35753,38.68375],[-121.35676,38.68448],[-121.35667,38.68467],[-121.35665,38.68482],[-121.35666,38.6849],[-121.35683,38.68492],[-121.35764,38.68754],[-121.35808,38.68903],[-121.36375,38.68904],[-121.36374,38.69018],[-121.3637,38.69394],[-121.35729,38.69448],[-121.35727,38.69448],[-121.35551,38.69442],[-121.35479,38.69431],[-121.35386,38.69407],[-121.35309,38.69378],[-121.35218,38.69331],[-121.34859,38.69094],[-121.35127,38.68845],[-121.35444,38.68556],[-121.35615,38.68399],[-121.36102,38.67951],[-121.36253,38.6781],[-121.36267,38.67819]]]}},{"type":"Feature","properties":{"county_fips":67,"srprec":"0022541","precinct_id":"067-0022541","county_name":"Sacramento","area_sq_mi":0.388,"place_primary":"Foothill Farms","place_primary_share":99.9,"place_also":[],"places":[{"name":"Foothill Farms","geoid":"0624722","kind":"cdp","pct":99.9}],"bbox":[-121.35294,38.69094,-121.33535,38.70365],"g22_asm":null,"g24_asm":{"dem_pct":41.8,"margin_dem":-16.5,"votes_two_party":1039,"winner":"Rep"}},"geometry":{"type":"Polygon","coordinates":[[[-121.33536,38.70315],[-121.33677,38.70185],[-121.33857,38.70018],[-121.34073,38.6982],[-121.34321,38.69591],[-121.34588,38.69342],[-121.34781,38.69166],[-121.35063,38.69231],[-121.35163,38.69296],[-121.35035,38.69427],[-121.34988,38.69498],[-121.34956,38.6957],[-121.34937,38.69645],[-121.34931,38.69735],[-121.34923,38.69786],[-121.35008,38.69803],[-121.3506,38.69818],[-121.35123,38.69847],[-121.35225,38.69906],[-121.35294,38.69935],[-121.35274,38.69974],[-121.35246,38.70003],[-121.35211,38.70025],[-121.35156,38.70044],[-121.35123,38.70048],[-121.35051,38.70053],[-121.35001,38.70071],[-121.3496,38.701],[-121.34933,38.70138],[-121.34922,38.70175],[-121.34846,38.7019],[-121.34845,38.70318],[-121.3459,38.70362],[-121.34479,38.70361],[-121.34228,38.70358],[-121.33536,38.70315]]]}},{"type":"Feature","properties":{"county_fips":67,"srprec":"0022566","precinct_id":"067-0022566","county_name":"Sacramento","area_sq_mi":0.625,"place_primary":"Foothill Farms","place_primary_share":100.0,"place_also":[],"places":[{"name":"Foothill Farms","geoid":"0624722","kind":"cdp","pct":100.0}],"bbox":[-121.34859,38.68268,-121.32792,38.70206],"g22_asm":{"dem_pct":50.4,"margin_dem":0.8,"votes_two_party":827,"winner":"Dem"},"g24_asm":null},"geometry":{"type":"Polygon","coordinates":[[[-121.34592,38.68915],[-121.34859,38.69094],[-121.34587,38.69344],[-121.34264,38.69644],[-121.34073,38.6982],[-121.33931,38.6995],[-121.33808,38.70064],[-121.33677,38.70185],[-121.33658,38.69913],[-121.33661,38.69649],[-121.33661,38.69416],[-121.33593,38.69283],[-121.33526,38.69294],[-121.33478,38.69312],[-121.33414,38.69351],[-121.33277,38.69325],[-121.33249,38.6931],[-121.33217,38.69302],[-121.33184,38.69301],[-121.33154,38.69296],[-121.33128,38.69284],[-121.33054,38.69187],[-121.33032,38.69168],[-121.33004,38.69158],[-121.3295,38.69152],[-121.32906,38.69144],[-121.32877,38.6915],[-121.32849,38.69168],[-121.32792,38.69027],[-121.3332,38.68548],[-121.33625,38.68268],[-121.33671,38.68299],[-121.33947,38.68484],[-121.34589,38.68914],[-121.34592,38.68915]]]}},{"type":"Feature","properties":{"county_fips":67,"srprec":"0022575","precinct_id":"067-0022575","county_name":"Sacramento","area_sq_mi":0.625,"place_primary":"Foothill Farms","place_primary_share":100.0,"place_also":[],"places":[{"name":"Foothill Farms","geoid":"0624722","kind":"cdp","pct":100.0}],"bbox":[-121.34859,38.68268,-121.32793,38.70204],"g22_asm":null,"g24_asm":{"dem_pct":46.3,"margin_dem":-7.5,"votes_two_party":1232,"winner":"Rep"}},"geometry":{"type":"Polygon","coordinates":[[[-121.33666,38.68296],[-121.33947,38.68484],[-121.34385,38.68777],[-121.34589,38.68914],[-121.34627,38.68939],[-121.34781,38.69166],[-121.34587,38.69343],[-121.34321,38.69591],[-121.34,38.69887],[-121.33808,38.70064],[-121.33656,38.70204],[-121.3366,38.69739],[-121.33661,38.69649],[-121.33661,38.69282],[-121.33601,38.69283],[-121.33526,38.69294],[-121.33478,38.69312],[-121.33387,38.69369],[-121.33277,38.69325],[-121.3325,38.6931],[-121.33217,38.69302],[-121.33171,38.693],[-121.33143,38.69292],[-121.33113,38.6927],[-121.33043,38.69176],[-121.33004,38.69158],[-121.3295,38.69152],[-121.32895,38.69145],[-121.32871,38.69152],[-121.3284,38.69173],[-121.3303,38.6881],[-121.33621,38.68271],[-121.33666,38.68296]]]}},{"type":"Feature","properties":{"county_fips":67,"srprec":"0022599","precinct_id":"067-0022599","county_name":"Sacramento","area_sq_mi":0.395,"place_primary":"Foothill Farms","place_primary_share":99.9,"place_also":[],"places":[{"name":"Foothill Farms","geoid":"0624722","kind":"cdp","pct":99.9},{"name":"Citrus Heights","geoid":"0613588","kind":"city","pct":0.1}],"bbox":[-121.33661,38.69027,-121.32628,38.70352],"g22_asm":{"dem_pct":45.2,"margin_dem":-9.5,"votes_two_party":818,"winner":"Rep"},"g24_asm":null},"geometry":{"type":"Polygon","coordinates":[[[-121.33653,38.70206],[-121.33512,38.70305],[-121.3341,38.70264],[-121.33286,38.70235],[-121.33123,38.7024],[-121.33025,38.70269],[-121.32937,38.70319],[-121.32885,38.70352],[-121.3263,38.7026],[-121.32634,38.70024],[-121.32636,38.69973],[-121.32644,38.69919],[-121.32643,38.69743],[-121.32656,38.69303],[-121.32687,38.69124],[-121.32792,38.69027],[-121.32849,38.69168],[-121.32877,38.6915],[-121.32906,38.69144],[-121.3295,38.69152],[-121.33004,38.69158],[-121.33032,38.69168],[-121.33054,38.69187],[-121.33128,38.69284],[-121.33154,38.69296],[-121.33184,38.69301],[-121.33217,38.69302],[-121.33249,38.6931],[-121.33277,38.69325],[-121.33414,38.69351],[-121.33478,38.69312],[-121.33526,38.69294],[-121.33593,38.69283],[-121.33661,38.69416],[-121.33661,38.69649],[-121.33658,38.69913],[-121.33653,38.70206]]]}},{"type":"Feature","properties":{"county_fips":67,"srprec":"0022642","precinct_id":"067-0022642","county_name":"Sacramento","area_sq_mi":0.395,"place_primary":"Foothill Farms","place_primary_share":99.9,"place_also":[],"places":[{"name":"Foothill Farms","geoid":"0624722","kind":"cdp","pct":99.9},{"name":"Citrus Heights","geoid":"0613588","kind":"city","pct":0.1}],"bbox":[-121.33661,38.69027,-121.32628,38.70352],"g22_asm":null,"g24_asm":{"dem_pct":41.9,"margin_dem":-16.3,"votes_two_party":1142,"winner":"Rep"}},"geometry":{"type":"Polygon","coordinates":[[[-121.33661,38.69416],[-121.3366,38.69696],[-121.3366,38.69739],[-121.33656,38.70204],[-121.33518,38.70308],[-121.33507,38.70303],[-121.33352,38.70247],[-121.33236,38.70232],[-121.33121,38.7024],[-121.33029,38.70267],[-121.3298,38.7029],[-121.32934,38.70322],[-121.32885,38.70352],[-121.32628,38.70349],[-121.32634,38.70001],[-121.32643,38.6994],[-121.32647,38.69776],[-121.32648,38.69754],[-121.32654,38.69523],[-121.3266,38.69184],[-121.32745,38.69071],[-121.3284,38.69173],[-121.32862,38.69158],[-121.32895,38.69145],[-121.3295,38.69152],[-121.33015,38.69161],[-121.33051,38.69183],[-121.33129,38.69284],[-121.33159,38.69298],[-121.33217,38.69302],[-121.33259,38.69314],[-121.33285,38.69331],[-121.33448,38.69328],[-121.3351,38.69299],[-121.33593,38.69283],[-121.33661,38.69284],[-121.33661,38.69416]],[[-121.32656,38.69684],[-121.32656,38.69682],[-121.32656,38.69682],[-121.32656,38.69684]],[[-121.32691,38.69682],[-121.32731,38.69683],[-121.32691,38.69682]],[[-121.32786,38.69684],[-121.32789,38.69684],[-121.32789,38.69684],[-121.32786,38.69684]],[[-121.3279,38.69684],[-121.32983,38.69686],[-121.32983,38.69686],[-121.3279,38.69684]]]}},{"type":"Feature","properties":{"county_fips":67,"srprec":"0022685","precinct_id":"067-0022685","county_name":"Sacramento","area_sq_mi":0.07,"place_primary":"Citrus Heights","place_primary_share":86.9,"place_also":["Carmichael"],"places":[{"name":"Citrus Heights","geoid":"0613588","kind":"city","pct":86.9},{"name":"Carmichael","geoid":"0611390","kind":"cdp","pct":13.0}],"bbox":[-121.33215,38.67478,-121.32657,38.69151],"g22_asm":{"dem_pct":40.3,"margin_dem":-19.4,"votes_two_party":124,"winner":"Rep"},"g24_asm":{"dem_pct":42.6,"margin_dem":-14.8,"votes_two_party":162,"winner":"Rep"}},"geometry":{"type":"MultiPolygon","coordinates":[[[[-121.32662,38.68962],[-121.32669,38.68843],[-121.32671,38.68832],[-121.32671,38.68798],[-121.32687,38.68783],[-121.32688,38.68783],[-121.32704,38.68767],[-121.32975,38.68518],[-121.33016,38.68539],[-121.33059,38.68507],[-121.33108,38.68547],[-121.33156,38.68587],[-121.33196,38.68619],[-121.33224,38.68594],[-121.33294,38.6853],[-121.33395,38.68437],[-121.33405,38.68413],[-121.33407,38.68403],[-121.33407,38.68383],[-121.33405,38.68361],[-121.33403,38.68341],[-121.33401,38.68281],[-121.33402,38.68199],[-121.33401,38.68196],[-121.33399,38.68193],[-121.33397,38.68191],[-121.33394,38.6819],[-121.33341,38.6817],[-121.33337,38.68168],[-121.33332,38.68164],[-121.33329,38.6816],[-121.33326,38.68156],[-121.33325,38.68152],[-121.33324,38.68147],[-121.33325,38.68142],[-121.33326,38.68138],[-121.33338,38.68114],[-121.33357,38.68119],[-121.33389,38.68129],[-121.33404,38.68135],[-121.33434,38.68148],[-121.33448,38.68155],[-121.33476,38.6817],[-121.3349,38.68178],[-121.33529,38.68204],[-121.33601,38.68252],[-121.33617,38.68263],[-121.33625,38.68268],[-121.33485,38.68397],[-121.33382,38.68492],[-121.3332,38.68548],[-121.33217,38.68641],[-121.3303,38.6881],[-121.32792,38.69027],[-121.32773,38.69045],[-121.32745,38.69071],[-121.32687,38.69124],[-121.32657,38.69151],[-121.3266,38.6911],[-121.32662,38.68962]]],[[[-121.3269,38.67778],[-121.3269,38.67735],[-121.3269,38.67715],[-121.3269,38.67698],[-121.3269,38.67672],[-121.3269,38.67634],[-121.3269,38.67631],[-121.32707,38.67631],[-121.32707,38.67616],[-121.32707,38.67616],[-121.32709,38.67545],[-121.32708,38.67545],[-121.32701,38.6754],[-121.32701,38.67519],[-121.32702,38.67478],[-121.3271,38.67484],[-121.32743,38.67506],[-121.32747,38.67509],[-121.32753,38.67511],[-121.32761,38.67512],[-121.32832,38.67513],[-121.32845,38.67514],[-121.32851,38.67529],[-121.32875,38.67674],[-121.32878,38.67692],[-121.32875,38.67692],[-121.32855,38.67692],[-121.32803,38.67691],[-121.32802,38.67703],[-121.32797,38.6778],[-121.32797,38.67792],[-121.32777,38.67794],[-121.32774,38.67811],[-121.32758,38.6781],[-121.32702,38.67811],[-121.32691,38.6781],[-121.32691,38.67799],[-121.32691,38.67789],[-121.3269,38.67778]]]]},"geometry_g24":{"type":"MultiPolygon","coordinates":[[[[-121.32704,38.68767],[-121.32969,38.68524],[-121.32975,38.68518],[-121.32975,38.68518],[-121.32975,38.68518],[-121.32979,38.6852],[-121.33058,38.68562],[-121.33181,38.68625],[-121.33181,38.68625],[-121.33215,38.68643],[-121.33215,38.68643],[-121.33215,38.68643],[-121.33215,38.68643],[-121.3303,38.6881],[-121.3303,38.6881],[-121.32793,38.69027],[-121.32773,38.69045],[-121.32772,38.69045],[-121.32745,38.69071],[-121.32687,38.69124],[-121.32661,38.69147],[-121.32657,38.69151],[-121.32657,38.69151],[-121.32657,38.69151],[-121.3266,38.6911],[-121.3266,38.6911],[-121.32661,38.68962],[-121.32662,38.68962],[-121.32669,38.68843],[-121.32669,38.68843],[-121.32671,38.68832],[-121.32671,38.68832],[-121.32671,38.68798],[-121.32671,38.68798],[-121.32671,38.68798],[-121.32671,38.68798],[-121.32687,38.68783],[-121.32687,38.68783],[-121.32687,38.68783],[-121.32688,38.68783],[-121.32697,38.68774],[-121.32707,38.68765],[-121.32697,38.68774],[-121.32704,38.68767]]],[[[-121.32702,38.67478],[-121.32702,38.67478],[-121.3271,38.67484],[-121.32743,38.67506],[-121.32747,38.67509],[-121.32754,38.67511],[-121.32761,38.67512],[-121.32845,38.67514],[-121.32845,38.67514],[-121.32851,38.67529],[-121.32878,38.67692],[-121.32878,38.67692],[-121.32875,38.67692],[-121.32852,38.67691],[-121.32803,38.67691],[-121.32803,38.67691],[-121.32802,38.67696],[-121.32797,38.6778],[-121.32797,38.67792],[-121.32777,38.67794],[-121.32777,38.67794],[-121.32774,38.67811],[-121.32774,38.67811],[-121.32758,38.6781],[-121.32702,38.6781],[-121.32691,38.6781],[-121.32691,38.6781],[-121.32691,38.67799],[-121.32691,38.67789],[-121.3269,38.67778],[-121.3269,38.67698],[-121.3269,38.67672],[-121.3269,38.67634],[-121.3269,38.67631],[-121.32696,38.67631],[-121.32706,38.67631],[-121.32707,38.67631],[-121.32707,38.67616],[-121.32707,38.67616],[-121.32707,38.67616],[-121.32709,38.67546],[-121.32709,38.67545],[-121.32708,38.67545],[-121.32701,38.6754],[-121.32701,38.67519],[-121.32701,38.67518],[-121.32702,38.67478]]]]}},{"type":"Feature","properties":{"county_fips":67,"srprec":"0022694","precinct_id":"067-0022694","county_name":"Sacramento","area_sq_mi":0.574,"place_primary":"Carmichael","place_primary_share":99.3,"place_also":[],"places":[{"name":"Carmichael","geoid":"0611390","kind":"cdp","pct":99.3},{"name":"Citrus Heights","geoid":"0613588","kind":"city","pct":0.4},{"name":"Foothill Farms","geoid":"0624722","kind":"cdp","pct":0.3}],"bbox":[-121.33669,38.66788,-121.32671,38.68798],"g22_asm":{"dem_pct":52.8,"margin_dem":5.7,"votes_two_party":600,"winner":"Dem"},"g24_asm":{"dem_pct":48.9,"margin_dem":-2.3,"votes_two_party":835,"winner":"Rep"}},"geometry":{"type":"Polygon","coordinates":[[[-121.33669,38.67191],[-121.33669,38.67219],[-121.33669,38.67357],[-121.33669,38.6757],[-121.33669,38.67892],[-121.33668,38.68121],[-121.33667,38.6823],[-121.33625,38.68268],[-121.3349,38.68178],[-121.33404,38.68135],[-121.33326,38.68138],[-121.33326,38.68156],[-121.33341,38.6817],[-121.33401,38.68196],[-121.33405,38.68361],[-121.33395,38.68437],[-121.33156,38.68587],[-121.32975,38.68518],[-121.32671,38.68798],[-121.32685,38.68131],[-121.32684,38.68055],[-121.32758,38.6781],[-121.32797,38.6778],[-121.32875,38.67692],[-121.32845,38.67514],[-121.32747,38.67509],[-121.32705,38.67388],[-121.32776,38.67339],[-121.32754,38.6728],[-121.32735,38.67245],[-121.32728,38.67162],[-121.32726,38.66873],[-121.32924,38.6679],[-121.33516,38.66797],[-121.33669,38.67008],[-121.33669,38.67178],[-121.33669,38.67191]]]},"geometry_g24":{"type":"Polygon","coordinates":[[[-121.33669,38.66799],[-121.33669,38.66827],[-121.33669,38.6718],[-121.33669,38.6721],[-121.33669,38.67279],[-121.33669,38.675],[-121.33653,38.67755],[-121.33615,38.67816],[-121.33569,38.67857],[-121.33338,38.68114],[-121.33434,38.68148],[-121.33529,38.68204],[-121.33485,38.68397],[-121.33181,38.68625],[-121.32704,38.68767],[-121.32671,38.68798],[-121.32685,38.68131],[-121.3269,38.68103],[-121.32684,38.68055],[-121.32702,38.6781],[-121.32774,38.67811],[-121.32797,38.67781],[-121.32855,38.67691],[-121.32851,38.67529],[-121.32754,38.67511],[-121.32702,38.67478],[-121.32705,38.67388],[-121.32776,38.67339],[-121.32765,38.67292],[-121.32741,38.67258],[-121.32728,38.67205],[-121.32726,38.66882],[-121.32737,38.66788],[-121.33516,38.66797],[-121.33669,38.66799]],[[-121.32853,38.67284],[-121.32853,38.67284],[-121.328,38.67322],[-121.32853,38.67284]],[[-121.33079,38.67125],[-121.32875,38.67269],[-121.32875,38.67269],[-121.33079,38.67125]],[[-121.33079,38.67125],[-121.33084,38.67122],[-121.33079,38.67125]],[[-121.3311,38.67104],[-121.33122,38.67096],[-121.33122,38.67096],[-121.3311,38.67104]],[[-121.33123,38.67095],[-121.33122,38.67096],[-121.33122,38.67096],[-121.33123,38.67095]],[[-121.33123,38.67095],[-121.3315,38.67077],[-121.3315,38.67077],[-121.33123,38.67095]],[[-121.33203,38.67043],[-121.33192,38.67051],[-121.33192,38.67051],[-121.33203,38.67043]],[[-121.33203,38.67043],[-121.33208,38.6704],[-121.33208,38.6704],[-121.33203,38.67043]],[[-121.33208,38.6704],[-121.33208,38.6704],[-121.33254,38.67013],[-121.33254,38.67013],[-121.33208,38.6704]],[[-121.33254,38.67013],[-121.33257,38.67011],[-121.33254,38.67013]],[[-121.33315,38.6698],[-121.33315,38.6698],[-121.33328,38.66973],[-121.33315,38.6698]],[[-121.33439,38.66918],[-121.33439,38.66918],[-121.33496,38.66893],[-121.33496,38.66893],[-121.33439,38.66918]],[[-121.3361,38.67207],[-121.33611,38.67207],[-121.33531,38.67206],[-121.3361,38.67207]],[[-121.33558,38.66868],[-121.33562,38.66866],[-121.33562,38.66866],[-121.33558,38.66868]]]}},{"type":"Feature","properties":{"county_fips":67,"srprec":"0022709","precinct_id":"067-0022709","county_name":"Sacramento","area_sq_mi":0.404,"place_primary":"Foothill Farms","place_primary_share":100.0,"place_also":[],"places":[{"name":"Foothill Farms","geoid":"0624722","kind":"cdp","pct":100.0}],"bbox":[-121.36253,38.67407,-121.34627,38.69094],"g22_asm":{"dem_pct":48.7,"margin_dem":-2.6,"votes_two_party":885,"winner":"Rep"},"g24_asm":{"dem_pct":46.6,"margin_dem":-6.9,"votes_two_party":1239,"winner":"Rep"}},"geometry":{"type":"Polygon","coordinates":[[[-121.35423,38.68575],[-121.35127,38.68845],[-121.34802,38.69056],[-121.34738,38.68838],[-121.34778,38.68793],[-121.34809,38.68734],[-121.34819,38.68684],[-121.34825,38.68286],[-121.34837,38.68233],[-121.34862,38.68184],[-121.34927,38.68113],[-121.35042,38.68001],[-121.35084,38.6794],[-121.35114,38.67874],[-121.3513,38.67798],[-121.3514,38.67718],[-121.35167,38.67636],[-121.35207,38.67567],[-121.35256,38.67507],[-121.35321,38.6745],[-121.35386,38.67407],[-121.35438,38.67455],[-121.35494,38.67492],[-121.35523,38.6752],[-121.35621,38.67653],[-121.35674,38.67711],[-121.35739,38.67768],[-121.35847,38.67734],[-121.35888,38.67699],[-121.35922,38.67673],[-121.35972,38.67656],[-121.36041,38.67705],[-121.36118,38.67745],[-121.36229,38.67795],[-121.36222,38.67839],[-121.35777,38.68249],[-121.35444,38.68556],[-121.35423,38.68575]]]},"geometry_g24":{"type":"Polygon","coordinates":[[[-121.35409,38.6743],[-121.35456,38.67467],[-121.3552,38.67517],[-121.3555,38.6756],[-121.35636,38.67672],[-121.35694,38.6773],[-121.35779,38.67798],[-121.35856,38.67726],[-121.35897,38.67692],[-121.35961,38.67645],[-121.36017,38.6769],[-121.36091,38.67733],[-121.36229,38.67795],[-121.36251,38.67812],[-121.3594,38.68099],[-121.35444,38.68556],[-121.35423,38.68575],[-121.34859,38.69094],[-121.34627,38.68939],[-121.34766,38.68809],[-121.348,38.68756],[-121.34819,38.68684],[-121.34825,38.68286],[-121.34837,38.68233],[-121.34876,38.68165],[-121.34884,38.68156],[-121.35026,38.68021],[-121.35072,38.67961],[-121.35114,38.67874],[-121.3513,38.67798],[-121.35146,38.67693],[-121.35179,38.67613],[-121.3524,38.67525],[-121.35298,38.67468],[-121.35361,38.67422],[-121.35409,38.6743]],[[-121.35046,38.68291],[-121.35046,38.68291],[-121.35046,38.68291],[-121.35046,38.68291]],[[-121.35169,38.68363],[-121.35169,38.68363],[-121.35169,38.68363],[-121.35169,38.68363],[-121.35169,38.68363],[-121.35169,38.68363],[-121.35169,38.68363]]]}},{"type":"Feature","properties":{"county_fips":67,"srprec":"0022763","precinct_id":"067-0022763","county_name":"Sacramento","area_sq_mi":0.408,"place_primary":"Foothill Farms","place_primary_share":100.0,"place_also":[],"places":[{"name":"Foothill Farms","geoid":"0624722","kind":"cdp","pct":100.0}],"bbox":[-121.35961,38.66817,-121.3449,38.68939],"g22_asm":{"dem_pct":52.3,"margin_dem":4.7,"votes_two_party":812,"winner":"Dem"},"g24_asm":{"dem_pct":53.2,"margin_dem":6.5,"votes_two_party":864,"winner":"Dem"}},"geometry":{"type":"Polygon","coordinates":[[[-121.3518,38.6721],[-121.35218,38.67238],[-121.35251,38.67269],[-121.35318,38.67337],[-121.35362,38.67422],[-121.35321,38.6745],[-121.35277,38.67487],[-121.3524,38.67525],[-121.35207,38.67567],[-121.35179,38.67613],[-121.35157,38.67661],[-121.3514,38.67718],[-121.35133,38.6776],[-121.35126,38.67829],[-121.35114,38.67874],[-121.35095,38.67919],[-121.35072,38.67961],[-121.35042,38.68001],[-121.35008,38.68039],[-121.34889,38.6815],[-121.34862,38.68184],[-121.34843,38.68217],[-121.34832,38.68248],[-121.34825,38.68286],[-121.3482,38.6866],[-121.34817,38.68702],[-121.34809,38.68734],[-121.34789,38.68777],[-121.34767,38.68809],[-121.34738,38.68838],[-121.34627,38.68939],[-121.34589,38.68914],[-121.34194,38.68649],[-121.33831,38.68406],[-121.33671,38.68299],[-121.33667,38.6823],[-121.34014,38.67915],[-121.34633,38.67342],[-121.34703,38.67278],[-121.35271,38.66818],[-121.35048,38.6712],[-121.3518,38.6721]],[[-121.34608,38.68241],[-121.34632,38.68241],[-121.34632,38.68163],[-121.34614,38.68163],[-121.34608,38.68164],[-121.34602,38.68166],[-121.34597,38.68168],[-121.34592,38.6817],[-121.34585,38.68174],[-121.34584,38.68241],[-121.34608,38.68241]]]},"geometry_g24":{"type":"Polygon","coordinates":[[[-121.35271,38.66818],[-121.35508,38.66906],[-121.3551,38.67071],[-121.35542,38.67117],[-121.35661,38.67238],[-121.35727,38.67319],[-121.35743,38.67353],[-121.35754,38.67381],[-121.35811,38.67483],[-121.35961,38.67645],[-121.35897,38.67692],[-121.35779,38.67798],[-121.35694,38.6773],[-121.35621,38.67653],[-121.35511,38.67507],[-121.35438,38.67455],[-121.35386,38.67407],[-121.35337,38.67438],[-121.35277,38.67487],[-121.35192,38.67589],[-121.35146,38.67693],[-121.35126,38.67829],[-121.35095,38.67919],[-121.35026,38.6802],[-121.34877,38.68164],[-121.34837,38.68233],[-121.34825,38.68299],[-121.34813,38.6872],[-121.34767,38.68809],[-121.34627,38.68939],[-121.34584,38.68241],[-121.34595,38.67589],[-121.34593,38.67542],[-121.3455,38.67522],[-121.3449,38.67474],[-121.35247,38.66818],[-121.35271,38.66818]]]}},{"type":"Feature","properties":{"county_fips":67,"srprec":"0022805","precinct_id":"067-0022805","county_name":"Sacramento","area_sq_mi":0.27,"place_primary":"Foothill Farms","place_primary_share":100.0,"place_also":[],"places":[{"name":"Foothill Farms","geoid":"0624722","kind":"cdp","pct":100.0}],"bbox":[-121.34609,38.67474,-121.33666,38.68915],"g22_asm":null,"g24_asm":{"dem_pct":46.4,"margin_dem":-7.2,"votes_two_party":640,"winner":"Rep"}},"geometry":{"type":"Polygon","coordinates":[[[-121.33946,38.67977],[-121.34014,38.67915],[-121.3449,38.67474],[-121.34512,38.67491],[-121.34526,38.67502],[-121.34526,38.67502],[-121.3455,38.67522],[-121.3455,38.67522],[-121.3455,38.67522],[-121.34574,38.67504],[-121.34609,38.67528],[-121.34593,38.67542],[-121.34567,38.67563],[-121.34561,38.67567],[-121.34591,38.67587],[-121.34595,38.67589],[-121.34595,38.67589],[-121.34595,38.67596],[-121.34587,38.68046],[-121.34587,38.68072],[-121.34584,38.68241],[-121.34587,38.68376],[-121.34592,38.68657],[-121.34591,38.68915],[-121.3459,38.68914],[-121.34585,38.68911],[-121.34194,38.68649],[-121.33947,38.68484],[-121.33947,38.68484],[-121.33947,38.68484],[-121.33831,38.68406],[-121.33671,38.68299],[-121.33666,38.68296],[-121.33666,38.68266],[-121.33667,38.6823],[-121.33946,38.67977]]]}},{"type":"Feature","properties":{"county_fips":67,"srprec":"0022824","precinct_id":"067-0022824","county_name":"Sacramento","area_sq_mi":0.379,"place_primary":"Foothill Farms","place_primary_share":100.0,"place_also":[],"places":[{"name":"Foothill Farms","geoid":"0624722","kind":"cdp","pct":100.0}],"bbox":[-121.37304,38.66821,-121.35505,38.6781],"g22_asm":{"dem_pct":68.0,"margin_dem":35.9,"votes_two_party":412,"winner":"Dem"},"g24_asm":{"dem_pct":61.7,"margin_dem":23.4,"votes_two_party":961,"winner":"Dem"}},"geometry":{"type":"Polygon","coordinates":[[[-121.37077,38.6705],[-121.36917,38.67199],[-121.36851,38.67259],[-121.3684,38.67269],[-121.36751,38.6735],[-121.36429,38.6765],[-121.36389,38.67686],[-121.36389,38.67686],[-121.36253,38.6781],[-121.36248,38.67807],[-121.36229,38.67795],[-121.36199,38.6778],[-121.36173,38.67768],[-121.36118,38.67745],[-121.36091,38.67733],[-121.36065,38.6772],[-121.36041,38.67705],[-121.36017,38.6769],[-121.35994,38.67673],[-121.35972,38.67656],[-121.35961,38.67645],[-121.35931,38.67616],[-121.35867,38.67546],[-121.35833,38.67509],[-121.35811,38.67483],[-121.35786,38.67443],[-121.35769,38.67412],[-121.35759,38.6739],[-121.35756,38.67385],[-121.35754,38.67381],[-121.35746,38.6736],[-121.35746,38.67359],[-121.35746,38.67359],[-121.35745,38.67357],[-121.35743,38.67353],[-121.35739,38.67343],[-121.35738,38.67342],[-121.35732,38.67329],[-121.35727,38.67319],[-121.3572,38.6731],[-121.35713,38.67298],[-121.357,38.6728],[-121.35681,38.67258],[-121.35661,38.67238],[-121.35898,38.67097],[-121.36054,38.67015],[-121.36145,38.66947],[-121.36169,38.6692],[-121.36188,38.66898],[-121.36196,38.66884],[-121.36212,38.66851],[-121.36221,38.66829],[-121.36348,38.66831],[-121.36438,38.66832],[-121.36548,38.66833],[-121.36703,38.66835],[-121.3675,38.66835],[-121.36779,38.66836],[-121.36788,38.66836],[-121.3684,38.66837],[-121.36899,38.66837],[-121.37262,38.66842],[-121.37304,38.66842],[-121.37077,38.6705]]]},"geometry_g24":{"type":"Polygon","coordinates":[[[-121.36221,38.66829],[-121.36438,38.66832],[-121.36438,38.66832],[-121.36779,38.66836],[-121.36899,38.66837],[-121.37302,38.66844],[-121.36917,38.67199],[-121.3684,38.67269],[-121.36751,38.6735],[-121.36443,38.67637],[-121.36389,38.67686],[-121.36253,38.6781],[-121.36229,38.67795],[-121.36118,38.67745],[-121.36065,38.6772],[-121.35994,38.67673],[-121.35961,38.67645],[-121.35833,38.67509],[-121.35786,38.67443],[-121.35757,38.67385],[-121.35746,38.67359],[-121.35745,38.67357],[-121.35739,38.67342],[-121.35727,38.67319],[-121.357,38.67281],[-121.35661,38.67238],[-121.35661,38.67237],[-121.35526,38.67099],[-121.35514,38.67081],[-121.35507,38.67061],[-121.35507,38.66945],[-121.35509,38.66824],[-121.35975,38.66826],[-121.36001,38.66827],[-121.36221,38.66829]],[[-121.36221,38.66829],[-121.3622,38.66831],[-121.36221,38.66829]],[[-121.36054,38.67015],[-121.36054,38.67015],[-121.35969,38.6706],[-121.36054,38.67015]],[[-121.36145,38.66947],[-121.36157,38.66934],[-121.36145,38.66947]],[[-121.36196,38.66883],[-121.36208,38.66858],[-121.36196,38.66883]],[[-121.36238,38.67305],[-121.36238,38.67305],[-121.36238,38.67305],[-121.36238,38.67305]],[[-121.36428,38.67279],[-121.36428,38.67279],[-121.36428,38.67279],[-121.36428,38.67279]],[[-121.36428,38.67266],[-121.36428,38.67266],[-121.36428,38.67266],[-121.36428,38.67266]]]}},{"type":"Feature","properties":{"county_fips":67,"srprec":"0022847","precinct_id":"067-0022847","county_name":"Sacramento","area_sq_mi":0.201,"place_primary":"Foothill Farms","place_primary_share":100.0,"place_also":[],"places":[{"name":"Foothill Farms","geoid":"0624722","kind":"cdp","pct":100.0}],"bbox":[-121.36221,38.66818,-121.34991,38.67798],"g22_asm":{"dem_pct":60.7,"margin_dem":21.5,"votes_two_party":522,"winner":"Dem"},"g24_asm":null},"geometry":{"type":"Polygon","coordinates":[[[-121.3575,38.66824],[-121.36001,38.66827],[-121.36212,38.66851],[-121.36188,38.66898],[-121.36145,38.66947],[-121.35898,38.67097],[-121.35681,38.67258],[-121.35713,38.67298],[-121.35727,38.67319],[-121.35738,38.67342],[-121.35743,38.67353],[-121.35746,38.67359],[-121.35746,38.6736],[-121.35756,38.67385],[-121.35769,38.67412],[-121.35811,38.67483],[-121.35867,38.67546],[-121.35961,38.67645],[-121.35922,38.67673],[-121.35897,38.67692],[-121.35869,38.67715],[-121.35847,38.67734],[-121.35779,38.67798],[-121.35719,38.67752],[-121.35674,38.67711],[-121.35636,38.67672],[-121.3555,38.6756],[-121.35523,38.6752],[-121.3551,38.67507],[-121.35482,38.67484],[-121.35438,38.67455],[-121.35409,38.6743],[-121.35318,38.67337],[-121.35251,38.67269],[-121.35218,38.67238],[-121.3518,38.6721],[-121.35048,38.6712],[-121.35271,38.66818],[-121.3551,38.66821],[-121.3575,38.66824]]]}},{"type":"Feature","properties":{"county_fips":67,"srprec":"0022873","precinct_id":"067-0022873","county_name":"Sacramento","area_sq_mi":0.443,"place_primary":"Foothill Farms","place_primary_share":99.4,"place_also":[],"places":[{"name":"Foothill Farms","geoid":"0624722","kind":"cdp","pct":99.4},{"name":"Carmichael","geoid":"0611390","kind":"cdp","pct":0.6}],"bbox":[-121.35209,38.66779,-121.33338,38.68296],"g22_asm":{"dem_pct":50.0,"margin_dem":0.0,"votes_two_party":880,"winner":"Tie"},"g24_asm":{"dem_pct":45.5,"margin_dem":-8.9,"votes_two_party":1212,"winner":"Rep"}},"geometry":{"type":"Polygon","coordinates":[[[-121.33669,38.67008],[-121.33669,38.66827],[-121.33753,38.668],[-121.33789,38.66787],[-121.33811,38.66779],[-121.33817,38.66788],[-121.33823,38.66794],[-121.33826,38.66796],[-121.3383,38.66798],[-121.33837,38.668],[-121.33843,38.66801],[-121.34033,38.66803],[-121.34124,38.66804],[-121.34267,38.66806],[-121.34373,38.66807],[-121.3441,38.66808],[-121.34481,38.66809],[-121.34587,38.6681],[-121.34695,38.66811],[-121.35051,38.66815],[-121.35147,38.66817],[-121.35209,38.66817],[-121.34703,38.67278],[-121.34652,38.67325],[-121.34633,38.67342],[-121.3449,38.67474],[-121.34014,38.67915],[-121.33946,38.67977],[-121.33667,38.6823],[-121.33667,38.6823],[-121.33668,38.68137],[-121.33668,38.68122],[-121.33668,38.68122],[-121.33668,38.68121],[-121.33668,38.68118],[-121.33669,38.68082],[-121.33669,38.67924],[-121.33669,38.67892],[-121.33669,38.67712],[-121.33669,38.67686],[-121.33669,38.67641],[-121.33669,38.6757],[-121.33669,38.675],[-121.33669,38.67475],[-121.33669,38.6743],[-121.33669,38.67357],[-121.33669,38.67289],[-121.33669,38.67279],[-121.33669,38.67245],[-121.33669,38.67219],[-121.33669,38.6721],[-121.33669,38.67208],[-121.33669,38.672],[-121.33669,38.67191],[-121.33669,38.6718],[-121.33669,38.67178],[-121.33669,38.67148],[-121.33669,38.67137],[-121.33669,38.67078],[-121.33669,38.67008]]]},"geometry_g24":{"type":"Polygon","coordinates":[[[-121.33811,38.66779],[-121.33817,38.66789],[-121.33826,38.66796],[-121.3383,38.66798],[-121.33839,38.668],[-121.34267,38.66806],[-121.34481,38.66809],[-121.35051,38.66815],[-121.35209,38.66817],[-121.34642,38.67334],[-121.34633,38.67342],[-121.33667,38.6823],[-121.33666,38.68266],[-121.33643,38.68281],[-121.33601,38.68252],[-121.33476,38.6817],[-121.33434,38.68148],[-121.33357,38.68119],[-121.33392,38.68],[-121.33569,38.67857],[-121.33599,38.67833],[-121.33637,38.67787],[-121.33653,38.67755],[-121.33669,38.67712],[-121.33669,38.6757],[-121.33669,38.67357],[-121.33669,38.67219],[-121.33669,38.67148],[-121.33669,38.67078],[-121.33669,38.66827],[-121.33753,38.668],[-121.33789,38.66787],[-121.33811,38.66779]]]}},{"type":"Feature","properties":{"county_fips":67,"srprec":"0023002","precinct_id":"067-0023002","county_name":"Sacramento","area_sq_mi":0.292,"place_primary":"Citrus Heights","place_primary_share":99.9,"place_also":[],"places":[{"name":"Citrus Heights","geoid":"0613588","kind":"city","pct":99.9},{"name":"Antelope","geoid":"0602210","kind":"cdp","pct":0.1}],"bbox":[-121.327,38.7016,-121.31337,38.71421],"g22_asm":{"dem_pct":39.2,"margin_dem":-21.7,"votes_two_party":1029,"winner":"Rep"},"g24_asm":{"dem_pct":43.2,"margin_dem":-13.7,"votes_two_party":1098,"winner":"Rep"}},"geometry":{"type":"Polygon","coordinates":[[[-121.31772,38.71457],[-121.31644,38.71546],[-121.31391,38.71799],[-121.30583,38.72263],[-121.30503,38.72125],[-121.30511,38.72078],[-121.3053,38.72032],[-121.30529,38.71798],[-121.30537,38.71706],[-121.30565,38.71673],[-121.30672,38.71682],[-121.30736,38.71713],[-121.30808,38.71729],[-121.30954,38.7173],[-121.3102,38.71682],[-121.31025,38.71642],[-121.31059,38.71608],[-121.3114,38.71545],[-121.31148,38.715],[-121.31137,38.71426],[-121.31112,38.71379],[-121.31104,38.71301],[-121.31116,38.71239],[-121.31115,38.71117],[-121.31131,38.71076],[-121.31169,38.71047],[-121.31381,38.70994],[-121.31443,38.70964],[-121.31496,38.70918],[-121.31528,38.70864],[-121.31539,38.70737],[-121.32092,38.7073],[-121.32094,38.71155],[-121.31772,38.71457]]]},"geometry_g24":{"type":"MultiPolygon","coordinates":[[[[-121.32613,38.70696],[-121.32587,38.70711],[-121.32514,38.70725],[-121.32513,38.70765],[-121.31815,38.71415],[-121.31808,38.71384],[-121.31748,38.71381],[-121.31686,38.71378],[-121.31531,38.71374],[-121.31502,38.7132],[-121.31485,38.71284],[-121.31479,38.7127],[-121.31459,38.71227],[-121.31438,38.71182],[-121.31418,38.71141],[-121.31387,38.71106],[-121.31347,38.71034],[-121.31337,38.71008],[-121.31351,38.71005],[-121.31363,38.71],[-121.31413,38.70981],[-121.31457,38.70955],[-121.31496,38.70919],[-121.31522,38.70878],[-121.31537,38.70832],[-121.31539,38.70737],[-121.32092,38.7073],[-121.32092,38.70609],[-121.32092,38.70452],[-121.32043,38.70256],[-121.32276,38.70173],[-121.32431,38.70163],[-121.32632,38.7016],[-121.32628,38.70352],[-121.32629,38.70541],[-121.32657,38.70565],[-121.32679,38.70627],[-121.32613,38.70696]]],[[[-121.327,38.70589],[-121.327,38.70589],[-121.32692,38.70585],[-121.327,38.70589],[-121.327,38.70589],[-121.327,38.70589]]]]}},{"type":"Feature","properties":{"county_fips":67,"srprec":"0023028","precinct_id":"067-0023028","county_name":"Sacramento","area_sq_mi":0.307,"place_primary":"Citrus Heights","place_primary_share":99.7,"place_also":[],"places":[{"name":"Citrus Heights","geoid":"0613588","kind":"city","pct":99.7},{"name":"Antelope","geoid":"0602210","kind":"cdp","pct":0.3}],"bbox":[-121.31812,38.70737,-121.30453,38.7182],"g22_asm":null,"g24_asm":{"dem_pct":41.4,"margin_dem":-17.3,"votes_two_party":1006,"winner":"Rep"}},"geometry":{"type":"Polygon","coordinates":[[[-121.31772,38.71457],[-121.31647,38.71498],[-121.31643,38.71551],[-121.31412,38.7178],[-121.31253,38.71743],[-121.31181,38.71711],[-121.31064,38.717],[-121.31032,38.71708],[-121.30833,38.71731],[-121.30736,38.71713],[-121.30658,38.71672],[-121.30521,38.71544],[-121.30466,38.71454],[-121.30453,38.7136],[-121.30473,38.71282],[-121.30532,38.71198],[-121.3083,38.70936],[-121.3094,38.70885],[-121.31274,38.70842],[-121.31316,38.70818],[-121.31341,38.7074],[-121.31537,38.70832],[-121.31503,38.7091],[-121.31443,38.70964],[-121.31363,38.70999],[-121.31337,38.71008],[-121.31364,38.71081],[-121.31411,38.71129],[-121.31436,38.71179],[-121.31466,38.71242],[-121.31485,38.71284],[-121.31524,38.71365],[-121.31748,38.71381],[-121.31772,38.71457]]]}},{"type":"Feature","properties":{"county_fips":67,"srprec":"0023077","precinct_id":"067-0023077","county_name":"Sacramento","area_sq_mi":0.471,"place_primary":"Citrus Heights","place_primary_share":100.0,"place_also":[],"places":[{"name":"Citrus Heights","geoid":"0613588","kind":"city","pct":100.0}],"bbox":[-121.31539,38.70736,-121.29344,38.72259],"g22_asm":{"dem_pct":44.7,"margin_dem":-10.7,"votes_two_party":916,"winner":"Rep"},"g24_asm":null},"geometry":{"type":"Polygon","coordinates":[[[-121.29911,38.72207],[-121.29887,38.72204],[-121.29361,38.72178],[-121.29725,38.71836],[-121.2997,38.71614],[-121.30327,38.71286],[-121.30985,38.70737],[-121.31194,38.70741],[-121.31539,38.70811],[-121.31522,38.70878],[-121.31482,38.70934],[-121.31428,38.70973],[-121.31363,38.70999],[-121.31155,38.71054],[-121.31123,38.71087],[-121.31119,38.71162],[-121.31109,38.71261],[-121.31105,38.71349],[-121.31118,38.71391],[-121.31142,38.71441],[-121.31148,38.71517],[-121.31133,38.71553],[-121.31045,38.71617],[-121.31021,38.71652],[-121.31024,38.71691],[-121.3094,38.71732],[-121.30789,38.71727],[-121.30719,38.71706],[-121.30658,38.71672],[-121.30555,38.71681],[-121.30531,38.71719],[-121.30531,38.71938],[-121.30528,38.72043],[-121.30507,38.72093],[-121.30504,38.72134],[-121.29911,38.72207]]]}},{"type":"Feature","properties":{"county_fips":67,"srprec":"0023109","precinct_id":"067-0023109","county_name":"Sacramento","area_sq_mi":0.385,"place_primary":"Citrus Heights","place_primary_share":100.0,"place_also":[],"places":[{"name":"Citrus Heights","geoid":"0613588","kind":"city","pct":100.0}],"bbox":[-121.31369,38.70736,-121.29345,38.7226],"g22_asm":null,"g24_asm":{"dem_pct":40.6,"margin_dem":-18.8,"votes_two_party":1035,"winner":"Rep"}},"geometry":{"type":"Polygon","coordinates":[[[-121.30589,38.7226],[-121.29892,38.72204],[-121.29887,38.72204],[-121.29576,38.71971],[-121.29957,38.71626],[-121.30327,38.71286],[-121.30985,38.70737],[-121.31147,38.70742],[-121.31332,38.70786],[-121.3132,38.70813],[-121.31295,38.70833],[-121.31126,38.7086],[-121.3094,38.70885],[-121.30858,38.70919],[-121.30786,38.70968],[-121.30532,38.71198],[-121.3048,38.71266],[-121.30463,38.71308],[-121.30453,38.7138],[-121.30462,38.7144],[-121.30498,38.71514],[-121.30538,38.7156],[-121.30619,38.71637],[-121.30672,38.71682],[-121.30719,38.71707],[-121.30789,38.71727],[-121.30926,38.71732],[-121.31032,38.71708],[-121.31075,38.71699],[-121.31181,38.71711],[-121.31219,38.71724],[-121.3133,38.71795],[-121.30589,38.7226]]]}},{"type":"Feature","properties":{"county_fips":67,"srprec":"0023172","precinct_id":"067-0023172","county_name":"Sacramento","area_sq_mi":0.411,"place_primary":"Citrus Heights","place_primary_share":100.0,"place_also":[],"places":[{"name":"Citrus Heights","geoid":"0613588","kind":"city","pct":100.0}],"bbox":[-121.30932,38.70736,-121.29041,38.71838],"g22_asm":{"dem_pct":48.9,"margin_dem":-2.2,"votes_two_party":804,"winner":"Rep"},"g24_asm":{"dem_pct":45.0,"margin_dem":-10.0,"votes_two_party":1080,"winner":"Rep"}},"geometry":{"type":"Polygon","coordinates":[[[-121.30852,38.70808],[-121.30327,38.71286],[-121.30012,38.71576],[-121.2997,38.71614],[-121.29933,38.71648],[-121.29725,38.71836],[-121.2954,38.71836],[-121.29367,38.71838],[-121.29361,38.71719],[-121.29335,38.71719],[-121.29332,38.71716],[-121.29329,38.71716],[-121.29325,38.7172],[-121.29256,38.71722],[-121.29255,38.71713],[-121.29254,38.71674],[-121.2925,38.71591],[-121.29245,38.71471],[-121.29235,38.71471],[-121.29091,38.7147],[-121.29042,38.71431],[-121.29042,38.71334],[-121.29041,38.71105],[-121.29041,38.71012],[-121.29041,38.7094],[-121.29243,38.70942],[-121.29255,38.70934],[-121.29292,38.70933],[-121.29705,38.70943],[-121.29706,38.71023],[-121.29961,38.71008],[-121.29987,38.7088],[-121.30038,38.70741],[-121.30578,38.70737],[-121.30824,38.70736],[-121.30932,38.70736],[-121.30852,38.70808]]]},"geometry_g24":{"type":"Polygon","coordinates":[[[-121.29994,38.70742],[-121.30578,38.70737],[-121.30914,38.70736],[-121.30932,38.70736],[-121.30637,38.71004],[-121.30012,38.71576],[-121.30005,38.71582],[-121.30005,38.71582],[-121.29933,38.71648],[-121.2973,38.71832],[-121.29667,38.71837],[-121.29367,38.71838],[-121.29361,38.71719],[-121.29338,38.7172],[-121.29332,38.71717],[-121.29331,38.71715],[-121.29331,38.71715],[-121.29329,38.71717],[-121.29322,38.71721],[-121.29256,38.71722],[-121.29256,38.71713],[-121.29254,38.71674],[-121.2925,38.71591],[-121.29245,38.71471],[-121.29243,38.71471],[-121.29169,38.71471],[-121.29042,38.7147],[-121.29042,38.71384],[-121.29041,38.71052],[-121.29041,38.7094],[-121.292,38.70942],[-121.29243,38.70942],[-121.29292,38.70933],[-121.29705,38.70943],[-121.29705,38.70975],[-121.29705,38.70977],[-121.29706,38.71023],[-121.2999,38.71007],[-121.29987,38.7088],[-121.29994,38.70742]]]}},{"type":"Feature","properties":{"county_fips":67,"srprec":"0023240","precinct_id":"067-0023240","county_name":"Sacramento","area_sq_mi":0.624,"place_primary":"Citrus Heights","place_primary_share":100.0,"place_also":[],"places":[{"name":"Citrus Heights","geoid":"0613588","kind":"city","pct":100.0}],"bbox":[-121.29725,38.71203,-121.27175,38.72176],"g22_asm":{"dem_pct":37.3,"margin_dem":-25.4,"votes_two_party":745,"winner":"Rep"},"g24_asm":{"dem_pct":36.4,"margin_dem":-27.3,"votes_two_party":1155,"winner":"Rep"}},"geometry":{"type":"Polygon","coordinates":[[[-121.29175,38.72164],[-121.29036,38.7215],[-121.29,38.72148],[-121.28985,38.72147],[-121.28967,38.72146],[-121.28899,38.72142],[-121.28531,38.72115],[-121.2841,38.72106],[-121.28362,38.72102],[-121.28229,38.72093],[-121.28183,38.7209],[-121.28142,38.72091],[-121.28129,38.71997],[-121.28125,38.71896],[-121.28126,38.71784],[-121.28123,38.71616],[-121.28124,38.71477],[-121.28124,38.71385],[-121.28124,38.71248],[-121.28123,38.71104],[-121.28118,38.70976],[-121.28122,38.70748],[-121.28675,38.70745],[-121.28938,38.70743],[-121.29041,38.70889],[-121.29041,38.7094],[-121.29041,38.71012],[-121.29041,38.71105],[-121.29042,38.71334],[-121.29042,38.71431],[-121.29091,38.7147],[-121.29235,38.71471],[-121.29245,38.71471],[-121.2925,38.71591],[-121.29254,38.71674],[-121.29255,38.71713],[-121.29256,38.71722],[-121.29325,38.7172],[-121.29329,38.71716],[-121.29332,38.71716],[-121.29335,38.71719],[-121.29361,38.71719],[-121.29367,38.71838],[-121.2954,38.71836],[-121.29725,38.71836],[-121.29385,38.7214],[-121.29175,38.72164]]]},"geometry_g24":{"type":"Polygon","coordinates":[[[-121.29175,38.72164],[-121.29033,38.7215],[-121.28985,38.72147],[-121.28963,38.72146],[-121.28374,38.72103],[-121.28132,38.7209],[-121.28011,38.72078],[-121.27875,38.72063],[-121.27554,38.72042],[-121.27549,38.72042],[-121.27392,38.72031],[-121.27385,38.7203],[-121.27373,38.7203],[-121.27257,38.72025],[-121.27203,38.72022],[-121.27175,38.71736],[-121.27175,38.71396],[-121.27414,38.71394],[-121.27413,38.71213],[-121.27654,38.71208],[-121.28124,38.71248],[-121.28399,38.71385],[-121.28563,38.71384],[-121.28695,38.71382],[-121.28849,38.71382],[-121.28943,38.71381],[-121.29036,38.71385],[-121.29091,38.7147],[-121.29245,38.71473],[-121.29256,38.71715],[-121.29329,38.71717],[-121.29332,38.71717],[-121.29367,38.71838],[-121.29725,38.71836],[-121.29175,38.72164]],[[-121.2904,38.7215],[-121.29041,38.72065],[-121.2904,38.7215]],[[-121.29041,38.72065],[-121.29041,38.72019],[-121.29041,38.72019],[-121.29041,38.72065]],[[-121.28124,38.71387],[-121.28123,38.71387],[-121.28124,38.71387]],[[-121.28124,38.71452],[-121.28124,38.71477],[-121.28124,38.71452]],[[-121.28124,38.71477],[-121.28123,38.71506],[-121.28124,38.71477]],[[-121.28123,38.71506],[-121.28123,38.71511],[-121.28123,38.71512],[-121.28123,38.71506]],[[-121.28124,38.71851],[-121.28124,38.71849],[-121.28124,38.71851]],[[-121.28125,38.71708],[-121.28125,38.71708],[-121.28125,38.71715],[-121.28125,38.71708]],[[-121.2904,38.7188],[-121.2904,38.7188],[-121.2904,38.7188]],[[-121.29043,38.718],[-121.2904,38.71842],[-121.2904,38.71842],[-121.29043,38.718]],[[-121.29042,38.7148],[-121.29043,38.71562],[-121.29043,38.71562],[-121.29042,38.7148]],[[-121.29043,38.71748],[-121.29043,38.71618],[-121.29043,38.71748]],[[-121.29043,38.71618],[-121.29043,38.716],[-121.29043,38.716],[-121.29043,38.71618]]]}},{"type":"Feature","properties":{"county_fips":67,"srprec":"0023295","precinct_id":"067-0023295","county_name":"Sacramento","area_sq_mi":0.479,"place_primary":"Citrus Heights","place_primary_share":100.0,"place_also":[],"places":[{"name":"Citrus Heights","geoid":"0613588","kind":"city","pct":100.0}],"bbox":[-121.29994,38.70656,-121.27175,38.71396],"g22_asm":{"dem_pct":43.8,"margin_dem":-12.3,"votes_two_party":584,"winner":"Rep"},"g24_asm":{"dem_pct":43.6,"margin_dem":-12.9,"votes_two_party":792,"winner":"Rep"}},"geometry":{"type":"Polygon","coordinates":[[[-121.29959,38.70742],[-121.29987,38.7088],[-121.29961,38.71008],[-121.29706,38.71023],[-121.29705,38.70943],[-121.29292,38.70933],[-121.29255,38.70934],[-121.29243,38.70942],[-121.29041,38.7094],[-121.29041,38.70889],[-121.28938,38.70743],[-121.28675,38.70745],[-121.28122,38.70748],[-121.28119,38.70615],[-121.28117,38.7048],[-121.2812,38.70341],[-121.28118,38.70219],[-121.28117,38.7013],[-121.28114,38.69947],[-121.28228,38.69852],[-121.28339,38.69794],[-121.28479,38.69717],[-121.28549,38.69681],[-121.28697,38.69615],[-121.29034,38.69463],[-121.29032,38.69774],[-121.29034,38.69886],[-121.29036,38.70011],[-121.29037,38.70138],[-121.29039,38.70233],[-121.29039,38.70395],[-121.2904,38.70566],[-121.2904,38.70656],[-121.29132,38.7066],[-121.2918,38.70664],[-121.29226,38.70673],[-121.29444,38.70734],[-121.29491,38.70745],[-121.29681,38.70744],[-121.29948,38.70742],[-121.29959,38.70742]]]},"geometry_g24":{"type":"Polygon","coordinates":[[[-121.29041,38.70943],[-121.29042,38.71334],[-121.29036,38.71381],[-121.28922,38.71381],[-121.28857,38.71382],[-121.28773,38.71382],[-121.28664,38.71382],[-121.28578,38.71383],[-121.28487,38.71384],[-121.28398,38.71385],[-121.28124,38.71248],[-121.27654,38.71208],[-121.27425,38.71208],[-121.27413,38.71213],[-121.27414,38.71348],[-121.27294,38.71396],[-121.27176,38.71316],[-121.27176,38.7108],[-121.27176,38.70972],[-121.27178,38.70758],[-121.27252,38.70754],[-121.27328,38.70731],[-121.27353,38.70752],[-121.27651,38.70752],[-121.28122,38.70748],[-121.2904,38.70743],[-121.2905,38.70658],[-121.29203,38.70668],[-121.2948,38.70744],[-121.29872,38.70743],[-121.29994,38.70742],[-121.2999,38.71007],[-121.29705,38.70977],[-121.29632,38.70942],[-121.29243,38.70942],[-121.29041,38.70925],[-121.29041,38.70943]],[[-121.29041,38.70925],[-121.29041,38.7089],[-121.29041,38.7089],[-121.29041,38.70925]],[[-121.28119,38.7089],[-121.28118,38.70976],[-121.28118,38.70977],[-121.28119,38.7089]],[[-121.2812,38.70846],[-121.2812,38.70846],[-121.28119,38.7089],[-121.28119,38.7089],[-121.2812,38.70846]]]}},{"type":"Feature","properties":{"county_fips":67,"srprec":"0023313","precinct_id":"067-0023313","county_name":"Sacramento","area_sq_mi":0.435,"place_primary":"Citrus Heights","place_primary_share":99.9,"place_also":[],"places":[{"name":"Citrus Heights","geoid":"0613588","kind":"city","pct":99.9}],"bbox":[-121.327,38.69987,-121.30713,38.70742],"g22_asm":{"dem_pct":48.8,"margin_dem":-2.5,"votes_two_party":925,"winner":"Rep"},"g24_asm":null},"geometry":{"type":"Polygon","coordinates":[[[-121.32613,38.70696],[-121.32587,38.70711],[-121.32407,38.70726],[-121.31804,38.70734],[-121.3175,38.70734],[-121.31341,38.7074],[-121.31194,38.70741],[-121.31095,38.70741],[-121.30985,38.70737],[-121.30914,38.70736],[-121.30713,38.70737],[-121.30771,38.70729],[-121.3078,38.7073],[-121.30794,38.70724],[-121.30829,38.7067],[-121.30857,38.70647],[-121.30852,38.70598],[-121.30862,38.70589],[-121.3087,38.70573],[-121.30871,38.70497],[-121.30871,38.70147],[-121.30871,38.7001],[-121.31273,38.70004],[-121.31578,38.69994],[-121.3164,38.70031],[-121.31663,38.70036],[-121.31733,38.70052],[-121.31788,38.70065],[-121.31818,38.70038],[-121.31878,38.69987],[-121.31918,38.70016],[-121.31955,38.70053],[-121.31986,38.70093],[-121.32008,38.70136],[-121.32022,38.70176],[-121.3212,38.70198],[-121.32325,38.70166],[-121.32431,38.70163],[-121.32632,38.7016],[-121.32628,38.70349],[-121.32627,38.70415],[-121.3263,38.70545],[-121.32657,38.70565],[-121.327,38.70589],[-121.32675,38.70632],[-121.32613,38.70696]]]}},{"type":"Feature","properties":{"county_fips":67,"srprec":"0023347","precinct_id":"067-0023347","county_name":"Sacramento","area_sq_mi":0.382,"place_primary":"Citrus Heights","place_primary_share":100.0,"place_also":[],"places":[{"name":"Citrus Heights","geoid":"0613588","kind":"city","pct":100.0}],"bbox":[-121.32658,38.69151,-121.30932,38.70742],"g22_asm":null,"g24_asm":{"dem_pct":46.9,"margin_dem":-6.3,"votes_two_party":1018,"winner":"Rep"}},"geometry":{"type":"Polygon","coordinates":[[[-121.32406,38.69384],[-121.32657,38.69151],[-121.32656,38.69303],[-121.32654,38.69523],[-121.32643,38.69743],[-121.32647,38.69776],[-121.32645,38.69845],[-121.32644,38.69919],[-121.32641,38.69957],[-121.32635,38.69983],[-121.32634,38.70024],[-121.32632,38.7016],[-121.32431,38.70163],[-121.32325,38.70167],[-121.32033,38.70212],[-121.32032,38.70212],[-121.32076,38.70381],[-121.32092,38.70452],[-121.32092,38.7047],[-121.32092,38.70674],[-121.31804,38.70734],[-121.3175,38.70735],[-121.31341,38.7074],[-121.31147,38.70742],[-121.31004,38.70738],[-121.30962,38.70737],[-121.30979,38.70693],[-121.313,38.70395],[-121.313,38.70395],[-121.3157,38.70151],[-121.31689,38.70042],[-121.31689,38.70042],[-121.31759,38.69978],[-121.31957,38.69797],[-121.32406,38.69384]],[[-121.31643,38.70274],[-121.31643,38.70274],[-121.31643,38.70274]],[[-121.3166,38.70278],[-121.3166,38.70278],[-121.3166,38.70278]],[[-121.31696,38.70241],[-121.31696,38.70241],[-121.31696,38.70241],[-121.31696,38.70241]],[[-121.31707,38.70265],[-121.31707,38.70265],[-121.31707,38.70265],[-121.31707,38.70265]],[[-121.31708,38.70236],[-121.31708,38.70236],[-121.31708,38.70236],[-121.31708,38.70236]],[[-121.31733,38.70052],[-121.31733,38.70052],[-121.31717,38.70048],[-121.31733,38.70052]],[[-121.31752,38.70056],[-121.31788,38.70064],[-121.31752,38.70056]],[[-121.31788,38.70064],[-121.31788,38.70064],[-121.31788,38.70064],[-121.31788,38.70065],[-121.31788,38.70065],[-121.31788,38.70064],[-121.31788,38.70064],[-121.31788,38.70064]],[[-121.31789,38.70064],[-121.31797,38.70055],[-121.31797,38.70055],[-121.31789,38.70064]],[[-121.31818,38.70038],[-121.31797,38.70055],[-121.31797,38.70055],[-121.31818,38.70038]],[[-121.31818,38.70038],[-121.31855,38.70005],[-121.31818,38.70038]],[[-121.31899,38.70001],[-121.31918,38.70016],[-121.31918,38.70016],[-121.31899,38.70001]],[[-121.31918,38.70016],[-121.31918,38.70016],[-121.31937,38.70034],[-121.31937,38.70034],[-121.31918,38.70016]],[[-121.31937,38.70034],[-121.31951,38.70049],[-121.31937,38.70034]],[[-121.32008,38.70136],[-121.32015,38.70153],[-121.32008,38.70136]]]}},{"type":"Feature","properties":{"county_fips":67,"srprec":"0023376","precinct_id":"067-0023376","county_name":"Sacramento","area_sq_mi":0.458,"place_primary":"Citrus Heights","place_primary_share":100.0,"place_also":[],"places":[{"name":"Citrus Heights","geoid":"0613588","kind":"city","pct":100.0}],"bbox":[-121.32658,38.68545,-121.31332,38.70212],"g22_asm":{"dem_pct":50.1,"margin_dem":0.2,"votes_two_party":962,"winner":"Dem"},"g24_asm":null},"geometry":{"type":"Polygon","coordinates":[[[-121.32657,38.69151],[-121.32655,38.6946],[-121.32648,38.6976],[-121.32643,38.6994],[-121.32635,38.69983],[-121.32633,38.70092],[-121.32431,38.70163],[-121.32276,38.70173],[-121.32022,38.70176],[-121.31998,38.70114],[-121.31955,38.70053],[-121.31897,38.7],[-121.31818,38.70038],[-121.31752,38.70056],[-121.31708,38.70024],[-121.31802,38.69908],[-121.31802,38.69879],[-121.31352,38.69252],[-121.31418,38.68855],[-121.31472,38.68861],[-121.31547,38.68873],[-121.31591,38.68865],[-121.31776,38.68751],[-121.31841,38.68708],[-121.31855,38.68687],[-121.31866,38.68618],[-121.31877,38.6859],[-121.3189,38.68555],[-121.3191,38.68547],[-121.321,38.68546],[-121.32217,38.68545],[-121.32238,38.68554],[-121.32246,38.68572],[-121.32244,38.68816],[-121.32241,38.69105],[-121.32241,38.69274],[-121.32255,38.69286],[-121.32291,38.6929],[-121.32317,38.693],[-121.32336,38.6932],[-121.32376,38.69373],[-121.32657,38.69151]]]}},{"type":"Feature","properties":{"county_fips":67,"srprec":"0023423","precinct_id":"067-0023423","county_name":"Sacramento","area_sq_mi":0.317,"place_primary":"Citrus Heights","place_primary_share":100.0,"place_also":[],"places":[{"name":"Citrus Heights","geoid":"0613588","kind":"city","pct":100.0}],"bbox":[-121.31817,38.69261,-121.30713,38.70736],"g22_asm":null,"g24_asm":{"dem_pct":42.4,"margin_dem":-15.2,"votes_two_party":924,"winner":"Rep"}},"geometry":{"type":"Polygon","coordinates":[[[-121.31689,38.70042],[-121.31319,38.70378],[-121.30979,38.70693],[-121.30824,38.70736],[-121.30764,38.70729],[-121.3078,38.7073],[-121.30799,38.70719],[-121.30829,38.70671],[-121.30869,38.70644],[-121.30852,38.70598],[-121.30862,38.70589],[-121.3087,38.70568],[-121.30871,38.69997],[-121.30871,38.69897],[-121.3087,38.69635],[-121.31338,38.69615],[-121.3131,38.69594],[-121.31301,38.69579],[-121.31342,38.69572],[-121.31342,38.69328],[-121.31342,38.69283],[-121.31353,38.69261],[-121.31432,38.69265],[-121.31558,38.69267],[-121.31685,38.69269],[-121.31805,38.69271],[-121.31805,38.6935],[-121.31805,38.69451],[-121.31805,38.69561],[-121.31805,38.69717],[-121.31806,38.69901],[-121.31802,38.69908],[-121.31817,38.69925],[-121.31689,38.70042]],[[-121.31663,38.70036],[-121.31641,38.70031],[-121.31663,38.70036]],[[-121.31273,38.70004],[-121.31573,38.70002],[-121.31273,38.70004]],[[-121.31594,38.70003],[-121.31594,38.70003],[-121.31578,38.69994],[-121.31594,38.70003]],[[-121.31599,38.70007],[-121.31599,38.70007],[-121.31597,38.70005],[-121.31599,38.70007]],[[-121.3164,38.70031],[-121.3164,38.70031],[-121.3164,38.70031]]]}},{"type":"Feature","properties":{"county_fips":67,"srprec":"0023465","precinct_id":"067-0023465","county_name":"Sacramento","area_sq_mi":0.545,"place_primary":"Citrus Heights","place_primary_share":100.0,"place_also":[],"places":[{"name":"Citrus Heights","geoid":"0613588","kind":"city","pct":100.0}],"bbox":[-121.30873,38.69332,-121.29032,38.70745],"g22_asm":{"dem_pct":44.0,"margin_dem":-12.0,"votes_two_party":971,"winner":"Rep"},"g24_asm":{"dem_pct":40.5,"margin_dem":-19.0,"votes_two_party":1227,"winner":"Rep"}},"geometry":{"type":"Polygon","coordinates":[[[-121.29394,38.69332],[-121.29424,38.69389],[-121.29454,38.69503],[-121.29464,38.69681],[-121.29489,38.69757],[-121.29496,38.69855],[-121.29518,38.69892],[-121.29537,38.6995],[-121.2951,38.70003],[-121.29945,38.70033],[-121.30024,38.70362],[-121.30086,38.70347],[-121.30104,38.7033],[-121.30123,38.70299],[-121.30187,38.70303],[-121.30202,38.70262],[-121.30182,38.70223],[-121.3025,38.70176],[-121.30315,38.70204],[-121.30394,38.70135],[-121.30613,38.6995],[-121.30726,38.6993],[-121.30806,38.69915],[-121.30835,38.69863],[-121.30871,38.69997],[-121.30871,38.70497],[-121.30855,38.70596],[-121.30829,38.7067],[-121.30777,38.7073],[-121.30364,38.70739],[-121.29872,38.70743],[-121.29444,38.70734],[-121.29156,38.70661],[-121.2904,38.70566],[-121.29038,38.70199],[-121.29034,38.69886],[-121.29038,38.69461],[-121.29394,38.69332]]]},"geometry_g24":{"type":"Polygon","coordinates":[[[-121.29407,38.69357],[-121.29454,38.69503],[-121.29464,38.69681],[-121.29492,38.698],[-121.29516,38.69889],[-121.29536,38.69961],[-121.29504,38.70012],[-121.29497,38.70035],[-121.29985,38.70355],[-121.30052,38.70354],[-121.30101,38.70346],[-121.30101,38.70313],[-121.30159,38.70301],[-121.30202,38.70289],[-121.30186,38.70247],[-121.30185,38.70213],[-121.30246,38.70178],[-121.30292,38.70197],[-121.30348,38.70191],[-121.30508,38.70057],[-121.30613,38.6995],[-121.3075,38.69935],[-121.30822,38.69871],[-121.3087,38.69837],[-121.30866,38.70581],[-121.30869,38.70644],[-121.30788,38.70727],[-121.30364,38.70739],[-121.29636,38.70744],[-121.29203,38.70668],[-121.2904,38.70566],[-121.29034,38.69886],[-121.29228,38.69392],[-121.29394,38.69332],[-121.29407,38.69357]],[[-121.29131,38.69945],[-121.29131,38.69945],[-121.29131,38.69945],[-121.29131,38.69945]],[[-121.29166,38.69946],[-121.29166,38.69946],[-121.29166,38.69946],[-121.29166,38.69946]],[[-121.29166,38.69946],[-121.29166,38.69946],[-121.29166,38.69946],[-121.29166,38.69946]],[[-121.29376,38.69944],[-121.29376,38.69944],[-121.29376,38.69944],[-121.29376,38.69944]],[[-121.29442,38.70013],[-121.29442,38.70013],[-121.29442,38.70013],[-121.29442,38.70013]],[[-121.29484,38.69939],[-121.29484,38.69939],[-121.29484,38.69939],[-121.29484,38.69939]]]}},{"type":"Feature","properties":{"county_fips":67,"srprec":"0023486","precinct_id":"067-0023486","county_name":"Sacramento","area_sq_mi":0.398,"place_primary":"Citrus Heights","place_primary_share":100.0,"place_also":[],"places":[{"name":"Citrus Heights","geoid":"0613588","kind":"city","pct":100.0}],"bbox":[-121.3087,38.68695,-121.29937,38.70365],"g22_asm":{"dem_pct":41.2,"margin_dem":-17.6,"votes_two_party":881,"winner":"Rep"},"g24_asm":{"dem_pct":39.4,"margin_dem":-21.2,"votes_two_party":1391,"winner":"Rep"}},"geometry":{"type":"Polygon","coordinates":[[[-121.30871,38.69837],[-121.30829,38.69866],[-121.30806,38.69915],[-121.3075,38.69935],[-121.3064,38.69931],[-121.30602,38.6998],[-121.30384,38.70164],[-121.30315,38.70204],[-121.30255,38.70176],[-121.30207,38.70201],[-121.30181,38.70238],[-121.30206,38.70271],[-121.30187,38.70303],[-121.30125,38.70299],[-121.30101,38.70313],[-121.30103,38.70343],[-121.30085,38.70347],[-121.30024,38.70362],[-121.29944,38.70352],[-121.295,38.70021],[-121.29529,38.69979],[-121.29537,38.6994],[-121.29518,38.69892],[-121.29506,38.69872],[-121.29492,38.698],[-121.29481,38.69727],[-121.29463,38.69678],[-121.29454,38.69503],[-121.29433,38.69408],[-121.29407,38.69357],[-121.29675,38.69237],[-121.29946,38.69145],[-121.29937,38.69454],[-121.30014,38.69472],[-121.30201,38.69492],[-121.3058,38.69482],[-121.30729,38.69447],[-121.3087,38.69515],[-121.30871,38.69837]]]},"geometry_g24":{"type":"Polygon","coordinates":[[[-121.3087,38.68748],[-121.3087,38.69423],[-121.3087,38.69837],[-121.30867,38.69839],[-121.30829,38.69866],[-121.30801,38.69923],[-121.30726,38.6993],[-121.30624,38.69938],[-121.30602,38.6998],[-121.30508,38.70057],[-121.30366,38.70179],[-121.30315,38.70204],[-121.30269,38.70178],[-121.30231,38.70183],[-121.30182,38.70223],[-121.30181,38.70238],[-121.30202,38.70262],[-121.30192,38.703],[-121.30136,38.70299],[-121.30103,38.70311],[-121.30102,38.70328],[-121.30103,38.70343],[-121.30085,38.70347],[-121.30024,38.70362],[-121.29985,38.70355],[-121.29944,38.70015],[-121.29951,38.69836],[-121.29937,38.69454],[-121.29943,38.69169],[-121.29946,38.69145],[-121.30326,38.69017],[-121.30495,38.68945],[-121.30639,38.68858],[-121.3087,38.68748]],[[-121.30869,38.69837],[-121.3031,38.69836],[-121.3031,38.69836],[-121.30869,38.69837]],[[-121.29945,38.69454],[-121.2995,38.69455],[-121.29945,38.69454]],[[-121.30183,38.69836],[-121.29956,38.69836],[-121.29956,38.69836],[-121.30183,38.69836]],[[-121.30002,38.69466],[-121.30002,38.69466],[-121.29997,38.69463],[-121.30002,38.69466]],[[-121.30014,38.69472],[-121.30014,38.69472],[-121.30007,38.69468],[-121.30014,38.69472]],[[-121.30051,38.69487],[-121.30051,38.69487],[-121.30051,38.69487]],[[-121.30051,38.69487],[-121.30023,38.69475],[-121.30023,38.69475],[-121.30051,38.69487]],[[-121.30023,38.69475],[-121.30014,38.69472],[-121.30014,38.69472],[-121.30023,38.69475]],[[-121.30112,38.6949],[-121.30112,38.6949],[-121.30051,38.69487],[-121.30112,38.6949]],[[-121.30201,38.69492],[-121.30201,38.69492],[-121.30115,38.6949],[-121.30201,38.69492]],[[-121.30295,38.69489],[-121.30382,38.69488],[-121.30295,38.69489]],[[-121.30487,38.69485],[-121.30487,38.69485],[-121.30463,38.69486],[-121.30487,38.69485]],[[-121.30609,38.69479],[-121.30667,38.6947],[-121.30609,38.69479]],[[-121.30673,38.69469],[-121.30686,38.69464],[-121.30673,38.69469]],[[-121.3069,38.69462],[-121.30697,38.6946],[-121.3069,38.69462]],[[-121.30719,38.69451],[-121.30729,38.69447],[-121.30729,38.69447],[-121.30719,38.69451]],[[-121.308,38.69429],[-121.30818,38.69428],[-121.308,38.69429]]]}},{"type":"Feature","properties":{"county_fips":67,"srprec":"0023519","precinct_id":"067-0023519","county_name":"Sacramento","area_sq_mi":0.33,"place_primary":"Citrus Heights","place_primary_share":100.0,"place_also":[],"places":[{"name":"Citrus Heights","geoid":"0613588","kind":"city","pct":100.0}],"bbox":[-121.31818,38.68842,-121.3087,38.70042],"g22_asm":{"dem_pct":47.2,"margin_dem":-5.6,"votes_two_party":881,"winner":"Rep"},"g24_asm":null},"geometry":{"type":"Polygon","coordinates":[[[-121.30871,38.69997],[-121.30871,38.69897],[-121.30871,38.69837],[-121.3087,38.69653],[-121.3087,38.69635],[-121.3087,38.69515],[-121.3087,38.69423],[-121.3087,38.69255],[-121.3087,38.69217],[-121.3087,38.69031],[-121.3087,38.68867],[-121.3087,38.68842],[-121.31215,38.6885],[-121.31332,38.68853],[-121.31348,38.69062],[-121.31352,38.69252],[-121.31353,38.69261],[-121.31818,38.69271],[-121.31802,38.69879],[-121.31806,38.69901],[-121.31807,38.69904],[-121.31802,38.69908],[-121.31817,38.69925],[-121.31759,38.69978],[-121.31708,38.70024],[-121.31689,38.70042],[-121.31663,38.70036],[-121.3164,38.70031],[-121.3164,38.70031],[-121.31594,38.70003],[-121.31578,38.69994],[-121.31573,38.70002],[-121.31273,38.70004],[-121.30871,38.69997]]]}},{"type":"Feature","properties":{"county_fips":67,"srprec":"0023542","precinct_id":"067-0023542","county_name":"Sacramento","area_sq_mi":0.409,"place_primary":"Citrus Heights","place_primary_share":100.0,"place_also":[],"places":[{"name":"Citrus Heights","geoid":"0613588","kind":"city","pct":100.0}],"bbox":[-121.32406,38.68545,-121.3087,38.69925],"g22_asm":null,"g24_asm":{"dem_pct":46.0,"margin_dem":-8.1,"votes_two_party":1062,"winner":"Rep"}},"geometry":{"type":"MultiPolygon","coordinates":[[[[-121.31348,38.68854],[-121.31472,38.68861],[-121.31547,38.68873],[-121.31603,38.68859],[-121.31841,38.68708],[-121.31858,38.68675],[-121.31867,38.68612],[-121.31886,38.68559],[-121.31903,38.68548],[-121.3217,38.68545],[-121.32232,38.6855],[-121.32246,38.68572],[-121.32241,38.69105],[-121.32244,38.6928],[-121.32278,38.69288],[-121.32308,38.69296],[-121.32336,38.6932],[-121.32406,38.69384],[-121.31802,38.69908],[-121.31804,38.6989],[-121.31805,38.6964],[-121.31806,38.69469],[-121.31805,38.69366],[-121.31805,38.69271],[-121.31642,38.69268],[-121.31474,38.69265],[-121.31353,38.69261],[-121.31352,38.69263],[-121.31342,38.69358],[-121.31342,38.69575],[-121.31302,38.69586],[-121.31338,38.69615],[-121.3087,38.69635],[-121.3087,38.69635],[-121.3087,38.68842],[-121.31348,38.68854]],[[-121.31348,38.68855],[-121.31348,38.68856],[-121.31348,38.68856],[-121.31348,38.68856],[-121.31348,38.68856],[-121.31348,38.68856],[-121.31348,38.68855]],[[-121.31353,38.69261],[-121.31353,38.69261],[-121.3135,38.68984],[-121.31353,38.69261]]],[[[-121.3087,38.69635],[-121.3087,38.69635],[-121.3087,38.69636],[-121.3087,38.69636],[-121.3087,38.69635]]]]}},{"type":"Feature","properties":{"county_fips":67,"srprec":"0023637","precinct_id":"067-0023637","county_name":"Sacramento","area_sq_mi":0.542,"place_primary":"Citrus Heights","place_primary_share":100.0,"place_also":[],"places":[{"name":"Citrus Heights","geoid":"0613588","kind":"city","pct":100.0}],"bbox":[-121.32709,38.67389,-121.3087,38.69384],"g22_asm":{"dem_pct":45.7,"margin_dem":-8.6,"votes_two_party":722,"winner":"Rep"},"g24_asm":{"dem_pct":44.5,"margin_dem":-11.0,"votes_two_party":1324,"winner":"Rep"}},"geometry":{"type":"Polygon","coordinates":[[[-121.32217,38.67802],[-121.32252,38.67776],[-121.32355,38.67686],[-121.3252,38.6754],[-121.3262,38.67451],[-121.3264,38.67435],[-121.32705,38.67388],[-121.32701,38.67519],[-121.32708,38.67545],[-121.32707,38.67616],[-121.32707,38.67631],[-121.3269,38.67634],[-121.3269,38.67698],[-121.3269,38.67735],[-121.32691,38.67789],[-121.32691,38.6781],[-121.32684,38.68055],[-121.3269,38.68103],[-121.32685,38.68131],[-121.32683,38.68185],[-121.32671,38.68798],[-121.32669,38.68843],[-121.3266,38.6911],[-121.32406,38.69384],[-121.32348,38.6934],[-121.32336,38.6932],[-121.32323,38.69305],[-121.32308,38.69296],[-121.32291,38.6929],[-121.32262,38.69288],[-121.32249,38.69283],[-121.32241,38.69274],[-121.32239,38.69267],[-121.32242,38.68986],[-121.32244,38.68816],[-121.32245,38.68704],[-121.32245,38.68566],[-121.32238,38.68554],[-121.32224,38.68547],[-121.32211,38.68545],[-121.321,38.68546],[-121.31957,38.68547],[-121.31893,38.68546],[-121.31804,38.68538],[-121.31803,38.68192],[-121.31798,38.68129],[-121.31793,38.68074],[-121.32067,38.67899],[-121.32217,38.67802]]]},"geometry_g24":{"type":"Polygon","coordinates":[[[-121.32705,38.67389],[-121.32701,38.6754],[-121.32707,38.67616],[-121.3269,38.67631],[-121.3269,38.67778],[-121.32684,38.67957],[-121.3269,38.68103],[-121.32685,38.68131],[-121.32671,38.68798],[-121.32661,38.68962],[-121.32376,38.69373],[-121.3233,38.69312],[-121.32301,38.69293],[-121.32249,38.69283],[-121.32239,38.69267],[-121.32245,38.68705],[-121.32232,38.6855],[-121.3217,38.68545],[-121.3191,38.68547],[-121.3189,38.68555],[-121.31873,38.68601],[-121.31863,38.68656],[-121.31841,38.68708],[-121.31591,38.68865],[-121.31533,38.68872],[-121.31438,38.68857],[-121.3087,38.68842],[-121.3097,38.68626],[-121.31194,38.68458],[-121.31469,38.68281],[-121.31738,38.68109],[-121.32067,38.67899],[-121.3223,38.67794],[-121.32502,38.67555],[-121.3264,38.67435],[-121.32705,38.67389]]]}},{"type":"Feature","properties":{"county_fips":67,"srprec":"0023641","precinct_id":"067-0023641","county_name":"Sacramento","area_sq_mi":0.178,"place_primary":"Citrus Heights","place_primary_share":100.0,"place_also":[],"places":[{"name":"Citrus Heights","geoid":"0613588","kind":"city","pct":100.0}],"bbox":[-121.32067,38.67809,-121.3087,38.68695],"g22_asm":{"dem_pct":51.8,"margin_dem":3.6,"votes_two_party":699,"winner":"Dem"},"g24_asm":{"dem_pct":47.9,"margin_dem":-4.3,"votes_two_party":957,"winner":"Rep"}},"geometry":{"type":"Polygon","coordinates":[[[-121.31803,38.6781],[-121.31923,38.67813],[-121.31972,38.67827],[-121.32002,38.67842],[-121.32067,38.67899],[-121.31793,38.68074],[-121.31691,38.68139],[-121.31546,38.68232],[-121.31469,38.68281],[-121.31268,38.68409],[-121.31218,38.68442],[-121.31175,38.68472],[-121.31008,38.68597],[-121.3087,38.68695],[-121.30872,38.68638],[-121.30881,38.68607],[-121.30886,38.68584],[-121.30888,38.68524],[-121.30892,38.68467],[-121.30902,38.68418],[-121.30914,38.68379],[-121.30953,38.68295],[-121.3097,38.68259],[-121.31001,38.68195],[-121.31012,38.6817],[-121.31026,38.68128],[-121.31037,38.68077],[-121.31041,38.68031],[-121.31041,38.67973],[-121.31041,38.67896],[-121.3104,38.67829],[-121.3139,38.67811],[-121.31649,38.67809],[-121.31803,38.6781]]]},"geometry_g24":{"type":"Polygon","coordinates":[[[-121.31991,38.67834],[-121.3201,38.67848],[-121.31833,38.68049],[-121.31793,38.68074],[-121.31738,38.68109],[-121.3167,38.68153],[-121.31469,38.68281],[-121.31469,38.68281],[-121.31293,38.68394],[-121.31261,38.68414],[-121.31194,38.68459],[-121.31008,38.68597],[-121.30946,38.68642],[-121.3087,38.68695],[-121.3087,38.68653],[-121.30874,38.68629],[-121.30881,38.68607],[-121.30886,38.68584],[-121.30887,38.68548],[-121.30889,38.68493],[-121.30895,38.68449],[-121.30906,38.68405],[-121.30925,38.68354],[-121.30956,38.68289],[-121.31001,38.68195],[-121.31022,38.68143],[-121.31022,38.68143],[-121.31032,38.68107],[-121.31037,38.68077],[-121.31041,38.68031],[-121.31041,38.67974],[-121.31041,38.67896],[-121.3104,38.67817],[-121.3139,38.67811],[-121.31649,38.67809],[-121.31802,38.6781],[-121.31803,38.6781],[-121.31923,38.67813],[-121.31972,38.67827],[-121.31991,38.67834]],[[-121.31801,38.67861],[-121.31795,38.68014],[-121.31795,38.68014],[-121.31801,38.67861]],[[-121.31055,38.68148],[-121.31047,38.68147],[-121.31047,38.68147],[-121.31055,38.68148]],[[-121.3111,38.68148],[-121.31065,38.68148],[-121.3111,38.68148]],[[-121.31198,38.68147],[-121.31145,38.68148],[-121.31145,38.68148],[-121.31198,38.68147]],[[-121.31263,38.68147],[-121.31263,38.68147],[-121.31251,38.68147],[-121.31263,38.68147]],[[-121.31263,38.68147],[-121.31278,38.68148],[-121.31278,38.68148],[-121.31263,38.68147]],[[-121.31308,38.68154],[-121.31308,38.68154],[-121.31306,38.68153],[-121.31308,38.68154]],[[-121.31324,38.68159],[-121.31324,38.68159],[-121.31314,38.68156],[-121.31324,38.68159]],[[-121.31429,38.68242],[-121.31398,38.68211],[-121.31398,38.68211],[-121.31429,38.68242]],[[-121.3144,38.68252],[-121.31429,38.68242],[-121.31429,38.68242],[-121.3144,38.68252]]]}},{"type":"Feature","properties":{"county_fips":67,"srprec":"0023733","precinct_id":"067-0023733","county_name":"Sacramento","area_sq_mi":0.344,"place_primary":"Citrus Heights","place_primary_share":100.0,"place_also":[],"places":[{"name":"Citrus Heights","geoid":"0613588","kind":"city","pct":100.0}],"bbox":[-121.3191,38.68074,-121.29937,38.69492],"g22_asm":{"dem_pct":39.4,"margin_dem":-21.3,"votes_two_party":856,"winner":"Rep"},"g24_asm":null},"geometry":{"type":"Polygon","coordinates":[[[-121.3087,38.68867],[-121.3087,38.69255],[-121.30773,38.69434],[-121.30673,38.69469],[-121.30487,38.69485],[-121.30201,38.69492],[-121.30023,38.69475],[-121.29986,38.69457],[-121.2994,38.69171],[-121.29946,38.69145],[-121.30211,38.69056],[-121.30347,38.6901],[-121.30458,38.68964],[-121.30556,38.68911],[-121.3087,38.68695],[-121.31121,38.68513],[-121.31218,38.68442],[-121.31342,38.68363],[-121.31546,38.68232],[-121.31738,38.68109],[-121.31798,38.68129],[-121.31808,38.68251],[-121.31893,38.68546],[-121.31896,38.68551],[-121.31883,38.68566],[-121.31867,38.68612],[-121.31867,38.6864],[-121.31848,38.687],[-121.3183,38.68717],[-121.31603,38.68859],[-121.3156,38.68872],[-121.31523,38.6887],[-121.31438,38.68857],[-121.31215,38.6885],[-121.3087,38.68867]]]}},{"type":"Feature","properties":{"county_fips":67,"srprec":"0023835","precinct_id":"067-0023835","county_name":"Sacramento","area_sq_mi":0.429,"place_primary":"Citrus Heights","place_primary_share":100.0,"place_also":[],"places":[{"name":"Citrus Heights","geoid":"0613588","kind":"city","pct":100.0}],"bbox":[-121.31041,38.67817,-121.29924,38.69147],"g22_asm":{"dem_pct":49.2,"margin_dem":-1.6,"votes_two_party":1063,"winner":"Rep"},"g24_asm":{"dem_pct":48.4,"margin_dem":-3.2,"votes_two_party":1242,"winner":"Rep"}},"geometry":{"type":"Polygon","coordinates":[[[-121.30532,38.67819],[-121.30975,38.67817],[-121.3104,38.67829],[-121.31041,38.67896],[-121.31041,38.67973],[-121.31041,38.68031],[-121.31037,38.68077],[-121.31026,38.68128],[-121.31012,38.6817],[-121.31001,38.68195],[-121.3097,38.68259],[-121.30953,38.68295],[-121.30914,38.68379],[-121.30902,38.68418],[-121.30892,38.68467],[-121.30888,38.68524],[-121.30886,38.68584],[-121.30881,38.68607],[-121.30872,38.68638],[-121.3087,38.68695],[-121.30602,38.68883],[-121.30532,38.68926],[-121.30458,38.68964],[-121.30385,38.68996],[-121.30326,38.69017],[-121.30211,38.69056],[-121.29946,38.69145],[-121.29939,38.69047],[-121.29938,38.6897],[-121.29935,38.68744],[-121.2993,38.68346],[-121.2993,38.68345],[-121.29924,38.67897],[-121.29935,38.67822],[-121.3006,38.67821],[-121.30532,38.67819]]]},"geometry_g24":{"type":"Polygon","coordinates":[[[-121.30345,38.67819],[-121.30792,38.67819],[-121.31038,38.67817],[-121.3104,38.67829],[-121.31041,38.67896],[-121.31041,38.67974],[-121.31041,38.68031],[-121.31037,38.68077],[-121.31032,38.68107],[-121.31022,38.68143],[-121.31001,38.68195],[-121.3097,38.68259],[-121.30953,38.68295],[-121.30953,38.68295],[-121.30914,38.68379],[-121.30902,38.68418],[-121.30892,38.68467],[-121.30887,38.68524],[-121.30886,38.68584],[-121.30881,38.68607],[-121.30872,38.68638],[-121.3087,38.68659],[-121.30869,38.68696],[-121.30602,38.68883],[-121.30532,38.68926],[-121.30458,38.68964],[-121.30385,38.68996],[-121.30252,38.69042],[-121.30155,38.69075],[-121.30155,38.69075],[-121.2994,38.69147],[-121.29938,38.68971],[-121.29935,38.68744],[-121.2993,38.68346],[-121.29924,38.67897],[-121.29935,38.67822],[-121.29994,38.67821],[-121.30335,38.67819],[-121.30345,38.67819]],[[-121.29988,38.681],[-121.29988,38.681],[-121.29988,38.681],[-121.29988,38.68101],[-121.29988,38.68101],[-121.29988,38.68101],[-121.29988,38.68101],[-121.29988,38.68101],[-121.29988,38.681]],[[-121.30863,38.68085],[-121.30863,38.68085],[-121.30863,38.68084],[-121.30863,38.68084],[-121.30863,38.68085],[-121.30863,38.68085]]]}},{"type":"Feature","properties":{"county_fips":67,"srprec":"0023943","precinct_id":"067-0023943","county_name":"Sacramento","area_sq_mi":0.622,"place_primary":"Citrus Heights","place_primary_share":100.0,"place_also":[],"places":[{"name":"Citrus Heights","geoid":"0613588","kind":"city","pct":100.0}],"bbox":[-121.29951,38.67816,-121.29027,38.70035],"g22_asm":null,"g24_asm":{"dem_pct":39.4,"margin_dem":-21.3,"votes_two_party":1423,"winner":"Rep"}},"geometry":{"type":"Polygon","coordinates":[[[-121.29735,38.67825],[-121.29923,38.67822],[-121.29935,38.68744],[-121.29938,38.68971],[-121.29946,38.69145],[-121.29939,38.69171],[-121.29951,38.69836],[-121.29497,38.70035],[-121.29504,38.70012],[-121.29533,38.69971],[-121.29535,38.69929],[-121.29514,38.69886],[-121.29495,38.69844],[-121.29485,38.69741],[-121.29464,38.69678],[-121.29454,38.69503],[-121.29432,38.69408],[-121.29407,38.69357],[-121.29394,38.69332],[-121.29041,38.6946],[-121.29028,38.69245],[-121.29029,38.69065],[-121.29034,38.68875],[-121.29033,38.68492],[-121.2903,38.68202],[-121.29029,38.68188],[-121.29029,38.68117],[-121.29052,38.68064],[-121.29103,38.68011],[-121.29199,38.67949],[-121.29234,38.67898],[-121.29245,38.67832],[-121.29603,38.67817],[-121.29735,38.67825]],[[-121.29741,38.68635],[-121.29741,38.68635],[-121.29741,38.68635],[-121.29741,38.68635]],[[-121.29761,38.68633],[-121.29761,38.68633],[-121.29761,38.68633],[-121.29761,38.68633]],[[-121.29771,38.68725],[-121.29771,38.68725],[-121.29771,38.68725]],[[-121.29796,38.68739],[-121.29796,38.68739],[-121.29795,38.68739],[-121.29796,38.68739]],[[-121.29807,38.68739],[-121.29807,38.68739],[-121.29807,38.68739]],[[-121.2981,38.68737],[-121.2981,38.68737],[-121.2981,38.68737]],[[-121.29834,38.68734],[-121.29834,38.68734],[-121.29834,38.68733],[-121.29834,38.68734]],[[-121.29846,38.68739],[-121.29846,38.68739],[-121.29846,38.68739]],[[-121.29893,38.68752],[-121.29893,38.68752],[-121.29893,38.68752]],[[-121.29926,38.68743],[-121.29926,38.68743],[-121.29926,38.68743]]]}},{"type":"Feature","properties":{"county_fips":67,"srprec":"0023970","precinct_id":"067-0023970","county_name":"Sacramento","area_sq_mi":0.481,"place_primary":"Citrus Heights","place_primary_share":100.0,"place_also":[],"places":[{"name":"Citrus Heights","geoid":"0613588","kind":"city","pct":100.0}],"bbox":[-121.2994,38.67816,-121.29027,38.69463],"g22_asm":{"dem_pct":46.0,"margin_dem":-8.0,"votes_two_party":735,"winner":"Rep"},"g24_asm":null},"geometry":{"type":"Polygon","coordinates":[[[-121.2993,38.68345],[-121.2993,38.68346],[-121.29935,38.68744],[-121.29938,38.6897],[-121.29939,38.69047],[-121.29863,38.69173],[-121.29574,38.69271],[-121.29357,38.69344],[-121.29327,38.69354],[-121.29038,38.69461],[-121.29034,38.69454],[-121.29027,38.69208],[-121.29028,38.6909],[-121.2903,38.69023],[-121.29034,38.68876],[-121.29035,38.68799],[-121.29035,38.68642],[-121.29031,38.68451],[-121.29031,38.68411],[-121.2903,38.68233],[-121.29029,38.68194],[-121.29029,38.68185],[-121.29029,38.68125],[-121.29033,38.681],[-121.29045,38.68075],[-121.29064,38.68047],[-121.29086,38.68025],[-121.29116,38.68003],[-121.29173,38.6797],[-121.29199,38.67949],[-121.2922,38.67925],[-121.29234,38.67898],[-121.29243,38.6787],[-121.29245,38.67832],[-121.29603,38.67817],[-121.29735,38.67816],[-121.29831,38.67823],[-121.29923,38.67822],[-121.29927,38.68102],[-121.2993,38.68345]]]}},{"type":"Feature","properties":{"county_fips":67,"srprec":"0023998","precinct_id":"067-0023998","county_name":"Sacramento","area_sq_mi":0.519,"place_primary":"Citrus Heights","place_primary_share":100.0,"place_also":[],"places":[{"name":"Citrus Heights","geoid":"0613588","kind":"city","pct":100.0}],"bbox":[-121.29245,38.67822,-121.27161,38.69104],"g22_asm":{"dem_pct":42.2,"margin_dem":-15.6,"votes_two_party":938,"winner":"Rep"},"g24_asm":{"dem_pct":39.3,"margin_dem":-21.4,"votes_two_party":1056,"winner":"Rep"}},"geometry":{"type":"Polygon","coordinates":[[[-121.27633,38.69033],[-121.27637,38.69485],[-121.2738,38.69493],[-121.2731,38.69521],[-121.27171,38.69535],[-121.27164,38.68658],[-121.27162,38.68431],[-121.27421,38.68393],[-121.27692,38.68426],[-121.27779,38.68488],[-121.2787,38.68508],[-121.27922,38.68523],[-121.28015,38.68565],[-121.2848,38.68373],[-121.28478,38.68235],[-121.28919,38.67826],[-121.29245,38.67853],[-121.2922,38.67925],[-121.29162,38.67977],[-121.29064,38.68047],[-121.29029,38.68117],[-121.29029,38.68194],[-121.29031,38.68426],[-121.29035,38.68799],[-121.2901,38.6893],[-121.28944,38.68931],[-121.28837,38.68969],[-121.2861,38.68962],[-121.28587,38.68879],[-121.28523,38.68834],[-121.28385,38.68857],[-121.28059,38.68921],[-121.27633,38.69033]]]},"geometry_g24":{"type":"Polygon","coordinates":[[[-121.29243,38.67832],[-121.29239,38.67887],[-121.29208,38.67939],[-121.29116,38.68003],[-121.29064,38.68047],[-121.29033,38.68101],[-121.29029,38.68181],[-121.2903,38.68233],[-121.29036,38.68557],[-121.29034,38.68875],[-121.29034,38.68928],[-121.29028,38.69096],[-121.28332,38.69104],[-121.2833,38.68917],[-121.27586,38.68927],[-121.27161,38.68533],[-121.27161,38.68396],[-121.27592,38.68391],[-121.27739,38.68444],[-121.27796,38.68514],[-121.27879,38.68505],[-121.27922,38.68523],[-121.28014,38.68563],[-121.28101,38.68562],[-121.28099,38.68474],[-121.28158,38.68439],[-121.28271,38.68438],[-121.28407,38.68438],[-121.28478,38.68438],[-121.28473,38.67826],[-121.28474,38.67825],[-121.28966,38.67826],[-121.29043,38.67829],[-121.29243,38.67832]],[[-121.28329,38.68844],[-121.28329,38.68844],[-121.28329,38.68844],[-121.28329,38.68844],[-121.28329,38.68844],[-121.28329,38.68844],[-121.28329,38.68844]]]}},{"type":"Feature","properties":{"county_fips":67,"srprec":"0024148","precinct_id":"067-0024148","county_name":"Sacramento","area_sq_mi":0.512,"place_primary":"North Highlands","place_primary_share":100.0,"place_also":[],"places":[{"name":"North Highlands","geoid":"0651924","kind":"cdp","pct":100.0}],"bbox":[-121.38078,38.65392,-121.36025,38.66842],"g22_asm":{"dem_pct":43.9,"margin_dem":-12.2,"votes_two_party":296,"winner":"Rep"},"g24_asm":{"dem_pct":44.4,"margin_dem":-11.2,"votes_two_party":836,"winner":"Rep"}},"geometry":{"type":"Polygon","coordinates":[[[-121.37262,38.66842],[-121.36899,38.66837],[-121.3684,38.66837],[-121.36788,38.66836],[-121.36779,38.66836],[-121.3675,38.66835],[-121.36703,38.66835],[-121.36548,38.66833],[-121.36438,38.66832],[-121.36439,38.66637],[-121.36439,38.66615],[-121.36439,38.6658],[-121.3644,38.6657],[-121.36451,38.66541],[-121.36447,38.66463],[-121.36441,38.66451],[-121.36437,38.66441],[-121.36438,38.66433],[-121.36438,38.66401],[-121.36438,38.66334],[-121.36438,38.6629],[-121.36437,38.66176],[-121.36437,38.66105],[-121.36688,38.66112],[-121.36779,38.66115],[-121.36901,38.66118],[-121.3714,38.66118],[-121.37246,38.66118],[-121.37267,38.66118],[-121.37364,38.66119],[-121.37444,38.66119],[-121.37538,38.6612],[-121.37599,38.66121],[-121.3762,38.66121],[-121.37829,38.66124],[-121.37911,38.66125],[-121.37922,38.66124],[-121.37955,38.66119],[-121.37977,38.66116],[-121.38009,38.66108],[-121.38017,38.66121],[-121.38018,38.66125],[-121.38018,38.66125],[-121.38019,38.66128],[-121.38019,38.66133],[-121.38017,38.6614],[-121.38013,38.66146],[-121.37992,38.66166],[-121.37967,38.66188],[-121.37961,38.66195],[-121.37945,38.6621],[-121.37963,38.66195],[-121.3804,38.66126],[-121.38078,38.66127],[-121.38061,38.66142],[-121.37909,38.66284],[-121.37566,38.666],[-121.37403,38.66751],[-121.37304,38.66842],[-121.37262,38.66842]]]},"geometry_g24":{"type":"Polygon","coordinates":[[[-121.36903,38.65393],[-121.37253,38.65398],[-121.37366,38.65401],[-121.37365,38.65668],[-121.36902,38.65661],[-121.36901,38.65886],[-121.36901,38.66114],[-121.36901,38.66118],[-121.37366,38.6612],[-121.37538,38.6612],[-121.37829,38.66124],[-121.37922,38.66124],[-121.38009,38.66108],[-121.38018,38.66125],[-121.38018,38.66126],[-121.38019,38.66133],[-121.38013,38.66147],[-121.37961,38.66194],[-121.37945,38.6621],[-121.37963,38.66195],[-121.38078,38.66127],[-121.37566,38.666],[-121.37262,38.66842],[-121.36751,38.66836],[-121.36548,38.66833],[-121.36438,38.66832],[-121.36439,38.66615],[-121.36451,38.66541],[-121.36441,38.66451],[-121.36438,38.66433],[-121.36437,38.66109],[-121.36437,38.66105],[-121.36182,38.66102],[-121.36025,38.661],[-121.36806,38.65394],[-121.36903,38.65393]],[[-121.36688,38.66112],[-121.36779,38.66115],[-121.36779,38.66115],[-121.36688,38.66112]]]}},{"type":"Feature","properties":{"county_fips":67,"srprec":"0024175","precinct_id":"067-0024175","county_name":"Sacramento","area_sq_mi":0.499,"place_primary":"North Highlands","place_primary_share":100.0,"place_also":[],"places":[{"name":"North Highlands","geoid":"0651924","kind":"cdp","pct":100.0}],"bbox":[-121.36451,38.66083,-121.34587,38.66832],"g22_asm":{"dem_pct":58.8,"margin_dem":17.5,"votes_two_party":594,"winner":"Dem"},"g24_asm":{"dem_pct":53.1,"margin_dem":6.3,"votes_two_party":894,"winner":"Dem"}},"geometry":{"type":"Polygon","coordinates":[[[-121.36437,38.66105],[-121.36437,38.66176],[-121.36438,38.6629],[-121.36438,38.66334],[-121.36438,38.66401],[-121.36438,38.66433],[-121.36437,38.66441],[-121.36441,38.66451],[-121.36447,38.66463],[-121.36451,38.66541],[-121.3644,38.6657],[-121.36439,38.6658],[-121.36439,38.66615],[-121.36439,38.66637],[-121.36438,38.66832],[-121.36348,38.66831],[-121.36221,38.66829],[-121.36001,38.66827],[-121.35976,38.66826],[-121.3575,38.66824],[-121.3551,38.66821],[-121.35341,38.66819],[-121.35271,38.66818],[-121.35209,38.66817],[-121.35147,38.66817],[-121.35051,38.66815],[-121.34695,38.66811],[-121.34587,38.6681],[-121.34589,38.66627],[-121.34589,38.66608],[-121.3459,38.66571],[-121.34591,38.66494],[-121.34595,38.66165],[-121.34593,38.66083],[-121.3469,38.66084],[-121.35053,38.66088],[-121.35284,38.66091],[-121.35371,38.66092],[-121.35515,38.66094],[-121.35655,38.66096],[-121.35672,38.66096],[-121.35763,38.66097],[-121.35783,38.66097],[-121.35917,38.66099],[-121.35963,38.66099],[-121.35984,38.661],[-121.36025,38.661],[-121.36042,38.66101],[-121.36182,38.66102],[-121.36315,38.66104],[-121.36354,38.66104],[-121.36437,38.66105]]]},"geometry_g24":{"type":"Polygon","coordinates":[[[-121.34593,38.66083],[-121.35054,38.66088],[-121.35515,38.66094],[-121.35763,38.66097],[-121.35783,38.66097],[-121.35963,38.66099],[-121.36005,38.661],[-121.36025,38.661],[-121.36036,38.661],[-121.36182,38.66102],[-121.36354,38.66104],[-121.36437,38.66105],[-121.36438,38.6629],[-121.36438,38.66433],[-121.36439,38.66446],[-121.36447,38.66463],[-121.36451,38.66541],[-121.36439,38.66579],[-121.36439,38.66615],[-121.36439,38.66639],[-121.36438,38.66832],[-121.36221,38.66829],[-121.35976,38.66826],[-121.35949,38.66826],[-121.3551,38.66821],[-121.35271,38.66818],[-121.35271,38.66818],[-121.35209,38.66817],[-121.35101,38.66816],[-121.34695,38.66811],[-121.34587,38.6681],[-121.34589,38.66627],[-121.3459,38.66571],[-121.34591,38.66476],[-121.34593,38.66086],[-121.34593,38.66083]]]}},{"type":"Feature","properties":{"county_fips":67,"srprec":"0024182","precinct_id":"067-0024182","county_name":"Sacramento","area_sq_mi":0.369,"place_primary":"North Highlands","place_primary_share":100.0,"place_also":[],"places":[{"name":"North Highlands","geoid":"0651924","kind":"cdp","pct":100.0}],"bbox":[-121.38845,38.654,-121.36901,38.6621],"g22_asm":null,"g24_asm":{"dem_pct":46.0,"margin_dem":-8.0,"votes_two_party":728,"winner":"Rep"}},"geometry":{"type":"Polygon","coordinates":[[[-121.38826,38.65435],[-121.38745,38.65509],[-121.38727,38.65525],[-121.38669,38.6558],[-121.38589,38.65651],[-121.38436,38.65792],[-121.38287,38.65932],[-121.38287,38.65886],[-121.38288,38.6582],[-121.38288,38.65756],[-121.38289,38.65691],[-121.38289,38.65653],[-121.38291,38.65413],[-121.38678,38.65419],[-121.38692,38.6542],[-121.38699,38.65419],[-121.38727,38.65418],[-121.38748,38.65426],[-121.38752,38.65427],[-121.38755,38.65428],[-121.38759,38.65428],[-121.38763,38.65428],[-121.38764,38.65426],[-121.38769,38.65421],[-121.38774,38.65418],[-121.38797,38.65417],[-121.38845,38.65418],[-121.38826,38.65435]]]},"geometry_g24":{"type":"Polygon","coordinates":[[[-121.38845,38.65417],[-121.38745,38.65509],[-121.38669,38.6558],[-121.38287,38.65932],[-121.38287,38.65932],[-121.38205,38.66007],[-121.38039,38.66127],[-121.37945,38.6621],[-121.37992,38.66166],[-121.38017,38.6614],[-121.38018,38.66127],[-121.38018,38.66125],[-121.38009,38.66108],[-121.37955,38.66119],[-121.37911,38.66124],[-121.37829,38.66124],[-121.37599,38.66121],[-121.37272,38.66118],[-121.36901,38.66118],[-121.36901,38.66063],[-121.36901,38.65876],[-121.36902,38.65661],[-121.37365,38.65668],[-121.37366,38.654],[-121.37714,38.65405],[-121.38055,38.6541],[-121.38291,38.65413],[-121.38678,38.65419],[-121.38699,38.65419],[-121.38752,38.65427],[-121.38759,38.65428],[-121.38764,38.65426],[-121.38781,38.65417],[-121.38845,38.65417]],[[-121.37365,38.65697],[-121.37365,38.65697],[-121.37365,38.65668],[-121.37365,38.65668],[-121.37365,38.65697]],[[-121.37549,38.65753],[-121.37549,38.65753],[-121.37366,38.65754],[-121.37549,38.65753]],[[-121.37366,38.65666],[-121.37366,38.6567],[-121.37366,38.65621],[-121.37366,38.65666]],[[-121.37661,38.6576],[-121.3764,38.6576],[-121.3764,38.6576],[-121.37661,38.6576]],[[-121.37828,38.65759],[-121.37734,38.6576],[-121.37734,38.6576],[-121.37828,38.65759]],[[-121.37829,38.65764],[-121.37829,38.65777],[-121.37829,38.65777],[-121.37829,38.65764],[-121.37829,38.65759],[-121.37829,38.65764]],[[-121.37829,38.65905],[-121.37829,38.65845],[-121.37829,38.65905]],[[-121.37829,38.66052],[-121.37829,38.65951],[-121.37829,38.66052]],[[-121.37829,38.65951],[-121.37829,38.65936],[-121.37829,38.65936],[-121.37829,38.65951]],[[-121.38288,38.6582],[-121.38287,38.65885],[-121.38287,38.65886],[-121.38288,38.6582]],[[-121.38289,38.65691],[-121.38288,38.65755],[-121.38288,38.65756],[-121.38289,38.65691]],[[-121.38289,38.65653],[-121.38289,38.65653],[-121.38291,38.6545],[-121.38289,38.65653]]]}},{"type":"Feature","properties":{"county_fips":67,"srprec":"0024211","precinct_id":"067-0024211","county_name":"Sacramento","area_sq_mi":0.492,"place_primary":"North Highlands","place_primary_share":100.0,"place_also":[],"places":[{"name":"North Highlands","geoid":"0651924","kind":"cdp","pct":100.0}],"bbox":[-121.38291,38.65392,-121.36025,38.6621],"g22_asm":{"dem_pct":47.5,"margin_dem":-5.0,"votes_two_party":724,"winner":"Rep"},"g24_asm":null},"geometry":{"type":"Polygon","coordinates":[[[-121.36354,38.66104],[-121.36182,38.66102],[-121.36025,38.661],[-121.36207,38.65933],[-121.36435,38.65728],[-121.36864,38.65392],[-121.37021,38.65395],[-121.37209,38.65397],[-121.37278,38.65398],[-121.37477,38.65401],[-121.37714,38.65405],[-121.37989,38.65409],[-121.38081,38.6541],[-121.38291,38.65413],[-121.38289,38.65691],[-121.38288,38.6582],[-121.38287,38.65932],[-121.38205,38.66007],[-121.3804,38.66126],[-121.37945,38.6621],[-121.37967,38.66188],[-121.38013,38.66146],[-121.38019,38.66133],[-121.38018,38.66125],[-121.38017,38.66121],[-121.37977,38.66116],[-121.37922,38.66124],[-121.37829,38.66124],[-121.37599,38.66121],[-121.37444,38.66119],[-121.37267,38.66118],[-121.3714,38.66118],[-121.36779,38.66115],[-121.36437,38.66105],[-121.36354,38.66104]]]}},{"type":"Feature","properties":{"county_fips":67,"srprec":"0024263","precinct_id":"067-0024263","county_name":"Sacramento","area_sq_mi":0.59,"place_primary":"North Highlands","place_primary_share":99.7,"place_also":[],"places":[{"name":"North Highlands","geoid":"0651924","kind":"cdp","pct":99.7},{"name":"Sacramento","geoid":"0664000","kind":"city","pct":0.3}],"bbox":[-121.40315,38.6404,-121.37467,38.65428],"g22_asm":{"dem_pct":34.1,"margin_dem":-31.8,"votes_two_party":44,"winner":"Rep"},"g24_asm":{"dem_pct":56.2,"margin_dem":12.5,"votes_two_party":16,"winner":"Dem"}},"geometry":{"type":"Polygon","coordinates":[[[-121.36648,38.64422],[-121.3716,38.6446],[-121.37298,38.64413],[-121.37589,38.64306],[-121.37912,38.64088],[-121.38017,38.64245],[-121.38034,38.64291],[-121.38035,38.64358],[-121.3824,38.64219],[-121.38306,38.6422],[-121.38494,38.64245],[-121.38595,38.64301],[-121.38613,38.6431],[-121.38756,38.64348],[-121.38963,38.64348],[-121.39705,38.6417],[-121.39835,38.6414],[-121.40269,38.64061],[-121.40126,38.64235],[-121.39864,38.64479],[-121.39584,38.64735],[-121.39326,38.64974],[-121.3917,38.65117],[-121.39011,38.65264],[-121.38774,38.65418],[-121.38759,38.65428],[-121.38727,38.65418],[-121.38291,38.65413],[-121.38296,38.64918],[-121.38298,38.64694],[-121.3831,38.64554],[-121.37748,38.64634],[-121.37528,38.6474],[-121.37372,38.64805],[-121.37022,38.64711],[-121.36925,38.6462],[-121.36692,38.64509],[-121.36648,38.64422]]]},"geometry_g24":{"type":"Polygon","coordinates":[[[-121.38326,38.6404],[-121.38328,38.64087],[-121.38328,38.64146],[-121.38326,38.64219],[-121.38486,38.64243],[-121.38525,38.64258],[-121.38612,38.64309],[-121.38642,38.64321],[-121.38756,38.64349],[-121.3887,38.64368],[-121.39516,38.64216],[-121.39731,38.64164],[-121.39981,38.64117],[-121.4029,38.6406],[-121.40064,38.64293],[-121.39784,38.64551],[-121.39584,38.64735],[-121.39481,38.64831],[-121.39248,38.65045],[-121.39011,38.65264],[-121.38781,38.65417],[-121.38759,38.65428],[-121.38727,38.65418],[-121.38291,38.65413],[-121.38293,38.65177],[-121.38297,38.64797],[-121.38307,38.64584],[-121.3831,38.64553],[-121.37814,38.64614],[-121.37528,38.6474],[-121.37518,38.64711],[-121.37717,38.64612],[-121.37938,38.64346],[-121.38024,38.64264],[-121.38201,38.64102],[-121.38326,38.6404]]]}},{"type":"Feature","properties":{"county_fips":67,"srprec":"0024352","precinct_id":"067-0024352","county_name":"Sacramento","area_sq_mi":1.194,"place_primary":"North Highlands","place_primary_share":99.5,"place_also":[],"places":[{"name":"North Highlands","geoid":"0651924","kind":"cdp","pct":99.5},{"name":"Sacramento","geoid":"0664000","kind":"city","pct":0.3},{"name":"Carmichael","geoid":"0611390","kind":"cdp","pct":0.2}],"bbox":[-121.3831,38.64055,-121.35055,38.65413],"g22_asm":{"dem_pct":50.8,"margin_dem":1.6,"votes_two_party":955,"winner":"Dem"},"g24_asm":{"dem_pct":45.4,"margin_dem":-9.3,"votes_two_party":1292,"winner":"Rep"}},"geometry":{"type":"MultiPolygon","coordinates":[[[[-121.35096,38.64371],[-121.35154,38.64341],[-121.35299,38.6432],[-121.35401,38.64334],[-121.35514,38.64353],[-121.35629,38.64394],[-121.35736,38.64391],[-121.35813,38.64421],[-121.35945,38.6446],[-121.36158,38.64457],[-121.36615,38.64448],[-121.36808,38.64573],[-121.36954,38.64664],[-121.37317,38.64799],[-121.37467,38.64746],[-121.37629,38.64683],[-121.37931,38.64594],[-121.38307,38.64584],[-121.38296,38.64858],[-121.38293,38.65177],[-121.38081,38.6541],[-121.37714,38.65405],[-121.37278,38.65398],[-121.37021,38.65395],[-121.36748,38.65393],[-121.36217,38.65387],[-121.36046,38.65384],[-121.35857,38.65382],[-121.35471,38.65376],[-121.352,38.65368],[-121.35055,38.65201],[-121.35058,38.64804],[-121.35059,38.64458],[-121.3506,38.6439],[-121.35096,38.64371]]],[[[-121.37936,38.64065],[-121.38085,38.64055],[-121.38095,38.64058],[-121.38113,38.64063],[-121.38142,38.64077],[-121.3818,38.64096],[-121.38201,38.64102],[-121.38212,38.64092],[-121.38262,38.64044],[-121.38326,38.6404],[-121.38328,38.64069],[-121.38328,38.64102],[-121.38327,38.64181],[-121.38326,38.64219],[-121.38306,38.6422],[-121.38298,38.64218],[-121.38245,38.64215],[-121.38244,38.6422],[-121.3824,38.64219],[-121.38236,38.64338],[-121.38219,38.64342],[-121.38218,38.64342],[-121.38035,38.64358],[-121.38048,38.64308],[-121.38039,38.64288],[-121.38034,38.64297],[-121.38034,38.64291],[-121.38029,38.64277],[-121.38026,38.6427],[-121.38024,38.64264],[-121.38017,38.64245],[-121.3801,38.64225],[-121.37924,38.64097],[-121.37919,38.64092],[-121.37912,38.64088],[-121.37906,38.64086],[-121.37936,38.64065]]]]},"geometry_g24":{"type":"MultiPolygon","coordinates":[[[[-121.35096,38.64371],[-121.35121,38.64365],[-121.35297,38.64321],[-121.35401,38.64334],[-121.35515,38.64354],[-121.35607,38.6439],[-121.35714,38.6439],[-121.35806,38.64414],[-121.35873,38.64451],[-121.35968,38.64467],[-121.36089,38.64464],[-121.36615,38.64448],[-121.37151,38.64455],[-121.37243,38.64457],[-121.37589,38.64306],[-121.38095,38.64058],[-121.3818,38.64096],[-121.38024,38.64264],[-121.37938,38.64346],[-121.37672,38.6463],[-121.37467,38.64746],[-121.37528,38.6474],[-121.37815,38.64614],[-121.38308,38.64573],[-121.38296,38.64858],[-121.38291,38.65413],[-121.37989,38.65409],[-121.37209,38.65397],[-121.36806,38.65394],[-121.36686,38.65393],[-121.35934,38.65383],[-121.35451,38.65373],[-121.35055,38.65366],[-121.35057,38.64804],[-121.35059,38.64425],[-121.35096,38.64371]]],[[[-121.35873,38.64451],[-121.35873,38.64451],[-121.35873,38.64451]]]]}},{"type":"Feature","properties":{"county_fips":67,"srprec":"0024385","precinct_id":"067-0024385","county_name":"Sacramento","area_sq_mi":0.051,"place_primary":"Sacramento","place_primary_share":94.2,"place_also":[],"places":[{"name":"Sacramento","geoid":"0664000","kind":"city","pct":94.2},{"name":"North Highlands","geoid":"0651924","kind":"cdp","pct":5.8}],"bbox":[-121.40456,38.63932,-121.36574,38.64469],"g22_asm":null,"g24_asm":{"dem_pct":75.0,"margin_dem":50.0,"votes_two_party":8,"winner":"Dem"}},"geometry":{"type":"MultiPolygon","coordinates":[[[[-121.38327,38.6404],[-121.38613,38.6431],[-121.38612,38.6431],[-121.38595,38.64301],[-121.38586,38.64295],[-121.38525,38.64258],[-121.38511,38.64252],[-121.38494,38.64245],[-121.38486,38.64243],[-121.38467,38.64239],[-121.38326,38.64219],[-121.38327,38.64181],[-121.38328,38.64102],[-121.38328,38.64069],[-121.38326,38.6404],[-121.38327,38.6404]]],[[[-121.39705,38.6417],[-121.3962,38.64191],[-121.39559,38.64205],[-121.39516,38.64216],[-121.38963,38.64348],[-121.3887,38.64368],[-121.38795,38.64352],[-121.38775,38.64351],[-121.38756,38.64348],[-121.38737,38.64345],[-121.38642,38.64321],[-121.38626,38.64316],[-121.38613,38.6431],[-121.39705,38.6417]]],[[[-121.40456,38.63932],[-121.40404,38.63979],[-121.40331,38.64046],[-121.40315,38.64061],[-121.4029,38.6406],[-121.40269,38.64061],[-121.40246,38.64061],[-121.40074,38.64109],[-121.39913,38.64123],[-121.39835,38.6414],[-121.39777,38.64153],[-121.39731,38.64164],[-121.40456,38.63932]]]]},"geometry_g24":{"type":"MultiPolygon","coordinates":[[[[-121.36646,38.64422],[-121.36615,38.64448],[-121.36615,38.64448],[-121.36615,38.64448],[-121.36611,38.64452],[-121.36607,38.64455],[-121.36607,38.64455],[-121.36607,38.64455],[-121.36574,38.64427],[-121.36646,38.64422]]],[[[-121.37572,38.64312],[-121.37298,38.64412],[-121.37298,38.64413],[-121.3727,38.64435],[-121.37243,38.64457],[-121.37243,38.64457],[-121.37223,38.64463],[-121.37202,38.64469],[-121.37202,38.64469],[-121.3716,38.6446],[-121.3716,38.6446],[-121.37151,38.64455],[-121.37151,38.64455],[-121.37141,38.64447],[-121.37046,38.64375],[-121.37572,38.64312]]],[[[-121.3782,38.64144],[-121.37691,38.64259],[-121.37691,38.64259],[-121.37589,38.64306],[-121.37589,38.64306],[-121.37589,38.64306],[-121.37586,38.64307],[-121.37578,38.6431],[-121.3782,38.64144]]],[[[-121.38262,38.64044],[-121.38212,38.64092],[-121.38201,38.64102],[-121.38201,38.64102],[-121.38201,38.64102],[-121.38199,38.64101],[-121.38181,38.64096],[-121.3818,38.64096],[-121.38142,38.64077],[-121.38142,38.64077],[-121.38113,38.64063],[-121.38113,38.64063],[-121.38113,38.64063],[-121.38105,38.64061],[-121.38095,38.64058],[-121.38095,38.64058],[-121.38095,38.64058],[-121.38085,38.64055],[-121.38262,38.64044]]],[[[-121.38327,38.6404],[-121.38613,38.6431],[-121.38612,38.6431],[-121.38612,38.6431],[-121.38612,38.64309],[-121.38595,38.64301],[-121.38595,38.64301],[-121.38595,38.64301],[-121.38586,38.64295],[-121.38586,38.64295],[-121.38525,38.64258],[-121.38525,38.64258],[-121.38525,38.64258],[-121.38512,38.64252],[-121.38511,38.64252],[-121.38511,38.64252],[-121.38496,38.64246],[-121.38494,38.64245],[-121.38494,38.64245],[-121.38486,38.64243],[-121.38486,38.64243],[-121.38467,38.64239],[-121.38467,38.64239],[-121.38467,38.64239],[-121.38433,38.64234],[-121.38326,38.64219],[-121.38326,38.64219],[-121.38326,38.64219],[-121.38326,38.64219],[-121.38326,38.64219],[-121.38326,38.64219],[-121.38327,38.64181],[-121.38328,38.64146],[-121.38328,38.64145],[-121.38328,38.64145],[-121.38328,38.64102],[-121.38328,38.64102],[-121.38328,38.64102],[-121.38328,38.64102],[-121.38328,38.64101],[-121.38328,38.64087],[-121.38328,38.6407],[-121.38328,38.64069],[-121.38328,38.64069],[-121.38328,38.64069],[-121.38328,38.64069],[-121.38328,38.64065],[-121.38327,38.64063],[-121.38326,38.64049],[-121.38326,38.64045],[-121.38326,38.6404],[-121.38327,38.6404]]],[[[-121.39705,38.6417],[-121.3962,38.64191],[-121.39559,38.64205],[-121.39559,38.64205],[-121.39559,38.64205],[-121.39519,38.64215],[-121.39516,38.64216],[-121.39516,38.64216],[-121.39403,38.64243],[-121.39403,38.64243],[-121.3926,38.64277],[-121.38963,38.64348],[-121.38963,38.64348],[-121.38963,38.64348],[-121.3887,38.64368],[-121.3887,38.64368],[-121.38836,38.64361],[-121.38795,38.64352],[-121.38795,38.64352],[-121.38787,38.64351],[-121.38775,38.64351],[-121.38775,38.64351],[-121.38775,38.64351],[-121.38759,38.64349],[-121.38756,38.64349],[-121.38756,38.64348],[-121.38756,38.64348],[-121.38738,38.64345],[-121.38737,38.64345],[-121.38737,38.64345],[-121.38737,38.64345],[-121.38702,38.64336],[-121.38642,38.64321],[-121.38642,38.64321],[-121.38642,38.64321],[-121.38636,38.64319],[-121.38627,38.64316],[-121.38626,38.64316],[-121.38626,38.64316],[-121.38618,38.64312],[-121.38613,38.6431],[-121.39705,38.6417]]],[[[-121.40456,38.63932],[-121.40405,38.63979],[-121.40404,38.63979],[-121.40339,38.64038],[-121.40331,38.64045],[-121.40331,38.64046],[-121.40331,38.64046],[-121.40327,38.6405],[-121.40315,38.64061],[-121.40315,38.64061],[-121.40315,38.64061],[-121.40298,38.6406],[-121.4029,38.6406],[-121.4029,38.6406],[-121.4029,38.6406],[-121.40269,38.64061],[-121.40269,38.64061],[-121.40269,38.64061],[-121.40248,38.64061],[-121.40246,38.64061],[-121.40246,38.64061],[-121.40246,38.64061],[-121.40074,38.64109],[-121.40074,38.64109],[-121.40026,38.64113],[-121.39981,38.64117],[-121.39913,38.64123],[-121.39913,38.64123],[-121.39835,38.6414],[-121.39777,38.64153],[-121.39777,38.64153],[-121.39777,38.64153],[-121.39731,38.64164],[-121.40456,38.63932]]]]}},{"type":"Feature","properties":{"county_fips":67,"srprec":"0025076","precinct_id":"067-0025076","county_name":"Sacramento","area_sq_mi":0.247,"place_primary":"North Highlands","place_primary_share":98.5,"place_also":[],"places":[{"name":"North Highlands","geoid":"0651924","kind":"cdp","pct":98.5},{"name":"Foothill Farms","geoid":"0624722","kind":"cdp","pct":1.2},{"name":"Carmichael","geoid":"0611390","kind":"cdp","pct":0.3}],"bbox":[-121.34594,38.66073,-121.33669,38.66827],"g22_asm":{"dem_pct":55.2,"margin_dem":10.5,"votes_two_party":800,"winner":"Dem"},"g24_asm":{"dem_pct":37.3,"margin_dem":-25.3,"votes_two_party":391,"winner":"Rep"}},"geometry":{"type":"Polygon","coordinates":[[[-121.34314,38.64742],[-121.34763,38.64507],[-121.34812,38.64511],[-121.34881,38.64481],[-121.35059,38.6455],[-121.35055,38.65201],[-121.34727,38.65362],[-121.34591,38.65595],[-121.3461,38.65742],[-121.34593,38.66083],[-121.34481,38.66809],[-121.33837,38.668],[-121.33753,38.668],[-121.33669,38.66289],[-121.33696,38.66132],[-121.33605,38.6606],[-121.33608,38.65938],[-121.33618,38.65856],[-121.33675,38.6579],[-121.33715,38.65724],[-121.33708,38.65669],[-121.33733,38.65609],[-121.33832,38.65514],[-121.33922,38.65468],[-121.34026,38.65431],[-121.34123,38.6537],[-121.34179,38.6533],[-121.34221,38.65228],[-121.34259,38.65143],[-121.3422,38.65063],[-121.34163,38.64984],[-121.34169,38.64908],[-121.34258,38.64799],[-121.34314,38.64742]]]},"geometry_g24":{"type":"MultiPolygon","coordinates":[[[[-121.34128,38.66077],[-121.34379,38.6608],[-121.34393,38.6608],[-121.34593,38.66083],[-121.34594,38.66165],[-121.34591,38.66494],[-121.34589,38.66627],[-121.34586,38.6681],[-121.34411,38.66808],[-121.34267,38.66806],[-121.33843,38.66801],[-121.33837,38.668],[-121.3383,38.66798],[-121.33826,38.66796],[-121.33823,38.66794],[-121.33817,38.66788],[-121.33811,38.66779],[-121.33811,38.66779],[-121.33786,38.66788],[-121.33755,38.66799],[-121.33753,38.668],[-121.33669,38.66827],[-121.33669,38.66799],[-121.33669,38.6647],[-121.33669,38.66396],[-121.33669,38.66263],[-121.33669,38.66263],[-121.3367,38.66238],[-121.33673,38.66217],[-121.33673,38.66212],[-121.33677,38.66195],[-121.33682,38.66172],[-121.33688,38.66153],[-121.33696,38.66135],[-121.33696,38.66132],[-121.33706,38.66112],[-121.33707,38.66109],[-121.3372,38.66085],[-121.33727,38.66074],[-121.33728,38.66073],[-121.34128,38.66077]]],[[[-121.33789,38.66787],[-121.33789,38.66788],[-121.33786,38.66788],[-121.33792,38.66786],[-121.33789,38.66787],[-121.33789,38.66787]]]]}},{"type":"Feature","properties":{"county_fips":67,"srprec":"0025155","precinct_id":"067-0025155","county_name":"Sacramento","area_sq_mi":0.443,"place_primary":"Carmichael","place_primary_share":100.0,"place_also":[],"places":[{"name":"Carmichael","geoid":"0611390","kind":"cdp","pct":100.0}],"bbox":[-121.33728,38.66063,-121.3182,38.66799],"g22_asm":{"dem_pct":50.8,"margin_dem":1.6,"votes_two_party":919,"winner":"Dem"},"g24_asm":{"dem_pct":48.1,"margin_dem":-3.7,"votes_two_party":1234,"winner":"Rep"}},"geometry":{"type":"MultiPolygon","coordinates":[[[[-121.33669,38.66799],[-121.33471,38.66797],[-121.32924,38.6679],[-121.32711,38.66796],[-121.32377,38.66797],[-121.31876,38.66799],[-121.31871,38.66761],[-121.3193,38.66714],[-121.31952,38.66688],[-121.3192,38.66637],[-121.31918,38.66599],[-121.31938,38.66558],[-121.31949,38.66531],[-121.31946,38.66495],[-121.31932,38.66471],[-121.31891,38.66468],[-121.3185,38.66481],[-121.31831,38.66465],[-121.31822,38.66445],[-121.3182,38.66349],[-121.31919,38.66345],[-121.31998,38.66331],[-121.32075,38.66308],[-121.3215,38.66273],[-121.32316,38.66166],[-121.32405,38.6612],[-121.32492,38.6609],[-121.32585,38.66071],[-121.32681,38.66063],[-121.33428,38.6607],[-121.33728,38.66073],[-121.33696,38.66132],[-121.33676,38.66195],[-121.33669,38.66263],[-121.33669,38.6644],[-121.33669,38.66799]]],[[[-121.34632,38.68241],[-121.34608,38.68241],[-121.34584,38.68241],[-121.34585,38.68174],[-121.34592,38.6817],[-121.34597,38.68168],[-121.34602,38.68166],[-121.34608,38.68164],[-121.34614,38.68163],[-121.34632,38.68163],[-121.34632,38.68241]]]]},"geometry_g24":{"type":"Polygon","coordinates":[[[-121.33471,38.66796],[-121.32737,38.66788],[-121.32726,38.66791],[-121.32299,38.66797],[-121.31876,38.66777],[-121.31869,38.66757],[-121.31945,38.66704],[-121.31946,38.66681],[-121.31917,38.66623],[-121.31927,38.66576],[-121.31947,38.6654],[-121.31946,38.66495],[-121.31931,38.66471],[-121.31904,38.66458],[-121.31869,38.6649],[-121.31837,38.66472],[-121.31822,38.66445],[-121.3182,38.66349],[-121.31919,38.66345],[-121.32018,38.66326],[-121.32094,38.663],[-121.32296,38.66179],[-121.32405,38.6612],[-121.32493,38.6609],[-121.32617,38.66067],[-121.32729,38.66063],[-121.33203,38.66068],[-121.33594,38.66072],[-121.33728,38.66073],[-121.33706,38.66112],[-121.33688,38.66153],[-121.33677,38.66195],[-121.3367,38.66238],[-121.33669,38.66289],[-121.33669,38.66799],[-121.33471,38.66796]],[[-121.33321,38.66462],[-121.33321,38.66462],[-121.33321,38.66462]],[[-121.33321,38.66462],[-121.33321,38.66462],[-121.33327,38.66455],[-121.33327,38.66455],[-121.33321,38.66462]],[[-121.33338,38.66445],[-121.33338,38.66445],[-121.33327,38.66455],[-121.33327,38.66455],[-121.33338,38.66445],[-121.33347,38.66433],[-121.33347,38.66433],[-121.33338,38.66445]],[[-121.3337,38.66408],[-121.33357,38.66423],[-121.33357,38.66423],[-121.33347,38.66433],[-121.33357,38.66423],[-121.3337,38.66408],[-121.33385,38.66394],[-121.3337,38.66408]],[[-121.33391,38.66393],[-121.33396,38.66391],[-121.33396,38.66391],[-121.33391,38.66393]],[[-121.33415,38.6636],[-121.33416,38.6636],[-121.33416,38.6636],[-121.33415,38.6636]],[[-121.33419,38.66357],[-121.33424,38.66353],[-121.33424,38.66353],[-121.33434,38.66349],[-121.33434,38.66349],[-121.33424,38.66353],[-121.33419,38.66357]],[[-121.33424,38.66329],[-121.33424,38.66329],[-121.33424,38.66329]],[[-121.33424,38.66329],[-121.33424,38.66329],[-121.33425,38.66319],[-121.33425,38.66319],[-121.33424,38.66329]],[[-121.33426,38.66334],[-121.33426,38.66334],[-121.33424,38.66329],[-121.33424,38.66329],[-121.33426,38.66334]],[[-121.33426,38.66334],[-121.33426,38.66334],[-121.33426,38.66334]],[[-121.33472,38.66235],[-121.33472,38.66235],[-121.33472,38.66235]],[[-121.33476,38.66223],[-121.33476,38.66223],[-121.33476,38.66223]],[[-121.33492,38.66172],[-121.33492,38.66172],[-121.33494,38.66167],[-121.33494,38.66167],[-121.33492,38.66172]],[[-121.33494,38.66167],[-121.33503,38.66159],[-121.33494,38.66167]],[[-121.33505,38.66158],[-121.33504,38.66158],[-121.33505,38.66158],[-121.3352,38.66151],[-121.33532,38.66145],[-121.33532,38.66145],[-121.3352,38.66151],[-121.33505,38.66158]],[[-121.3354,38.66139],[-121.33541,38.66139],[-121.33532,38.66145],[-121.3354,38.66139]],[[-121.33541,38.66139],[-121.33546,38.66133],[-121.33541,38.66139]],[[-121.33578,38.66094],[-121.33578,38.66093],[-121.33578,38.66093],[-121.33578,38.66094]]]}},{"type":"Feature","properties":{"county_fips":67,"srprec":"0025227","precinct_id":"067-0025227","county_name":"Sacramento","area_sq_mi":0.486,"place_primary":"North Highlands","place_primary_share":100.0,"place_also":[],"places":[{"name":"North Highlands","geoid":"0651924","kind":"cdp","pct":100.0}],"bbox":[-121.36806,38.6536,-121.34583,38.661],"g22_asm":{"dem_pct":54.4,"margin_dem":8.8,"votes_two_party":577,"winner":"Dem"},"g24_asm":{"dem_pct":52.0,"margin_dem":3.9,"votes_two_party":897,"winner":"Dem"}},"geometry":{"type":"Polygon","coordinates":[[[-121.36806,38.65394],[-121.36325,38.65827],[-121.36145,38.6599],[-121.35984,38.661],[-121.35917,38.66099],[-121.35763,38.66097],[-121.35655,38.66096],[-121.35371,38.66092],[-121.35053,38.66088],[-121.34593,38.66083],[-121.34592,38.65922],[-121.34583,38.65838],[-121.34596,38.65743],[-121.34623,38.65702],[-121.34597,38.6566],[-121.34592,38.65639],[-121.34591,38.65595],[-121.34591,38.65476],[-121.3459,38.65368],[-121.34714,38.65362],[-121.34815,38.65363],[-121.34932,38.65364],[-121.352,38.65368],[-121.35436,38.65371],[-121.35471,38.65376],[-121.35675,38.65379],[-121.35857,38.65382],[-121.35934,38.65383],[-121.36046,38.65384],[-121.36148,38.65386],[-121.36217,38.65387],[-121.36686,38.65393],[-121.36748,38.65393],[-121.36806,38.65394]]]},"geometry_g24":{"type":"Polygon","coordinates":[[[-121.35233,38.65368],[-121.35451,38.65373],[-121.35471,38.65376],[-121.35675,38.65379],[-121.35879,38.65382],[-121.35977,38.65383],[-121.35977,38.65383],[-121.36148,38.65386],[-121.36217,38.65387],[-121.36686,38.65393],[-121.3669,38.65393],[-121.36806,38.65394],[-121.36435,38.65728],[-121.36207,38.65933],[-121.36025,38.661],[-121.35984,38.661],[-121.35917,38.66099],[-121.35781,38.66097],[-121.35673,38.66096],[-121.35371,38.66092],[-121.35053,38.66088],[-121.35053,38.66088],[-121.34593,38.66083],[-121.34593,38.65993],[-121.34592,38.65922],[-121.34583,38.65838],[-121.34586,38.65747],[-121.34596,38.65743],[-121.3461,38.65742],[-121.34623,38.65702],[-121.34612,38.65667],[-121.34597,38.6566],[-121.34593,38.65649],[-121.34591,38.65626],[-121.34591,38.65532],[-121.3459,38.65434],[-121.34593,38.65361],[-121.34593,38.6536],[-121.34727,38.65362],[-121.34923,38.65364],[-121.3505,38.65366],[-121.35055,38.65366],[-121.352,38.65368],[-121.35233,38.65368]],[[-121.35054,38.65754],[-121.35054,38.65754],[-121.35054,38.65754],[-121.35054,38.65754],[-121.35054,38.65754],[-121.35054,38.65754],[-121.35054,38.65754],[-121.35054,38.65754]],[[-121.35108,38.65726],[-121.35108,38.65726],[-121.35108,38.65726]],[[-121.35139,38.65748],[-121.35139,38.65748],[-121.35139,38.65748],[-121.35139,38.65748]],[[-121.35163,38.65726],[-121.35163,38.65726],[-121.35163,38.65726],[-121.35163,38.65726]]]}},{"type":"Feature","properties":{"county_fips":67,"srprec":"0025278","precinct_id":"067-0025278","county_name":"Sacramento","area_sq_mi":0.451,"place_primary":"North Highlands","place_primary_share":99.6,"place_also":[],"places":[{"name":"North Highlands","geoid":"0651924","kind":"cdp","pct":99.6},{"name":"Carmichael","geoid":"0611390","kind":"cdp","pct":0.4}],"bbox":[-121.35059,38.64425,-121.33728,38.66083],"g22_asm":null,"g24_asm":{"dem_pct":54.5,"margin_dem":9.1,"votes_two_party":605,"winner":"Dem"}},"geometry":{"type":"MultiPolygon","coordinates":[[[[-121.34314,38.64742],[-121.34485,38.64634],[-121.3478,38.64507],[-121.34817,38.6451],[-121.34881,38.64481],[-121.35059,38.64425],[-121.35057,38.64901],[-121.34923,38.65364],[-121.34593,38.6536],[-121.34592,38.65639],[-121.3461,38.65742],[-121.34592,38.65969],[-121.34363,38.6608],[-121.33752,38.66027],[-121.33789,38.65738],[-121.33745,38.65592],[-121.33797,38.65534],[-121.33846,38.65506],[-121.33901,38.65481],[-121.33974,38.65451],[-121.34026,38.65431],[-121.34096,38.65396],[-121.34144,38.65359],[-121.34167,38.65336],[-121.34207,38.65313],[-121.34226,38.65218],[-121.34251,38.65176],[-121.34259,38.65121],[-121.3423,38.65072],[-121.34186,38.65036],[-121.34169,38.64999],[-121.34136,38.64963],[-121.34175,38.64886],[-121.34258,38.64799],[-121.34301,38.64762],[-121.34314,38.64742]],[[-121.33879,38.65532],[-121.33827,38.65533],[-121.33827,38.65533],[-121.33879,38.65532]],[[-121.34192,38.65399],[-121.3419,38.65401],[-121.34192,38.65399]],[[-121.34193,38.65397],[-121.34192,38.65399],[-121.34192,38.65399],[-121.34193,38.65397]],[[-121.34204,38.6538],[-121.3422,38.65356],[-121.3422,38.65356],[-121.34204,38.6538]],[[-121.3438,38.65358],[-121.3422,38.65356],[-121.34379,38.65358],[-121.3438,38.65358]]],[[[-121.34452,38.64655],[-121.34452,38.64655],[-121.34452,38.64655]]]]}},{"type":"Feature","properties":{"county_fips":67,"srprec":"0025404","precinct_id":"067-0025404","county_name":"Sacramento","area_sq_mi":0.021,"place_primary":"North Highlands","place_primary_share":99.7,"place_also":[],"places":[{"name":"North Highlands","geoid":"0651924","kind":"cdp","pct":99.7},{"name":"Carmichael","geoid":"0611390","kind":"cdp","pct":0.3}],"bbox":[-121.33789,38.65592,-121.33594,38.66073],"g22_asm":null,"g24_asm":{"dem_pct":65.7,"margin_dem":31.3,"votes_two_party":67,"winner":"Dem"}},"geometry":{"type":"MultiPolygon","coordinates":[[[[-121.33775,38.65667],[-121.33789,38.65738],[-121.33771,38.65932],[-121.33757,38.66013],[-121.33734,38.66064],[-121.33594,38.66072],[-121.33604,38.66061],[-121.33605,38.6606],[-121.33611,38.66048],[-121.33609,38.66],[-121.3361,38.65974],[-121.33602,38.6593],[-121.336,38.65916],[-121.33602,38.65882],[-121.33609,38.6587],[-121.33624,38.65829],[-121.33631,38.6582],[-121.33635,38.65812],[-121.33655,38.65807],[-121.3366,38.65803],[-121.33666,38.65798],[-121.33675,38.6579],[-121.33693,38.65752],[-121.33703,38.65743],[-121.33715,38.65724],[-121.3371,38.65711],[-121.33709,38.65695],[-121.33708,38.65676],[-121.3371,38.65664],[-121.33711,38.65645],[-121.33723,38.6562],[-121.3373,38.65611],[-121.33745,38.65592],[-121.33775,38.65667]]],[[[-121.33663,38.65801],[-121.33663,38.65801],[-121.33663,38.65802],[-121.33663,38.65801]]],[[[-121.33675,38.6579],[-121.33675,38.6579],[-121.33675,38.6579]]]]}},{"type":"Feature","properties":{"county_fips":67,"srprec":"0025432","precinct_id":"067-0025432","county_name":"Sacramento","area_sq_mi":0.42,"place_primary":"Carmichael","place_primary_share":99.5,"place_also":[],"places":[{"name":"Carmichael","geoid":"0611390","kind":"cdp","pct":99.5},{"name":"North Highlands","geoid":"0651924","kind":"cdp","pct":0.5}],"bbox":[-121.33745,38.64799,-121.32742,38.66072],"g22_asm":{"dem_pct":68.4,"margin_dem":36.8,"votes_two_party":418,"winner":"Dem"},"g24_asm":{"dem_pct":55.2,"margin_dem":10.5,"votes_two_party":1200,"winner":"Dem"}},"geometry":{"type":"Polygon","coordinates":[[[-121.33203,38.66068],[-121.32743,38.66006],[-121.32747,38.65823],[-121.3275,38.657],[-121.32752,38.65607],[-121.32844,38.65606],[-121.32892,38.65599],[-121.32939,38.65588],[-121.32976,38.6557],[-121.33227,38.6557],[-121.33485,38.6557],[-121.33539,38.65528],[-121.33584,38.65536],[-121.33619,38.65548],[-121.3363,38.6557],[-121.33651,38.65593],[-121.33679,38.65612],[-121.33719,38.65619],[-121.33711,38.65633],[-121.33714,38.6565],[-121.33708,38.65669],[-121.33711,38.65686],[-121.33708,38.65706],[-121.33714,38.65719],[-121.33705,38.65734],[-121.33697,38.65749],[-121.33687,38.65755],[-121.33675,38.6579],[-121.33663,38.65801],[-121.33635,38.65812],[-121.33624,38.65829],[-121.33608,38.6587],[-121.336,38.65894],[-121.336,38.65916],[-121.33608,38.65938],[-121.33611,38.65989],[-121.33609,38.66015],[-121.33611,38.66049],[-121.33599,38.66064],[-121.33428,38.6607],[-121.33203,38.66068]]]},"geometry_g24":{"type":"MultiPolygon","coordinates":[[[[-121.33109,38.64799],[-121.3367,38.65349],[-121.33687,38.65452],[-121.33699,38.65484],[-121.33732,38.65609],[-121.33723,38.6562],[-121.33711,38.65645],[-121.33709,38.65666],[-121.33711,38.65686],[-121.33708,38.65706],[-121.33715,38.65724],[-121.33703,38.65743],[-121.33683,38.65765],[-121.33673,38.65792],[-121.33663,38.65802],[-121.3365,38.65809],[-121.33631,38.6582],[-121.33624,38.65829],[-121.33609,38.6587],[-121.336,38.65894],[-121.336,38.65916],[-121.33608,38.65938],[-121.33611,38.65989],[-121.33609,38.66015],[-121.33611,38.66049],[-121.33601,38.66063],[-121.33594,38.66072],[-121.32745,38.6591],[-121.32753,38.65607],[-121.32755,38.65534],[-121.32759,38.65325],[-121.3277,38.64909],[-121.3286,38.64905],[-121.32908,38.64895],[-121.33108,38.64799],[-121.33109,38.64799]],[[-121.33004,38.65556],[-121.33004,38.65556],[-121.33004,38.65556],[-121.33004,38.65556]],[[-121.33213,38.65566],[-121.33213,38.65566],[-121.33213,38.65566],[-121.33213,38.65566]]],[[[-121.33602,38.65882],[-121.33602,38.65882],[-121.33602,38.65882]]]]}},{"type":"Feature","properties":{"county_fips":67,"srprec":"0025451","precinct_id":"067-0025451","county_name":"Sacramento","area_sq_mi":0.382,"place_primary":"Carmichael","place_primary_share":99.6,"place_also":[],"places":[{"name":"Carmichael","geoid":"0611390","kind":"cdp","pct":99.6},{"name":"North Highlands","geoid":"0651924","kind":"cdp","pct":0.4}],"bbox":[-121.34261,38.64799,-121.32752,38.6562],"g22_asm":{"dem_pct":54.7,"margin_dem":9.3,"votes_two_party":845,"winner":"Dem"},"g24_asm":null},"geometry":{"type":"Polygon","coordinates":[[[-121.33109,38.64799],[-121.34085,38.6481],[-121.3419,38.64839],[-121.34169,38.64908],[-121.34137,38.6497],[-121.34169,38.64999],[-121.34186,38.65036],[-121.34236,38.65083],[-121.34261,38.65133],[-121.34246,38.65187],[-121.34221,38.65228],[-121.34207,38.65313],[-121.34167,38.65336],[-121.34144,38.65359],[-121.34111,38.65383],[-121.34039,38.65429],[-121.33982,38.65448],[-121.33922,38.65468],[-121.33869,38.65494],[-121.33816,38.65519],[-121.33761,38.6557],[-121.33723,38.6562],[-121.33665,38.65605],[-121.33629,38.6556],[-121.33559,38.65531],[-121.33307,38.6557],[-121.32954,38.65583],[-121.32868,38.65603],[-121.32753,38.65592],[-121.32757,38.65401],[-121.32768,38.64919],[-121.32878,38.64902],[-121.32975,38.64863],[-121.33109,38.64799]]]}},{"type":"Feature","properties":{"county_fips":67,"srprec":"0025493","precinct_id":"067-0025493","county_name":"Sacramento","area_sq_mi":0.047,"place_primary":"Carmichael","place_primary_share":100.0,"place_also":[],"places":[{"name":"Carmichael","geoid":"0611390","kind":"cdp","pct":100.0}],"bbox":[-121.34452,38.63887,-121.32768,38.64909],"g22_asm":{"dem_pct":55.5,"margin_dem":10.9,"votes_two_party":741,"winner":"Dem"},"g24_asm":{"dem_pct":57.5,"margin_dem":15.1,"votes_two_party":902,"winner":"Dem"}},"geometry":{"type":"MultiPolygon","coordinates":[[[[-121.3279,38.64251],[-121.33109,38.64799],[-121.33108,38.64799],[-121.32975,38.64863],[-121.32924,38.64888],[-121.32908,38.64895],[-121.3289,38.649],[-121.32878,38.64902],[-121.3286,38.64905],[-121.32841,38.64906],[-121.32768,38.64909],[-121.32771,38.64795],[-121.32777,38.64612],[-121.32782,38.6446],[-121.32788,38.6425],[-121.32793,38.64053],[-121.32797,38.63887],[-121.328,38.63887],[-121.3279,38.64251]]],[[[-121.34312,38.64743],[-121.34309,38.64748],[-121.34301,38.64762],[-121.34286,38.64785],[-121.34278,38.64792],[-121.34258,38.64799],[-121.34229,38.64813],[-121.34221,38.64818],[-121.34169,38.64811],[-121.34129,38.64811],[-121.34085,38.6481],[-121.34011,38.64809],[-121.33995,38.64809],[-121.34312,38.64743]]],[[[-121.34452,38.64655],[-121.34452,38.64655],[-121.34445,38.64664],[-121.34429,38.6467],[-121.34428,38.6467],[-121.34452,38.64655]]]]},"geometry_g24":{"type":"MultiPolygon","coordinates":[[[[-121.33108,38.64799],[-121.33108,38.64799],[-121.33108,38.64799],[-121.33106,38.648],[-121.33106,38.648],[-121.32975,38.64863],[-121.32924,38.64888],[-121.32924,38.64888],[-121.32924,38.64888],[-121.32908,38.64895],[-121.32908,38.64895],[-121.32908,38.64895],[-121.3289,38.649],[-121.3289,38.649],[-121.3289,38.649],[-121.32878,38.64902],[-121.32878,38.64902],[-121.32878,38.64902],[-121.32873,38.64903],[-121.3286,38.64905],[-121.3286,38.64905],[-121.3286,38.64905],[-121.32841,38.64906],[-121.32841,38.64906],[-121.32841,38.64906],[-121.32815,38.64907],[-121.32772,38.64908],[-121.32769,38.64909],[-121.32768,38.64909],[-121.32768,38.64909],[-121.32768,38.64909],[-121.32771,38.64795],[-121.32771,38.64795],[-121.32771,38.64795],[-121.32774,38.64795],[-121.33108,38.64799]]],[[[-121.32774,38.64795],[-121.32771,38.64795],[-121.32771,38.64795],[-121.32771,38.64795],[-121.32777,38.64612],[-121.32782,38.6446],[-121.32782,38.6446],[-121.32788,38.6425],[-121.32788,38.6425],[-121.32788,38.6425],[-121.32789,38.6425],[-121.32789,38.6425],[-121.32792,38.64125],[-121.32793,38.64053],[-121.32793,38.64053],[-121.32793,38.64053],[-121.32793,38.64053],[-121.32797,38.63887],[-121.32797,38.63887],[-121.32797,38.63887],[-121.32797,38.63887],[-121.328,38.63887],[-121.3279,38.64251],[-121.33109,38.64799],[-121.33108,38.64799],[-121.32774,38.64795]]],[[[-121.34312,38.64743],[-121.34309,38.64748],[-121.34309,38.64748],[-121.34309,38.64748],[-121.34301,38.64762],[-121.34301,38.64762],[-121.34293,38.64773],[-121.3429,38.64778],[-121.34288,38.64781],[-121.34286,38.64784],[-121.34286,38.64785],[-121.34286,38.64785],[-121.34278,38.64792],[-121.34278,38.64792],[-121.34266,38.64796],[-121.34258,38.64799],[-121.34258,38.64799],[-121.34258,38.64799],[-121.34255,38.648],[-121.34229,38.64813],[-121.34229,38.64813],[-121.34221,38.64818],[-121.34221,38.64818],[-121.34182,38.64813],[-121.34169,38.64811],[-121.34142,38.64811],[-121.34129,38.64811],[-121.34129,38.64811],[-121.34085,38.6481],[-121.34022,38.6481],[-121.34011,38.64809],[-121.33995,38.64809],[-121.34312,38.64743]]],[[[-121.34169,38.64811],[-121.34169,38.64811],[-121.34169,38.64811]]],[[[-121.34452,38.64655],[-121.34452,38.64655],[-121.34452,38.64655],[-121.34447,38.64661],[-121.34445,38.64664],[-121.34445,38.64664],[-121.34445,38.64664],[-121.34435,38.64668],[-121.34429,38.6467],[-121.34429,38.6467],[-121.34429,38.6467],[-121.34429,38.6467],[-121.34428,38.6467],[-121.34452,38.64655]]]]}},{"type":"Feature","properties":{"county_fips":67,"srprec":"0025501","precinct_id":"067-0025501","county_name":"Sacramento","area_sq_mi":0.128,"place_primary":"Carmichael","place_primary_share":98.8,"place_also":[],"places":[{"name":"Carmichael","geoid":"0611390","kind":"cdp","pct":98.8},{"name":"North Highlands","geoid":"0651924","kind":"cdp","pct":1.2}],"bbox":[-121.34261,38.64806,-121.3367,38.65592],"g22_asm":null,"g24_asm":{"dem_pct":51.3,"margin_dem":2.6,"votes_two_party":386,"winner":"Dem"}},"geometry":{"type":"Polygon","coordinates":[[[-121.33991,38.6481],[-121.34169,38.64811],[-121.34218,38.6482],[-121.34175,38.64886],[-121.34156,38.6493],[-121.34137,38.6497],[-121.34163,38.64984],[-121.34172,38.65012],[-121.34186,38.65036],[-121.34212,38.65058],[-121.34236,38.65083],[-121.3426,38.65121],[-121.34251,38.65176],[-121.34241,38.65198],[-121.34221,38.65228],[-121.34212,38.65281],[-121.34188,38.65329],[-121.34167,38.65336],[-121.34161,38.65352],[-121.34123,38.6537],[-121.34096,38.65396],[-121.34046,38.65426],[-121.34014,38.65433],[-121.33974,38.65451],[-121.33922,38.65468],[-121.33901,38.65481],[-121.33861,38.65499],[-121.33828,38.65515],[-121.33769,38.65559],[-121.33745,38.65592],[-121.33694,38.65471],[-121.33671,38.65373],[-121.33671,38.64946],[-121.33991,38.6481]]]}},{"type":"Feature","properties":{"county_fips":67,"srprec":"0025560","precinct_id":"067-0025560","county_name":"Sacramento","area_sq_mi":0.006,"place_primary":"Unincorporated Sacramento County","place_primary_share":41.4,"place_also":["North Highlands","Carmichael"],"places":[{"name":"Arden-Arcade","geoid":"0602553","kind":"cdp","pct":41.4},{"name":"North Highlands","geoid":"0651924","kind":"cdp","pct":37.5},{"name":"Carmichael","geoid":"0611390","kind":"cdp","pct":21.1}],"bbox":[-121.36158,38.64319,-121.34768,38.64511],"g22_asm":{"dem_pct":46.4,"margin_dem":-7.2,"votes_two_party":828,"winner":"Rep"},"g24_asm":{"dem_pct":52.0,"margin_dem":3.9,"votes_two_party":966,"winner":"Dem"}},"geometry":{"type":"MultiPolygon","coordinates":[[[[-121.34866,38.64488],[-121.34854,38.64493],[-121.34834,38.64505],[-121.34828,38.64507],[-121.34817,38.6451],[-121.34812,38.64511],[-121.348,38.64511],[-121.34794,38.6451],[-121.3478,38.64507],[-121.34778,38.64507],[-121.34772,38.64506],[-121.34768,38.64506],[-121.34866,38.64488]]],[[[-121.3506,38.6439],[-121.35059,38.64425],[-121.34948,38.64456],[-121.34928,38.64462],[-121.34881,38.64481],[-121.3506,38.6439]]],[[[-121.35154,38.64341],[-121.35144,38.64352],[-121.35118,38.64367],[-121.35105,38.6437],[-121.35096,38.64371],[-121.35154,38.64341]]],[[[-121.35299,38.6432],[-121.35297,38.64321],[-121.35289,38.64319],[-121.35299,38.6432]]],[[[-121.35401,38.64334],[-121.35394,38.64334],[-121.35373,38.64329],[-121.35401,38.64334]]],[[[-121.35475,38.64347],[-121.35475,38.64347],[-121.35474,38.64346],[-121.35475,38.64347]]],[[[-121.35733,38.6439],[-121.35714,38.6439],[-121.35674,38.6439],[-121.35629,38.64394],[-121.35591,38.64386],[-121.35553,38.6437],[-121.35528,38.64361],[-121.35514,38.64353],[-121.35733,38.6439]]],[[[-121.36158,38.64457],[-121.36089,38.64464],[-121.36015,38.64469],[-121.35968,38.64467],[-121.35945,38.6446],[-121.3589,38.64452],[-121.35873,38.64451],[-121.35829,38.64428],[-121.35813,38.64421],[-121.35801,38.6441],[-121.35785,38.64401],[-121.35758,38.64394],[-121.36158,38.64457]]]]},"geometry_g24":{"type":"MultiPolygon","coordinates":[[[[-121.34866,38.64488],[-121.34856,38.64493],[-121.34854,38.64493],[-121.34854,38.64493],[-121.34854,38.64494],[-121.34853,38.64494],[-121.34834,38.64505],[-121.34834,38.64505],[-121.34833,38.64505],[-121.34829,38.64506],[-121.34828,38.64507],[-121.34828,38.64507],[-121.34824,38.64508],[-121.34817,38.6451],[-121.34817,38.6451],[-121.34815,38.6451],[-121.34812,38.64511],[-121.34812,38.64511],[-121.34806,38.64511],[-121.348,38.64511],[-121.348,38.64511],[-121.34796,38.64511],[-121.34794,38.6451],[-121.34794,38.6451],[-121.34784,38.64508],[-121.3478,38.64507],[-121.3478,38.64507],[-121.3478,38.64507],[-121.34778,38.64507],[-121.34778,38.64507],[-121.34778,38.64507],[-121.34777,38.64507],[-121.34776,38.64507],[-121.34772,38.64506],[-121.34772,38.64506],[-121.34772,38.64506],[-121.34768,38.64506],[-121.34866,38.64488]]],[[[-121.3506,38.6439],[-121.3506,38.64396],[-121.35059,38.64425],[-121.35059,38.64425],[-121.35059,38.64425],[-121.35058,38.64426],[-121.35054,38.64427],[-121.35016,38.64437],[-121.35011,38.64438],[-121.34973,38.64449],[-121.34948,38.64456],[-121.34948,38.64456],[-121.34948,38.64456],[-121.34928,38.64462],[-121.34928,38.64462],[-121.34928,38.64462],[-121.34898,38.64474],[-121.34881,38.64481],[-121.3506,38.6439]]],[[[-121.35154,38.64341],[-121.35154,38.64341],[-121.35144,38.64352],[-121.35144,38.64352],[-121.35144,38.64352],[-121.35121,38.64365],[-121.35121,38.64365],[-121.35119,38.64366],[-121.35118,38.64367],[-121.35118,38.64367],[-121.35105,38.6437],[-121.35096,38.64371],[-121.35154,38.64341]]],[[[-121.35299,38.6432],[-121.35297,38.64321],[-121.35297,38.64321],[-121.35297,38.64321],[-121.35297,38.64321],[-121.35293,38.6432],[-121.35289,38.64319],[-121.35299,38.6432]]],[[[-121.35401,38.64334],[-121.35396,38.64334],[-121.35394,38.64334],[-121.35394,38.64334],[-121.35394,38.64334],[-121.35394,38.64334],[-121.35373,38.64329],[-121.35401,38.64334]]],[[[-121.35475,38.64347],[-121.35475,38.64347],[-121.35475,38.64347],[-121.35475,38.64347],[-121.35475,38.64347],[-121.35474,38.64346],[-121.35475,38.64347]]],[[[-121.35733,38.6439],[-121.35722,38.6439],[-121.35714,38.6439],[-121.35714,38.6439],[-121.35714,38.6439],[-121.35674,38.6439],[-121.35674,38.6439],[-121.35674,38.6439],[-121.35661,38.64391],[-121.35629,38.64394],[-121.35629,38.64394],[-121.35608,38.6439],[-121.35591,38.64386],[-121.35591,38.64386],[-121.35553,38.64371],[-121.35553,38.6437],[-121.35553,38.6437],[-121.35528,38.64361],[-121.35528,38.64361],[-121.35514,38.64353],[-121.35733,38.6439]]],[[[-121.36158,38.64457],[-121.36089,38.64464],[-121.36089,38.64464],[-121.36089,38.64464],[-121.36015,38.64469],[-121.36014,38.64469],[-121.35968,38.64468],[-121.35968,38.64467],[-121.35955,38.64463],[-121.35946,38.64461],[-121.35945,38.6446],[-121.35945,38.6446],[-121.3589,38.64452],[-121.3589,38.64452],[-121.3589,38.64452],[-121.35873,38.64452],[-121.35873,38.64451],[-121.35873,38.64451],[-121.35829,38.64428],[-121.35813,38.64421],[-121.35813,38.64421],[-121.35804,38.64413],[-121.35801,38.6441],[-121.35801,38.6441],[-121.35792,38.64405],[-121.35785,38.64401],[-121.35785,38.64401],[-121.35785,38.64401],[-121.35776,38.64399],[-121.35758,38.64394],[-121.36158,38.64457]]]]}},{"type":"Feature","properties":{"county_fips":67,"srprec":"0025703","precinct_id":"067-0025703","county_name":"Sacramento","area_sq_mi":0.0,"place_primary":"Carmichael","place_primary_share":100.0,"place_also":[],"places":[{"name":"Carmichael","geoid":"0611390","kind":"cdp","pct":100.0}],"bbox":[-121.3281,38.63525,-121.32797,38.63887],"g22_asm":{"dem_pct":57.2,"margin_dem":14.4,"votes_two_party":1145,"winner":"Dem"},"g24_asm":{"dem_pct":60.4,"margin_dem":20.8,"votes_two_party":1277,"winner":"Dem"}},"geometry":{"type":"Polygon","coordinates":[[[-121.328,38.63887],[-121.32797,38.63887],[-121.32801,38.6369],[-121.32804,38.63573],[-121.32805,38.63571],[-121.32808,38.63555],[-121.32809,38.63545],[-121.32809,38.63525],[-121.3281,38.63525],[-121.328,38.63887]]]},"geometry_g24":{"type":"Polygon","coordinates":[[[-121.328,38.63887],[-121.32797,38.63887],[-121.32797,38.63887],[-121.32797,38.63887],[-121.32797,38.63887],[-121.32799,38.63796],[-121.32801,38.63694],[-121.32801,38.63691],[-121.32804,38.63573],[-121.32804,38.63573],[-121.32804,38.63572],[-121.32805,38.63571],[-121.32805,38.63571],[-121.32807,38.63558],[-121.32808,38.63556],[-121.32808,38.63555],[-121.32808,38.63555],[-121.32808,38.63555],[-121.32809,38.63545],[-121.32809,38.63545],[-121.32809,38.63545],[-121.32809,38.63527],[-121.32809,38.63526],[-121.32809,38.63525],[-121.32809,38.63525],[-121.32809,38.63525],[-121.3281,38.63525],[-121.328,38.63887]]]}},{"type":"Feature","properties":{"county_fips":67,"srprec":"0025770","precinct_id":"067-0025770","county_name":"Sacramento","area_sq_mi":0.001,"place_primary":"Carmichael","place_primary_share":100.0,"place_also":[],"places":[{"name":"Carmichael","geoid":"0611390","kind":"cdp","pct":100.0}],"bbox":[-121.32839,38.62514,-121.32809,38.63525],"g22_asm":{"dem_pct":59.6,"margin_dem":19.2,"votes_two_party":151,"winner":"Dem"},"g24_asm":{"dem_pct":54.8,"margin_dem":9.5,"votes_two_party":1428,"winner":"Dem"}},"geometry":{"type":"Polygon","coordinates":[[[-121.32826,38.62972],[-121.3282,38.63169],[-121.3281,38.63525],[-121.32809,38.63525],[-121.32809,38.63525],[-121.32809,38.63525],[-121.3281,38.63482],[-121.32811,38.63453],[-121.32814,38.63349],[-121.32814,38.63349],[-121.32814,38.63349],[-121.32814,38.63326],[-121.32816,38.63269],[-121.32817,38.63208],[-121.32817,38.63208],[-121.32818,38.63169],[-121.32818,38.63168],[-121.32818,38.63168],[-121.32818,38.63168],[-121.32823,38.62972],[-121.32823,38.62972],[-121.32823,38.62972],[-121.32823,38.62972],[-121.32823,38.62972],[-121.32825,38.62972],[-121.32823,38.62972],[-121.32823,38.62972],[-121.32823,38.62972],[-121.32826,38.62876],[-121.32829,38.62783],[-121.32835,38.62624],[-121.32835,38.62603],[-121.32836,38.62603],[-121.32839,38.62514],[-121.32826,38.62972]]]}},{"type":"Feature","properties":{"county_fips":67,"srprec":"0025812","precinct_id":"067-0025812","county_name":"Sacramento","area_sq_mi":0.0,"place_primary":"Carmichael","place_primary_share":100.0,"place_also":[],"places":[{"name":"Carmichael","geoid":"0611390","kind":"cdp","pct":100.0}],"bbox":[-121.32826,38.62972,-121.32809,38.63525],"g22_asm":{"dem_pct":56.2,"margin_dem":12.5,"votes_two_party":665,"winner":"Dem"},"g24_asm":null},"geometry":{"type":"Polygon","coordinates":[[[-121.3282,38.63169],[-121.3281,38.63525],[-121.32809,38.63525],[-121.32814,38.63349],[-121.32814,38.63326],[-121.32816,38.63269],[-121.32817,38.63208],[-121.32818,38.63168],[-121.32823,38.62972],[-121.32826,38.62972],[-121.3282,38.63169]]]}},{"type":"Feature","properties":{"county_fips":67,"srprec":"0025845","precinct_id":"067-0025845","county_name":"Sacramento","area_sq_mi":0.0,"place_primary":"Carmichael","place_primary_share":100.0,"place_also":[],"places":[{"name":"Carmichael","geoid":"0611390","kind":"cdp","pct":100.0}],"bbox":[-121.32839,38.62514,-121.32823,38.62972],"g22_asm":{"dem_pct":52.2,"margin_dem":4.3,"votes_two_party":372,"winner":"Dem"},"g24_asm":null},"geometry":{"type":"Polygon","coordinates":[[[-121.32826,38.62972],[-121.32823,38.62972],[-121.32826,38.62876],[-121.32829,38.62783],[-121.32835,38.62624],[-121.32836,38.62603],[-121.32839,38.62514],[-121.32826,38.62972]]]}},{"type":"Feature","properties":{"county_fips":67,"srprec":"0025964","precinct_id":"067-0025964","county_name":"Sacramento","area_sq_mi":0.018,"place_primary":"Carmichael","place_primary_share":100.0,"place_also":[],"places":[{"name":"Carmichael","geoid":"0611390","kind":"cdp","pct":100.0}],"bbox":[-121.35423,38.61003,-121.34603,38.6112],"g22_asm":{"dem_pct":56.0,"margin_dem":12.1,"votes_two_party":680,"winner":"Dem"},"g24_asm":{"dem_pct":60.8,"margin_dem":21.6,"votes_two_party":1289,"winner":"Dem"}},"geometry":{"type":"Polygon","coordinates":[[[-121.35423,38.61012],[-121.35064,38.61059],[-121.35064,38.61008],[-121.35073,38.61008],[-121.35112,38.61008],[-121.35216,38.61009],[-121.35286,38.6101],[-121.35318,38.6101],[-121.35373,38.61011],[-121.35421,38.61011],[-121.35423,38.61011],[-121.35423,38.61012]]]},"geometry_g24":{"type":"Polygon","coordinates":[[[-121.35423,38.61012],[-121.34605,38.61119],[-121.34603,38.6112],[-121.34603,38.61119],[-121.34603,38.61119],[-121.34604,38.6103],[-121.34604,38.61003],[-121.34604,38.61003],[-121.34604,38.61003],[-121.34749,38.61004],[-121.34774,38.61005],[-121.34859,38.61006],[-121.3486,38.61006],[-121.34892,38.61006],[-121.35001,38.61007],[-121.35064,38.61008],[-121.35064,38.61008],[-121.35064,38.61008],[-121.35064,38.61008],[-121.35064,38.61008],[-121.35073,38.61008],[-121.35112,38.61008],[-121.35202,38.61009],[-121.35216,38.61009],[-121.35292,38.6101],[-121.35295,38.6101],[-121.35312,38.6101],[-121.35318,38.6101],[-121.35319,38.6101],[-121.35342,38.61011],[-121.35373,38.61011],[-121.35421,38.61011],[-121.35423,38.61011],[-121.35423,38.61012]]]}},{"type":"Feature","properties":{"county_fips":67,"srprec":"0025990","precinct_id":"067-0025990","county_name":"Sacramento","area_sq_mi":0.005,"place_primary":"Carmichael","place_primary_share":100.0,"place_also":[],"places":[{"name":"Carmichael","geoid":"0611390","kind":"cdp","pct":100.0}],"bbox":[-121.33113,38.61716,-121.32845,38.62224],"g22_asm":{"dem_pct":59.2,"margin_dem":18.3,"votes_two_party":436,"winner":"Dem"},"g24_asm":{"dem_pct":53.2,"margin_dem":6.5,"votes_two_party":1358,"winner":"Dem"}},"geometry":{"type":"Polygon","coordinates":[[[-121.34605,38.61119],[-121.34603,38.6112],[-121.34603,38.61119],[-121.34604,38.6103],[-121.34604,38.61003],[-121.34749,38.61004],[-121.3486,38.61006],[-121.34892,38.61006],[-121.35001,38.61007],[-121.35064,38.61008],[-121.35064,38.61059],[-121.34605,38.61119]]]},"geometry_g24":{"type":"Polygon","coordinates":[[[-121.32858,38.61826],[-121.32847,38.62224],[-121.32847,38.62222],[-121.32847,38.62222],[-121.32847,38.62222],[-121.32847,38.62222],[-121.32847,38.62222],[-121.32847,38.62222],[-121.32846,38.6222],[-121.32846,38.62219],[-121.32845,38.6221],[-121.32845,38.6221],[-121.32849,38.62078],[-121.32849,38.62077],[-121.32856,38.61826],[-121.3286,38.61716],[-121.3286,38.61716],[-121.3286,38.61716],[-121.3286,38.61716],[-121.33113,38.61719],[-121.32858,38.61826]]]}},{"type":"Feature","properties":{"county_fips":67,"srprec":"0026018","precinct_id":"067-0026018","county_name":"Sacramento","area_sq_mi":0.298,"place_primary":"Citrus Heights","place_primary_share":97.7,"place_also":[],"places":[{"name":"Citrus Heights","geoid":"0613588","kind":"city","pct":97.7},{"name":"Carmichael","geoid":"0611390","kind":"cdp","pct":2.3}],"bbox":[-121.328,38.67081,-121.30915,38.67899],"g22_asm":{"dem_pct":52.1,"margin_dem":4.2,"votes_two_party":712,"winner":"Dem"},"g24_asm":{"dem_pct":46.0,"margin_dem":-8.0,"votes_two_party":987,"winner":"Rep"}},"geometry":{"type":"Polygon","coordinates":[[[-121.3175,38.67235],[-121.31927,38.67269],[-121.31982,38.67388],[-121.3226,38.67399],[-121.32426,38.67348],[-121.32439,38.67333],[-121.32466,38.67381],[-121.32711,38.6728],[-121.32765,38.67292],[-121.32776,38.67339],[-121.32711,38.67385],[-121.3264,38.67435],[-121.32531,38.67529],[-121.32355,38.67686],[-121.3223,38.67793],[-121.3201,38.67848],[-121.31972,38.67827],[-121.3189,38.6781],[-121.31649,38.67809],[-121.3104,38.67817],[-121.3104,38.67663],[-121.31039,38.67543],[-121.31031,38.67466],[-121.31018,38.67396],[-121.31004,38.67354],[-121.30976,38.67295],[-121.30924,38.67196],[-121.3111,38.67202],[-121.31135,38.67291],[-121.31115,38.67203],[-121.31108,38.67184],[-121.31221,38.67119],[-121.31533,38.67118],[-121.31508,38.67218],[-121.3175,38.67235]]]},"geometry_g24":{"type":"Polygon","coordinates":[[[-121.31531,38.67196],[-121.31665,38.67256],[-121.31927,38.67269],[-121.31982,38.67388],[-121.32254,38.67388],[-121.32426,38.67375],[-121.32439,38.6733],[-121.32457,38.67351],[-121.32514,38.67337],[-121.32754,38.6728],[-121.32756,38.67353],[-121.32648,38.67428],[-121.32502,38.67555],[-121.32067,38.67899],[-121.31988,38.67833],[-121.31801,38.6781],[-121.3139,38.67811],[-121.3104,38.67567],[-121.31025,38.67436],[-121.31004,38.67354],[-121.30948,38.67251],[-121.31109,38.67194],[-121.3112,38.67235],[-121.31138,38.67297],[-121.3099,38.67304],[-121.31012,38.67358],[-121.31224,38.67359],[-121.31269,38.67272],[-121.3127,38.67161],[-121.31271,38.67113],[-121.31271,38.67082],[-121.3154,38.67081],[-121.31553,38.67121],[-121.31531,38.67196]]]}},{"type":"Feature","properties":{"county_fips":67,"srprec":"0026069","precinct_id":"067-0026069","county_name":"Sacramento","area_sq_mi":0.328,"place_primary":"Carmichael","place_primary_share":99.0,"place_also":[],"places":[{"name":"Carmichael","geoid":"0611390","kind":"cdp","pct":99.0},{"name":"Citrus Heights","geoid":"0613588","kind":"city","pct":1.0}],"bbox":[-121.3275,38.66791,-121.30867,38.67399],"g22_asm":{"dem_pct":50.2,"margin_dem":0.5,"votes_two_party":848,"winner":"Dem"},"g24_asm":{"dem_pct":49.6,"margin_dem":-0.8,"votes_two_party":1113,"winner":"Rep"}},"geometry":{"type":"Polygon","coordinates":[[[-121.32711,38.6728],[-121.32495,38.67366],[-121.32457,38.67351],[-121.32439,38.67333],[-121.32427,38.6733],[-121.32426,38.67374],[-121.3226,38.67399],[-121.32207,38.67388],[-121.31984,38.67291],[-121.31927,38.67269],[-121.3179,38.67225],[-121.31665,38.67256],[-121.31508,38.67218],[-121.31553,38.67121],[-121.31263,38.67097],[-121.31221,38.67119],[-121.31105,38.67143],[-121.31109,38.67191],[-121.31115,38.67203],[-121.31141,38.67291],[-121.31119,38.67235],[-121.3111,38.67202],[-121.31109,38.67193],[-121.30915,38.67196],[-121.30878,38.67121],[-121.30874,38.67095],[-121.30872,38.67057],[-121.30869,38.66902],[-121.30868,38.66879],[-121.31033,38.66801],[-121.31258,38.668],[-121.31484,38.668],[-121.31575,38.66799],[-121.32252,38.66797],[-121.32377,38.66797],[-121.32661,38.66796],[-121.32726,38.66791],[-121.32726,38.66873],[-121.32727,38.67018],[-121.32728,38.67162],[-121.32728,38.67215],[-121.32735,38.67245],[-121.32745,38.67266],[-121.32711,38.6728]]]},"geometry_g24":{"type":"Polygon","coordinates":[[[-121.32207,38.67388],[-121.31984,38.67291],[-121.3179,38.67226],[-121.31508,38.67218],[-121.3154,38.67119],[-121.31534,38.67081],[-121.31271,38.67082],[-121.31263,38.67097],[-121.31271,38.67125],[-121.3127,38.67227],[-121.31268,38.67352],[-121.31128,38.67359],[-121.31005,38.6734],[-121.30988,38.67298],[-121.31138,38.67297],[-121.31135,38.67291],[-121.31111,38.67202],[-121.31106,38.67194],[-121.30878,38.67121],[-121.30872,38.67057],[-121.30867,38.66801],[-121.31876,38.66799],[-121.32594,38.66796],[-121.32726,38.66839],[-121.32728,38.67162],[-121.32741,38.67258],[-121.3271,38.6728],[-121.32466,38.67381],[-121.32441,38.67356],[-121.32439,38.6733],[-121.32426,38.67374],[-121.3226,38.67399],[-121.32207,38.67388]]]}},{"type":"Feature","properties":{"county_fips":67,"srprec":"0026145","precinct_id":"067-0026145","county_name":"Sacramento","area_sq_mi":0.325,"place_primary":"Citrus Heights","place_primary_share":100.0,"place_also":[],"places":[{"name":"Citrus Heights","geoid":"0613588","kind":"city","pct":100.0}],"bbox":[-121.3104,38.67068,-121.29586,38.67825],"g22_asm":{"dem_pct":45.7,"margin_dem":-8.6,"votes_two_party":836,"winner":"Rep"},"g24_asm":{"dem_pct":38.6,"margin_dem":-22.7,"votes_two_party":1079,"winner":"Rep"}},"geometry":{"type":"Polygon","coordinates":[[[-121.29944,38.67374],[-121.29944,38.67373],[-121.29941,38.67137],[-121.2994,38.67122],[-121.2994,38.67081],[-121.30184,38.67078],[-121.30874,38.67095],[-121.30878,38.67121],[-121.30915,38.67196],[-121.30976,38.67295],[-121.30997,38.67336],[-121.3101,38.67368],[-121.31018,38.67396],[-121.31025,38.67436],[-121.31035,38.67499],[-121.31039,38.67543],[-121.3104,38.67567],[-121.31039,38.67793],[-121.3104,38.67817],[-121.30792,38.67819],[-121.30345,38.67819],[-121.29942,38.67822],[-121.29923,38.67822],[-121.29831,38.67823],[-121.29735,38.67816],[-121.29684,38.67667],[-121.29621,38.67636],[-121.29586,38.67619],[-121.29649,38.67564],[-121.29697,38.67529],[-121.29733,38.67519],[-121.29798,38.67498],[-121.29837,38.67455],[-121.2985,38.67435],[-121.29901,38.67417],[-121.29928,38.67443],[-121.29948,38.67445],[-121.29944,38.67374]]]},"geometry_g24":{"type":"Polygon","coordinates":[[[-121.30874,38.67093],[-121.30878,38.67121],[-121.30915,38.67196],[-121.30976,38.67295],[-121.31004,38.67354],[-121.31018,38.67396],[-121.31025,38.67436],[-121.31036,38.67511],[-121.31039,38.67543],[-121.3104,38.67567],[-121.3104,38.67812],[-121.30975,38.67817],[-121.30345,38.67819],[-121.30057,38.67821],[-121.29935,38.67822],[-121.29834,38.67823],[-121.29735,38.67825],[-121.29734,38.67816],[-121.29685,38.67737],[-121.29669,38.67655],[-121.29611,38.67636],[-121.29586,38.67619],[-121.2965,38.67564],[-121.2971,38.67526],[-121.2978,38.67504],[-121.29837,38.67456],[-121.2985,38.67435],[-121.29901,38.67417],[-121.29928,38.67443],[-121.29948,38.67445],[-121.29944,38.67374],[-121.29941,38.67137],[-121.2994,38.6712],[-121.2994,38.67068],[-121.30874,38.67079],[-121.30874,38.67093]],[[-121.3095,38.67633],[-121.3095,38.67633],[-121.3095,38.67633]],[[-121.31038,38.67633],[-121.31038,38.67633],[-121.31038,38.67633],[-121.31038,38.67633]]]}},{"type":"Feature","properties":{"county_fips":67,"srprec":"0026180","precinct_id":"067-0026180","county_name":"Sacramento","area_sq_mi":0.341,"place_primary":"Citrus Heights","place_primary_share":99.3,"place_also":[],"places":[{"name":"Citrus Heights","geoid":"0613588","kind":"city","pct":99.3},{"name":"Carmichael","geoid":"0611390","kind":"cdp","pct":0.7}],"bbox":[-121.29948,38.66355,-121.29226,38.67832],"g22_asm":{"dem_pct":47.2,"margin_dem":-5.7,"votes_two_party":810,"winner":"Rep"},"g24_asm":{"dem_pct":44.7,"margin_dem":-10.7,"votes_two_party":1030,"winner":"Rep"}},"geometry":{"type":"Polygon","coordinates":[[[-121.29934,38.6672],[-121.29942,38.67026],[-121.2994,38.67081],[-121.2994,38.67122],[-121.29941,38.67137],[-121.29944,38.67373],[-121.29944,38.67374],[-121.29942,38.67447],[-121.29912,38.67429],[-121.29853,38.6743],[-121.29838,38.67455],[-121.29813,38.67494],[-121.29779,38.67504],[-121.2971,38.67526],[-121.2965,38.67563],[-121.29628,38.67576],[-121.29611,38.67636],[-121.29647,38.67636],[-121.29686,38.67816],[-121.29602,38.67827],[-121.29245,38.67819],[-121.29242,38.67474],[-121.2924,38.6731],[-121.29238,38.67127],[-121.29237,38.67067],[-121.29236,38.66992],[-121.29235,38.66945],[-121.29233,38.66792],[-121.29229,38.66576],[-121.29279,38.66361],[-121.29424,38.66359],[-121.29587,38.66357],[-121.29666,38.66356],[-121.29768,38.66354],[-121.29774,38.66416],[-121.29775,38.66419],[-121.29786,38.66433],[-121.29799,38.6644],[-121.29815,38.66446],[-121.29847,38.66454],[-121.29861,38.66456],[-121.29866,38.6646],[-121.29883,38.66471],[-121.29924,38.66498],[-121.29934,38.6672]]]},"geometry_g24":{"type":"Polygon","coordinates":[[[-121.29924,38.66498],[-121.29932,38.66594],[-121.29942,38.67025],[-121.2994,38.67081],[-121.2994,38.67082],[-121.29941,38.67136],[-121.29944,38.67374],[-121.29942,38.67447],[-121.29912,38.67429],[-121.29852,38.67431],[-121.29837,38.67456],[-121.2978,38.67504],[-121.29697,38.67529],[-121.29586,38.67619],[-121.29611,38.67636],[-121.29684,38.67667],[-121.29686,38.67816],[-121.29602,38.67824],[-121.29245,38.67832],[-121.29241,38.6738],[-121.29237,38.67067],[-121.29235,38.66945],[-121.29233,38.66849],[-121.29226,38.66362],[-121.29526,38.66358],[-121.29768,38.66355],[-121.29774,38.66416],[-121.2978,38.66427],[-121.29799,38.6644],[-121.29832,38.66452],[-121.29857,38.66455],[-121.29866,38.6646],[-121.29901,38.66483],[-121.29924,38.66498]],[[-121.29303,38.66936],[-121.29312,38.66935],[-121.29304,38.66936],[-121.29303,38.66936]],[[-121.29455,38.67046],[-121.29455,38.67046],[-121.29378,38.66986],[-121.29455,38.67046]],[[-121.29378,38.66986],[-121.29312,38.66935],[-121.29312,38.66935],[-121.29378,38.66986]],[[-121.29667,38.67083],[-121.29725,38.67044],[-121.29725,38.67044],[-121.29667,38.67083]],[[-121.29725,38.67043],[-121.29763,38.67029],[-121.29725,38.67043]],[[-121.2986,38.6704],[-121.2986,38.6704],[-121.29849,38.67003],[-121.2986,38.6704]],[[-121.2986,38.6704],[-121.29865,38.67052],[-121.2986,38.6704]],[[-121.29894,38.67079],[-121.29927,38.67081],[-121.29894,38.67079]]]}},{"type":"Feature","properties":{"county_fips":67,"srprec":"0026244","precinct_id":"067-0026244","county_name":"Sacramento","area_sq_mi":0.413,"place_primary":"Carmichael","place_primary_share":99.6,"place_also":[],"places":[{"name":"Carmichael","geoid":"0611390","kind":"cdp","pct":99.6},{"name":"Citrus Heights","geoid":"0613588","kind":"city","pct":0.4}],"bbox":[-121.31959,38.66349,-121.29768,38.67079],"g22_asm":{"dem_pct":49.1,"margin_dem":-1.8,"votes_two_party":758,"winner":"Rep"},"g24_asm":{"dem_pct":45.2,"margin_dem":-9.6,"votes_two_party":960,"winner":"Rep"}},"geometry":{"type":"Polygon","coordinates":[[[-121.31927,38.66576],[-121.31917,38.66613],[-121.31927,38.6665],[-121.31959,38.66695],[-121.31864,38.66749],[-121.31874,38.66769],[-121.31575,38.66799],[-121.31376,38.668],[-121.31033,38.66801],[-121.30869,38.66897],[-121.30872,38.67057],[-121.2994,38.67068],[-121.29934,38.6672],[-121.29901,38.66483],[-121.29866,38.6646],[-121.29856,38.66455],[-121.29815,38.66446],[-121.29798,38.6644],[-121.29775,38.66419],[-121.29772,38.66408],[-121.29921,38.66353],[-121.30616,38.6635],[-121.30856,38.66349],[-121.31506,38.66349],[-121.3182,38.66349],[-121.31822,38.66445],[-121.31831,38.66465],[-121.3185,38.66481],[-121.31891,38.66468],[-121.31932,38.66471],[-121.31946,38.66495],[-121.31949,38.66531],[-121.31938,38.66558],[-121.31927,38.66576]]]},"geometry_g24":{"type":"Polygon","coordinates":[[[-121.3182,38.66353],[-121.31824,38.66453],[-121.31837,38.66472],[-121.31869,38.6649],[-121.31904,38.66458],[-121.31932,38.66471],[-121.31948,38.66504],[-121.31947,38.6654],[-121.31923,38.66585],[-121.31917,38.66623],[-121.31952,38.66688],[-121.3193,38.66713],[-121.31869,38.66757],[-121.31876,38.66798],[-121.31259,38.668],[-121.30867,38.66801],[-121.30869,38.66921],[-121.30184,38.67078],[-121.29942,38.67025],[-121.29931,38.66594],[-121.29901,38.66483],[-121.29866,38.6646],[-121.29856,38.66455],[-121.29799,38.6644],[-121.29786,38.66433],[-121.29774,38.66416],[-121.29768,38.66354],[-121.30788,38.66349],[-121.30788,38.66406],[-121.30858,38.66442],[-121.3086,38.66442],[-121.31315,38.66355],[-121.31636,38.66349],[-121.3182,38.66353]],[[-121.30865,38.66693],[-121.30864,38.66623],[-121.30864,38.66623],[-121.30865,38.66693]],[[-121.30862,38.6652],[-121.30863,38.66605],[-121.30862,38.6652]]]}},{"type":"Feature","properties":{"county_fips":67,"srprec":"0026287","precinct_id":"067-0026287","county_name":"Sacramento","area_sq_mi":0.451,"place_primary":"Carmichael","place_primary_share":100.0,"place_also":[],"places":[{"name":"Carmichael","geoid":"0611390","kind":"cdp","pct":100.0}],"bbox":[-121.31631,38.65826,-121.29215,38.66442],"g22_asm":null,"g24_asm":{"dem_pct":47.5,"margin_dem":-5.1,"votes_two_party":1281,"winner":"Rep"}},"geometry":{"type":"Polygon","coordinates":[[[-121.30028,38.65867],[-121.30028,38.65869],[-121.30833,38.65862],[-121.30834,38.65862],[-121.31246,38.65864],[-121.31402,38.65863],[-121.31626,38.65867],[-121.31631,38.66111],[-121.31631,38.66261],[-121.31574,38.66349],[-121.31315,38.66349],[-121.31167,38.66441],[-121.30857,38.66406],[-121.30788,38.66406],[-121.30788,38.66349],[-121.30083,38.66351],[-121.29768,38.66354],[-121.29587,38.66357],[-121.29279,38.66361],[-121.29224,38.66181],[-121.29222,38.66107],[-121.29219,38.66005],[-121.29217,38.65835],[-121.29286,38.65875],[-121.29361,38.65874],[-121.29449,38.65873],[-121.29541,38.65872],[-121.2964,38.65871],[-121.29723,38.6587],[-121.2984,38.65869],[-121.29948,38.65868],[-121.30024,38.65868],[-121.3003,38.65826],[-121.30028,38.65867]],[[-121.30843,38.66107],[-121.30843,38.66107],[-121.30843,38.66107],[-121.30843,38.66107],[-121.30843,38.66107],[-121.30843,38.66107],[-121.30843,38.66107]],[[-121.30849,38.66349],[-121.30849,38.66349],[-121.30849,38.66349],[-121.30849,38.66349],[-121.30849,38.66349],[-121.30849,38.66349],[-121.30849,38.66349]]]}},{"type":"Feature","properties":{"county_fips":67,"srprec":"0026413","precinct_id":"067-0026413","county_name":"Sacramento","area_sq_mi":0.413,"place_primary":"Carmichael","place_primary_share":100.0,"place_also":[],"places":[{"name":"Carmichael","geoid":"0611390","kind":"cdp","pct":100.0}],"bbox":[-121.32757,38.65372,-121.3083,38.66349],"g22_asm":{"dem_pct":47.8,"margin_dem":-4.4,"votes_two_party":923,"winner":"Rep"},"g24_asm":{"dem_pct":45.9,"margin_dem":-8.2,"votes_two_party":1155,"winner":"Rep"}},"geometry":{"type":"Polygon","coordinates":[[[-121.31665,38.65303],[-121.31545,38.65223],[-121.31545,38.65101],[-121.31596,38.64995],[-121.31693,38.64903],[-121.3214,38.64905],[-121.32507,38.64907],[-121.32768,38.64919],[-121.32759,38.65325],[-121.32757,38.65401],[-121.32755,38.655],[-121.32753,38.65592],[-121.32751,38.65675],[-121.32748,38.65771],[-121.32745,38.6591],[-121.32742,38.66063],[-121.32649,38.66064],[-121.32585,38.66071],[-121.32525,38.66082],[-121.32463,38.66099],[-121.32405,38.6612],[-121.3235,38.66146],[-121.32296,38.66179],[-121.3215,38.66273],[-121.32094,38.663],[-121.32044,38.66318],[-121.31998,38.66331],[-121.31946,38.66341],[-121.31891,38.66347],[-121.3182,38.66349],[-121.31631,38.66261],[-121.31631,38.66111],[-121.31626,38.65866],[-121.31623,38.65865],[-121.32216,38.65873],[-121.32216,38.65537],[-121.32167,38.65533],[-121.32145,38.65497],[-121.3202,38.65478],[-121.31964,38.65422],[-121.31813,38.65408],[-121.31665,38.65303]]]},"geometry_g24":{"type":"Polygon","coordinates":[[[-121.31868,38.65418],[-121.31915,38.6542],[-121.31956,38.65417],[-121.32027,38.65418],[-121.32026,38.65472],[-121.32104,38.6549],[-121.32148,38.65533],[-121.32216,38.65535],[-121.32244,38.65543],[-121.32439,38.65542],[-121.32447,38.65511],[-121.32449,38.65434],[-121.32757,38.65401],[-121.32753,38.65592],[-121.32748,38.65771],[-121.32742,38.66063],[-121.32681,38.66063],[-121.32585,38.66071],[-121.32492,38.6609],[-121.32405,38.6612],[-121.32316,38.66166],[-121.3215,38.66273],[-121.32075,38.66308],[-121.31998,38.66331],[-121.31919,38.66345],[-121.31636,38.66349],[-121.31631,38.66188],[-121.31626,38.65867],[-121.3162,38.65867],[-121.31337,38.65861],[-121.31111,38.65863],[-121.30834,38.65862],[-121.3083,38.6554],[-121.3176,38.65532],[-121.3176,38.65427],[-121.31761,38.65373],[-121.31814,38.65408],[-121.31868,38.65418]],[[-121.3162,38.65862],[-121.3162,38.65862],[-121.3162,38.65862],[-121.3162,38.65862]],[[-121.32208,38.65678],[-121.32208,38.65678],[-121.32208,38.65678],[-121.32208,38.65678]]]}},{"type":"Feature","properties":{"county_fips":67,"srprec":"0026442","precinct_id":"067-0026442","county_name":"Sacramento","area_sq_mi":0.423,"place_primary":"Carmichael","place_primary_share":100.0,"place_also":[],"places":[{"name":"Carmichael","geoid":"0611390","kind":"cdp","pct":100.0}],"bbox":[-121.32768,38.64898,-121.3083,38.65543],"g22_asm":null,"g24_asm":{"dem_pct":47.0,"margin_dem":-6.0,"votes_two_party":949,"winner":"Rep"}},"geometry":{"type":"Polygon","coordinates":[[[-121.30831,38.64902],[-121.30884,38.64898],[-121.31491,38.64902],[-121.31595,38.64902],[-121.31807,38.64903],[-121.32507,38.64907],[-121.32768,38.6491],[-121.32763,38.65109],[-121.32757,38.654],[-121.32449,38.65401],[-121.32449,38.65401],[-121.32448,38.65461],[-121.32447,38.65511],[-121.32446,38.65542],[-121.32342,38.65542],[-121.32216,38.65543],[-121.32216,38.65535],[-121.32167,38.65533],[-121.32148,38.6549],[-121.3214,38.65489],[-121.32059,38.6549],[-121.32026,38.65472],[-121.32027,38.65424],[-121.32027,38.65418],[-121.31975,38.65418],[-121.31956,38.65417],[-121.31915,38.65416],[-121.31915,38.65418],[-121.31868,38.65418],[-121.31858,38.65417],[-121.31813,38.65408],[-121.31761,38.65372],[-121.31761,38.65427],[-121.31758,38.65425],[-121.31758,38.65425],[-121.31304,38.65534],[-121.3083,38.65484],[-121.30831,38.65168],[-121.30831,38.64902]],[[-121.31545,38.65223],[-121.31548,38.65216],[-121.31548,38.65216],[-121.31545,38.65223]],[[-121.31545,38.65101],[-121.31596,38.65109],[-121.31545,38.65101]],[[-121.31547,38.65174],[-121.31547,38.65174],[-121.31547,38.65153],[-121.31547,38.65174]],[[-121.31548,38.65113],[-121.31548,38.65113],[-121.31547,38.65113],[-121.31548,38.65113]],[[-121.31548,38.65192],[-121.31548,38.65192],[-121.31548,38.65196],[-121.31548,38.65192]],[[-121.31593,38.65224],[-121.31548,38.65223],[-121.31593,38.65224]],[[-121.31596,38.64995],[-121.31595,38.64905],[-121.31596,38.64995]],[[-121.31633,38.65225],[-121.31633,38.65225],[-121.31652,38.65272],[-121.31633,38.65225]],[[-121.31751,38.65365],[-121.31665,38.65303],[-121.31665,38.65303],[-121.31751,38.65365]]]}},{"type":"Feature","properties":{"county_fips":67,"srprec":"0026468","precinct_id":"067-0026468","county_name":"Sacramento","area_sq_mi":0.472,"place_primary":"Carmichael","place_primary_share":100.0,"place_also":[],"places":[{"name":"Carmichael","geoid":"0611390","kind":"cdp","pct":100.0}],"bbox":[-121.32216,38.65372,-121.29222,38.66362],"g22_asm":{"dem_pct":48.0,"margin_dem":-4.1,"votes_two_party":1078,"winner":"Rep"},"g24_asm":null},"geometry":{"type":"Polygon","coordinates":[[[-121.30832,38.65824],[-121.3083,38.6558],[-121.3083,38.65536],[-121.3176,38.65532],[-121.31761,38.65427],[-121.31813,38.65408],[-121.31964,38.65422],[-121.3202,38.65478],[-121.32145,38.65497],[-121.32167,38.65533],[-121.32216,38.65537],[-121.32216,38.65873],[-121.31623,38.65865],[-121.31626,38.65866],[-121.31631,38.66111],[-121.31631,38.66261],[-121.31574,38.66349],[-121.31315,38.66349],[-121.30856,38.66349],[-121.30788,38.66349],[-121.30083,38.66351],[-121.29921,38.66353],[-121.29768,38.66354],[-121.29666,38.66356],[-121.29587,38.66357],[-121.29424,38.66359],[-121.29279,38.66361],[-121.29224,38.66181],[-121.29362,38.66104],[-121.29389,38.66105],[-121.29442,38.66108],[-121.29671,38.66112],[-121.3,38.66111],[-121.30137,38.6611],[-121.30307,38.6611],[-121.30562,38.66108],[-121.30751,38.66108],[-121.30842,38.66086],[-121.30839,38.65985],[-121.30834,38.65862],[-121.30833,38.65862],[-121.30832,38.65824]]]}},{"type":"Feature","properties":{"county_fips":67,"srprec":"0026549","precinct_id":"067-0026549","county_name":"Sacramento","area_sq_mi":0.545,"place_primary":"Carmichael","place_primary_share":99.9,"place_also":[],"places":[{"name":"Carmichael","geoid":"0611390","kind":"cdp","pct":99.9}],"bbox":[-121.30843,38.64404,-121.29186,38.66113],"g22_asm":{"dem_pct":51.1,"margin_dem":2.3,"votes_two_party":1187,"winner":"Dem"},"g24_asm":null},"geometry":{"type":"Polygon","coordinates":[[[-121.2921,38.65605],[-121.29208,38.65464],[-121.29206,38.65268],[-121.29204,38.65057],[-121.29203,38.64949],[-121.29201,38.64884],[-121.29197,38.64834],[-121.29192,38.64767],[-121.29187,38.64458],[-121.29474,38.64404],[-121.29477,38.64487],[-121.2948,38.6459],[-121.29745,38.64588],[-121.29784,38.64588],[-121.29775,38.6478],[-121.29964,38.6491],[-121.3002,38.6491],[-121.30026,38.65199],[-121.30187,38.65533],[-121.30029,38.65531],[-121.30023,38.65589],[-121.30028,38.65867],[-121.30213,38.65867],[-121.30833,38.65862],[-121.30834,38.65862],[-121.30839,38.65985],[-121.30842,38.66086],[-121.30751,38.66108],[-121.30562,38.66108],[-121.30307,38.6611],[-121.30137,38.6611],[-121.3,38.66111],[-121.29671,38.66112],[-121.29442,38.66108],[-121.29389,38.66105],[-121.29362,38.66104],[-121.2922,38.66035],[-121.29216,38.65876],[-121.29211,38.6569],[-121.2921,38.65605]]]}},{"type":"Feature","properties":{"county_fips":67,"srprec":"0026597","precinct_id":"067-0026597","county_name":"Sacramento","area_sq_mi":0.309,"place_primary":"Carmichael","place_primary_share":100.0,"place_also":[],"places":[{"name":"Carmichael","geoid":"0611390","kind":"cdp","pct":100.0}],"bbox":[-121.30187,38.6491,-121.29202,38.65875],"g22_asm":null,"g24_asm":{"dem_pct":45.1,"margin_dem":-9.7,"votes_two_party":729,"winner":"Rep"}},"geometry":{"type":"Polygon","coordinates":[[[-121.29436,38.64917],[-121.29549,38.64914],[-121.29776,38.64912],[-121.3001,38.6491],[-121.3002,38.64914],[-121.30026,38.65199],[-121.30169,38.65199],[-121.30187,38.65533],[-121.30179,38.65533],[-121.30179,38.6554],[-121.3013,38.6554],[-121.30045,38.6554],[-121.30029,38.6554],[-121.30023,38.65589],[-121.3003,38.65825],[-121.30023,38.65832],[-121.29981,38.65868],[-121.299,38.65868],[-121.29801,38.65869],[-121.29723,38.6587],[-121.29642,38.65871],[-121.29572,38.65872],[-121.29503,38.65872],[-121.29425,38.65873],[-121.29361,38.65874],[-121.29308,38.65874],[-121.29218,38.65875],[-121.29215,38.65835],[-121.2921,38.65647],[-121.29208,38.65464],[-121.29206,38.65268],[-121.29205,38.65176],[-121.29203,38.64949],[-121.29202,38.64921],[-121.29436,38.64917]],[[-121.29217,38.65835],[-121.2934,38.65834],[-121.2934,38.65833],[-121.29217,38.65835]],[[-121.29889,38.65827],[-121.29889,38.65827],[-121.29425,38.65833],[-121.29889,38.65827]]]}},{"type":"Feature","properties":{"county_fips":67,"srprec":"0026625","precinct_id":"067-0026625","county_name":"Sacramento","area_sq_mi":0.461,"place_primary":"Carmichael","place_primary_share":100.0,"place_also":[],"places":[{"name":"Carmichael","geoid":"0611390","kind":"cdp","pct":100.0}],"bbox":[-121.31761,38.64898,-121.3002,38.65869],"g22_asm":{"dem_pct":52.7,"margin_dem":5.4,"votes_two_party":1140,"winner":"Dem"},"g24_asm":null},"geometry":{"type":"Polygon","coordinates":[[[-121.31491,38.64902],[-121.31595,38.64902],[-121.31596,38.64995],[-121.31596,38.65109],[-121.31545,38.65101],[-121.31567,38.65178],[-121.31545,38.65223],[-121.31633,38.65225],[-121.31665,38.65303],[-121.31761,38.65372],[-121.31761,38.65427],[-121.31758,38.65425],[-121.3176,38.65532],[-121.31304,38.65534],[-121.3083,38.65536],[-121.3083,38.65537],[-121.3083,38.6558],[-121.3083,38.65781],[-121.30832,38.65824],[-121.30833,38.65862],[-121.30791,38.65862],[-121.30213,38.65867],[-121.30028,38.65869],[-121.30028,38.65867],[-121.3003,38.65825],[-121.30023,38.65589],[-121.30029,38.65588],[-121.30029,38.65531],[-121.30029,38.65531],[-121.30187,38.65533],[-121.30169,38.65199],[-121.30026,38.65199],[-121.30026,38.65168],[-121.3002,38.6491],[-121.30193,38.64908],[-121.30415,38.64906],[-121.30476,38.64905],[-121.30831,38.64898],[-121.30884,38.64898],[-121.31067,38.64899],[-121.3128,38.64901],[-121.31491,38.64902]]]}},{"type":"Feature","properties":{"county_fips":67,"srprec":"0026659","precinct_id":"067-0026659","county_name":"Sacramento","area_sq_mi":0.267,"place_primary":"Carmichael","place_primary_share":100.0,"place_also":[],"places":[{"name":"Carmichael","geoid":"0611390","kind":"cdp","pct":100.0}],"bbox":[-121.30833,38.64898,-121.3002,38.65869],"g22_asm":null,"g24_asm":{"dem_pct":47.3,"margin_dem":-5.4,"votes_two_party":1025,"winner":"Rep"}},"geometry":{"type":"Polygon","coordinates":[[[-121.30416,38.64906],[-121.30831,38.64898],[-121.30831,38.64902],[-121.30831,38.64902],[-121.30831,38.65168],[-121.3083,38.65301],[-121.3083,38.65484],[-121.3083,38.65536],[-121.3083,38.65781],[-121.30832,38.65824],[-121.30833,38.65862],[-121.30071,38.65868],[-121.30028,38.65869],[-121.30028,38.65867],[-121.3003,38.65825],[-121.30023,38.65589],[-121.30029,38.65588],[-121.30029,38.6554],[-121.30067,38.6554],[-121.3013,38.6554],[-121.30179,38.6554],[-121.30179,38.6554],[-121.30179,38.65533],[-121.30187,38.65533],[-121.30192,38.65542],[-121.30179,38.65378],[-121.30178,38.65334],[-121.30178,38.65281],[-121.30178,38.65247],[-121.30178,38.65201],[-121.30169,38.65199],[-121.30026,38.65199],[-121.30026,38.65168],[-121.30118,38.64914],[-121.30416,38.64909],[-121.30416,38.64909],[-121.30416,38.64906]],[[-121.30211,38.6556],[-121.30211,38.6556],[-121.30211,38.6556]],[[-121.30224,38.65548],[-121.30224,38.65544],[-121.30224,38.65544],[-121.30224,38.65548]],[[-121.30224,38.65544],[-121.30224,38.65514],[-121.30224,38.65544]],[[-121.30417,38.65512],[-121.30418,38.65512],[-121.30417,38.65512]],[[-121.30462,38.65504],[-121.30462,38.65504],[-121.3045,38.65507],[-121.30462,38.65504]],[[-121.30479,38.64908],[-121.30601,38.64906],[-121.30479,38.64908],[-121.30461,38.64908],[-121.30479,38.64908]],[[-121.30462,38.65504],[-121.30472,38.655],[-121.30462,38.65504]],[[-121.30831,38.64902],[-121.30792,38.64902],[-121.3083,38.64902],[-121.30831,38.64902]]]}},{"type":"Feature","properties":{"county_fips":67,"srprec":"0026715","precinct_id":"067-0026715","county_name":"Sacramento","area_sq_mi":0.484,"place_primary":"Carmichael","place_primary_share":100.0,"place_also":[],"places":[{"name":"Carmichael","geoid":"0611390","kind":"cdp","pct":100.0}],"bbox":[-121.32793,38.64023,-121.31266,38.64909],"g22_asm":{"dem_pct":54.4,"margin_dem":8.8,"votes_two_party":1020,"winner":"Dem"},"g24_asm":{"dem_pct":47.8,"margin_dem":-4.4,"votes_two_party":1295,"winner":"Rep"}},"geometry":{"type":"Polygon","coordinates":[[[-121.32507,38.64907],[-121.3214,38.64905],[-121.31805,38.64711],[-121.31808,38.64673],[-121.31816,38.64634],[-121.3183,38.64594],[-121.3185,38.64551],[-121.31866,38.64517],[-121.31873,38.64491],[-121.31943,38.64472],[-121.31977,38.6447],[-121.3201,38.64461],[-121.32031,38.64451],[-121.32052,38.64436],[-121.32067,38.64422],[-121.3208,38.64404],[-121.32089,38.64383],[-121.32093,38.64357],[-121.3209,38.64326],[-121.32079,38.64297],[-121.32041,38.64227],[-121.32015,38.64204],[-121.31867,38.64176],[-121.31746,38.64032],[-121.31572,38.64029],[-121.3136,38.64025],[-121.31267,38.64023],[-121.3115,38.64021],[-121.30938,38.64016],[-121.31114,38.63657],[-121.31452,38.63664],[-121.31641,38.63668],[-121.317,38.63669],[-121.31877,38.63672],[-121.32336,38.63681],[-121.32632,38.63687],[-121.32797,38.63887],[-121.32788,38.6425],[-121.32777,38.64612],[-121.32768,38.64909],[-121.32507,38.64907]]]},"geometry_g24":{"type":"Polygon","coordinates":[[[-121.31807,38.64903],[-121.31595,38.64902],[-121.31491,38.64902],[-121.3128,38.64901],[-121.3128,38.649],[-121.3128,38.64746],[-121.31279,38.64666],[-121.31278,38.64596],[-121.31278,38.64495],[-121.31276,38.64371],[-121.31275,38.64345],[-121.31272,38.64277],[-121.3127,38.64212],[-121.31269,38.64197],[-121.31269,38.64194],[-121.31267,38.64186],[-121.31266,38.64182],[-121.31267,38.64127],[-121.31267,38.6411],[-121.31267,38.64023],[-121.31267,38.64023],[-121.31346,38.64024],[-121.31533,38.64028],[-121.31653,38.6403],[-121.31867,38.64035],[-121.31867,38.64035],[-121.31867,38.64036],[-121.31867,38.64036],[-121.31977,38.64038],[-121.32093,38.6404],[-121.32101,38.6404],[-121.32215,38.64042],[-121.3248,38.64047],[-121.32501,38.64047],[-121.32501,38.64047],[-121.32793,38.64053],[-121.32793,38.64053],[-121.32789,38.6425],[-121.32782,38.6446],[-121.32771,38.64795],[-121.32768,38.64909],[-121.32768,38.64909],[-121.32322,38.64906],[-121.31809,38.64903],[-121.31807,38.64903],[-121.31807,38.64903]],[[-121.32041,38.64227],[-121.32041,38.64227],[-121.32041,38.64227],[-121.32041,38.64227]],[[-121.32244,38.64167],[-121.32244,38.64167],[-121.32244,38.64167],[-121.32244,38.64167]],[[-121.32482,38.64163],[-121.32482,38.64163],[-121.32482,38.64163],[-121.32482,38.64163]],[[-121.32484,38.64113],[-121.32484,38.64113],[-121.32484,38.64113]],[[-121.32485,38.64107],[-121.32485,38.64107],[-121.32485,38.64107]],[[-121.32495,38.64088],[-121.32495,38.64088],[-121.32495,38.64088]],[[-121.32497,38.64083],[-121.32497,38.64083],[-121.32497,38.64083]],[[-121.32499,38.64077],[-121.32499,38.64077],[-121.32499,38.64077]]]}},{"type":"Feature","properties":{"county_fips":67,"srprec":"0026724","precinct_id":"067-0026724","county_name":"Sacramento","area_sq_mi":0.541,"place_primary":"Carmichael","place_primary_share":100.0,"place_also":[],"places":[{"name":"Carmichael","geoid":"0611390","kind":"cdp","pct":100.0}],"bbox":[-121.32093,38.64007,-121.29964,38.6491],"g22_asm":{"dem_pct":49.1,"margin_dem":-1.8,"votes_two_party":1250,"winner":"Rep"},"g24_asm":null},"geometry":{"type":"Polygon","coordinates":[[[-121.31346,38.64024],[-121.31653,38.6403],[-121.32015,38.64176],[-121.32055,38.64253],[-121.32092,38.64341],[-121.32085,38.64393],[-121.3206,38.64429],[-121.32021,38.64457],[-121.3196,38.64472],[-121.3187,38.64504],[-121.31838,38.64574],[-121.31812,38.64648],[-121.31807,38.64903],[-121.3128,38.64901],[-121.30476,38.64905],[-121.3001,38.6491],[-121.29973,38.64874],[-121.30039,38.64747],[-121.30069,38.64672],[-121.30106,38.64632],[-121.30133,38.64592],[-121.30141,38.64535],[-121.30165,38.64493],[-121.30207,38.64465],[-121.30262,38.64452],[-121.30349,38.64449],[-121.30389,38.64431],[-121.30409,38.64408],[-121.30418,38.6436],[-121.30437,38.64275],[-121.30464,38.64212],[-121.30473,38.6415],[-121.30662,38.64011],[-121.31112,38.6402],[-121.31346,38.64024]]]}},{"type":"Feature","properties":{"county_fips":67,"srprec":"0026747","precinct_id":"067-0026747","county_name":"Sacramento","area_sq_mi":0.593,"place_primary":"Carmichael","place_primary_share":100.0,"place_also":[],"places":[{"name":"Carmichael","geoid":"0611390","kind":"cdp","pct":100.0}],"bbox":[-121.32823,38.6293,-121.30949,38.64053],"g22_asm":null,"g24_asm":{"dem_pct":47.6,"margin_dem":-4.8,"votes_two_party":983,"winner":"Rep"}},"geometry":{"type":"Polygon","coordinates":[[[-121.32818,38.63168],[-121.32817,38.63208],[-121.32814,38.63326],[-121.3281,38.63492],[-121.32809,38.63527],[-121.32809,38.63545],[-121.32807,38.63558],[-121.32805,38.63571],[-121.32801,38.6369],[-121.32801,38.63691],[-121.32793,38.64053],[-121.32215,38.64042],[-121.32101,38.6404],[-121.3191,38.64036],[-121.31867,38.64035],[-121.31977,38.64037],[-121.32093,38.64039],[-121.32104,38.63677],[-121.32104,38.63677],[-121.317,38.63669],[-121.31521,38.63665],[-121.30949,38.63654],[-121.30961,38.63238],[-121.30969,38.6293],[-121.31143,38.62935],[-121.31383,38.62939],[-121.31547,38.62942],[-121.32031,38.6295],[-121.32125,38.62952],[-121.3231,38.62955],[-121.32588,38.6296],[-121.32776,38.62964],[-121.32818,38.62971],[-121.32823,38.62972],[-121.32818,38.63168]]]}},{"type":"Feature","properties":{"county_fips":67,"srprec":"0026791","precinct_id":"067-0026791","county_name":"Sacramento","area_sq_mi":0.393,"place_primary":"Carmichael","place_primary_share":100.0,"place_also":[],"places":[{"name":"Carmichael","geoid":"0611390","kind":"cdp","pct":100.0}],"bbox":[-121.32104,38.63623,-121.29176,38.64039],"g22_asm":null,"g24_asm":{"dem_pct":47.1,"margin_dem":-5.7,"votes_two_party":1046,"winner":"Rep"}},"geometry":{"type":"Polygon","coordinates":[[[-121.29189,38.63626],[-121.29217,38.63624],[-121.29282,38.63623],[-121.29386,38.63625],[-121.29564,38.63628],[-121.29792,38.63632],[-121.30299,38.63641],[-121.30671,38.63649],[-121.30949,38.63654],[-121.30949,38.63654],[-121.31452,38.63664],[-121.31641,38.63668],[-121.31805,38.63671],[-121.32104,38.63677],[-121.32093,38.64039],[-121.31867,38.64035],[-121.31572,38.64029],[-121.31346,38.64024],[-121.31151,38.64021],[-121.30938,38.64016],[-121.30937,38.64016],[-121.30663,38.64011],[-121.30242,38.64003],[-121.30025,38.63998],[-121.29463,38.63989],[-121.29177,38.63984],[-121.29176,38.63968],[-121.29177,38.63947],[-121.29181,38.63916],[-121.29181,38.63864],[-121.29179,38.6375],[-121.29181,38.63651],[-121.29178,38.63632],[-121.29177,38.63629],[-121.29189,38.63626]]]}},{"type":"Feature","properties":{"county_fips":67,"srprec":"0026808","precinct_id":"067-0026808","county_name":"Sacramento","area_sq_mi":0.611,"place_primary":"Carmichael","place_primary_share":100.0,"place_also":[],"places":[{"name":"Carmichael","geoid":"0611390","kind":"cdp","pct":100.0}],"bbox":[-121.3128,38.63984,-121.29176,38.65484],"g22_asm":null,"g24_asm":{"dem_pct":48.6,"margin_dem":-2.9,"votes_two_party":1487,"winner":"Rep"}},"geometry":{"type":"MultiPolygon","coordinates":[[[[-121.30416,38.64909],[-121.3002,38.64914],[-121.30019,38.6491],[-121.29784,38.64912],[-121.29774,38.64738],[-121.29784,38.64588],[-121.29745,38.64589],[-121.2948,38.6459],[-121.29477,38.64486],[-121.29474,38.64404],[-121.29186,38.64408],[-121.29185,38.64353],[-121.29182,38.64143],[-121.29182,38.64116],[-121.29181,38.64076],[-121.29176,38.6404],[-121.29177,38.63984],[-121.29463,38.63989],[-121.30025,38.63998],[-121.30166,38.64001],[-121.30477,38.64007],[-121.30528,38.64008],[-121.30938,38.64016],[-121.31151,38.64021],[-121.31267,38.64023],[-121.31267,38.64127],[-121.31267,38.64186],[-121.31269,38.64197],[-121.31272,38.64277],[-121.31277,38.64371],[-121.31278,38.64596],[-121.3128,38.64747],[-121.31067,38.64899],[-121.30831,38.64898],[-121.30416,38.64906],[-121.30416,38.64909]],[[-121.30203,38.64428],[-121.30203,38.64428],[-121.30203,38.64428]],[[-121.30216,38.64182],[-121.30216,38.64182],[-121.30216,38.64182]],[[-121.30231,38.64161],[-121.30231,38.64161],[-121.30231,38.64161]],[[-121.30234,38.64157],[-121.30234,38.64157],[-121.30234,38.64157]],[[-121.30236,38.64153],[-121.30236,38.64153],[-121.30236,38.64153]],[[-121.30237,38.64149],[-121.30237,38.64149],[-121.30237,38.64149]],[[-121.30302,38.64582],[-121.30302,38.64582],[-121.30302,38.64582]],[[-121.30309,38.64558],[-121.30309,38.64558],[-121.30309,38.64558]],[[-121.3031,38.64553],[-121.3031,38.64553],[-121.3031,38.64553]],[[-121.30448,38.64611],[-121.30448,38.64611],[-121.30448,38.64611],[-121.30448,38.64611]],[[-121.30528,38.64756],[-121.30528,38.64756],[-121.30528,38.64756],[-121.30528,38.64756]]],[[[-121.30178,38.65201],[-121.30178,38.6521],[-121.30178,38.6523],[-121.30178,38.65247],[-121.30178,38.65251],[-121.30178,38.65264],[-121.30178,38.65281],[-121.30178,38.65298],[-121.30178,38.65316],[-121.30178,38.65334],[-121.30178,38.65352],[-121.30179,38.65371],[-121.30179,38.65378],[-121.30169,38.65201],[-121.30178,38.65201]]],[[[-121.3083,38.65484],[-121.3083,38.65301],[-121.3083,38.65231],[-121.3083,38.65231],[-121.3083,38.65484],[-121.3083,38.65484],[-121.3083,38.65484]]]]}},{"type":"Feature","properties":{"county_fips":67,"srprec":"0026830","precinct_id":"067-0026830","county_name":"Sacramento","area_sq_mi":0.512,"place_primary":"Carmichael","place_primary_share":100.0,"place_also":[],"places":[{"name":"Carmichael","geoid":"0611390","kind":"cdp","pct":100.0}],"bbox":[-121.30949,38.63623,-121.29176,38.64912],"g22_asm":{"dem_pct":51.4,"margin_dem":2.9,"votes_two_party":1139,"winner":"Dem"},"g24_asm":null},"geometry":{"type":"Polygon","coordinates":[[[-121.29176,38.63968],[-121.2918,38.63864],[-121.29181,38.63651],[-121.29198,38.63625],[-121.2933,38.63624],[-121.29564,38.63628],[-121.29878,38.63634],[-121.30363,38.63642],[-121.30949,38.63654],[-121.30662,38.64011],[-121.30473,38.6415],[-121.30464,38.64212],[-121.30437,38.64275],[-121.30418,38.6436],[-121.30409,38.64408],[-121.30389,38.64431],[-121.30349,38.64449],[-121.30262,38.64452],[-121.30207,38.64465],[-121.30165,38.64493],[-121.30141,38.64535],[-121.30133,38.64592],[-121.30106,38.64632],[-121.30069,38.64672],[-121.30039,38.64747],[-121.29973,38.64874],[-121.29784,38.64912],[-121.2977,38.64588],[-121.29477,38.64488],[-121.29186,38.64408],[-121.29183,38.64219],[-121.29181,38.64078],[-121.29176,38.63968]]]}},{"type":"Feature","properties":{"county_fips":67,"srprec":"0026861","precinct_id":"067-0026861","county_name":"Sacramento","area_sq_mi":0.09,"place_primary":"Carmichael","place_primary_share":99.6,"place_also":[],"places":[{"name":"Carmichael","geoid":"0611390","kind":"cdp","pct":99.6},{"name":"Fair Oaks","geoid":"0623294","kind":"cdp","pct":0.4}],"bbox":[-121.29784,38.64404,-121.29186,38.64921],"g22_asm":null,"g24_asm":{"dem_pct":46.6,"margin_dem":-6.8,"votes_two_party":266,"winner":"Rep"}},"geometry":{"type":"Polygon","coordinates":[[[-121.29191,38.64767],[-121.29188,38.64554],[-121.29188,38.64554],[-121.29187,38.64459],[-121.29187,38.64458],[-121.29187,38.64456],[-121.29186,38.64408],[-121.29186,38.64408],[-121.29186,38.64408],[-121.29188,38.64408],[-121.29447,38.64404],[-121.29474,38.64404],[-121.29474,38.64404],[-121.29474,38.64404],[-121.29477,38.64486],[-121.29477,38.64486],[-121.29477,38.64488],[-121.29477,38.64488],[-121.2948,38.6459],[-121.2948,38.6459],[-121.2948,38.64593],[-121.2948,38.64593],[-121.2948,38.64593],[-121.2948,38.64593],[-121.29745,38.64589],[-121.2977,38.64588],[-121.2977,38.64588],[-121.29784,38.64588],[-121.29784,38.64588],[-121.29784,38.64588],[-121.29774,38.64738],[-121.29774,38.64738],[-121.29775,38.6478],[-121.29775,38.6478],[-121.29784,38.64912],[-121.29784,38.64912],[-121.29784,38.64912],[-121.29776,38.64912],[-121.29768,38.64912],[-121.29688,38.64913],[-121.29549,38.64914],[-121.29549,38.64914],[-121.29534,38.64915],[-121.29436,38.64916],[-121.29424,38.64917],[-121.29315,38.64919],[-121.29202,38.64921],[-121.29202,38.64921],[-121.29202,38.64921],[-121.29201,38.64884],[-121.29201,38.64884],[-121.29199,38.64857],[-121.29199,38.64857],[-121.29197,38.64834],[-121.29197,38.64834],[-121.29196,38.64774],[-121.29196,38.64774],[-121.29193,38.64768],[-121.29192,38.64767],[-121.29191,38.64767]]]}},{"type":"Feature","properties":{"county_fips":67,"srprec":"0026916","precinct_id":"067-0026916","county_name":"Sacramento","area_sq_mi":1.264,"place_primary":"Carmichael","place_primary_share":97.2,"place_also":[],"places":[{"name":"Carmichael","geoid":"0611390","kind":"cdp","pct":97.2},{"name":"Rancho Cordova","geoid":"0659444","kind":"city","pct":2.8}],"bbox":[-121.32835,38.6027,-121.30321,38.62972],"g22_asm":{"dem_pct":52.6,"margin_dem":5.2,"votes_two_party":1124,"winner":"Dem"},"g24_asm":{"dem_pct":49.6,"margin_dem":-0.8,"votes_two_party":1345,"winner":"Rep"}},"geometry":{"type":"Polygon","coordinates":[[[-121.32839,38.62514],[-121.32836,38.62603],[-121.32835,38.62624],[-121.32829,38.62783],[-121.32826,38.62876],[-121.32823,38.62972],[-121.32796,38.62967],[-121.32776,38.62964],[-121.32756,38.62963],[-121.32588,38.6296],[-121.32534,38.62959],[-121.32471,38.62958],[-121.3231,38.62955],[-121.32298,38.62955],[-121.32125,38.62952],[-121.32031,38.62951],[-121.31945,38.62949],[-121.31822,38.62947],[-121.31738,38.62945],[-121.31547,38.62942],[-121.31542,38.62942],[-121.3149,38.62941],[-121.31383,38.62939],[-121.31209,38.62936],[-121.31143,38.62935],[-121.30969,38.6293],[-121.30972,38.62792],[-121.30973,38.62751],[-121.30975,38.62704],[-121.30976,38.62637],[-121.30978,38.62568],[-121.3098,38.62556],[-121.30985,38.62398],[-121.30985,38.6239],[-121.30991,38.62204],[-121.31215,38.62208],[-121.31622,38.62217],[-121.31741,38.62219],[-121.31858,38.62221],[-121.32146,38.62227],[-121.32501,38.62234],[-121.32608,38.62236],[-121.32846,38.62241],[-121.32839,38.62514]]]},"geometry_g24":{"type":"MultiPolygon","coordinates":[[[[-121.32125,38.62948],[-121.30969,38.6293],[-121.30985,38.6239],[-121.30941,38.62114],[-121.30931,38.62094],[-121.30924,38.6209],[-121.30915,38.62091],[-121.30875,38.62122],[-121.30839,38.62136],[-121.30829,38.62253],[-121.30825,38.62258],[-121.3059,38.62254],[-121.30564,38.6214],[-121.30393,38.61568],[-121.3038,38.61328],[-121.30439,38.61217],[-121.30642,38.6089],[-121.31254,38.60493],[-121.31471,38.60414],[-121.31938,38.60326],[-121.31954,38.60547],[-121.31909,38.60667],[-121.31836,38.60956],[-121.31796,38.61144],[-121.31729,38.61557],[-121.3163,38.61675],[-121.31696,38.61857],[-121.31867,38.61861],[-121.32151,38.61866],[-121.32147,38.62227],[-121.32653,38.626],[-121.32796,38.62967],[-121.32125,38.62952],[-121.32125,38.62948]],[[-121.30978,38.62568],[-121.30981,38.62568],[-121.30978,38.62568]],[[-121.30698,38.62126],[-121.30698,38.62126],[-121.30698,38.62126]],[[-121.30736,38.62113],[-121.30736,38.62113],[-121.30736,38.62113],[-121.30736,38.62113],[-121.30736,38.62113]],[[-121.30784,38.62098],[-121.30784,38.62098],[-121.30784,38.62098],[-121.30784,38.62098]],[[-121.30868,38.62058],[-121.30868,38.62058],[-121.30868,38.62058]],[[-121.31022,38.61908],[-121.31022,38.61908],[-121.31022,38.61908]],[[-121.31027,38.6189],[-121.31027,38.6189],[-121.31027,38.6189]],[[-121.3106,38.61856],[-121.3106,38.61856],[-121.3106,38.61856]],[[-121.31147,38.61823],[-121.31147,38.61823],[-121.31147,38.61823]],[[-121.31151,38.61822],[-121.31151,38.61822],[-121.31151,38.61822]],[[-121.31327,38.61877],[-121.31327,38.61877],[-121.31327,38.61877],[-121.31327,38.61877]],[[-121.31427,38.61734],[-121.31427,38.61734],[-121.31427,38.61734]],[[-121.3162,38.61674],[-121.3162,38.61674],[-121.3162,38.61674],[-121.3162,38.61674]],[[-121.3184,38.62584],[-121.31855,38.62584],[-121.31841,38.62584],[-121.3184,38.62584]],[[-121.31941,38.62586],[-121.32135,38.6259],[-121.32135,38.6259],[-121.32135,38.6259],[-121.32135,38.6259],[-121.32135,38.6259],[-121.32135,38.6259],[-121.32136,38.6259],[-121.32135,38.6259],[-121.31941,38.62586]],[[-121.32131,38.62725],[-121.32128,38.62815],[-121.32131,38.62725]],[[-121.32128,38.62815],[-121.32126,38.62874],[-121.32128,38.62815]],[[-121.32135,38.62591],[-121.32131,38.62708],[-121.32131,38.62708],[-121.32135,38.62591]]],[[[-121.32125,38.62948],[-121.32125,38.62952],[-121.32125,38.62952],[-121.32125,38.62952],[-121.32125,38.62952],[-121.32125,38.62952],[-121.32125,38.62948]]],[[[-121.31815,38.60273],[-121.31659,38.6033],[-121.31699,38.60306],[-121.31709,38.603],[-121.31709,38.603],[-121.31726,38.60295],[-121.31807,38.60271],[-121.31807,38.60271],[-121.31809,38.6027],[-121.31809,38.6027],[-121.31815,38.60273]]]]}},{"type":"Feature","properties":{"county_fips":67,"srprec":"0026920","precinct_id":"067-0026920","county_name":"Sacramento","area_sq_mi":0.499,"place_primary":"Carmichael","place_primary_share":100.0,"place_also":[],"places":[{"name":"Carmichael","geoid":"0611390","kind":"cdp","pct":100.0}],"bbox":[-121.32823,38.6293,-121.30949,38.6369],"g22_asm":{"dem_pct":53.7,"margin_dem":7.3,"votes_two_party":695,"winner":"Dem"},"g24_asm":null},"geometry":{"type":"Polygon","coordinates":[[[-121.32814,38.63349],[-121.32809,38.63525],[-121.32809,38.63545],[-121.32808,38.63555],[-121.32805,38.63571],[-121.32804,38.63573],[-121.32801,38.6369],[-121.32632,38.63687],[-121.32569,38.63686],[-121.32336,38.63681],[-121.32104,38.63677],[-121.31877,38.63672],[-121.31805,38.63671],[-121.317,38.63669],[-121.31645,38.63668],[-121.31641,38.63668],[-121.31521,38.63665],[-121.31452,38.63664],[-121.31294,38.63661],[-121.31114,38.63657],[-121.30949,38.63654],[-121.30959,38.63292],[-121.30962,38.63196],[-121.30964,38.63113],[-121.30969,38.6293],[-121.31143,38.62935],[-121.31209,38.62936],[-121.31383,38.62939],[-121.3149,38.62941],[-121.31542,38.62942],[-121.31547,38.62942],[-121.31738,38.62945],[-121.31822,38.62947],[-121.31945,38.62949],[-121.32031,38.62951],[-121.32125,38.62952],[-121.32298,38.62955],[-121.3231,38.62955],[-121.32471,38.62958],[-121.32534,38.62959],[-121.32588,38.6296],[-121.32756,38.62963],[-121.32776,38.62964],[-121.32796,38.62967],[-121.32823,38.62972],[-121.32818,38.63168],[-121.32817,38.63208],[-121.32816,38.63269],[-121.32814,38.63326],[-121.32814,38.63349]]]}},{"type":"Feature","properties":{"county_fips":67,"srprec":"0026978","precinct_id":"067-0026978","county_name":"Sacramento","area_sq_mi":0.667,"place_primary":"Carmichael","place_primary_share":99.8,"place_also":[],"places":[{"name":"Carmichael","geoid":"0611390","kind":"cdp","pct":99.8},{"name":"Rancho Cordova","geoid":"0659444","kind":"city","pct":0.1}],"bbox":[-121.30991,38.6209,-121.29149,38.63654],"g22_asm":{"dem_pct":54.0,"margin_dem":7.9,"votes_two_party":1162,"winner":"Dem"},"g24_asm":{"dem_pct":49.4,"margin_dem":-1.3,"votes_two_party":1347,"winner":"Rep"}},"geometry":{"type":"Polygon","coordinates":[[[-121.29531,38.62994],[-121.29784,38.62831],[-121.30019,38.62713],[-121.30271,38.62556],[-121.30335,38.62511],[-121.30419,38.62418],[-121.30548,38.62253],[-121.30589,38.62185],[-121.30736,38.62113],[-121.31285,38.61709],[-121.31577,38.6166],[-121.31698,38.61718],[-121.32153,38.61965],[-121.32149,38.62129],[-121.31741,38.62219],[-121.30991,38.62204],[-121.3098,38.62556],[-121.30975,38.62704],[-121.30969,38.6293],[-121.30959,38.63292],[-121.30671,38.63649],[-121.30299,38.63641],[-121.29878,38.63634],[-121.29736,38.63631],[-121.29404,38.63625],[-121.29282,38.63623],[-121.29198,38.63625],[-121.29174,38.63615],[-121.2917,38.63437],[-121.29167,38.63297],[-121.29143,38.63083],[-121.29362,38.63045],[-121.29474,38.63022],[-121.29531,38.62994]]]},"geometry_g24":{"type":"MultiPolygon","coordinates":[[[[-121.30914,38.62092],[-121.30921,38.6209],[-121.30928,38.62091],[-121.30931,38.62094],[-121.3094,38.62108],[-121.30942,38.62125],[-121.30991,38.62207],[-121.30978,38.62568],[-121.30972,38.62792],[-121.30959,38.63292],[-121.30671,38.63649],[-121.29792,38.63632],[-121.2933,38.63624],[-121.29198,38.63625],[-121.29173,38.63563],[-121.29166,38.63248],[-121.29154,38.63116],[-121.2918,38.63065],[-121.29466,38.63025],[-121.29474,38.63021],[-121.29931,38.62757],[-121.30271,38.62556],[-121.30271,38.62556],[-121.30365,38.62478],[-121.30505,38.62253],[-121.30822,38.62258],[-121.30825,38.62258],[-121.30828,38.62256],[-121.30829,38.62254],[-121.30823,38.62186],[-121.3083,38.62138],[-121.30858,38.6213],[-121.30877,38.62121],[-121.30914,38.62092]],[[-121.29478,38.63025],[-121.29494,38.63038],[-121.29494,38.63038],[-121.29478,38.63025]],[[-121.29564,38.63111],[-121.29538,38.63073],[-121.29538,38.63073],[-121.29564,38.63111]],[[-121.2967,38.63246],[-121.29639,38.63222],[-121.29639,38.63222],[-121.2967,38.63246]],[[-121.2986,38.63272],[-121.29803,38.63271],[-121.2986,38.63272]],[[-121.29803,38.63271],[-121.29701,38.63268],[-121.29803,38.63271]],[[-121.30036,38.63275],[-121.30017,38.63275],[-121.30036,38.63275]],[[-121.30215,38.63278],[-121.30118,38.63277],[-121.30215,38.63278]],[[-121.30678,38.63287],[-121.3055,38.63285],[-121.3055,38.63284],[-121.30678,38.63287]],[[-121.30646,38.62561],[-121.30737,38.62563],[-121.30737,38.62563],[-121.30646,38.62561]],[[-121.30749,38.62563],[-121.30785,38.62564],[-121.30749,38.62563]],[[-121.30799,38.62564],[-121.30897,38.62566],[-121.30897,38.62566],[-121.30799,38.62564]]],[[[-121.30505,38.62253],[-121.30505,38.62253],[-121.30505,38.62253],[-121.30505,38.62253],[-121.30504,38.62255],[-121.30505,38.62253]]]]}},{"type":"Feature","properties":{"county_fips":67,"srprec":"0028253","precinct_id":"067-0028253","county_name":"Sacramento","area_sq_mi":0.003,"place_primary":"Arden-Arcade","place_primary_share":73.8,"place_also":["Carmichael"],"places":[{"name":"Arden-Arcade","geoid":"0602553","kind":"cdp","pct":73.8},{"name":"Carmichael","geoid":"0611390","kind":"cdp","pct":26.2}],"bbox":[-121.35522,38.59542,-121.35479,38.60022],"g22_asm":{"dem_pct":53.5,"margin_dem":7.1,"votes_two_party":1128,"winner":"Dem"},"g24_asm":{"dem_pct":55.5,"margin_dem":11.1,"votes_two_party":1266,"winner":"Dem"}},"geometry":{"type":"Polygon","coordinates":[[[-121.35485,38.59542],[-121.35522,38.60021],[-121.35522,38.60022],[-121.35521,38.6002],[-121.35514,38.60011],[-121.3549,38.59987],[-121.35487,38.59983],[-121.35482,38.59975],[-121.3548,38.5997],[-121.35479,38.59961],[-121.3548,38.59904],[-121.35482,38.59882],[-121.35483,38.59866],[-121.35483,38.59844],[-121.35484,38.59649],[-121.35484,38.59542],[-121.35485,38.59542]]]},"geometry_g24":{"type":"Polygon","coordinates":[[[-121.35485,38.59542],[-121.35522,38.60021],[-121.35522,38.60022],[-121.35521,38.6002],[-121.35518,38.60016],[-121.35514,38.60011],[-121.35514,38.60011],[-121.35514,38.60011],[-121.3549,38.59987],[-121.3549,38.59987],[-121.35488,38.59985],[-121.35487,38.59983],[-121.35487,38.59983],[-121.35487,38.59983],[-121.35482,38.59975],[-121.35482,38.59975],[-121.35482,38.59974],[-121.3548,38.5997],[-121.3548,38.5997],[-121.3548,38.59965],[-121.35479,38.59961],[-121.35479,38.59961],[-121.3548,38.59924],[-121.3548,38.59904],[-121.3548,38.59904],[-121.3548,38.59897],[-121.35482,38.59882],[-121.35482,38.59882],[-121.35482,38.59882],[-121.35483,38.59866],[-121.35483,38.59866],[-121.35483,38.59866],[-121.35483,38.59844],[-121.35484,38.59649],[-121.35484,38.59545],[-121.35484,38.59543],[-121.35484,38.59542],[-121.35484,38.59542],[-121.35484,38.59542],[-121.35485,38.59542]]]}},{"type":"Feature","properties":{"county_fips":67,"srprec":"0028368","precinct_id":"067-0028368","county_name":"Sacramento","area_sq_mi":0.0,"place_primary":"Arden-Arcade","place_primary_share":100.0,"place_also":[],"places":[{"name":"Arden-Arcade","geoid":"0602553","kind":"cdp","pct":100.0}],"bbox":[-121.35529,38.60462,-121.35527,38.60555],"g22_asm":{"dem_pct":57.0,"margin_dem":13.9,"votes_two_party":848,"winner":"Dem"},"g24_asm":{"dem_pct":60.2,"margin_dem":20.5,"votes_two_party":981,"winner":"Dem"}},"geometry":{"type":"Polygon","coordinates":[[[-121.35529,38.60547],[-121.35527,38.60555],[-121.35527,38.60546],[-121.35527,38.60514],[-121.35528,38.60481],[-121.35528,38.60462],[-121.35529,38.60547]]]},"geometry_g24":{"type":"Polygon","coordinates":[[[-121.35529,38.60547],[-121.35527,38.60555],[-121.35527,38.60546],[-121.35527,38.60546],[-121.35527,38.60515],[-121.35527,38.60514],[-121.35527,38.60514],[-121.35528,38.60481],[-121.35528,38.60462],[-121.35529,38.60547]]]}},{"type":"Feature","properties":{"county_fips":67,"srprec":"0028375","precinct_id":"067-0028375","county_name":"Sacramento","area_sq_mi":0.49,"place_primary":"Carmichael","place_primary_share":99.9,"place_also":[],"places":[{"name":"Carmichael","geoid":"0611390","kind":"cdp","pct":99.9}],"bbox":[-121.35528,38.59532,-121.34494,38.61011],"g22_asm":{"dem_pct":56.7,"margin_dem":13.3,"votes_two_party":180,"winner":"Dem"},"g24_asm":{"dem_pct":51.7,"margin_dem":3.4,"votes_two_party":1447,"winner":"Dem"}},"geometry":{"type":"MultiPolygon","coordinates":[[[[-121.35526,38.60291],[-121.35381,38.60289],[-121.353,38.60288],[-121.35297,38.60288],[-121.3525,38.60287],[-121.35156,38.60286],[-121.35061,38.60285],[-121.3507,38.59926],[-121.3521,38.59927],[-121.35209,38.59878],[-121.35203,38.59878],[-121.35203,38.59611],[-121.35203,38.5961],[-121.35202,38.59538],[-121.35203,38.59538],[-121.35251,38.59539],[-121.35377,38.5954],[-121.35484,38.59542],[-121.35484,38.59649],[-121.35483,38.59844],[-121.35483,38.59866],[-121.35482,38.59882],[-121.3548,38.59904],[-121.35479,38.59961],[-121.3548,38.5997],[-121.35482,38.59975],[-121.35487,38.59983],[-121.3549,38.59987],[-121.35514,38.60011],[-121.35521,38.6002],[-121.35522,38.60022],[-121.35526,38.60291]]],[[[-121.35423,38.61011],[-121.35421,38.61011],[-121.35373,38.61011],[-121.35373,38.60871],[-121.35377,38.60834],[-121.35464,38.60834],[-121.35423,38.61011]]]]},"geometry_g24":{"type":"Polygon","coordinates":[[[-121.35528,38.60462],[-121.35527,38.60514],[-121.35527,38.60555],[-121.35319,38.6101],[-121.35295,38.6101],[-121.35112,38.61008],[-121.35001,38.61007],[-121.34749,38.61005],[-121.34604,38.61003],[-121.34604,38.6085],[-121.34605,38.60604],[-121.34605,38.60462],[-121.34605,38.60459],[-121.34606,38.60364],[-121.34606,38.60316],[-121.34607,38.5996],[-121.34607,38.59803],[-121.34607,38.59742],[-121.34602,38.59723],[-121.34593,38.59705],[-121.34579,38.59689],[-121.3456,38.59675],[-121.34494,38.5964],[-121.34598,38.59535],[-121.35123,38.59537],[-121.35202,38.59538],[-121.35251,38.59539],[-121.35484,38.59542],[-121.35484,38.59622],[-121.35483,38.59844],[-121.35482,38.59882],[-121.3548,38.59904],[-121.3548,38.5997],[-121.35487,38.59983],[-121.3549,38.59987],[-121.35521,38.6002],[-121.35528,38.60462]],[[-121.353,38.60288],[-121.353,38.60288],[-121.353,38.60288],[-121.353,38.60288],[-121.353,38.60288],[-121.353,38.60288],[-121.353,38.60288]]]}},{"type":"Feature","properties":{"county_fips":67,"srprec":"0028380","precinct_id":"067-0028380","county_name":"Sacramento","area_sq_mi":0.385,"place_primary":"Carmichael","place_primary_share":100.0,"place_also":[],"places":[{"name":"Carmichael","geoid":"0611390","kind":"cdp","pct":100.0}],"bbox":[-121.35528,38.59531,-121.34494,38.61011],"g22_asm":{"dem_pct":53.1,"margin_dem":6.3,"votes_two_party":1018,"winner":"Dem"},"g24_asm":null},"geometry":{"type":"Polygon","coordinates":[[[-121.35528,38.60462],[-121.35527,38.60514],[-121.35527,38.60555],[-121.35377,38.60834],[-121.35373,38.61011],[-121.35286,38.6101],[-121.35112,38.61008],[-121.35064,38.61008],[-121.34892,38.61006],[-121.34749,38.61004],[-121.34604,38.60943],[-121.34604,38.60775],[-121.34605,38.60639],[-121.34605,38.60575],[-121.34605,38.60462],[-121.34606,38.60364],[-121.34606,38.60316],[-121.34606,38.60139],[-121.34607,38.5996],[-121.34607,38.59877],[-121.34607,38.59747],[-121.34606,38.59737],[-121.34598,38.59714],[-121.34586,38.59696],[-121.3457,38.59682],[-121.34494,38.5964],[-121.34613,38.59531],[-121.35123,38.59537],[-121.35203,38.5961],[-121.35203,38.59878],[-121.3521,38.59927],[-121.35061,38.60285],[-121.3525,38.60287],[-121.353,38.60288],[-121.35526,38.60291],[-121.35528,38.60462]]]}},{"type":"Feature","properties":{"county_fips":67,"srprec":"0028681","precinct_id":"067-0028681","county_name":"Sacramento","area_sq_mi":0.0,"place_primary":"Arden-Arcade","place_primary_share":99.9,"place_also":[],"places":[{"name":"Arden-Arcade","geoid":"0602553","kind":"cdp","pct":99.9}],"bbox":[-121.35387,38.58736,-121.35386,38.58739],"g22_asm":{"dem_pct":50.2,"margin_dem":0.4,"votes_two_party":1259,"winner":"Dem"},"g24_asm":{"dem_pct":55.9,"margin_dem":11.8,"votes_two_party":936,"winner":"Dem"}},"geometry":{"type":"Polygon","coordinates":[[[-121.35387,38.58737],[-121.35387,38.58739],[-121.35386,38.58736],[-121.35387,38.58737]]]}},{"type":"Feature","properties":{"county_fips":67,"srprec":"0028740","precinct_id":"067-0028740","county_name":"Sacramento","area_sq_mi":0.015,"place_primary":"Arden-Arcade","place_primary_share":98.0,"place_also":[],"places":[{"name":"Arden-Arcade","geoid":"0602553","kind":"cdp","pct":98.0},{"name":"Carmichael","geoid":"0611390","kind":"cdp","pct":2.0}],"bbox":[-121.35387,38.58605,-121.35008,38.58847],"g22_asm":null,"g24_asm":{"dem_pct":53.9,"margin_dem":7.8,"votes_two_party":1037,"winner":"Dem"}},"geometry":{"type":"MultiPolygon","coordinates":[[[[-121.35386,38.58736],[-121.35344,38.58764],[-121.35344,38.58764],[-121.35299,38.58794],[-121.35234,38.58838],[-121.35234,38.58838],[-121.35234,38.58838],[-121.35229,38.58842],[-121.35229,38.58842],[-121.35222,38.58847],[-121.35222,38.58847],[-121.35222,38.58847],[-121.35025,38.58671],[-121.35008,38.58656],[-121.35008,38.58655],[-121.35008,38.58655],[-121.35008,38.58655],[-121.35008,38.58655],[-121.35089,38.58605],[-121.35386,38.58736]]],[[[-121.35387,38.58737],[-121.35387,38.58739],[-121.35386,38.58736],[-121.35387,38.58737]]]]}},{"type":"Feature","properties":{"county_fips":67,"srprec":"0028785","precinct_id":"067-0028785","county_name":"Sacramento","area_sq_mi":0.611,"place_primary":"Carmichael","place_primary_share":100.0,"place_also":[],"places":[{"name":"Carmichael","geoid":"0611390","kind":"cdp","pct":100.0}],"bbox":[-121.35485,38.58595,-121.33306,38.60579],"g22_asm":{"dem_pct":45.7,"margin_dem":-8.7,"votes_two_party":668,"winner":"Rep"},"g24_asm":{"dem_pct":45.9,"margin_dem":-8.1,"votes_two_party":1502,"winner":"Rep"}},"geometry":{"type":"Polygon","coordinates":[[[-121.35386,38.58736],[-121.35387,38.58739],[-121.35485,38.59542],[-121.35484,38.59542],[-121.35377,38.5954],[-121.35251,38.59539],[-121.35203,38.59538],[-121.35202,38.59538],[-121.35123,38.59537],[-121.34962,38.59536],[-121.34613,38.59531],[-121.34588,38.59537],[-121.34578,38.59539],[-121.34265,38.59531],[-121.34154,38.59529],[-121.34128,38.59527],[-121.34322,38.59339],[-121.34399,38.59279],[-121.34447,38.59202],[-121.34549,38.58927],[-121.34654,38.58789],[-121.34723,38.58739],[-121.34733,38.58745],[-121.34741,38.58746],[-121.34759,38.58723],[-121.34768,38.58709],[-121.34768,38.58709],[-121.34778,38.58714],[-121.34793,38.58722],[-121.3482,38.58685],[-121.34796,38.58677],[-121.34852,38.58655],[-121.34858,38.58626],[-121.34943,38.58595],[-121.34964,38.58616],[-121.35008,38.58655],[-121.35025,38.58671],[-121.35222,38.58848],[-121.35234,38.58838],[-121.35299,38.58794],[-121.35344,38.58764],[-121.35386,38.58736]]]},"geometry_g24":{"type":"Polygon","coordinates":[[[-121.35386,38.58736],[-121.34613,38.59532],[-121.34588,38.59537],[-121.34586,38.59696],[-121.34607,38.59747],[-121.34606,38.60364],[-121.34603,38.60278],[-121.34432,38.60276],[-121.34264,38.60274],[-121.3414,38.60392],[-121.34088,38.60498],[-121.33951,38.60496],[-121.33844,38.60505],[-121.3385,38.60529],[-121.33847,38.60577],[-121.33677,38.60418],[-121.33438,38.60563],[-121.33353,38.60579],[-121.3336,38.60447],[-121.33356,38.60366],[-121.3333,38.60268],[-121.33344,38.60078],[-121.33383,38.60014],[-121.3345,38.60037],[-121.336,38.59975],[-121.33679,38.5996],[-121.33814,38.59957],[-121.34128,38.59527],[-121.34549,38.58927],[-121.34759,38.58723],[-121.34796,38.58717],[-121.34852,38.58654],[-121.34957,38.58609],[-121.35222,38.58848],[-121.35386,38.58736]],[[-121.34265,38.59531],[-121.34265,38.59531],[-121.34161,38.59529],[-121.34265,38.59531]],[[-121.34793,38.59313],[-121.34793,38.59313],[-121.34736,38.59375],[-121.34793,38.59313]],[[-121.34736,38.59375],[-121.34709,38.59405],[-121.34709,38.59405],[-121.34736,38.59375]],[[-121.34873,38.59225],[-121.34926,38.59168],[-121.34926,38.59168],[-121.34874,38.59225],[-121.34873,38.59225]],[[-121.34987,38.59102],[-121.35007,38.59079],[-121.34987,38.59102]],[[-121.35221,38.58848],[-121.35222,38.58848],[-121.35221,38.58848],[-121.35023,38.58671],[-121.35221,38.58848]],[[-121.35051,38.59031],[-121.35103,38.58975],[-121.35103,38.58975],[-121.35051,38.59031]],[[-121.35146,38.58928],[-121.35165,38.58907],[-121.35165,38.58907],[-121.35146,38.58928]]]}},{"type":"Feature","properties":{"county_fips":67,"srprec":"0028809","precinct_id":"067-0028809","county_name":"Sacramento","area_sq_mi":0.015,"place_primary":"Arden-Arcade","place_primary_share":98.0,"place_also":[],"places":[{"name":"Arden-Arcade","geoid":"0602553","kind":"cdp","pct":98.0},{"name":"Carmichael","geoid":"0611390","kind":"cdp","pct":2.0}],"bbox":[-121.35386,38.58605,-121.35008,38.58848],"g22_asm":{"dem_pct":51.8,"margin_dem":3.6,"votes_two_party":1106,"winner":"Dem"},"g24_asm":null},"geometry":{"type":"Polygon","coordinates":[[[-121.35386,38.58736],[-121.35344,38.58764],[-121.35299,38.58794],[-121.35234,38.58838],[-121.35222,38.58848],[-121.35025,38.58671],[-121.35008,38.58655],[-121.35089,38.58605],[-121.35386,38.58736]]]}},{"type":"Feature","properties":{"county_fips":67,"srprec":"0028939","precinct_id":"067-0028939","county_name":"Sacramento","area_sq_mi":0.005,"place_primary":"Arden-Arcade","place_primary_share":83.6,"place_also":["Carmichael"],"places":[{"name":"Arden-Arcade","geoid":"0602553","kind":"cdp","pct":83.6},{"name":"Carmichael","geoid":"0611390","kind":"cdp","pct":16.4}],"bbox":[-121.35089,38.57933,-121.3464,38.58655],"g22_asm":{"dem_pct":54.7,"margin_dem":9.3,"votes_two_party":933,"winner":"Dem"},"g24_asm":{"dem_pct":59.7,"margin_dem":19.3,"votes_two_party":1046,"winner":"Dem"}},"geometry":{"type":"MultiPolygon","coordinates":[[[[-121.34641,38.57933],[-121.34643,38.57936],[-121.3464,38.57933],[-121.34641,38.57933]]],[[[-121.34837,38.58159],[-121.34838,38.58166],[-121.34836,38.58158],[-121.34835,38.58157],[-121.34837,38.58159]]],[[[-121.34887,38.58515],[-121.35089,38.58605],[-121.35008,38.58655],[-121.34964,38.58616],[-121.34943,38.58595],[-121.34929,38.58579],[-121.34915,38.58562],[-121.34903,38.58545],[-121.3489,38.58523],[-121.34885,38.58514],[-121.34879,38.58502],[-121.34869,38.58477],[-121.34862,38.58457],[-121.34857,38.58438],[-121.34853,38.58418],[-121.34851,38.58399],[-121.3485,38.58378],[-121.34846,38.58299],[-121.34843,38.58254],[-121.3484,38.58179],[-121.34887,38.58515]]]]},"geometry_g24":{"type":"MultiPolygon","coordinates":[[[[-121.34641,38.57933],[-121.34643,38.57936],[-121.3464,38.57933],[-121.34641,38.57933]]],[[[-121.34837,38.58159],[-121.34838,38.58166],[-121.34836,38.58158],[-121.34836,38.58158],[-121.34835,38.58157],[-121.34837,38.58159]]],[[[-121.34887,38.58515],[-121.35089,38.58605],[-121.35008,38.58655],[-121.35008,38.58655],[-121.35008,38.58655],[-121.35007,38.58655],[-121.34964,38.58616],[-121.34964,38.58616],[-121.34964,38.58616],[-121.34943,38.58595],[-121.34943,38.58595],[-121.34943,38.58595],[-121.34931,38.58582],[-121.34929,38.58579],[-121.34929,38.58579],[-121.34929,38.58579],[-121.34915,38.58562],[-121.34915,38.58562],[-121.34915,38.58562],[-121.34912,38.58557],[-121.34903,38.58545],[-121.34903,38.58545],[-121.34903,38.58545],[-121.34894,38.5853],[-121.3489,38.58523],[-121.3489,38.58523],[-121.3489,38.58523],[-121.34886,38.58516],[-121.34885,38.58514],[-121.34885,38.58514],[-121.34885,38.58514],[-121.34883,38.58509],[-121.34879,38.58502],[-121.34879,38.58502],[-121.34879,38.58502],[-121.34877,38.58496],[-121.34869,38.58477],[-121.34869,38.58477],[-121.34869,38.58477],[-121.34865,38.58466],[-121.34862,38.58457],[-121.34862,38.58457],[-121.34862,38.58457],[-121.34857,38.58438],[-121.34857,38.58438],[-121.34857,38.58438],[-121.34853,38.58418],[-121.34853,38.58418],[-121.34853,38.58418],[-121.34851,38.58399],[-121.34851,38.58399],[-121.34851,38.58399],[-121.34851,38.58395],[-121.3485,38.58378],[-121.3485,38.58378],[-121.3485,38.58378],[-121.34848,38.58349],[-121.34846,38.58299],[-121.34846,38.58299],[-121.34846,38.58299],[-121.34844,38.58273],[-121.34844,38.58254],[-121.3484,38.58179],[-121.34887,38.58515]]]]}},{"type":"Feature","properties":{"county_fips":67,"srprec":"0029010","precinct_id":"067-0029010","county_name":"Sacramento","area_sq_mi":0.095,"place_primary":"Carmichael","place_primary_share":100.0,"place_also":[],"places":[{"name":"Carmichael","geoid":"0611390","kind":"cdp","pct":100.0}],"bbox":[-121.33953,38.61353,-121.32845,38.62224],"g22_asm":{"dem_pct":53.0,"margin_dem":6.0,"votes_two_party":915,"winner":"Dem"},"g24_asm":null},"geometry":{"type":"Polygon","coordinates":[[[-121.33951,38.61366],[-121.32858,38.61826],[-121.32847,38.62224],[-121.32845,38.6221],[-121.32849,38.62078],[-121.32856,38.61826],[-121.3286,38.61716],[-121.3286,38.61697],[-121.32871,38.61353],[-121.3304,38.61355],[-121.33115,38.61356],[-121.3321,38.61357],[-121.33277,38.61358],[-121.33336,38.61359],[-121.33446,38.6136],[-121.33678,38.61362],[-121.33868,38.61364],[-121.33949,38.61365],[-121.33953,38.61365],[-121.33951,38.61366]]]}},{"type":"Feature","properties":{"county_fips":67,"srprec":"0029128","precinct_id":"067-0029128","county_name":"Sacramento","area_sq_mi":0.09,"place_primary":"Carmichael","place_primary_share":100.0,"place_also":[],"places":[{"name":"Carmichael","geoid":"0611390","kind":"cdp","pct":100.0}],"bbox":[-121.33953,38.61353,-121.3286,38.61719],"g22_asm":null,"g24_asm":{"dem_pct":57.6,"margin_dem":15.3,"votes_two_party":616,"winner":"Dem"}},"geometry":{"type":"Polygon","coordinates":[[[-121.33951,38.61366],[-121.33113,38.61719],[-121.3286,38.61716],[-121.3286,38.61716],[-121.3286,38.61716],[-121.3286,38.61716],[-121.3286,38.617],[-121.3286,38.61697],[-121.32868,38.61446],[-121.32871,38.61353],[-121.32871,38.61353],[-121.32871,38.61353],[-121.3298,38.61355],[-121.3304,38.61355],[-121.33115,38.61356],[-121.3321,38.61357],[-121.33277,38.61358],[-121.33277,38.61358],[-121.33326,38.61358],[-121.33336,38.61358],[-121.33446,38.6136],[-121.3356,38.61361],[-121.33597,38.61361],[-121.33678,38.61362],[-121.33679,38.61362],[-121.33868,38.61364],[-121.33949,38.61365],[-121.33949,38.61365],[-121.33949,38.61365],[-121.33953,38.61365],[-121.33951,38.61366]],[[-121.33679,38.61363],[-121.33678,38.61442],[-121.33679,38.61363],[-121.33679,38.61363],[-121.33679,38.61363],[-121.33679,38.61363]]]}},{"type":"Feature","properties":{"county_fips":67,"srprec":"0029171","precinct_id":"067-0029171","county_name":"Sacramento","area_sq_mi":0.412,"place_primary":"Carmichael","place_primary_share":100.0,"place_also":[],"places":[{"name":"Carmichael","geoid":"0611390","kind":"cdp","pct":100.0}],"bbox":[-121.34605,38.60272,-121.32871,38.61365],"g22_asm":{"dem_pct":57.8,"margin_dem":15.5,"votes_two_party":1127,"winner":"Dem"},"g24_asm":{"dem_pct":53.3,"margin_dem":6.6,"votes_two_party":1342,"winner":"Dem"}},"geometry":{"type":"Polygon","coordinates":[[[-121.33953,38.61365],[-121.33949,38.61365],[-121.33868,38.61364],[-121.33678,38.61362],[-121.33678,38.61298],[-121.33678,38.61136],[-121.33678,38.60994],[-121.33678,38.60798],[-121.33678,38.60776],[-121.33678,38.60576],[-121.33677,38.60418],[-121.33676,38.6041],[-121.33801,38.60312],[-121.33849,38.60275],[-121.33874,38.60255],[-121.3393,38.60211],[-121.34054,38.60115],[-121.34062,38.60108],[-121.34142,38.60022],[-121.342,38.59959],[-121.34266,38.59887],[-121.34295,38.59855],[-121.34309,38.59841],[-121.3438,38.59763],[-121.34433,38.59706],[-121.34494,38.5964],[-121.3456,38.59675],[-121.3457,38.59682],[-121.34579,38.59689],[-121.34586,38.59696],[-121.34593,38.59705],[-121.34598,38.59714],[-121.34602,38.59723],[-121.34606,38.59737],[-121.34607,38.59742],[-121.34607,38.59747],[-121.34607,38.59803],[-121.34607,38.59877],[-121.34607,38.59881],[-121.34607,38.5996],[-121.34606,38.60052],[-121.34606,38.60139],[-121.34606,38.6028],[-121.34606,38.60316],[-121.34606,38.60352],[-121.34606,38.60364],[-121.34606,38.60401],[-121.34605,38.60462],[-121.34605,38.60498],[-121.34605,38.60575],[-121.34605,38.60604],[-121.34605,38.60639],[-121.34605,38.60686],[-121.34604,38.60775],[-121.34604,38.6085],[-121.34604,38.60943],[-121.34604,38.61003],[-121.34604,38.6103],[-121.34603,38.61119],[-121.34603,38.6112],[-121.33953,38.61365]]]},"geometry_g24":{"type":"Polygon","coordinates":[[[-121.33953,38.61365],[-121.33678,38.61362],[-121.33446,38.6136],[-121.3321,38.61357],[-121.32871,38.61353],[-121.32873,38.61279],[-121.33023,38.60987],[-121.33266,38.60989],[-121.33678,38.60994],[-121.33678,38.60994],[-121.33678,38.60576],[-121.3368,38.60448],[-121.33679,38.60575],[-121.3385,38.60575],[-121.3385,38.60537],[-121.33849,38.60522],[-121.33845,38.60507],[-121.33851,38.60503],[-121.3391,38.60496],[-121.33997,38.60497],[-121.34076,38.60498],[-121.34088,38.60498],[-121.34088,38.60453],[-121.3414,38.60453],[-121.34151,38.60272],[-121.3424,38.60274],[-121.34332,38.60275],[-121.34402,38.60275],[-121.34493,38.60276],[-121.3459,38.60278],[-121.34603,38.60363],[-121.34605,38.60459],[-121.34605,38.60639],[-121.34604,38.61003],[-121.34604,38.61003],[-121.33953,38.61365]],[[-121.33678,38.61298],[-121.33678,38.6136],[-121.33678,38.61298]],[[-121.33895,38.60996],[-121.34031,38.60997],[-121.34031,38.60997],[-121.33895,38.60996]]]}},{"type":"Feature","properties":{"county_fips":67,"srprec":"0029220","precinct_id":"067-0029220","county_name":"Sacramento","area_sq_mi":0.544,"place_primary":"Carmichael","place_primary_share":100.0,"place_also":[],"places":[{"name":"Carmichael","geoid":"0611390","kind":"cdp","pct":100.0}],"bbox":[-121.33678,38.60962,-121.31624,38.62241],"g22_asm":{"dem_pct":57.3,"margin_dem":14.6,"votes_two_party":1234,"winner":"Dem"},"g24_asm":null},"geometry":{"type":"Polygon","coordinates":[[[-121.32846,38.62241],[-121.32501,38.62234],[-121.32149,38.62129],[-121.32152,38.62],[-121.32157,38.61833],[-121.31698,38.61718],[-121.3163,38.61675],[-121.31624,38.61672],[-121.31713,38.61579],[-121.31771,38.61498],[-121.31783,38.61459],[-121.31791,38.61176],[-121.31802,38.61146],[-121.32003,38.61172],[-121.32053,38.61171],[-121.32083,38.61168],[-121.32181,38.60985],[-121.32295,38.60964],[-121.32318,38.60964],[-121.32416,38.60966],[-121.32766,38.60972],[-121.32882,38.60986],[-121.33063,38.60987],[-121.33178,38.60989],[-121.33266,38.6099],[-121.33453,38.60991],[-121.33678,38.61136],[-121.33678,38.61362],[-121.33336,38.61359],[-121.3321,38.61357],[-121.3304,38.61355],[-121.3286,38.61697],[-121.32856,38.61826],[-121.32845,38.6221],[-121.32846,38.62241]]]}},{"type":"Feature","properties":{"county_fips":67,"srprec":"0029298","precinct_id":"067-0029298","county_name":"Sacramento","area_sq_mi":0.63,"place_primary":"Carmichael","place_primary_share":100.0,"place_also":[],"places":[{"name":"Carmichael","geoid":"0611390","kind":"cdp","pct":100.0}],"bbox":[-121.34588,38.59527,-121.31802,38.61172],"g22_asm":{"dem_pct":57.4,"margin_dem":14.7,"votes_two_party":1241,"winner":"Dem"},"g24_asm":null},"geometry":{"type":"Polygon","coordinates":[[[-121.33677,38.60418],[-121.33678,38.60798],[-121.33391,38.60991],[-121.33178,38.60989],[-121.33023,38.60987],[-121.32766,38.60972],[-121.32327,38.60965],[-121.32295,38.60964],[-121.32176,38.6117],[-121.32053,38.61171],[-121.31882,38.61169],[-121.31831,38.60999],[-121.3199,38.60616],[-121.32087,38.60462],[-121.3223,38.60471],[-121.32393,38.60432],[-121.32449,38.60403],[-121.32689,38.60311],[-121.32768,38.60269],[-121.32977,38.6011],[-121.3332,38.60033],[-121.33371,38.60023],[-121.334,38.59997],[-121.33501,38.60001],[-121.33683,38.59974],[-121.33745,38.59949],[-121.33809,38.5993],[-121.34154,38.59529],[-121.34588,38.59537],[-121.3438,38.59763],[-121.34266,38.59887],[-121.34062,38.60108],[-121.33874,38.60255],[-121.33676,38.6041],[-121.33677,38.60418]]]}},{"type":"Feature","properties":{"county_fips":67,"srprec":"0029400","precinct_id":"067-0029400","county_name":"Sacramento","area_sq_mi":0.532,"place_primary":"Carmichael","place_primary_share":100.0,"place_also":[],"places":[{"name":"Carmichael","geoid":"0611390","kind":"cdp","pct":100.0}],"bbox":[-121.32882,38.60962,-121.31624,38.62603],"g22_asm":null,"g24_asm":{"dem_pct":53.1,"margin_dem":6.2,"votes_two_party":1205,"winner":"Dem"}},"geometry":{"type":"Polygon","coordinates":[[[-121.32839,38.62514],[-121.32597,38.62598],[-121.32594,38.62598],[-121.32136,38.62589],[-121.32147,38.62227],[-121.32149,38.62129],[-121.32156,38.61865],[-121.32017,38.61863],[-121.32017,38.61864],[-121.31927,38.61862],[-121.31838,38.6186],[-121.31705,38.61857],[-121.31696,38.61857],[-121.31696,38.61852],[-121.31699,38.61676],[-121.3163,38.61675],[-121.31632,38.61672],[-121.31712,38.61579],[-121.31771,38.61498],[-121.31783,38.61458],[-121.31796,38.61144],[-121.31882,38.61169],[-121.32053,38.61171],[-121.32176,38.6117],[-121.32182,38.60962],[-121.32311,38.60964],[-121.32474,38.60967],[-121.32876,38.61177],[-121.32868,38.61445],[-121.3286,38.61697],[-121.32857,38.61826],[-121.32845,38.6221],[-121.32839,38.62514]]]}},{"type":"Feature","properties":{"county_fips":67,"srprec":"0029504","precinct_id":"067-0029504","county_name":"Sacramento","area_sq_mi":1.048,"place_primary":"Carmichael","place_primary_share":99.8,"place_also":[],"places":[{"name":"Carmichael","geoid":"0611390","kind":"cdp","pct":99.8},{"name":"Rancho Cordova","geoid":"0659444","kind":"city","pct":0.1}],"bbox":[-121.34453,38.57865,-121.31802,38.61172],"g22_asm":null,"g24_asm":{"dem_pct":52.7,"margin_dem":5.3,"votes_two_party":1103,"winner":"Dem"}},"geometry":{"type":"Polygon","coordinates":[[[-121.33098,38.57865],[-121.3445,38.58128],[-121.34251,38.58222],[-121.34134,38.58293],[-121.34048,38.5836],[-121.34004,38.58413],[-121.33877,38.58571],[-121.33787,38.58681],[-121.33692,38.58807],[-121.33627,38.5893],[-121.33585,38.59068],[-121.33441,38.59228],[-121.33389,38.59309],[-121.33367,38.59573],[-121.33333,38.59624],[-121.33268,38.59774],[-121.33164,38.5992],[-121.33139,38.59978],[-121.33045,38.60097],[-121.33332,38.60134],[-121.33364,38.60391],[-121.33353,38.60579],[-121.33676,38.6041],[-121.32882,38.60986],[-121.32176,38.6117],[-121.31832,38.60988],[-121.31921,38.60632],[-121.31985,38.60516],[-121.32628,38.60264],[-121.33107,38.59791],[-121.33062,38.59056],[-121.327,38.58688],[-121.32881,38.5813],[-121.33098,38.57865]],[[-121.32016,38.60563],[-121.32016,38.60563],[-121.32016,38.60563]],[[-121.3206,38.6052],[-121.3206,38.6052],[-121.3206,38.6052],[-121.3206,38.6052]],[[-121.32063,38.60518],[-121.32063,38.60518],[-121.32063,38.60518]],[[-121.32084,38.60514],[-121.32084,38.60514],[-121.32084,38.60514]],[[-121.32125,38.60484],[-121.32125,38.60484],[-121.32125,38.60484],[-121.32125,38.60484]],[[-121.3218,38.60468],[-121.3218,38.60468],[-121.3218,38.60468],[-121.3218,38.60468]],[[-121.32504,38.60391],[-121.32504,38.60391],[-121.32504,38.60391]],[[-121.32678,38.60307],[-121.32678,38.60307],[-121.32678,38.60307],[-121.32678,38.60307],[-121.32678,38.60307],[-121.32678,38.60307],[-121.32678,38.60307]],[[-121.32689,38.60311],[-121.32689,38.60311],[-121.32689,38.60311],[-121.32689,38.60311],[-121.32689,38.60311],[-121.32689,38.60311]],[[-121.32721,38.60184],[-121.32762,38.60158],[-121.3272,38.60184],[-121.32721,38.60184]],[[-121.32762,38.60259],[-121.32762,38.60259],[-121.32762,38.60259],[-121.32762,38.60259]],[[-121.32765,38.60265],[-121.32765,38.60265],[-121.32765,38.60265],[-121.32765,38.60265]],[[-121.33039,38.601],[-121.33039,38.601],[-121.33039,38.601],[-121.33039,38.601]],[[-121.33158,38.59196],[-121.33158,38.59196],[-121.33158,38.59196],[-121.33158,38.59196],[-121.33158,38.59196],[-121.33158,38.59196],[-121.33158,38.59196]]]}},{"type":"Feature","properties":{"county_fips":67,"srprec":"0029513","precinct_id":"067-0029513","county_name":"Sacramento","area_sq_mi":0.908,"place_primary":"Carmichael","place_primary_share":96.1,"place_also":[],"places":[{"name":"Carmichael","geoid":"0611390","kind":"cdp","pct":96.1},{"name":"Rancho Cordova","geoid":"0659444","kind":"city","pct":3.9}],"bbox":[-121.34128,38.59092,-121.30321,38.62253],"g22_asm":{"dem_pct":55.9,"margin_dem":11.9,"votes_two_party":454,"winner":"Dem"},"g24_asm":null},"geometry":{"type":"Polygon","coordinates":[[[-121.32662,38.60235],[-121.32796,38.60134],[-121.33149,38.59687],[-121.33097,38.59093],[-121.33438,38.59226],[-121.33918,38.59487],[-121.34045,38.59515],[-121.33814,38.59957],[-121.33683,38.59974],[-121.3345,38.60037],[-121.33363,38.60035],[-121.32977,38.6011],[-121.32696,38.60307],[-121.32432,38.60408],[-121.3223,38.60471],[-121.31944,38.6055],[-121.31802,38.61141],[-121.31783,38.61459],[-121.31666,38.61633],[-121.31414,38.6173],[-121.30736,38.62113],[-121.30575,38.62217],[-121.30554,38.6216],[-121.30618,38.61877],[-121.30323,38.6147],[-121.30389,38.61308],[-121.30439,38.61217],[-121.30577,38.60974],[-121.30835,38.60743],[-121.31254,38.60493],[-121.31462,38.60406],[-121.31536,38.60435],[-121.31807,38.60271],[-121.31938,38.60326],[-121.32446,38.60357],[-121.32662,38.60235]]]}},{"type":"Feature","properties":{"county_fips":67,"srprec":"0029706","precinct_id":"067-0029706","county_name":"Sacramento","area_sq_mi":0.163,"place_primary":"Carmichael","place_primary_share":100.0,"place_also":[],"places":[{"name":"Carmichael","geoid":"0611390","kind":"cdp","pct":100.0}],"bbox":[-121.34128,38.59229,-121.33045,38.60097],"g22_asm":null,"g24_asm":{"dem_pct":53.8,"margin_dem":7.5,"votes_two_party":452,"winner":"Dem"}},"geometry":{"type":"Polygon","coordinates":[[[-121.33481,38.59249],[-121.33918,38.59487],[-121.3399,38.59506],[-121.34089,38.59588],[-121.33814,38.59957],[-121.33749,38.5994],[-121.33679,38.5996],[-121.336,38.59975],[-121.33459,38.6001],[-121.33447,38.60035],[-121.33385,38.60019],[-121.33382,38.60012],[-121.33354,38.60051],[-121.33132,38.60081],[-121.3305,38.60093],[-121.33096,38.60033],[-121.33137,38.5998],[-121.33144,38.59976],[-121.33161,38.59964],[-121.33164,38.5992],[-121.33189,38.5992],[-121.33249,38.59806],[-121.33268,38.59774],[-121.33295,38.59723],[-121.33304,38.59693],[-121.33333,38.59624],[-121.33342,38.59611],[-121.33356,38.59599],[-121.33367,38.59573],[-121.33377,38.59374],[-121.33378,38.59352],[-121.33389,38.59309],[-121.33408,38.59269],[-121.33441,38.59229],[-121.3348,38.5925],[-121.33481,38.59249]],[[-121.33316,38.59864],[-121.33316,38.59864],[-121.33316,38.59862],[-121.33316,38.59864]],[[-121.33317,38.59875],[-121.33317,38.59878],[-121.33317,38.59875]],[[-121.33333,38.59926],[-121.33333,38.59926],[-121.33319,38.59885],[-121.33333,38.59926]],[[-121.33326,38.59824],[-121.33326,38.59824],[-121.33334,38.59811],[-121.33326,38.59824]],[[-121.33334,38.59811],[-121.33334,38.59811],[-121.33338,38.59806],[-121.33334,38.59811]],[[-121.33347,38.59794],[-121.33345,38.59798],[-121.33347,38.59794]],[[-121.3335,38.59789],[-121.33347,38.59794],[-121.33347,38.59794],[-121.3335,38.59789]],[[-121.33351,38.59977],[-121.33352,38.59978],[-121.33352,38.59978],[-121.33351,38.59977]],[[-121.33351,38.59977],[-121.33349,38.5997],[-121.33349,38.5997],[-121.33349,38.5997],[-121.33351,38.59977]],[[-121.33354,38.59776],[-121.33353,38.5978],[-121.33354,38.59776]],[[-121.33358,38.59768],[-121.33354,38.59776],[-121.33354,38.59776],[-121.33358,38.59768]],[[-121.33357,38.5999],[-121.33357,38.5999],[-121.33356,38.59987],[-121.33357,38.5999]],[[-121.33357,38.5999],[-121.33362,38.59996],[-121.33357,38.5999]],[[-121.33363,38.5976],[-121.33358,38.59768],[-121.33358,38.59768],[-121.33363,38.5976]],[[-121.33363,38.5976],[-121.33363,38.5976],[-121.33367,38.59755],[-121.33363,38.5976]],[[-121.3337,38.60004],[-121.3337,38.60004],[-121.33363,38.59997],[-121.3337,38.60004]],[[-121.33371,38.60004],[-121.33374,38.60007],[-121.33374,38.60007],[-121.33371,38.60004]],[[-121.33377,38.60009],[-121.33382,38.60012],[-121.33382,38.60012],[-121.33377,38.60009]],[[-121.33377,38.60009],[-121.33375,38.60007],[-121.33375,38.60007],[-121.33377,38.60009]],[[-121.33388,38.59731],[-121.33388,38.59731],[-121.33442,38.59668],[-121.33388,38.59731]]]}},{"type":"Feature","properties":{"county_fips":67,"srprec":"0029848","precinct_id":"067-0029848","county_name":"Sacramento","area_sq_mi":0.442,"place_primary":"Carmichael","place_primary_share":100.0,"place_also":[],"places":[{"name":"Carmichael","geoid":"0611390","kind":"cdp","pct":100.0}],"bbox":[-121.34943,38.57933,-121.33441,38.59527],"g22_asm":{"dem_pct":56.8,"margin_dem":13.5,"votes_two_party":1235,"winner":"Dem"},"g24_asm":{"dem_pct":53.9,"margin_dem":7.7,"votes_two_party":1422,"winner":"Dem"}},"geometry":{"type":"Polygon","coordinates":[[[-121.33098,38.57865],[-121.33987,38.57971],[-121.3412,38.57975],[-121.34284,38.57954],[-121.34643,38.57936],[-121.34836,38.58158],[-121.3484,38.58179],[-121.34846,38.58299],[-121.34851,38.58399],[-121.34857,38.58438],[-121.34869,38.58477],[-121.34885,38.58514],[-121.34903,38.58545],[-121.34929,38.58579],[-121.34858,38.58626],[-121.34796,38.58677],[-121.34793,38.58722],[-121.34768,38.58709],[-121.34759,38.58723],[-121.34733,38.58745],[-121.34654,38.58789],[-121.34447,38.59202],[-121.34322,38.59339],[-121.34102,38.59524],[-121.3399,38.59506],[-121.33952,38.59499],[-121.33918,38.59487],[-121.3378,38.59412],[-121.33481,38.59249],[-121.33241,38.59143],[-121.33195,38.59123],[-121.33097,38.59093],[-121.33062,38.59056],[-121.33002,38.58978],[-121.32904,38.58856],[-121.32821,38.58778],[-121.32793,38.58764],[-121.32709,38.58702],[-121.32694,38.58673],[-121.32695,38.58596],[-121.32722,38.58476],[-121.32794,38.58332],[-121.32803,38.58269],[-121.32881,38.5813],[-121.32914,38.58037],[-121.32933,38.57976],[-121.33007,38.57896],[-121.33094,38.57865],[-121.33098,38.57865]]]},"geometry_g24":{"type":"Polygon","coordinates":[[[-121.3464,38.57933],[-121.34846,38.58299],[-121.34857,38.58438],[-121.34885,38.58514],[-121.34915,38.58562],[-121.34858,38.58626],[-121.34796,38.58677],[-121.34783,38.58717],[-121.34741,38.58746],[-121.34549,38.58927],[-121.34102,38.59524],[-121.33952,38.59499],[-121.33481,38.59249],[-121.33497,38.59173],[-121.3356,38.59106],[-121.3359,38.59057],[-121.33616,38.58973],[-121.33642,38.58883],[-121.33676,38.58829],[-121.33717,38.58775],[-121.33764,38.58712],[-121.338,38.58666],[-121.33839,38.58617],[-121.33888,38.58554],[-121.33939,38.58486],[-121.34004,38.58413],[-121.34026,38.58387],[-121.34048,38.5836],[-121.3408,38.58333],[-121.34129,38.58296],[-121.34187,38.58259],[-121.34257,38.5822],[-121.34389,38.58159],[-121.3445,38.58128],[-121.3464,38.57933]],[[-121.34091,38.59303],[-121.34091,38.59303],[-121.34091,38.59303]],[[-121.34093,38.58851],[-121.34093,38.58851],[-121.34093,38.58851],[-121.34093,38.58851]],[[-121.34118,38.58977],[-121.34118,38.58977],[-121.34118,38.58977]],[[-121.34121,38.59072],[-121.34121,38.59072],[-121.34121,38.59072]],[[-121.34256,38.58817],[-121.34256,38.58817],[-121.34256,38.58817]],[[-121.34308,38.58839],[-121.34308,38.58839],[-121.34308,38.58839]]]}},{"type":"Feature","properties":{"county_fips":67,"srprec":"0031048","precinct_id":"067-0031048","county_name":"Sacramento","area_sq_mi":0.456,"place_primary":"Citrus Heights","place_primary_share":100.0,"place_also":[],"places":[{"name":"Citrus Heights","geoid":"0613588","kind":"city","pct":100.0}],"bbox":[-121.28132,38.70731,-121.27175,38.7209],"g22_asm":{"dem_pct":40.8,"margin_dem":-18.3,"votes_two_party":698,"winner":"Rep"},"g24_asm":null},"geometry":{"type":"Polygon","coordinates":[[[-121.28045,38.72081],[-121.28015,38.72078],[-121.28009,38.72078],[-121.27969,38.72073],[-121.27826,38.7206],[-121.27555,38.72042],[-121.27549,38.72042],[-121.27546,38.72041],[-121.27506,38.72038],[-121.27392,38.72031],[-121.27388,38.72031],[-121.27376,38.7203],[-121.27366,38.72029],[-121.27257,38.72025],[-121.27203,38.72022],[-121.27178,38.71894],[-121.27175,38.71807],[-121.27175,38.71609],[-121.27175,38.71431],[-121.27175,38.71335],[-121.27176,38.71134],[-121.27175,38.71057],[-121.27176,38.70972],[-121.27178,38.70758],[-121.27234,38.70756],[-121.27289,38.70745],[-121.27344,38.70746],[-121.27358,38.70754],[-121.27489,38.70754],[-121.28122,38.70748],[-121.28118,38.70999],[-121.28124,38.71248],[-121.28124,38.71452],[-121.28123,38.71616],[-121.28124,38.71851],[-121.28129,38.71997],[-121.28045,38.72081]]]}},{"type":"Feature","properties":{"county_fips":67,"srprec":"0031082","precinct_id":"067-0031082","county_name":"Sacramento","area_sq_mi":0.577,"place_primary":"Citrus Heights","place_primary_share":100.0,"place_also":[],"places":[{"name":"Citrus Heights","geoid":"0613588","kind":"city","pct":100.0}],"bbox":[-121.2904,38.69463,-121.27178,38.70758],"g22_asm":null,"g24_asm":{"dem_pct":43.9,"margin_dem":-12.1,"votes_two_party":1338,"winner":"Rep"}},"geometry":{"type":"Polygon","coordinates":[[[-121.29038,38.70199],[-121.29039,38.70233],[-121.29039,38.7047],[-121.2904,38.70655],[-121.2904,38.70743],[-121.28675,38.70745],[-121.28122,38.70748],[-121.2812,38.70748],[-121.27489,38.70754],[-121.27364,38.70755],[-121.27353,38.70752],[-121.27343,38.70746],[-121.27306,38.7074],[-121.27271,38.7075],[-121.27234,38.70756],[-121.27197,38.70758],[-121.27178,38.70758],[-121.27181,38.70374],[-121.27187,38.70378],[-121.27352,38.70283],[-121.27606,38.70156],[-121.27694,38.70119],[-121.27876,38.70027],[-121.28113,38.69912],[-121.28113,38.69912],[-121.28265,38.69834],[-121.28411,38.69756],[-121.28525,38.69693],[-121.28622,38.69649],[-121.28697,38.69615],[-121.2903,38.69465],[-121.29034,38.69463],[-121.29033,38.69813],[-121.29035,38.69965],[-121.29038,38.70199]],[[-121.28114,38.69947],[-121.28116,38.70075],[-121.28116,38.70075],[-121.28114,38.69947]],[[-121.28116,38.70075],[-121.28117,38.70129],[-121.28117,38.70129],[-121.28116,38.70075]],[[-121.29038,38.70199],[-121.29038,38.70199],[-121.29033,38.70199],[-121.29038,38.70199]],[[-121.29033,38.70199],[-121.28787,38.70199],[-121.28787,38.70199],[-121.29033,38.70199]],[[-121.28117,38.7048],[-121.28117,38.70475],[-121.28117,38.7048]],[[-121.28117,38.70475],[-121.28115,38.70446],[-121.28115,38.70446],[-121.28117,38.70475]],[[-121.28118,38.702],[-121.28118,38.702],[-121.28118,38.70195],[-121.28118,38.702],[-121.28118,38.70209],[-121.28118,38.702],[-121.28118,38.702],[-121.28118,38.702],[-121.28118,38.702]],[[-121.2812,38.70341],[-121.28119,38.70292],[-121.2812,38.70341]],[[-121.28119,38.70292],[-121.28118,38.70219],[-121.28118,38.70219],[-121.28119,38.70291],[-121.28119,38.70292]],[[-121.2812,38.70618],[-121.2812,38.70618],[-121.28122,38.70748],[-121.2812,38.70618]],[[-121.2812,38.70618],[-121.2812,38.70615],[-121.2812,38.70615],[-121.2812,38.70618]],[[-121.2822,38.702],[-121.28364,38.70199],[-121.28364,38.70199],[-121.2822,38.702]],[[-121.28392,38.70199],[-121.28392,38.70199],[-121.28364,38.70199],[-121.28392,38.70199]],[[-121.2844,38.70199],[-121.28519,38.70199],[-121.2844,38.70199]],[[-121.28534,38.70199],[-121.28691,38.70199],[-121.28691,38.70199],[-121.28534,38.70199]]]}},{"type":"Feature","properties":{"county_fips":67,"srprec":"0031157","precinct_id":"067-0031157","county_name":"Sacramento","area_sq_mi":0.213,"place_primary":"Citrus Heights","place_primary_share":100.0,"place_also":[],"places":[{"name":"Citrus Heights","geoid":"0613588","kind":"city","pct":100.0}],"bbox":[-121.28122,38.69911,-121.27178,38.70758],"g22_asm":{"dem_pct":42.4,"margin_dem":-15.2,"votes_two_party":363,"winner":"Rep"},"g24_asm":null},"geometry":{"type":"Polygon","coordinates":[[[-121.27489,38.70754],[-121.2737,38.70756],[-121.27364,38.70755],[-121.27358,38.70754],[-121.27353,38.70752],[-121.27348,38.7075],[-121.27344,38.70746],[-121.27328,38.70731],[-121.27306,38.7074],[-121.27289,38.70745],[-121.27271,38.7075],[-121.27253,38.70754],[-121.27234,38.70756],[-121.27215,38.70758],[-121.27197,38.70758],[-121.27178,38.70758],[-121.2718,38.70479],[-121.27181,38.70374],[-121.27212,38.70356],[-121.27352,38.70282],[-121.27367,38.70275],[-121.27574,38.70165],[-121.27609,38.70155],[-121.27694,38.70119],[-121.27747,38.70094],[-121.27805,38.70064],[-121.27877,38.70027],[-121.28113,38.69911],[-121.28114,38.69947],[-121.28116,38.70075],[-121.28117,38.7013],[-121.28118,38.702],[-121.28118,38.70219],[-121.28119,38.70291],[-121.2812,38.70341],[-121.28115,38.70446],[-121.28117,38.7048],[-121.28116,38.70561],[-121.28119,38.70615],[-121.2812,38.70618],[-121.28122,38.70748],[-121.27819,38.7075],[-121.27651,38.70752],[-121.27489,38.70754]]]}},{"type":"Feature","properties":{"county_fips":67,"srprec":"0031193","precinct_id":"067-0031193","county_name":"Sacramento","area_sq_mi":0.63,"place_primary":"Citrus Heights","place_primary_share":100.0,"place_also":[],"places":[{"name":"Citrus Heights","geoid":"0613588","kind":"city","pct":100.0}],"bbox":[-121.27189,38.70374,-121.25369,38.72021],"g22_asm":{"dem_pct":41.9,"margin_dem":-16.3,"votes_two_party":523,"winner":"Rep"},"g24_asm":{"dem_pct":38.7,"margin_dem":-22.6,"votes_two_party":1328,"winner":"Rep"}},"geometry":{"type":"Polygon","coordinates":[[[-121.27018,38.70471],[-121.27181,38.70374],[-121.2718,38.70479],[-121.27178,38.70758],[-121.27176,38.70929],[-121.27176,38.70937],[-121.27176,38.70972],[-121.27176,38.70977],[-121.27175,38.71045],[-121.27175,38.71057],[-121.27176,38.7108],[-121.27176,38.7109],[-121.27176,38.71134],[-121.27176,38.71149],[-121.27176,38.71316],[-121.27175,38.71335],[-121.27175,38.7138],[-121.27175,38.71396],[-121.27175,38.71431],[-121.27175,38.71501],[-121.26822,38.71499],[-121.26717,38.71499],[-121.26639,38.71498],[-121.26554,38.71498],[-121.2625,38.71495],[-121.2625,38.7151],[-121.26193,38.71514],[-121.26198,38.71501],[-121.26199,38.71492],[-121.26198,38.71355],[-121.26198,38.71279],[-121.26196,38.71102],[-121.26196,38.71062],[-121.26194,38.70905],[-121.26194,38.70869],[-121.26191,38.70861],[-121.26187,38.70853],[-121.26174,38.70837],[-121.26277,38.70791],[-121.26298,38.70782],[-121.26364,38.70753],[-121.26412,38.70739],[-121.26506,38.70698],[-121.2655,38.70679],[-121.26619,38.70647],[-121.26638,38.70643],[-121.26638,38.70641],[-121.26704,38.70613],[-121.26747,38.70595],[-121.26855,38.7055],[-121.26982,38.70489],[-121.26996,38.70482],[-121.27018,38.70471]]]},"geometry_g24":{"type":"Polygon","coordinates":[[[-121.26809,38.71995],[-121.26521,38.71974],[-121.26396,38.71966],[-121.26203,38.71952],[-121.26176,38.7195],[-121.25426,38.71895],[-121.25417,38.71894],[-121.25386,38.7189],[-121.25381,38.71758],[-121.25369,38.71491],[-121.2572,38.71489],[-121.25758,38.71485],[-121.25926,38.71431],[-121.25999,38.71488],[-121.26042,38.71511],[-121.26193,38.71539],[-121.26192,38.71522],[-121.26193,38.71514],[-121.26198,38.71355],[-121.26194,38.70869],[-121.26191,38.70861],[-121.26174,38.70837],[-121.26364,38.70753],[-121.2655,38.70679],[-121.26638,38.70643],[-121.26747,38.70595],[-121.26996,38.70483],[-121.27181,38.70382],[-121.27176,38.70929],[-121.27175,38.71045],[-121.27176,38.71134],[-121.27175,38.71397],[-121.27175,38.71501],[-121.27175,38.71693],[-121.27176,38.71858],[-121.26809,38.71995]],[[-121.2625,38.71495],[-121.26554,38.71498],[-121.2625,38.71495]],[[-121.26639,38.71498],[-121.26639,38.71498],[-121.26616,38.71498],[-121.26639,38.71498]],[[-121.26717,38.71499],[-121.26717,38.71499],[-121.26642,38.71498],[-121.26717,38.71499]]]}},{"type":"Feature","properties":{"county_fips":67,"srprec":"0031236","precinct_id":"067-0031236","county_name":"Sacramento","area_sq_mi":0.456,"place_primary":"Citrus Heights","place_primary_share":100.0,"place_also":[],"places":[{"name":"Citrus Heights","geoid":"0613588","kind":"city","pct":100.0}],"bbox":[-121.27189,38.70837,-121.25357,38.72021],"g22_asm":{"dem_pct":38.7,"margin_dem":-22.6,"votes_two_party":1003,"winner":"Rep"},"g24_asm":null},"geometry":{"type":"Polygon","coordinates":[[[-121.26809,38.71995],[-121.26581,38.71979],[-121.26521,38.71974],[-121.26397,38.71966],[-121.26389,38.71965],[-121.26349,38.71963],[-121.26203,38.71952],[-121.26181,38.7195],[-121.26153,38.71949],[-121.26094,38.71945],[-121.25425,38.71895],[-121.25417,38.71894],[-121.25386,38.7189],[-121.25382,38.71758],[-121.25377,38.71758],[-121.25369,38.71491],[-121.25357,38.71204],[-121.25451,38.71158],[-121.25577,38.711],[-121.25792,38.71005],[-121.25933,38.70943],[-121.26131,38.70856],[-121.26187,38.70853],[-121.26194,38.70869],[-121.26196,38.71062],[-121.26198,38.71279],[-121.26199,38.71492],[-121.26193,38.71514],[-121.2625,38.71495],[-121.26639,38.71498],[-121.26822,38.71499],[-121.27175,38.71555],[-121.27175,38.71668],[-121.27175,38.71807],[-121.27175,38.71858],[-121.27189,38.72021],[-121.26809,38.71995]]]}},{"type":"Feature","properties":{"county_fips":67,"srprec":"0031245","precinct_id":"067-0031245","county_name":"Sacramento","area_sq_mi":0.303,"place_primary":"Citrus Heights","place_primary_share":99.8,"place_also":[],"places":[{"name":"Citrus Heights","geoid":"0613588","kind":"city","pct":99.8},{"name":"Orangevale","geoid":"0654092","kind":"cdp","pct":0.2}],"bbox":[-121.26199,38.70837,-121.24281,38.7189],"g22_asm":null,"g24_asm":{"dem_pct":38.2,"margin_dem":-23.6,"votes_two_party":1162,"winner":"Rep"}},"geometry":{"type":"MultiPolygon","coordinates":[[[[-121.25352,38.71888],[-121.25352,38.71888],[-121.25352,38.71888]]],[[[-121.25352,38.71888],[-121.24281,38.71818],[-121.24298,38.71784],[-121.24336,38.71741],[-121.24358,38.71719],[-121.24371,38.71707],[-121.24389,38.71694],[-121.24408,38.71683],[-121.24429,38.71673],[-121.24444,38.71666],[-121.24494,38.71644],[-121.24883,38.71429],[-121.2497,38.7139],[-121.25123,38.71318],[-121.25364,38.71201],[-121.25428,38.7117],[-121.25689,38.71051],[-121.26174,38.70837],[-121.2619,38.70858],[-121.26194,38.70869],[-121.26196,38.71101],[-121.26198,38.71501],[-121.26192,38.71527],[-121.26193,38.71539],[-121.26042,38.71512],[-121.26008,38.71495],[-121.25942,38.71424],[-121.25909,38.71438],[-121.25758,38.71485],[-121.2572,38.71489],[-121.2537,38.71491],[-121.2537,38.71491],[-121.25369,38.71491],[-121.25377,38.71758],[-121.25384,38.71759],[-121.25352,38.71888]],[[-121.25367,38.71218],[-121.25367,38.71218],[-121.25367,38.71218],[-121.25367,38.71243],[-121.25367,38.71218]]]]}},{"type":"Feature","properties":{"county_fips":67,"srprec":"0031271","precinct_id":"067-0031271","county_name":"Sacramento","area_sq_mi":0.36,"place_primary":"Citrus Heights","place_primary_share":99.7,"place_also":[],"places":[{"name":"Citrus Heights","geoid":"0613588","kind":"city","pct":99.7},{"name":"Orangevale","geoid":"0654092","kind":"cdp","pct":0.3}],"bbox":[-121.25386,38.70647,-121.24281,38.7189],"g22_asm":{"dem_pct":39.8,"margin_dem":-20.3,"votes_two_party":974,"winner":"Rep"},"g24_asm":null},"geometry":{"type":"Polygon","coordinates":[[[-121.24281,38.71819],[-121.2429,38.71797],[-121.24336,38.71741],[-121.24358,38.71719],[-121.24389,38.71695],[-121.24429,38.71673],[-121.24445,38.71489],[-121.24445,38.71248],[-121.24446,38.7103],[-121.24435,38.70871],[-121.24432,38.70729],[-121.24637,38.70656],[-121.24804,38.70655],[-121.24853,38.70654],[-121.24899,38.70647],[-121.24904,38.70672],[-121.24888,38.70684],[-121.24891,38.70705],[-121.24891,38.70724],[-121.24873,38.70747],[-121.24859,38.70757],[-121.24855,38.70764],[-121.24837,38.70776],[-121.24821,38.708],[-121.24843,38.70831],[-121.24872,38.70853],[-121.24888,38.70888],[-121.24897,38.70927],[-121.24898,38.7095],[-121.24928,38.70969],[-121.25356,38.7099],[-121.25357,38.71204],[-121.25369,38.71491],[-121.25377,38.71758],[-121.25382,38.71758],[-121.25386,38.7189],[-121.2525,38.71882],[-121.25047,38.7187],[-121.24281,38.71819]]]}},{"type":"Feature","properties":{"county_fips":67,"srprec":"0031283","precinct_id":"067-0031283","county_name":"Sacramento","area_sq_mi":0.376,"place_primary":"Citrus Heights","place_primary_share":99.9,"place_also":[],"places":[{"name":"Citrus Heights","geoid":"0613588","kind":"city","pct":99.9},{"name":"Orangevale","geoid":"0654092","kind":"cdp","pct":0.1}],"bbox":[-121.25995,38.70472,-121.24432,38.71666],"g22_asm":null,"g24_asm":{"dem_pct":38.7,"margin_dem":-22.6,"votes_two_party":1281,"winner":"Rep"}},"geometry":{"type":"Polygon","coordinates":[[[-121.25763,38.70579],[-121.25761,38.70621],[-121.2577,38.70647],[-121.25801,38.70681],[-121.25835,38.70727],[-121.25846,38.70759],[-121.25851,38.70812],[-121.25983,38.70853],[-121.25981,38.70879],[-121.25993,38.7091],[-121.25792,38.71005],[-121.25451,38.71158],[-121.25357,38.71204],[-121.25184,38.71289],[-121.24926,38.71409],[-121.24853,38.71444],[-121.24474,38.71655],[-121.24444,38.71666],[-121.24445,38.71453],[-121.24446,38.7103],[-121.24435,38.70871],[-121.24432,38.70729],[-121.24804,38.70655],[-121.24877,38.70651],[-121.24904,38.70662],[-121.24902,38.70654],[-121.24924,38.7064],[-121.24954,38.70623],[-121.2513,38.70472],[-121.25263,38.70565],[-121.25303,38.70578],[-121.25359,38.70583],[-121.25763,38.70579]],[[-121.24883,38.70691],[-121.24883,38.70691],[-121.24883,38.70691],[-121.24883,38.70691]],[[-121.24897,38.70679],[-121.24897,38.70679],[-121.24888,38.70684],[-121.24888,38.70684],[-121.24888,38.70684],[-121.24897,38.70679]],[[-121.24897,38.70679],[-121.24897,38.70679],[-121.24897,38.70679]]]}},{"type":"Feature","properties":{"county_fips":67,"srprec":"0031327","precinct_id":"067-0031327","county_name":"Sacramento","area_sq_mi":0.413,"place_primary":"Citrus Heights","place_primary_share":100.0,"place_also":[],"places":[{"name":"Citrus Heights","geoid":"0613588","kind":"city","pct":100.0}],"bbox":[-121.27181,38.70029,-121.24821,38.71204],"g22_asm":{"dem_pct":39.9,"margin_dem":-20.3,"votes_two_party":1016,"winner":"Rep"},"g24_asm":null},"geometry":{"type":"Polygon","coordinates":[[[-121.26239,38.7056],[-121.26234,38.70431],[-121.26337,38.70039],[-121.26642,38.70035],[-121.26936,38.70032],[-121.27181,38.70374],[-121.26982,38.70489],[-121.26704,38.70613],[-121.26619,38.70647],[-121.26412,38.70739],[-121.26277,38.70791],[-121.25995,38.70916],[-121.25792,38.71005],[-121.25529,38.71122],[-121.25357,38.71204],[-121.24944,38.70978],[-121.24898,38.7095],[-121.24891,38.70906],[-121.24872,38.70853],[-121.24825,38.70817],[-121.24837,38.70776],[-121.24859,38.70759],[-121.24873,38.70747],[-121.24893,38.70717],[-121.24888,38.70684],[-121.24904,38.70662],[-121.24924,38.7064],[-121.24954,38.70623],[-121.2513,38.70472],[-121.25263,38.70565],[-121.25303,38.70578],[-121.25359,38.70583],[-121.25763,38.70579],[-121.25854,38.7058],[-121.25906,38.70585],[-121.26098,38.70584],[-121.26222,38.70587],[-121.26239,38.7056]]]}},{"type":"Feature","properties":{"county_fips":67,"srprec":"0031359","precinct_id":"067-0031359","county_name":"Sacramento","area_sq_mi":0.606,"place_primary":"Citrus Heights","place_primary_share":99.9,"place_also":[],"places":[{"name":"Citrus Heights","geoid":"0613588","kind":"city","pct":99.9},{"name":"Orangevale","geoid":"0654092","kind":"cdp","pct":0.1}],"bbox":[-121.27181,38.70029,-121.2443,38.70916],"g22_asm":null,"g24_asm":{"dem_pct":39.2,"margin_dem":-21.5,"votes_two_party":1486,"winner":"Rep"}},"geometry":{"type":"Polygon","coordinates":[[[-121.26238,38.7004],[-121.26337,38.70039],[-121.26936,38.70032],[-121.27181,38.70374],[-121.26982,38.70489],[-121.26638,38.70641],[-121.26628,38.70645],[-121.26505,38.70698],[-121.26277,38.70791],[-121.25995,38.70916],[-121.25981,38.70879],[-121.25983,38.70812],[-121.25851,38.70799],[-121.25842,38.70744],[-121.25814,38.70695],[-121.25779,38.70659],[-121.25761,38.70621],[-121.25763,38.70579],[-121.25447,38.70582],[-121.25338,38.70583],[-121.25271,38.70568],[-121.25235,38.70548],[-121.25074,38.70521],[-121.24924,38.7064],[-121.24877,38.70651],[-121.24753,38.70655],[-121.24432,38.70607],[-121.2443,38.70421],[-121.24434,38.70052],[-121.2486,38.7005],[-121.25355,38.70047],[-121.25689,38.70053],[-121.26069,38.70046],[-121.26238,38.7004]],[[-121.24897,38.70647],[-121.24899,38.70646],[-121.24907,38.70644],[-121.24897,38.70647]]]}},{"type":"Feature","properties":{"county_fips":67,"srprec":"0031370","precinct_id":"067-0031370","county_name":"Sacramento","area_sq_mi":0.577,"place_primary":"Citrus Heights","place_primary_share":99.3,"place_also":[],"places":[{"name":"Citrus Heights","geoid":"0613588","kind":"city","pct":99.3},{"name":"Orangevale","geoid":"0654092","kind":"cdp","pct":0.7}],"bbox":[-121.26242,38.69317,-121.2443,38.70656],"g22_asm":{"dem_pct":39.9,"margin_dem":-20.2,"votes_two_party":1210,"winner":"Rep"},"g24_asm":null},"geometry":{"type":"Polygon","coordinates":[[[-121.24433,38.70011],[-121.24433,38.6969],[-121.24436,38.69402],[-121.24973,38.69318],[-121.25297,38.69364],[-121.25298,38.69606],[-121.25301,38.69709],[-121.25212,38.69712],[-121.25148,38.69726],[-121.25092,38.69749],[-121.25035,38.69787],[-121.25117,38.69858],[-121.2514,38.69895],[-121.25153,38.69935],[-121.25156,38.70048],[-121.25362,38.70047],[-121.25744,38.70052],[-121.26164,38.70041],[-121.26234,38.70431],[-121.26239,38.7056],[-121.26171,38.70587],[-121.26072,38.70584],[-121.25892,38.70585],[-121.25829,38.70578],[-121.25678,38.7058],[-121.25338,38.70583],[-121.25287,38.70574],[-121.25248,38.70557],[-121.25118,38.70484],[-121.24949,38.70626],[-121.24912,38.70644],[-121.24853,38.70654],[-121.24753,38.70655],[-121.24432,38.70607],[-121.24432,38.70119],[-121.24433,38.70011]]]}},{"type":"Feature","properties":{"county_fips":67,"srprec":"0031432","precinct_id":"067-0031432","county_name":"Sacramento","area_sq_mi":0.635,"place_primary":"Citrus Heights","place_primary_share":100.0,"place_also":[],"places":[{"name":"Citrus Heights","geoid":"0613588","kind":"city","pct":100.0}],"bbox":[-121.29034,38.68917,-121.27166,38.70374],"g22_asm":{"dem_pct":42.3,"margin_dem":-15.4,"votes_two_party":903,"winner":"Rep"},"g24_asm":{"dem_pct":41.9,"margin_dem":-16.1,"votes_two_party":1395,"winner":"Rep"}},"geometry":{"type":"Polygon","coordinates":[[[-121.28329,38.68844],[-121.28385,38.68857],[-121.28451,38.68837],[-121.2855,38.68821],[-121.28586,38.68856],[-121.28583,38.6891],[-121.2861,38.68962],[-121.2874,38.68985],[-121.28857,38.68962],[-121.28934,38.68945],[-121.2898,38.68918],[-121.2901,38.6893],[-121.2903,38.69023],[-121.29028,38.69098],[-121.29034,38.69454],[-121.28697,38.69615],[-121.28525,38.69693],[-121.28339,38.69794],[-121.28113,38.69911],[-121.27747,38.70094],[-121.27574,38.70165],[-121.27212,38.70356],[-121.27177,38.70029],[-121.27173,38.69667],[-121.27233,38.69533],[-121.27292,38.69526],[-121.27345,38.69506],[-121.2738,38.69493],[-121.27454,38.69489],[-121.27636,38.69383],[-121.27634,38.69167],[-121.27826,38.68924],[-121.28059,38.68921],[-121.28329,38.68844]]]},"geometry_g24":{"type":"Polygon","coordinates":[[[-121.27166,38.68932],[-121.27632,38.68926],[-121.27632,38.68926],[-121.27864,38.68923],[-121.28059,38.68921],[-121.2833,38.68917],[-121.28331,38.68978],[-121.28332,38.69101],[-121.28332,38.69104],[-121.28332,38.69104],[-121.28505,38.69104],[-121.29028,38.69098],[-121.29028,38.69245],[-121.29034,38.69454],[-121.29034,38.69463],[-121.28759,38.69588],[-121.28697,38.69615],[-121.28549,38.69681],[-121.28479,38.69717],[-121.28392,38.69766],[-121.28265,38.69834],[-121.28228,38.69852],[-121.28113,38.69911],[-121.28113,38.69912],[-121.27876,38.70027],[-121.27747,38.70095],[-121.27609,38.70155],[-121.27574,38.70165],[-121.27352,38.70282],[-121.27187,38.70371],[-121.27181,38.70374],[-121.27177,38.70029],[-121.27176,38.69887],[-121.27173,38.69633],[-121.27171,38.69535],[-121.27171,38.69534],[-121.2717,38.69359],[-121.27166,38.68932]]]}},{"type":"Feature","properties":{"county_fips":67,"srprec":"0031546","precinct_id":"067-0031546","county_name":"Sacramento","area_sq_mi":0.299,"place_primary":"Citrus Heights","place_primary_share":100.0,"place_also":[],"places":[{"name":"Citrus Heights","geoid":"0613588","kind":"city","pct":100.0}],"bbox":[-121.28478,38.67825,-121.27157,38.68563],"g22_asm":{"dem_pct":51.8,"margin_dem":3.7,"votes_two_party":598,"winner":"Dem"},"g24_asm":{"dem_pct":50.0,"margin_dem":0.0,"votes_two_party":968,"winner":"Tie"}},"geometry":{"type":"Polygon","coordinates":[[[-121.28106,38.67828],[-121.28137,38.67827],[-121.28209,38.67827],[-121.28473,38.67825],[-121.28476,38.6809],[-121.28478,38.68235],[-121.28479,38.68269],[-121.28479,38.68319],[-121.2848,38.68363],[-121.2848,38.68366],[-121.2848,38.68373],[-121.28481,38.68441],[-121.28106,38.68441],[-121.28106,38.68493],[-121.28106,38.68565],[-121.28015,38.68565],[-121.28015,38.68564],[-121.27998,38.6855],[-121.27981,38.68545],[-121.2794,38.68526],[-121.27922,38.68523],[-121.2791,38.6851],[-121.27902,38.685],[-121.27889,38.68499],[-121.27879,38.68505],[-121.2787,38.68508],[-121.2785,38.68517],[-121.27835,38.68521],[-121.27814,38.68519],[-121.27796,38.68514],[-121.27779,38.68488],[-121.27772,38.68471],[-121.27764,38.68463],[-121.27748,38.68451],[-121.27738,38.68444],[-121.27692,38.68426],[-121.27677,38.6842],[-121.27616,38.68391],[-121.27592,38.68391],[-121.27592,38.68391],[-121.27421,38.68393],[-121.27193,38.68396],[-121.27193,38.68396],[-121.27161,38.68396],[-121.27159,38.68121],[-121.27156,38.67843],[-121.27598,38.67834],[-121.27673,38.67832],[-121.27691,38.67832],[-121.27811,38.6783],[-121.2786,38.67829],[-121.28016,38.67828],[-121.28103,38.67828],[-121.28106,38.67828]]]},"geometry_g24":{"type":"Polygon","coordinates":[[[-121.27946,38.67831],[-121.28014,38.67832],[-121.28056,38.67832],[-121.28095,38.67832],[-121.28103,38.67832],[-121.28103,38.67828],[-121.28473,38.67825],[-121.28474,38.67826],[-121.28473,38.67826],[-121.28477,38.68278],[-121.28478,38.68438],[-121.28407,38.68438],[-121.28344,38.68438],[-121.28271,38.68438],[-121.28211,38.68439],[-121.28158,38.68439],[-121.28099,38.68456],[-121.28099,38.68496],[-121.28101,38.68543],[-121.281,38.68562],[-121.28014,38.68563],[-121.27941,38.68526],[-121.2791,38.6851],[-121.27889,38.68499],[-121.2785,38.68517],[-121.27814,38.68519],[-121.27772,38.68471],[-121.27748,38.68451],[-121.27677,38.6842],[-121.27616,38.68391],[-121.27592,38.68391],[-121.27193,38.68396],[-121.27161,38.68396],[-121.27157,38.67843],[-121.27807,38.6783],[-121.27807,38.67833],[-121.27946,38.67831]],[[-121.27632,38.68391],[-121.27632,38.68391],[-121.27632,38.68391],[-121.27632,38.68391]],[[-121.2783,38.68201],[-121.2783,38.68201],[-121.2783,38.68201],[-121.2783,38.68201]]]}},{"type":"Feature","properties":{"county_fips":67,"srprec":"0031631","precinct_id":"067-0031631","county_name":"Sacramento","area_sq_mi":0.366,"place_primary":"Citrus Heights","place_primary_share":100.0,"place_also":[],"places":[{"name":"Citrus Heights","geoid":"0613588","kind":"city","pct":100.0}],"bbox":[-121.27177,38.68932,-121.26227,38.7004],"g22_asm":{"dem_pct":37.2,"margin_dem":-25.5,"votes_two_party":862,"winner":"Rep"},"g24_asm":{"dem_pct":37.6,"margin_dem":-24.9,"votes_two_party":1070,"winner":"Rep"}},"geometry":{"type":"Polygon","coordinates":[[[-121.27176,38.69968],[-121.26936,38.70032],[-121.26741,38.70034],[-121.26465,38.70037],[-121.26337,38.70039],[-121.26164,38.70041],[-121.258,38.7005],[-121.25689,38.70053],[-121.25362,38.70047],[-121.25212,38.70048],[-121.25156,38.6996],[-121.25153,38.69935],[-121.25146,38.69908],[-121.25134,38.69882],[-121.25117,38.69858],[-121.25091,38.69831],[-121.25054,38.69772],[-121.25092,38.69749],[-121.25128,38.69733],[-121.25168,38.6972],[-121.25212,38.69712],[-121.25252,38.69709],[-121.25352,38.69709],[-121.25367,38.6956],[-121.25498,38.69561],[-121.25805,38.69524],[-121.25845,38.69414],[-121.2585,38.6938],[-121.25889,38.69319],[-121.26228,38.69349],[-121.2623,38.69465],[-121.26239,38.6957],[-121.26375,38.69562],[-121.2644,38.69502],[-121.2657,38.69454],[-121.26761,38.69433],[-121.26805,38.69449],[-121.26915,38.69438],[-121.27171,38.69535],[-121.27173,38.69667],[-121.27176,38.69968]]]},"geometry_g24":{"type":"Polygon","coordinates":[[[-121.27166,38.68932],[-121.2717,38.69359],[-121.2717,38.69432],[-121.27171,38.69534],[-121.27172,38.69633],[-121.27174,38.69732],[-121.27177,38.70029],[-121.26936,38.70032],[-121.26642,38.70035],[-121.26349,38.70039],[-121.26238,38.7004],[-121.26244,38.69962],[-121.26245,38.69947],[-121.26242,38.69623],[-121.26241,38.6959],[-121.2624,38.6957],[-121.26238,38.69552],[-121.2623,38.69465],[-121.26228,38.69349],[-121.26228,38.69313],[-121.26227,38.69205],[-121.26227,38.69022],[-121.26445,38.69015],[-121.26445,38.69015],[-121.26559,38.69015],[-121.26605,38.69002],[-121.26688,38.68981],[-121.26725,38.68969],[-121.26792,38.68955],[-121.26806,38.6895],[-121.26839,38.68944],[-121.26896,38.68943],[-121.26932,38.68943],[-121.26959,38.68942],[-121.27004,38.68941],[-121.27029,38.68941],[-121.27061,38.6894],[-121.27124,38.68939],[-121.27143,38.68939],[-121.2716,38.6894],[-121.2716,38.68932],[-121.27166,38.68932]],[[-121.26447,38.69498],[-121.26447,38.69498],[-121.26447,38.69498]],[[-121.26484,38.69473],[-121.26484,38.69473],[-121.26484,38.69473]],[[-121.26566,38.69454],[-121.26566,38.69454],[-121.26566,38.69454]],[[-121.2658,38.69455],[-121.2658,38.69455],[-121.2658,38.69455]],[[-121.26657,38.69454],[-121.26657,38.69454],[-121.26657,38.69454]],[[-121.26708,38.69451],[-121.26708,38.69451],[-121.26708,38.69451]],[[-121.26811,38.69443],[-121.26811,38.69443],[-121.26811,38.69443],[-121.26811,38.69443]]]}},{"type":"Feature","properties":{"county_fips":67,"srprec":"0031662","precinct_id":"067-0031662","county_name":"Sacramento","area_sq_mi":0.438,"place_primary":"Citrus Heights","place_primary_share":99.3,"place_also":[],"places":[{"name":"Citrus Heights","geoid":"0613588","kind":"city","pct":99.3},{"name":"Orangevale","geoid":"0654092","kind":"cdp","pct":0.7}],"bbox":[-121.26245,38.69314,-121.24432,38.70053],"g22_asm":null,"g24_asm":{"dem_pct":37.4,"margin_dem":-25.3,"votes_two_party":1317,"winner":"Rep"}},"geometry":{"type":"MultiPolygon","coordinates":[[[[-121.26229,38.69433],[-121.26238,38.69552],[-121.26242,38.69623],[-121.26244,38.69961],[-121.26164,38.70041],[-121.258,38.7005],[-121.2543,38.70046],[-121.25355,38.70047],[-121.25156,38.70048],[-121.24852,38.70051],[-121.24474,38.70052],[-121.24433,38.70048],[-121.24432,38.69817],[-121.24433,38.69703],[-121.24436,38.69402],[-121.24437,38.69317],[-121.24523,38.6932],[-121.24973,38.69318],[-121.25256,38.69319],[-121.25297,38.69317],[-121.25297,38.69364],[-121.25298,38.69533],[-121.25298,38.69606],[-121.253,38.69706],[-121.25301,38.69709],[-121.25367,38.69562],[-121.25368,38.6956],[-121.25805,38.69564],[-121.25805,38.69415],[-121.25845,38.69414],[-121.25841,38.69386],[-121.2585,38.6938],[-121.25956,38.69318],[-121.26228,38.69318],[-121.26229,38.69433]]],[[[-121.25848,38.69318],[-121.25848,38.69318],[-121.25848,38.69318],[-121.25848,38.69318],[-121.25889,38.69319],[-121.25848,38.69318]]]]}},{"type":"Feature","properties":{"county_fips":67,"srprec":"0031744","precinct_id":"067-0031744","county_name":"Sacramento","area_sq_mi":0.287,"place_primary":"Citrus Heights","place_primary_share":100.0,"place_also":[],"places":[{"name":"Citrus Heights","geoid":"0613588","kind":"city","pct":100.0}],"bbox":[-121.2717,38.68431,-121.26226,38.6957],"g22_asm":{"dem_pct":45.8,"margin_dem":-8.4,"votes_two_party":738,"winner":"Rep"},"g24_asm":null},"geometry":{"type":"Polygon","coordinates":[[[-121.27166,38.68932],[-121.2717,38.69432],[-121.26805,38.69449],[-121.2666,38.69449],[-121.2644,38.69502],[-121.263,38.69567],[-121.2623,38.69465],[-121.26228,38.69313],[-121.26227,38.69132],[-121.26226,38.68902],[-121.2626,38.68863],[-121.26307,38.68843],[-121.26345,38.68828],[-121.26381,38.68832],[-121.26426,38.68825],[-121.26447,38.68799],[-121.26459,38.6877],[-121.26493,38.68741],[-121.26579,38.68725],[-121.26588,38.68716],[-121.26607,38.68707],[-121.26638,38.68696],[-121.26682,38.68653],[-121.26701,38.68626],[-121.26736,38.68621],[-121.26774,38.68632],[-121.26819,38.6863],[-121.26851,38.68592],[-121.26868,38.68572],[-121.26861,38.68553],[-121.26797,38.68547],[-121.26792,38.68518],[-121.26956,38.68462],[-121.26994,38.68462],[-121.27026,38.6847],[-121.27048,38.68488],[-121.27058,38.68495],[-121.27076,38.68487],[-121.27097,38.68489],[-121.27117,38.68474],[-121.27162,38.68431],[-121.27161,38.68533],[-121.27166,38.68932]]]}},{"type":"Feature","properties":{"county_fips":67,"srprec":"0031765","precinct_id":"067-0031765","county_name":"Sacramento","area_sq_mi":0.391,"place_primary":"Citrus Heights","place_primary_share":99.8,"place_also":[],"places":[{"name":"Citrus Heights","geoid":"0613588","kind":"city","pct":99.8},{"name":"Orangevale","geoid":"0654092","kind":"cdp","pct":0.2}],"bbox":[-121.27166,38.67842,-121.26224,38.69024],"g22_asm":null,"g24_asm":{"dem_pct":48.7,"margin_dem":-2.5,"votes_two_party":1020,"winner":"Rep"}},"geometry":{"type":"Polygon","coordinates":[[[-121.27157,38.67843],[-121.27162,38.68431],[-121.27162,38.68463],[-121.27164,38.68658],[-121.2716,38.68932],[-121.27143,38.68939],[-121.27061,38.6894],[-121.27004,38.68941],[-121.26932,38.68943],[-121.26839,38.68944],[-121.26792,38.68955],[-121.26688,38.68981],[-121.26559,38.69015],[-121.26445,38.69015],[-121.26226,38.68902],[-121.26226,38.68868],[-121.26226,38.68867],[-121.26226,38.68767],[-121.26226,38.68755],[-121.26231,38.68688],[-121.26238,38.68633],[-121.26239,38.68606],[-121.2624,38.6841],[-121.2624,38.68347],[-121.26239,38.68292],[-121.26239,38.68284],[-121.26233,38.68211],[-121.26231,38.68193],[-121.26228,38.68171],[-121.26225,38.68126],[-121.26224,38.67872],[-121.26224,38.67853],[-121.26895,38.67842],[-121.27157,38.67843]],[[-121.26426,38.68825],[-121.2644,38.68819],[-121.26426,38.68825]],[[-121.26493,38.68741],[-121.26484,38.68745],[-121.26471,38.68754],[-121.26471,38.68754],[-121.26471,38.68754],[-121.26484,38.68745],[-121.26484,38.68745],[-121.26493,38.68741],[-121.26493,38.68741],[-121.26511,38.68738],[-121.26511,38.68738],[-121.26548,38.68738],[-121.26548,38.68738],[-121.26511,38.68738],[-121.26493,38.68741]],[[-121.26548,38.68738],[-121.26548,38.68738],[-121.26548,38.68738]],[[-121.26588,38.68718],[-121.26588,38.68718],[-121.26586,38.68721],[-121.26586,38.68721],[-121.26586,38.68721],[-121.26588,38.68718],[-121.26588,38.68716],[-121.26588,38.68716],[-121.26588,38.68718]],[[-121.26639,38.68696],[-121.26639,38.68696],[-121.26638,38.68696],[-121.26639,38.68696]],[[-121.26639,38.68696],[-121.26642,38.68692],[-121.26639,38.68696]],[[-121.26661,38.68674],[-121.26661,38.68674],[-121.26671,38.68664],[-121.26661,38.68674]],[[-121.26774,38.68632],[-121.2676,38.6863],[-121.26745,38.68625],[-121.26736,38.68621],[-121.26729,38.68618],[-121.26714,38.68617],[-121.26701,38.68626],[-121.26701,38.68626],[-121.26701,38.68626],[-121.26714,38.68617],[-121.26714,38.68617],[-121.26729,38.68618],[-121.26729,38.68618],[-121.26736,38.68621],[-121.26736,38.68622],[-121.26744,38.68625],[-121.26745,38.68625],[-121.2676,38.6863],[-121.2676,38.6863],[-121.26774,38.68632],[-121.26774,38.68632],[-121.26786,38.68633],[-121.26786,38.68633],[-121.26799,38.68634],[-121.26799,38.68634],[-121.26786,38.68633],[-121.26774,38.68632]],[[-121.26824,38.68546],[-121.26824,38.68546],[-121.26856,38.68551],[-121.26856,38.68551],[-121.26861,38.68553],[-121.26861,38.68553],[-121.26865,38.68558],[-121.26865,38.68559],[-121.26867,38.68565],[-121.26867,38.68565],[-121.26868,38.68572],[-121.26868,38.68572],[-121.26865,38.68578],[-121.26865,38.68578],[-121.26865,38.68578],[-121.26868,38.68572],[-121.26867,38.68565],[-121.26865,38.68558],[-121.26861,38.68553],[-121.26856,38.68551],[-121.26824,38.68546],[-121.26797,38.68547],[-121.26797,38.68547],[-121.26824,38.68546]],[[-121.26799,38.68634],[-121.26799,38.68634],[-121.26799,38.68634]],[[-121.26799,38.68634],[-121.26819,38.6863],[-121.26819,38.6863],[-121.26799,38.68634]],[[-121.26851,38.68592],[-121.26851,38.68592],[-121.26847,38.68596],[-121.26851,38.68592]],[[-121.26855,38.68584],[-121.26855,38.68584],[-121.26865,38.68578],[-121.26855,38.68584]],[[-121.27049,38.6849],[-121.27049,38.6849],[-121.27049,38.6849]],[[-121.27058,38.68495],[-121.27071,38.68494],[-121.27071,38.68494],[-121.27058,38.68495]],[[-121.27071,38.68494],[-121.27074,38.68493],[-121.27074,38.68493],[-121.27071,38.68494]],[[-121.27076,38.68487],[-121.27076,38.68487],[-121.27074,38.68493],[-121.27074,38.68493],[-121.27074,38.68493],[-121.27074,38.68493],[-121.27076,38.68487],[-121.27075,38.68483],[-121.27075,38.68483],[-121.27076,38.68487]],[[-121.27097,38.68489],[-121.27097,38.68489],[-121.27097,38.68489]]]}},{"type":"Feature","properties":{"county_fips":67,"srprec":"0031792","precinct_id":"067-0031792","county_name":"Sacramento","area_sq_mi":0.276,"place_primary":"Citrus Heights","place_primary_share":99.7,"place_also":[],"places":[{"name":"Citrus Heights","geoid":"0613588","kind":"city","pct":99.7},{"name":"Orangevale","geoid":"0654092","kind":"cdp","pct":0.3}],"bbox":[-121.27162,38.67842,-121.26224,38.68868],"g22_asm":{"dem_pct":57.1,"margin_dem":14.2,"votes_two_party":317,"winner":"Dem"},"g24_asm":null},"geometry":{"type":"Polygon","coordinates":[[[-121.27161,38.68396],[-121.27131,38.68467],[-121.27097,38.68489],[-121.27074,38.68493],[-121.27049,38.6849],[-121.27026,38.6847],[-121.2698,38.68461],[-121.26851,38.6851],[-121.26797,38.68547],[-121.26865,38.68559],[-121.26855,38.68584],[-121.26819,38.6863],[-121.2676,38.6863],[-121.26714,38.68617],[-121.26682,38.68653],[-121.26629,38.687],[-121.26592,38.68713],[-121.26579,38.68725],[-121.26484,38.68745],[-121.2645,38.68791],[-121.26426,38.68825],[-121.26366,38.68832],[-121.2632,38.68834],[-121.2626,38.68863],[-121.26226,38.68767],[-121.26231,38.68688],[-121.26239,38.68567],[-121.26239,38.68292],[-121.26233,38.6821],[-121.26226,38.68145],[-121.26224,38.67872],[-121.26712,38.67845],[-121.27161,38.68396]]]}},{"type":"Feature","properties":{"county_fips":67,"srprec":"0031808","precinct_id":"067-0031808","county_name":"Sacramento","area_sq_mi":0.002,"place_primary":"Citrus Heights","place_primary_share":100.0,"place_also":[],"places":[{"name":"Citrus Heights","geoid":"0613588","kind":"city","pct":100.0}],"bbox":[-121.2585,38.69316,-121.25805,38.69415],"g22_asm":{"dem_pct":66.7,"margin_dem":33.3,"votes_two_party":3,"winner":"Dem"},"g24_asm":null},"geometry":{"type":"Polygon","coordinates":[[[-121.25805,38.69361],[-121.25805,38.69316],[-121.25848,38.69318],[-121.2585,38.6938],[-121.25841,38.69386],[-121.25845,38.69414],[-121.25805,38.69415],[-121.25805,38.69361]]]},"geometry_g24":{"type":"Polygon","coordinates":[[[-121.25805,38.69316],[-121.25805,38.69316],[-121.25845,38.69318],[-121.25848,38.69318],[-121.25848,38.69318],[-121.25848,38.69318],[-121.25848,38.69318],[-121.2585,38.6938],[-121.2585,38.6938],[-121.2585,38.6938],[-121.25844,38.69384],[-121.25841,38.69386],[-121.25841,38.69386],[-121.25841,38.69386],[-121.25842,38.69393],[-121.25845,38.69414],[-121.25845,38.69414],[-121.25845,38.69414],[-121.25843,38.69414],[-121.25805,38.69415],[-121.25805,38.69415],[-121.25805,38.69415],[-121.25805,38.69361],[-121.25805,38.69361],[-121.25805,38.69361],[-121.25805,38.69361],[-121.25805,38.69318],[-121.25805,38.69316]]]}},{"type":"Feature","properties":{"county_fips":67,"srprec":"0031839","precinct_id":"067-0031839","county_name":"Sacramento","area_sq_mi":0.293,"place_primary":"Orangevale","place_primary_share":99.3,"place_also":[],"places":[{"name":"Orangevale","geoid":"0654092","kind":"cdp","pct":99.3},{"name":"Citrus Heights","geoid":"0613588","kind":"city","pct":0.7}],"bbox":[-121.26228,38.68429,-121.24879,38.69709],"g22_asm":{"dem_pct":38.6,"margin_dem":-22.7,"votes_two_party":1258,"winner":"Rep"},"g24_asm":{"dem_pct":36.3,"margin_dem":-27.4,"votes_two_party":923,"winner":"Rep"}},"geometry":{"type":"Polygon","coordinates":[[[-121.26226,38.68902],[-121.25848,38.69318],[-121.25398,38.69561],[-121.25298,38.69606],[-121.24543,38.69321],[-121.24531,38.68954],[-121.24918,38.68673],[-121.24672,38.68588],[-121.24741,38.68047],[-121.24988,38.67993],[-121.24991,38.68132],[-121.24911,38.68253],[-121.24907,38.68416],[-121.24991,38.68461],[-121.25053,38.68452],[-121.25114,38.6844],[-121.25199,38.68497],[-121.25247,38.6855],[-121.2531,38.6857],[-121.25361,38.68614],[-121.25419,38.68616],[-121.25503,38.68607],[-121.25522,38.68666],[-121.25556,38.68717],[-121.25604,38.68719],[-121.25655,38.68768],[-121.25683,38.68817],[-121.2574,38.68857],[-121.25779,38.68885],[-121.25925,38.68867],[-121.25983,38.68831],[-121.26094,38.68847],[-121.26157,38.68893],[-121.26226,38.68868],[-121.26226,38.68902]]]},"geometry_g24":{"type":"Polygon","coordinates":[[[-121.25448,38.68605],[-121.25527,38.68644],[-121.25556,38.68717],[-121.25617,38.68736],[-121.25675,38.68776],[-121.25733,38.68852],[-121.25785,38.68891],[-121.25938,38.6887],[-121.26031,38.68818],[-121.26146,38.6889],[-121.26206,38.68874],[-121.26227,38.69205],[-121.25805,38.69361],[-121.2537,38.69709],[-121.25298,38.69484],[-121.24972,38.69286],[-121.2496,38.6907],[-121.25015,38.69001],[-121.2517,38.69007],[-121.25261,38.69059],[-121.25427,38.68997],[-121.25527,38.68805],[-121.25438,38.68696],[-121.25166,38.68816],[-121.24988,38.68736],[-121.24962,38.68558],[-121.24922,38.68459],[-121.25012,38.68466],[-121.25067,38.68431],[-121.25184,38.68484],[-121.25236,38.68554],[-121.25302,38.68543],[-121.25338,38.6861],[-121.25418,38.68616],[-121.25448,38.68605]]]}},{"type":"Feature","properties":{"county_fips":67,"srprec":"0031900","precinct_id":"067-0031900","county_name":"Sacramento","area_sq_mi":0.282,"place_primary":"Orangevale","place_primary_share":99.8,"place_also":[],"places":[{"name":"Orangevale","geoid":"0654092","kind":"cdp","pct":99.8},{"name":"Citrus Heights","geoid":"0613588","kind":"city","pct":0.2}],"bbox":[-121.2624,38.67863,-121.24896,38.68893],"g22_asm":{"dem_pct":42.1,"margin_dem":-15.8,"votes_two_party":767,"winner":"Rep"},"g24_asm":{"dem_pct":41.4,"margin_dem":-17.2,"votes_two_party":901,"winner":"Rep"}},"geometry":{"type":"Polygon","coordinates":[[[-121.26217,38.68868],[-121.26157,38.68893],[-121.26105,38.68856],[-121.26011,38.68816],[-121.25957,38.68859],[-121.25887,38.68856],[-121.25755,38.68887],[-121.25733,38.68852],[-121.25683,38.68817],[-121.25666,38.68767],[-121.25617,38.68736],[-121.2558,38.68715],[-121.25524,38.68709],[-121.25527,38.68646],[-121.2549,38.68605],[-121.25419,38.68616],[-121.25373,38.6862],[-121.25307,38.68586],[-121.25273,38.68527],[-121.25206,38.68546],[-121.25184,38.68484],[-121.25106,38.68436],[-121.25053,38.68452],[-121.25,38.68462],[-121.24922,38.68459],[-121.24897,38.68298],[-121.2495,38.68202],[-121.24998,38.68103],[-121.24989,38.67917],[-121.2549,38.67918],[-121.2552,38.68286],[-121.2624,38.6841],[-121.26227,38.68729],[-121.26217,38.68868]]]},"geometry_g24":{"type":"Polygon","coordinates":[[[-121.24989,38.67866],[-121.25487,38.67945],[-121.26239,38.68285],[-121.26239,38.68606],[-121.26226,38.68755],[-121.2619,38.68887],[-121.26121,38.6887],[-121.25998,38.68822],[-121.25938,38.6887],[-121.25785,38.68891],[-121.25742,38.68861],[-121.25682,38.68817],[-121.25655,38.68768],[-121.25604,38.68719],[-121.25545,38.68717],[-121.25526,38.68656],[-121.25481,38.68603],[-121.25402,38.68629],[-121.25359,38.68613],[-121.25307,38.68552],[-121.25236,38.68554],[-121.252,38.68504],[-121.25067,38.68431],[-121.2504,38.68464],[-121.2496,38.68457],[-121.24912,38.68432],[-121.24899,38.68373],[-121.249,38.68284],[-121.2492,38.68238],[-121.24983,38.68151],[-121.24998,38.68102],[-121.24995,38.6804],[-121.24989,38.67866]],[[-121.25364,38.68413],[-121.25364,38.68413],[-121.25364,38.68413]],[[-121.25395,38.68413],[-121.25395,38.68413],[-121.25395,38.68413]],[[-121.25411,38.68412],[-121.2541,38.68412],[-121.2541,38.68412],[-121.2541,38.68412],[-121.25411,38.68412],[-121.25417,38.68411],[-121.25417,38.68411],[-121.25411,38.68412]],[[-121.25431,38.68408],[-121.25426,38.6841],[-121.25431,38.68408],[-121.25432,38.68408],[-121.25431,38.68408]],[[-121.25454,38.68401],[-121.25443,38.68405],[-121.25443,38.68405],[-121.25442,38.68405],[-121.25443,38.68405],[-121.25454,38.68401],[-121.25455,38.684],[-121.25454,38.68401]],[[-121.25457,38.68399],[-121.25456,38.684],[-121.25456,38.684],[-121.25456,38.684],[-121.25457,38.68399],[-121.2546,38.68397],[-121.25457,38.68399]],[[-121.25472,38.68391],[-121.25467,38.68394],[-121.25467,38.68394],[-121.25465,38.68395],[-121.25467,38.68394],[-121.25467,38.68394],[-121.25472,38.68391],[-121.25474,38.6839],[-121.25472,38.68391]],[[-121.25473,38.6833],[-121.25473,38.6833],[-121.25478,38.68335],[-121.25478,38.68335],[-121.25478,38.68335],[-121.25478,38.68335],[-121.25473,38.6833],[-121.25472,38.68329],[-121.25472,38.68329],[-121.25473,38.6833]],[[-121.25472,38.68329],[-121.25472,38.68329],[-121.25472,38.68329],[-121.25472,38.68329],[-121.25484,38.68324],[-121.25472,38.68329]],[[-121.25475,38.68389],[-121.25475,38.68389],[-121.25475,38.68389],[-121.25475,38.68389],[-121.25476,38.68388],[-121.25475,38.68389]],[[-121.25482,38.68383],[-121.25485,38.68381],[-121.25485,38.68381],[-121.25485,38.68381],[-121.25485,38.68381],[-121.25482,38.68383]],[[-121.25499,38.6837],[-121.25493,38.68375],[-121.25499,38.6837],[-121.25503,38.68367],[-121.25499,38.6837]]]}},{"type":"Feature","properties":{"county_fips":67,"srprec":"0031958","precinct_id":"067-0031958","county_name":"Sacramento","area_sq_mi":0.465,"place_primary":"Orangevale","place_primary_share":99.9,"place_also":[],"places":[{"name":"Orangevale","geoid":"0654092","kind":"cdp","pct":99.9}],"bbox":[-121.25533,38.67864,-121.23956,38.6969],"g22_asm":null,"g24_asm":{"dem_pct":38.5,"margin_dem":-23.0,"votes_two_party":1328,"winner":"Rep"}},"geometry":{"type":"Polygon","coordinates":[[[-121.2499,38.68015],[-121.24998,38.68101],[-121.24983,38.68151],[-121.2492,38.68238],[-121.24897,38.68298],[-121.24902,38.68399],[-121.24923,38.68461],[-121.24958,38.6854],[-121.24966,38.68687],[-121.24987,38.68739],[-121.25055,38.68816],[-121.25265,38.68788],[-121.25429,38.68708],[-121.2548,38.68731],[-121.25532,38.68826],[-121.25427,38.68997],[-121.25292,38.69068],[-121.25226,38.69055],[-121.25171,38.69009],[-121.25124,38.68991],[-121.2501,38.69004],[-121.24981,38.6905],[-121.24879,38.691],[-121.24973,38.69294],[-121.24437,38.69317],[-121.24327,38.69688],[-121.23959,38.69316],[-121.24205,38.6859],[-121.2446,38.68327],[-121.24542,38.68357],[-121.24642,38.68383],[-121.24664,38.6805],[-121.24884,38.67866],[-121.24988,38.67988],[-121.2499,38.68015]],[[-121.2444,38.68954],[-121.2444,38.68954],[-121.2444,38.68954],[-121.2444,38.68954],[-121.2444,38.68954],[-121.2444,38.68954]],[[-121.24672,38.6839],[-121.24673,38.68354],[-121.24672,38.68381],[-121.24672,38.6839]]]}},{"type":"Feature","properties":{"county_fips":67,"srprec":"0031981","precinct_id":"067-0031981","county_name":"Sacramento","area_sq_mi":0.116,"place_primary":"Orangevale","place_primary_share":100.0,"place_also":[],"places":[{"name":"Orangevale","geoid":"0654092","kind":"cdp","pct":100.0}],"bbox":[-121.26239,38.67853,-121.25487,38.68286],"g22_asm":{"dem_pct":51.8,"margin_dem":3.6,"votes_two_party":193,"winner":"Dem"},"g24_asm":{"dem_pct":54.8,"margin_dem":9.5,"votes_two_party":241,"winner":"Dem"}},"geometry":{"type":"Polygon","coordinates":[[[-121.26239,38.68285],[-121.2595,38.68285],[-121.2552,38.68286],[-121.25509,38.68286],[-121.25502,38.6818],[-121.25502,38.68179],[-121.25487,38.67945],[-121.2549,38.67932],[-121.2549,38.67918],[-121.25488,38.67863],[-121.255,38.67863],[-121.25594,38.67863],[-121.25726,38.67863],[-121.25747,38.67862],[-121.2577,38.67861],[-121.25801,38.6786],[-121.25901,38.67859],[-121.25932,38.67858],[-121.26003,38.67857],[-121.26224,38.67853],[-121.26224,38.67872],[-121.26226,38.67994],[-121.26225,38.68049],[-121.26225,38.68126],[-121.26226,38.68145],[-121.26228,38.68173],[-121.26231,38.68193],[-121.26231,38.68196],[-121.26233,38.6821],[-121.26236,38.68243],[-121.26237,38.6826],[-121.26239,38.68285]]]},"geometry_g24":{"type":"Polygon","coordinates":[[[-121.26224,38.67853],[-121.26224,38.67855],[-121.26224,38.67866],[-121.26224,38.67872],[-121.26224,38.67924],[-121.26224,38.67924],[-121.26226,38.67994],[-121.26226,38.67994],[-121.26225,38.68126],[-121.26225,38.68126],[-121.26226,38.68145],[-121.26226,38.68145],[-121.26228,38.68173],[-121.26228,38.68173],[-121.26231,38.68193],[-121.26231,38.68193],[-121.26231,38.68196],[-121.26231,38.68196],[-121.26233,38.6821],[-121.26233,38.68211],[-121.26236,38.68243],[-121.26236,38.68243],[-121.26239,38.68285],[-121.26239,38.68285],[-121.2552,38.68285],[-121.25509,38.68285],[-121.25502,38.6818],[-121.25502,38.68179],[-121.25501,38.6816],[-121.25487,38.67945],[-121.2549,38.67931],[-121.2549,38.67917],[-121.25488,38.67863],[-121.25488,38.67863],[-121.255,38.67863],[-121.25726,38.67863],[-121.25726,38.67863],[-121.25747,38.67862],[-121.25747,38.67862],[-121.2577,38.67861],[-121.2577,38.67861],[-121.25801,38.6786],[-121.25932,38.67858],[-121.26221,38.67853],[-121.26224,38.67853]]]}},{"type":"Feature","properties":{"county_fips":67,"srprec":"0031994","precinct_id":"067-0031994","county_name":"Sacramento","area_sq_mi":0.525,"place_primary":"Orangevale","place_primary_share":100.0,"place_also":[],"places":[{"name":"Orangevale","geoid":"0654092","kind":"cdp","pct":100.0}],"bbox":[-121.24921,38.67861,-121.23953,38.70052],"g22_asm":{"dem_pct":37.8,"margin_dem":-24.4,"votes_two_party":1174,"winner":"Rep"},"g24_asm":null},"geometry":{"type":"Polygon","coordinates":[[[-121.23966,38.68449],[-121.23965,38.6836],[-121.23964,38.68247],[-121.23964,38.68155],[-121.23965,38.68012],[-121.24079,38.67863],[-121.24113,38.67865],[-121.24433,38.67865],[-121.24883,38.67864],[-121.24742,38.68047],[-121.24669,38.68049],[-121.24662,38.68378],[-121.24673,38.68554],[-121.24672,38.68588],[-121.24853,38.68592],[-121.2492,38.68632],[-121.2492,38.6864],[-121.24916,38.68753],[-121.24912,38.68912],[-121.24911,38.68938],[-121.24531,38.68954],[-121.2444,38.68986],[-121.24439,38.69079],[-121.24437,38.69317],[-121.24435,38.69496],[-121.24433,38.6969],[-121.24432,38.69817],[-121.24433,38.70052],[-121.24206,38.70048],[-121.23954,38.69941],[-121.23956,38.69687],[-121.23958,38.69488],[-121.23961,38.69202],[-121.23963,38.68949],[-121.23965,38.68729],[-121.23966,38.68449]]]}},{"type":"Feature","properties":{"county_fips":67,"srprec":"0032101","precinct_id":"067-0032101","county_name":"Sacramento","area_sq_mi":1.198,"place_primary":"Orangevale","place_primary_share":99.9,"place_also":[],"places":[{"name":"Orangevale","geoid":"0654092","kind":"cdp","pct":99.9}],"bbox":[-121.24446,38.7003,-121.22513,38.71819],"g22_asm":{"dem_pct":34.8,"margin_dem":-30.4,"votes_two_party":718,"winner":"Rep"},"g24_asm":{"dem_pct":32.0,"margin_dem":-35.9,"votes_two_party":849,"winner":"Rep"}},"geometry":{"type":"Polygon","coordinates":[[[-121.24103,38.71808],[-121.24092,38.71806],[-121.24046,38.71801],[-121.24003,38.71798],[-121.23831,38.71784],[-121.23607,38.71766],[-121.23546,38.71762],[-121.23542,38.71762],[-121.23527,38.7176],[-121.2348,38.7176],[-121.22757,38.71703],[-121.22728,38.717],[-121.22714,38.71699],[-121.22703,38.71698],[-121.22699,38.71698],[-121.22678,38.71694],[-121.22586,38.7168],[-121.22579,38.71482],[-121.22561,38.71127],[-121.22548,38.70766],[-121.22533,38.70485],[-121.22517,38.7016],[-121.22513,38.70078],[-121.22529,38.70031],[-121.22995,38.7003],[-121.2348,38.70038],[-121.23953,38.70045],[-121.24258,38.70049],[-121.24432,38.70119],[-121.24433,38.70549],[-121.24433,38.70656],[-121.24434,38.70812],[-121.24437,38.70901],[-121.24445,38.71194],[-121.24445,38.71334],[-121.24444,38.71666],[-121.24408,38.71683],[-121.24371,38.71707],[-121.24345,38.71731],[-121.24299,38.71784],[-121.24283,38.71812],[-121.24103,38.71808]]]},"geometry_g24":{"type":"Polygon","coordinates":[[[-121.24103,38.71808],[-121.24093,38.71807],[-121.24046,38.71801],[-121.24017,38.71799],[-121.23831,38.71784],[-121.236,38.71766],[-121.23527,38.7176],[-121.22737,38.71701],[-121.22705,38.71698],[-121.22699,38.71698],[-121.22586,38.7168],[-121.2258,38.71506],[-121.22552,38.70869],[-121.22533,38.70485],[-121.22517,38.7016],[-121.22515,38.70033],[-121.22995,38.7003],[-121.24258,38.70049],[-121.2443,38.70421],[-121.24432,38.70607],[-121.24433,38.70656],[-121.24432,38.70754],[-121.24437,38.70901],[-121.24446,38.7103],[-121.24444,38.71641],[-121.24444,38.71666],[-121.24429,38.71673],[-121.24408,38.71683],[-121.24389,38.71695],[-121.24359,38.71717],[-121.24345,38.7173],[-121.24336,38.71741],[-121.24298,38.71784],[-121.24283,38.71812],[-121.24103,38.71808]],[[-121.23519,38.7148],[-121.23519,38.7148],[-121.23519,38.7148]],[[-121.23528,38.71471],[-121.23528,38.71471],[-121.23528,38.71471],[-121.23528,38.71471]],[[-121.23556,38.71486],[-121.23556,38.71486],[-121.23556,38.71486]],[[-121.23581,38.71525],[-121.23581,38.71525],[-121.23581,38.71525],[-121.23581,38.71525]],[[-121.23588,38.71539],[-121.23588,38.71539],[-121.23588,38.71539],[-121.23588,38.71539]],[[-121.24101,38.7175],[-121.24101,38.7175],[-121.24101,38.7175],[-121.24101,38.7175]]]}},{"type":"Feature","properties":{"county_fips":67,"srprec":"0032156","precinct_id":"067-0032156","county_name":"Sacramento","area_sq_mi":2.47,"place_primary":"Orangevale","place_primary_share":100.0,"place_also":[],"places":[{"name":"Orangevale","geoid":"0654092","kind":"cdp","pct":100.0}],"bbox":[-121.22586,38.69266,-121.19369,38.7168],"g22_asm":{"dem_pct":29.7,"margin_dem":-40.6,"votes_two_party":1053,"winner":"Rep"},"g24_asm":{"dem_pct":30.0,"margin_dem":-40.0,"votes_two_party":1243,"winner":"Rep"}},"geometry":{"type":"Polygon","coordinates":[[[-121.1938,38.71468],[-121.19374,38.71299],[-121.19386,38.71037],[-121.19407,38.70599],[-121.1943,38.70122],[-121.19464,38.6997],[-121.20157,38.69986],[-121.20165,38.69761],[-121.20171,38.69585],[-121.20182,38.69266],[-121.20643,38.69275],[-121.21265,38.69284],[-121.21592,38.69289],[-121.21694,38.69287],[-121.21885,38.6929],[-121.2235,38.69298],[-121.22532,38.69471],[-121.2253,38.69579],[-121.22517,38.6994],[-121.22514,38.70032],[-121.22513,38.70087],[-121.22529,38.70405],[-121.22545,38.70713],[-121.22552,38.70869],[-121.2257,38.71308],[-121.22585,38.71623],[-121.22513,38.71675],[-121.22266,38.71659],[-121.2222,38.71656],[-121.22171,38.71653],[-121.21802,38.71628],[-121.21731,38.71624],[-121.21695,38.71621],[-121.21686,38.71621],[-121.21634,38.71618],[-121.21427,38.71604],[-121.21177,38.71588],[-121.21082,38.71581],[-121.21076,38.71581],[-121.21058,38.7158],[-121.20899,38.71569],[-121.20818,38.71564],[-121.20677,38.71555],[-121.1938,38.71468]]]},"geometry_g24":{"type":"Polygon","coordinates":[[[-121.1938,38.71468],[-121.19375,38.71268],[-121.19407,38.70599],[-121.19438,38.69969],[-121.19698,38.69973],[-121.20157,38.69986],[-121.20164,38.6977],[-121.20171,38.69585],[-121.20182,38.69266],[-121.21116,38.69282],[-121.21592,38.69289],[-121.2177,38.69288],[-121.2235,38.69298],[-121.22536,38.69301],[-121.2253,38.69579],[-121.22517,38.6994],[-121.22515,38.70029],[-121.22514,38.70033],[-121.22513,38.70078],[-121.22529,38.70405],[-121.22529,38.70405],[-121.22545,38.70713],[-121.22561,38.71127],[-121.22579,38.71482],[-121.22585,38.71623],[-121.22586,38.7168],[-121.22293,38.71661],[-121.22196,38.71655],[-121.22115,38.71649],[-121.21697,38.71622],[-121.21695,38.71622],[-121.21689,38.71621],[-121.21634,38.71618],[-121.21358,38.71599],[-121.21082,38.71581],[-121.21076,38.71581],[-121.21037,38.71578],[-121.20818,38.71564],[-121.20677,38.71555],[-121.1938,38.71468]],[[-121.21567,38.70016],[-121.21567,38.70016],[-121.21567,38.70016],[-121.21567,38.70016],[-121.21567,38.70016],[-121.21567,38.70016],[-121.21567,38.70016],[-121.21567,38.70016]]]}},{"type":"Feature","properties":{"county_fips":67,"srprec":"0032340","precinct_id":"067-0032340","county_name":"Sacramento","area_sq_mi":0.832,"place_primary":"Orangevale","place_primary_share":100.0,"place_also":[],"places":[{"name":"Orangevale","geoid":"0654092","kind":"cdp","pct":100.0}],"bbox":[-121.24433,38.68577,-121.22515,38.70052],"g22_asm":null,"g24_asm":{"dem_pct":31.0,"margin_dem":-38.0,"votes_two_party":1384,"winner":"Rep"}},"geometry":{"type":"Polygon","coordinates":[[[-121.23956,38.69687],[-121.23958,38.69687],[-121.24116,38.69685],[-121.24327,38.69688],[-121.24433,38.6969],[-121.24433,38.69703],[-121.24432,38.69784],[-121.24432,38.69817],[-121.24433,38.70052],[-121.24258,38.70049],[-121.23953,38.70044],[-121.23953,38.70044],[-121.2348,38.70038],[-121.22995,38.7003],[-121.22529,38.70031],[-121.22515,38.70032],[-121.22517,38.6994],[-121.22517,38.6994],[-121.22517,38.6994],[-121.22528,38.69604],[-121.22531,38.69513],[-121.2254,38.69093],[-121.22542,38.6894],[-121.22545,38.6872],[-121.22547,38.68577],[-121.23017,38.6858],[-121.23019,38.68581],[-121.23401,38.68583],[-121.23643,38.68585],[-121.23792,38.68587],[-121.23965,38.68588],[-121.23963,38.68878],[-121.23961,38.69202],[-121.23959,38.69316],[-121.23959,38.69316],[-121.23956,38.6968],[-121.23956,38.69681],[-121.23956,38.69681],[-121.23955,38.69828],[-121.23956,38.69687]],[[-121.23953,38.70044],[-121.23953,38.70038],[-121.23953,38.70044]],[[-121.22517,38.6994],[-121.22529,38.6994],[-121.22529,38.6994],[-121.22517,38.6994]],[[-121.23582,38.69675],[-121.23577,38.69675],[-121.23582,38.69675]],[[-121.23577,38.69675],[-121.23478,38.69673],[-121.23478,38.69673],[-121.23577,38.69675]],[[-121.23478,38.69673],[-121.23394,38.69672],[-121.23394,38.69672],[-121.23478,38.69673]],[[-121.23955,38.69828],[-121.23954,38.69941],[-121.23954,38.69941],[-121.23955,38.69828]],[[-121.22592,38.6994],[-121.22593,38.6994],[-121.22592,38.6994]],[[-121.22604,38.6994],[-121.22607,38.69897],[-121.22604,38.6994]],[[-121.22619,38.69841],[-121.22624,38.69841],[-121.22619,38.69841]],[[-121.22665,38.69838],[-121.2267,38.69838],[-121.22665,38.69838]],[[-121.23001,38.69714],[-121.23001,38.69714],[-121.23001,38.69705],[-121.23001,38.69714]],[[-121.23001,38.69683],[-121.23001,38.69683],[-121.23002,38.69667],[-121.23001,38.69683]],[[-121.2324,38.69722],[-121.2324,38.69722],[-121.23137,38.69719],[-121.2324,38.69722]],[[-121.23389,38.69672],[-121.23393,38.69672],[-121.23393,38.69672],[-121.23389,38.69672]]]}},{"type":"Feature","properties":{"county_fips":67,"srprec":"0032378","precinct_id":"067-0032378","county_name":"Sacramento","area_sq_mi":0.768,"place_primary":"Orangevale","place_primary_share":100.0,"place_also":[],"places":[{"name":"Orangevale","geoid":"0654092","kind":"cdp","pct":100.0}],"bbox":[-121.23965,38.68577,-121.22514,38.70045],"g22_asm":{"dem_pct":33.4,"margin_dem":-33.1,"votes_two_party":1038,"winner":"Rep"},"g24_asm":null},"geometry":{"type":"Polygon","coordinates":[[[-121.23965,38.68588],[-121.23965,38.68729],[-121.23963,38.68879],[-121.23963,38.68949],[-121.23961,38.69127],[-121.23961,38.69202],[-121.23959,38.69316],[-121.23958,38.69488],[-121.23956,38.69681],[-121.23956,38.69687],[-121.23955,38.69828],[-121.23954,38.69941],[-121.23953,38.70045],[-121.23793,38.70042],[-121.2348,38.70038],[-121.23179,38.70033],[-121.22995,38.7003],[-121.22824,38.7003],[-121.22529,38.70031],[-121.22514,38.70032],[-121.22517,38.6994],[-121.22517,38.6994],[-121.22528,38.69604],[-121.2253,38.69579],[-121.22531,38.69513],[-121.22532,38.69471],[-121.22536,38.69301],[-121.2254,38.69093],[-121.22541,38.68993],[-121.22542,38.6894],[-121.22543,38.68846],[-121.22544,38.68762],[-121.22547,38.68577],[-121.22742,38.68578],[-121.23019,38.68581],[-121.23401,38.68583],[-121.23486,38.68584],[-121.23643,38.68585],[-121.23678,38.68586],[-121.23792,38.68587],[-121.23965,38.68588]]]}},{"type":"Feature","properties":{"county_fips":67,"srprec":"0032554","precinct_id":"067-0032554","county_name":"Sacramento","area_sq_mi":0.823,"place_primary":"Orangevale","place_primary_share":100.0,"place_also":[],"places":[{"name":"Orangevale","geoid":"0654092","kind":"cdp","pct":100.0}],"bbox":[-121.22561,38.67834,-121.20182,38.69301],"g22_asm":{"dem_pct":33.4,"margin_dem":-33.2,"votes_two_party":979,"winner":"Rep"},"g24_asm":{"dem_pct":34.5,"margin_dem":-31.0,"votes_two_party":1145,"winner":"Rep"}},"geometry":{"type":"Polygon","coordinates":[[[-121.20164,38.6977],[-121.20157,38.69986],[-121.19697,38.69973],[-121.19464,38.6997],[-121.19438,38.69969],[-121.19263,38.69967],[-121.19259,38.69607],[-121.19256,38.69252],[-121.19258,38.69177],[-121.19277,38.68665],[-121.19337,38.68646],[-121.19406,38.68623],[-121.19509,38.6859],[-121.19558,38.68575],[-121.1964,38.68548],[-121.19705,38.68527],[-121.1974,38.68528],[-121.20037,38.68534],[-121.20207,38.68538],[-121.20405,38.68541],[-121.20437,38.68542],[-121.20669,38.68547],[-121.20902,38.68551],[-121.20914,38.68551],[-121.20993,38.68552],[-121.21139,38.68554],[-121.21376,38.68558],[-121.21611,38.68562],[-121.21724,38.68564],[-121.21846,38.68566],[-121.22082,38.6857],[-121.22091,38.6857],[-121.22397,38.68575],[-121.22547,38.68577],[-121.22544,38.68762],[-121.22543,38.68846],[-121.22542,38.6894],[-121.22541,38.68993],[-121.2254,38.69093],[-121.22536,38.69301],[-121.2235,38.69298],[-121.22065,38.69293],[-121.21885,38.6929],[-121.2177,38.69288],[-121.21694,38.69287],[-121.21624,38.69286],[-121.21592,38.69289],[-121.21429,38.69286],[-121.21265,38.69284],[-121.21116,38.69282],[-121.20643,38.69275],[-121.20413,38.6927],[-121.20182,38.69266],[-121.20173,38.69531],[-121.20171,38.69585],[-121.20168,38.69665],[-121.20165,38.69761],[-121.20164,38.6977]]]},"geometry_g24":{"type":"Polygon","coordinates":[[[-121.21871,38.67838],[-121.21913,38.67835],[-121.22561,38.67843],[-121.2256,38.67947],[-121.22559,38.68076],[-121.22551,38.68395],[-121.22547,38.68577],[-121.22545,38.6872],[-121.22541,38.68993],[-121.22536,38.69301],[-121.22066,38.69293],[-121.21694,38.69287],[-121.21592,38.69289],[-121.20643,38.69275],[-121.20182,38.69266],[-121.20188,38.69079],[-121.20207,38.68538],[-121.20437,38.68542],[-121.20914,38.68551],[-121.21611,38.68562],[-121.21846,38.68566],[-121.21846,38.68558],[-121.21847,38.68458],[-121.21848,38.68413],[-121.21849,38.6838],[-121.21851,38.68321],[-121.21852,38.68273],[-121.21853,38.6823],[-121.21854,38.68201],[-121.21856,38.68112],[-121.21859,38.68019],[-121.2186,38.67963],[-121.21861,38.67911],[-121.21863,38.67849],[-121.21863,38.67838],[-121.21871,38.67838]]]}},{"type":"Feature","properties":{"county_fips":67,"srprec":"0032649","precinct_id":"067-0032649","county_name":"Sacramento","area_sq_mi":1.02,"place_primary":"Orangevale","place_primary_share":99.5,"place_also":[],"places":[{"name":"Orangevale","geoid":"0654092","kind":"cdp","pct":99.5},{"name":"Folsom","geoid":"0624638","kind":"city","pct":0.5}],"bbox":[-121.21871,38.6781,-121.19256,38.69986],"g22_asm":null,"g24_asm":{"dem_pct":36.7,"margin_dem":-26.5,"votes_two_party":1500,"winner":"Rep"}},"geometry":{"type":"Polygon","coordinates":[[[-121.20914,38.68551],[-121.20207,38.68538],[-121.20197,38.68813],[-121.20182,38.69261],[-121.20165,38.69761],[-121.20157,38.69986],[-121.19464,38.6997],[-121.19263,38.69966],[-121.19258,38.69177],[-121.19277,38.68665],[-121.1964,38.68548],[-121.19644,38.6845],[-121.19724,38.6845],[-121.19747,38.6845],[-121.19758,38.68167],[-121.1999,38.68171],[-121.19999,38.67851],[-121.2,38.6781],[-121.20047,38.6781],[-121.20914,38.67822],[-121.2116,38.67825],[-121.21489,38.67829],[-121.21535,38.6783],[-121.21871,38.67834],[-121.21863,38.67838],[-121.21862,38.67891],[-121.2186,38.67963],[-121.21858,38.68043],[-121.21855,38.68157],[-121.21853,38.68229],[-121.21852,38.68273],[-121.2185,38.68343],[-121.21849,38.68382],[-121.21848,38.68446],[-121.21846,38.68558],[-121.21846,38.68566],[-121.20993,38.68552],[-121.20914,38.68551]]]}},{"type":"Feature","properties":{"county_fips":67,"srprec":"0032722","precinct_id":"067-0032722","county_name":"Sacramento","area_sq_mi":0.565,"place_primary":"Orangevale","place_primary_share":100.0,"place_also":[],"places":[{"name":"Orangevale","geoid":"0654092","kind":"cdp","pct":100.0}],"bbox":[-121.24888,38.67843,-121.22547,38.68592],"g22_asm":null,"g24_asm":{"dem_pct":36.6,"margin_dem":-26.9,"votes_two_party":1318,"winner":"Rep"}},"geometry":{"type":"Polygon","coordinates":[[[-121.23965,38.68588],[-121.23678,38.68586],[-121.23402,38.68584],[-121.22548,38.68577],[-121.22547,38.68575],[-121.22554,38.68263],[-121.2256,38.68008],[-121.2256,38.67947],[-121.22561,38.67843],[-121.23218,38.67852],[-121.23965,38.67861],[-121.23965,38.67861],[-121.24093,38.67864],[-121.24133,38.67865],[-121.24434,38.67865],[-121.24883,38.67864],[-121.24888,38.68043],[-121.24742,38.68047],[-121.24719,38.68048],[-121.24664,38.68049],[-121.24662,38.68378],[-121.24653,38.68378],[-121.24642,38.68383],[-121.24624,38.68385],[-121.24595,38.68375],[-121.24542,38.68357],[-121.24522,38.68339],[-121.24504,38.6833],[-121.2448,38.68326],[-121.24441,38.68328],[-121.24441,38.68485],[-121.24441,38.68592],[-121.24205,38.6859],[-121.23965,38.68588]]]}},{"type":"Feature","properties":{"county_fips":67,"srprec":"0032773","precinct_id":"067-0032773","county_name":"Sacramento","area_sq_mi":0.571,"place_primary":"Orangevale","place_primary_share":100.0,"place_also":[],"places":[{"name":"Orangevale","geoid":"0654092","kind":"cdp","pct":100.0}],"bbox":[-121.23967,38.67834,-121.21846,38.68588],"g22_asm":{"dem_pct":38.3,"margin_dem":-23.3,"votes_two_party":952,"winner":"Rep"},"g24_asm":null},"geometry":{"type":"Polygon","coordinates":[[[-121.23965,38.68588],[-121.23792,38.68587],[-121.23678,38.68586],[-121.23643,38.68585],[-121.23486,38.68584],[-121.23401,38.68583],[-121.23019,38.68581],[-121.22742,38.68578],[-121.22547,38.68577],[-121.22397,38.68575],[-121.22091,38.6857],[-121.22082,38.6857],[-121.21846,38.68566],[-121.21871,38.67834],[-121.21913,38.67835],[-121.21941,38.67835],[-121.22095,38.67837],[-121.22561,38.67843],[-121.23032,38.67849],[-121.23218,38.67852],[-121.23502,38.67856],[-121.23775,38.67859],[-121.23848,38.6786],[-121.23965,38.67861],[-121.23965,38.68012],[-121.23965,38.68053],[-121.23964,38.68155],[-121.23964,38.68221],[-121.23964,38.68247],[-121.23964,38.68298],[-121.23965,38.6836],[-121.23967,38.68402],[-121.23966,38.68449],[-121.23965,38.68588]]]}},{"type":"Feature","properties":{"county_fips":67,"srprec":"0032872","precinct_id":"067-0032872","county_name":"Sacramento","area_sq_mi":0.54,"place_primary":"Orangevale","place_primary_share":99.6,"place_also":[],"places":[{"name":"Orangevale","geoid":"0654092","kind":"cdp","pct":99.6},{"name":"Folsom","geoid":"0624638","kind":"city","pct":0.4}],"bbox":[-121.21871,38.67809,-121.1964,38.68566],"g22_asm":{"dem_pct":41.7,"margin_dem":-16.6,"votes_two_party":772,"winner":"Rep"},"g24_asm":null},"geometry":{"type":"Polygon","coordinates":[[[-121.20902,38.68551],[-121.20669,38.68547],[-121.20437,38.68542],[-121.20405,38.68541],[-121.20207,38.68538],[-121.20037,38.68534],[-121.1974,38.68528],[-121.19705,38.68527],[-121.1964,38.68548],[-121.19644,38.6845],[-121.19647,38.6845],[-121.19724,38.68449],[-121.19747,38.6845],[-121.19748,38.6842],[-121.19757,38.68167],[-121.19836,38.68169],[-121.1999,38.68171],[-121.1999,38.68169],[-121.1999,38.6816],[-121.19995,38.67991],[-121.19999,38.67851],[-121.2,38.67816],[-121.2,38.6781],[-121.2,38.67809],[-121.20037,38.6781],[-121.20047,38.6781],[-121.20232,38.67813],[-121.20693,38.67819],[-121.20914,38.67822],[-121.20975,38.67822],[-121.21162,38.67825],[-121.21314,38.67827],[-121.21429,38.67829],[-121.21469,38.67829],[-121.21489,38.67829],[-121.21495,38.67829],[-121.21523,38.6783],[-121.21535,38.6783],[-121.21627,38.67831],[-121.21871,38.67834],[-121.21846,38.68566],[-121.21724,38.68564],[-121.21611,38.68562],[-121.21376,38.68558],[-121.21139,38.68554],[-121.20993,38.68552],[-121.20914,38.68551],[-121.20902,38.68551]]]}},{"type":"Feature","properties":{"county_fips":67,"srprec":"0033108","precinct_id":"067-0033108","county_name":"Sacramento","area_sq_mi":0.57,"place_primary":"Folsom","place_primary_share":99.8,"place_also":[],"places":[{"name":"Folsom","geoid":"0624638","kind":"city","pct":99.8},{"name":"Orangevale","geoid":"0654092","kind":"cdp","pct":0.2}],"bbox":[-121.19407,38.69609,-121.18151,38.714],"g22_asm":{"dem_pct":42.3,"margin_dem":-15.5,"votes_two_party":1065,"winner":"Rep"},"g24_asm":{"dem_pct":37.7,"margin_dem":-24.6,"votes_two_party":1268,"winner":"Rep"}},"geometry":{"type":"Polygon","coordinates":[[[-121.18172,38.70693],[-121.18174,38.70617],[-121.18185,38.70297],[-121.18187,38.70234],[-121.18195,38.70004],[-121.18203,38.69779],[-121.1821,38.69609],[-121.18459,38.69732],[-121.18481,38.69807],[-121.18444,38.69854],[-121.18882,38.70196],[-121.19041,38.70325],[-121.19188,38.7046],[-121.19407,38.70599],[-121.19386,38.71037],[-121.19374,38.71299],[-121.19367,38.71394],[-121.1936,38.71399],[-121.1922,38.71397],[-121.19007,38.71393],[-121.18873,38.71388],[-121.18292,38.71381],[-121.18227,38.71379],[-121.1822,38.71378],[-121.18212,38.71378],[-121.18201,38.71377],[-121.18195,38.71376],[-121.18191,38.71377],[-121.18178,38.71375],[-121.18174,38.71375],[-121.18148,38.7137],[-121.1815,38.71308],[-121.1815,38.71307],[-121.18151,38.71283],[-121.1816,38.71024],[-121.18171,38.7072],[-121.18172,38.70693]],[[-121.18696,38.71025],[-121.18667,38.71065],[-121.18598,38.71119],[-121.18667,38.71136],[-121.18735,38.71056],[-121.18742,38.71046],[-121.18752,38.7103],[-121.18747,38.71029],[-121.1873,38.71022],[-121.1872,38.71016],[-121.18706,38.71007],[-121.18696,38.71025]]]},"geometry_g24":{"type":"Polygon","coordinates":[[[-121.1893,38.70236],[-121.18918,38.70261],[-121.18932,38.70277],[-121.19023,38.70346],[-121.19076,38.70391],[-121.19131,38.70422],[-121.19175,38.70449],[-121.19407,38.70599],[-121.19375,38.71268],[-121.19367,38.71394],[-121.1936,38.71399],[-121.1904,38.71394],[-121.1891,38.7139],[-121.18863,38.71388],[-121.18852,38.71382],[-121.18425,38.71372],[-121.18293,38.71369],[-121.18246,38.7138],[-121.18289,38.71358],[-121.1829,38.71358],[-121.18278,38.71316],[-121.18274,38.71299],[-121.18151,38.71296],[-121.18151,38.71285],[-121.18164,38.7093],[-121.18173,38.70651],[-121.18187,38.70241],[-121.18195,38.70017],[-121.18203,38.69779],[-121.1821,38.69609],[-121.18518,38.69761],[-121.1848,38.69808],[-121.18444,38.69854],[-121.18882,38.70196],[-121.1893,38.70236]],[[-121.1833,38.71288],[-121.1833,38.71288],[-121.1833,38.71288]],[[-121.18539,38.7117],[-121.18539,38.7117],[-121.18539,38.7117]],[[-121.18638,38.71092],[-121.18638,38.71092],[-121.18638,38.71092]]]}},{"type":"Feature","properties":{"county_fips":67,"srprec":"0033126","precinct_id":"067-0033126","county_name":"Sacramento","area_sq_mi":0.816,"place_primary":"Folsom","place_primary_share":100.0,"place_also":[],"places":[{"name":"Folsom","geoid":"0624638","kind":"city","pct":100.0}],"bbox":[-121.19438,38.67676,-121.17582,38.70599],"g22_asm":{"dem_pct":44.5,"margin_dem":-11.0,"votes_two_party":1196,"winner":"Rep"},"g24_asm":{"dem_pct":41.7,"margin_dem":-16.5,"votes_two_party":1406,"winner":"Rep"}},"geometry":{"type":"Polygon","coordinates":[[[-121.18924,38.67788],[-121.19135,38.67981],[-121.19282,38.68019],[-121.19297,38.6808],[-121.19279,38.68135],[-121.19217,38.68194],[-121.19167,38.68292],[-121.19123,38.6838],[-121.1905,38.68435],[-121.18971,38.68462],[-121.18841,38.68512],[-121.18658,38.68617],[-121.18618,38.68673],[-121.18614,38.6873],[-121.1865,38.688],[-121.18751,38.68953],[-121.18848,38.69116],[-121.18896,38.69215],[-121.19003,38.69475],[-121.19046,38.69596],[-121.19041,38.69652],[-121.19011,38.69768],[-121.19,38.69851],[-121.19179,38.69964],[-121.1943,38.70122],[-121.19045,38.7034],[-121.18444,38.69854],[-121.18456,38.6973],[-121.17973,38.68991],[-121.1793,38.68928],[-121.17809,38.68699],[-121.17842,38.68573],[-121.17894,38.68459],[-121.17831,38.68392],[-121.17658,38.68345],[-121.17911,38.68287],[-121.18847,38.67829],[-121.18924,38.67788]]]},"geometry_g24":{"type":"Polygon","coordinates":[[[-121.17625,38.68317],[-121.18751,38.67714],[-121.18924,38.67788],[-121.19201,38.67942],[-121.19293,38.68046],[-121.19293,38.68103],[-121.19259,38.68159],[-121.19197,38.68218],[-121.19133,38.68367],[-121.19077,38.6842],[-121.19004,38.68453],[-121.18885,38.68493],[-121.18667,38.6861],[-121.18624,38.6866],[-121.18612,38.68709],[-121.18632,38.68773],[-121.1868,38.68845],[-121.18851,38.69122],[-121.19003,38.69475],[-121.19047,38.69608],[-121.19018,38.6971],[-121.19011,38.69807],[-121.18968,38.69921],[-121.19263,38.69966],[-121.19131,38.70422],[-121.18918,38.70261],[-121.18481,38.69807],[-121.18226,38.69203],[-121.17911,38.68895],[-121.17824,38.68655],[-121.17867,38.68506],[-121.17924,38.68418],[-121.17681,38.68357],[-121.17625,38.68317]],[[-121.18282,38.68954],[-121.18282,38.68954],[-121.18282,38.68954],[-121.18282,38.68954]],[[-121.18287,38.68914],[-121.18287,38.68914],[-121.18287,38.68914],[-121.18287,38.68914]],[[-121.18311,38.68915],[-121.18311,38.68915],[-121.18311,38.68915]],[[-121.18328,38.68906],[-121.18328,38.68906],[-121.18328,38.68906],[-121.18328,38.68906]],[[-121.18341,38.68827],[-121.18341,38.68827],[-121.18341,38.68827],[-121.18341,38.68827]],[[-121.18742,38.69868],[-121.18741,38.69868],[-121.18742,38.69868]]]}},{"type":"Feature","properties":{"county_fips":67,"srprec":"0033227","precinct_id":"067-0033227","county_name":"Sacramento","area_sq_mi":0.632,"place_primary":"Folsom","place_primary_share":100.0,"place_also":[],"places":[{"name":"Folsom","geoid":"0624638","kind":"city","pct":100.0}],"bbox":[-121.1829,38.69515,-121.16974,38.71389],"g22_asm":{"dem_pct":42.4,"margin_dem":-15.2,"votes_two_party":670,"winner":"Rep"},"g24_asm":{"dem_pct":40.6,"margin_dem":-18.8,"votes_two_party":1481,"winner":"Rep"}},"geometry":{"type":"MultiPolygon","coordinates":[[[[-121.17516,38.71343],[-121.17504,38.71317],[-121.17468,38.71255],[-121.17445,38.71221],[-121.17398,38.71162],[-121.17109,38.70854],[-121.17043,38.70783],[-121.1702,38.70756],[-121.16999,38.70721],[-121.16982,38.70675],[-121.16975,38.70642],[-121.16974,38.70618],[-121.16976,38.70591],[-121.1699,38.70524],[-121.16996,38.70495],[-121.17179,38.70498],[-121.17187,38.70493],[-121.17199,38.70489],[-121.1721,38.70488],[-121.17224,38.70488],[-121.17236,38.70488],[-121.17247,38.70489],[-121.1726,38.70491],[-121.17296,38.70486],[-121.17837,38.70292],[-121.18179,38.70469],[-121.18173,38.70656],[-121.18171,38.7072],[-121.1816,38.71024],[-121.18151,38.71283],[-121.1815,38.71307],[-121.1815,38.71308],[-121.18148,38.7137],[-121.18201,38.71389],[-121.17516,38.71343]]],[[[-121.18742,38.71046],[-121.18735,38.71056],[-121.18667,38.71136],[-121.18598,38.71119],[-121.18667,38.71065],[-121.18696,38.71025],[-121.18706,38.71007],[-121.1872,38.71016],[-121.1873,38.71022],[-121.18747,38.71029],[-121.18752,38.7103],[-121.18742,38.71046]]]]},"geometry_g24":{"type":"Polygon","coordinates":[[[-121.17252,38.71325],[-121.17175,38.71225],[-121.17364,38.71125],[-121.17033,38.70772],[-121.16989,38.70699],[-121.16976,38.70642],[-121.16977,38.70586],[-121.16999,38.70481],[-121.17155,38.69737],[-121.1725,38.69515],[-121.17328,38.696],[-121.17343,38.6971],[-121.17398,38.69735],[-121.17537,38.69761],[-121.17575,38.69778],[-121.17616,38.69816],[-121.17648,38.69842],[-121.17706,38.69869],[-121.17751,38.69878],[-121.17802,38.69877],[-121.17971,38.69873],[-121.18014,38.69862],[-121.1804,38.69847],[-121.18072,38.69809],[-121.18104,38.69788],[-121.18151,38.69778],[-121.18187,38.70234],[-121.18173,38.70651],[-121.18151,38.71283],[-121.18274,38.71299],[-121.18227,38.71379],[-121.18195,38.71376],[-121.18174,38.71375],[-121.17252,38.71325]],[[-121.17018,38.70481],[-121.17018,38.70481],[-121.17018,38.70481],[-121.17132,38.70483],[-121.17018,38.70481]],[[-121.17303,38.70486],[-121.17303,38.70486],[-121.17299,38.70485],[-121.17303,38.70486]],[[-121.17299,38.70485],[-121.17297,38.70485],[-121.17297,38.70485],[-121.17297,38.70485],[-121.17299,38.70485]],[[-121.17297,38.70485],[-121.17297,38.70485],[-121.17297,38.70485],[-121.17286,38.70485],[-121.17297,38.70485]],[[-121.17847,38.70487],[-121.17847,38.70487],[-121.17837,38.70292],[-121.17837,38.70292],[-121.17847,38.70487]]]}},{"type":"Feature","properties":{"county_fips":67,"srprec":"0033265","precinct_id":"067-0033265","county_name":"Sacramento","area_sq_mi":0.543,"place_primary":"Folsom","place_primary_share":100.0,"place_also":[],"places":[{"name":"Folsom","geoid":"0624638","kind":"city","pct":100.0}],"bbox":[-121.18226,38.68699,-121.16996,38.70498],"g22_asm":{"dem_pct":45.6,"margin_dem":-8.8,"votes_two_party":1114,"winner":"Rep"},"g24_asm":null},"geometry":{"type":"Polygon","coordinates":[[[-121.17346,38.69304],[-121.17396,38.69198],[-121.17428,38.69144],[-121.17449,38.69116],[-121.1749,38.6907],[-121.17686,38.68879],[-121.17722,38.6884],[-121.1776,38.68791],[-121.17776,38.68765],[-121.17799,38.68721],[-121.1785,38.68756],[-121.1789,38.68857],[-121.1793,38.68928],[-121.17951,38.68966],[-121.17962,38.6898],[-121.18226,38.69203],[-121.18212,38.6954],[-121.18206,38.69691],[-121.18197,38.69933],[-121.18195,38.70017],[-121.18187,38.70241],[-121.17837,38.70292],[-121.17296,38.70486],[-121.1726,38.70491],[-121.17247,38.70489],[-121.17236,38.70488],[-121.17224,38.70488],[-121.1721,38.70488],[-121.17199,38.70489],[-121.17187,38.70493],[-121.17179,38.70498],[-121.16996,38.70495],[-121.1704,38.70282],[-121.17078,38.70099],[-121.1715,38.69755],[-121.17164,38.69709],[-121.1725,38.69515],[-121.17346,38.69304]]]}},{"type":"Feature","properties":{"county_fips":67,"srprec":"0033431","precinct_id":"067-0033431","county_name":"Sacramento","area_sq_mi":5.005,"place_primary":"Folsom","place_primary_share":99.9,"place_also":[],"places":[{"name":"Folsom","geoid":"0624638","kind":"city","pct":99.9}],"bbox":[-121.18226,38.68188,-121.11069,38.71706],"g22_asm":null,"g24_asm":{"dem_pct":39.4,"margin_dem":-21.1,"votes_two_party":1116,"winner":"Rep"}},"geometry":{"type":"Polygon","coordinates":[[[-121.14103,38.71176],[-121.13268,38.70553],[-121.1302,38.70726],[-121.12389,38.7106],[-121.11997,38.7144],[-121.11913,38.71576],[-121.11563,38.6987],[-121.12212,38.69239],[-121.12685,38.69152],[-121.14205,38.69272],[-121.14525,38.69251],[-121.14864,38.68904],[-121.15542,38.68628],[-121.16146,38.68233],[-121.16703,38.68671],[-121.16974,38.68566],[-121.17226,38.684],[-121.17501,38.68253],[-121.17658,38.68345],[-121.17905,38.68443],[-121.17823,38.68657],[-121.17973,38.68991],[-121.18103,38.69788],[-121.18022,38.69858],[-121.178,38.69877],[-121.17664,38.6985],[-121.17564,38.69772],[-121.17368,38.69723],[-121.1725,38.69515],[-121.1699,38.70524],[-121.16989,38.70699],[-121.17147,38.71156],[-121.14103,38.71176]],[[-121.14379,38.69524],[-121.14379,38.69524],[-121.14379,38.69524],[-121.14379,38.69524]],[[-121.16435,38.7043],[-121.16435,38.7043],[-121.16435,38.7043],[-121.16435,38.7043],[-121.16435,38.7043],[-121.16435,38.7043],[-121.16435,38.7043]]]}},{"type":"Feature","properties":{"county_fips":67,"srprec":"0033496","precinct_id":"067-0033496","county_name":"Sacramento","area_sq_mi":0.34,"place_primary":"Folsom","place_primary_share":100.0,"place_also":[],"places":[{"name":"Folsom","geoid":"0624638","kind":"city","pct":100.0}],"bbox":[-121.17924,38.68345,-121.16543,38.70524],"g22_asm":{"dem_pct":46.1,"margin_dem":-7.8,"votes_two_party":334,"winner":"Rep"},"g24_asm":null},"geometry":{"type":"Polygon","coordinates":[[[-121.16552,38.70444],[-121.16656,38.70394],[-121.16827,38.70209],[-121.1685,38.70166],[-121.16862,38.7012],[-121.16904,38.70084],[-121.16917,38.70018],[-121.16917,38.69984],[-121.16987,38.68908],[-121.16958,38.68881],[-121.16974,38.68783],[-121.17026,38.68658],[-121.17117,38.6858],[-121.17228,38.68509],[-121.17349,38.68415],[-121.17512,38.68355],[-121.17625,38.68359],[-121.17681,38.68357],[-121.17855,38.68397],[-121.17894,38.68459],[-121.1785,38.68546],[-121.17823,38.68657],[-121.17786,38.68748],[-121.17742,38.68816],[-121.1766,38.68904],[-121.17431,38.69141],[-121.17384,38.69221],[-121.17164,38.69709],[-121.17078,38.70099],[-121.16996,38.70495],[-121.16924,38.70517],[-121.16639,38.7048],[-121.16552,38.70444]]]}},{"type":"Feature","properties":{"county_fips":67,"srprec":"0033529","precinct_id":"067-0033529","county_name":"Sacramento","area_sq_mi":0.424,"place_primary":"Folsom","place_primary_share":99.7,"place_also":[],"places":[{"name":"Folsom","geoid":"0624638","kind":"city","pct":99.7},{"name":"Orangevale","geoid":"0654092","kind":"cdp","pct":0.3}],"bbox":[-121.20004,38.67509,-121.18612,38.69966],"g22_asm":{"dem_pct":47.1,"margin_dem":-5.9,"votes_two_party":801,"winner":"Rep"},"g24_asm":{"dem_pct":43.1,"margin_dem":-13.9,"votes_two_party":966,"winner":"Rep"}},"geometry":{"type":"Polygon","coordinates":[[[-121.19661,38.67729],[-121.19797,38.67656],[-121.19947,38.6751],[-121.20002,38.67743],[-121.19967,38.67809],[-121.19995,38.67991],[-121.19757,38.68167],[-121.19644,38.6845],[-121.19337,38.68646],[-121.19263,38.69967],[-121.19131,38.69956],[-121.19009,38.69821],[-121.19013,38.69734],[-121.19044,38.6964],[-121.1904,38.69568],[-121.18964,38.69378],[-121.18867,38.69153],[-121.18807,38.69043],[-121.1868,38.68845],[-121.18632,38.68773],[-121.18612,38.68706],[-121.18632,38.68646],[-121.18681,38.68601],[-121.18894,38.68489],[-121.19,38.68454],[-121.19078,38.6842],[-121.19132,38.68368],[-121.19192,38.68227],[-121.19247,38.6817],[-121.19288,38.68117],[-121.19296,38.6806],[-121.19263,38.67992],[-121.19385,38.67836],[-121.1958,38.6776],[-121.19661,38.67729]]]},"geometry_g24":{"type":"MultiPolygon","coordinates":[[[[-121.20003,38.67616],[-121.19964,38.67809],[-121.1999,38.6816],[-121.19747,38.6845],[-121.19509,38.6859],[-121.19263,38.69966],[-121.18979,38.69923],[-121.19008,38.69824],[-121.19011,38.69762],[-121.1904,38.69654],[-121.19047,38.69605],[-121.19003,38.69475],[-121.18867,38.69153],[-121.18778,38.68995],[-121.18657,38.68811],[-121.18625,38.68761],[-121.18612,38.68712],[-121.18619,38.68673],[-121.18652,38.68623],[-121.18807,38.6853],[-121.1893,38.68475],[-121.19016,38.6845],[-121.19077,38.6842],[-121.1913,38.68371],[-121.19185,38.68242],[-121.19218,38.68193],[-121.1927,38.68147],[-121.19293,38.68103],[-121.19296,38.68057],[-121.19263,38.67992],[-121.19385,38.67836],[-121.1958,38.6776],[-121.19772,38.67673],[-121.19994,38.67533],[-121.20003,38.67616]],[[-121.19277,38.68665],[-121.19281,38.68567],[-121.19281,38.68567],[-121.19277,38.68665]],[[-121.18651,38.68802],[-121.18651,38.68802],[-121.18651,38.68802],[-121.18651,38.68802]],[[-121.18657,38.68811],[-121.18657,38.68811],[-121.18657,38.68811],[-121.18656,38.68809],[-121.18657,38.68811]],[[-121.18901,38.68709],[-121.18907,38.68706],[-121.18907,38.68706],[-121.18901,38.68709]],[[-121.18907,38.68705],[-121.18907,38.68705],[-121.18979,38.68666],[-121.18979,38.68666],[-121.18907,38.68705]],[[-121.1928,38.68568],[-121.19281,38.68567],[-121.19281,38.68567],[-121.1928,38.68568]]],[[[-121.19263,38.69966],[-121.19263,38.69966],[-121.19263,38.69966],[-121.19263,38.69966],[-121.19245,38.69966],[-121.19263,38.69966]]]]}},{"type":"Feature","properties":{"county_fips":67,"srprec":"0033622","precinct_id":"067-0033622","county_name":"Sacramento","area_sq_mi":4.426,"place_primary":"Folsom","place_primary_share":99.9,"place_also":[],"places":[{"name":"Folsom","geoid":"0624638","kind":"city","pct":99.9}],"bbox":[-121.17658,38.68188,-121.11069,38.71706],"g22_asm":{"dem_pct":38.2,"margin_dem":-23.7,"votes_two_party":152,"winner":"Rep"},"g24_asm":null},"geometry":{"type":"Polygon","coordinates":[[[-121.17252,38.71325],[-121.1453,38.71181],[-121.13872,38.70867],[-121.13485,38.70654],[-121.13286,38.70547],[-121.13038,38.70699],[-121.12682,38.70942],[-121.12317,38.71136],[-121.11997,38.7144],[-121.1191,38.71605],[-121.11406,38.69949],[-121.11628,38.69818],[-121.12392,38.69116],[-121.13463,38.69178],[-121.1414,38.69237],[-121.1442,38.69315],[-121.14758,38.68984],[-121.14956,38.68856],[-121.15806,38.68449],[-121.16252,38.68188],[-121.16788,38.6863],[-121.17245,38.6842],[-121.17646,38.68337],[-121.17503,38.68349],[-121.17139,38.68565],[-121.16974,38.68783],[-121.16933,38.69035],[-121.16912,38.70052],[-121.16853,38.70151],[-121.16656,38.70394],[-121.16689,38.70487],[-121.16974,38.70618],[-121.17033,38.70772],[-121.17468,38.71255],[-121.17252,38.71325]]]}},{"type":"Feature","properties":{"county_fips":67,"srprec":"0033761","precinct_id":"067-0033761","county_name":"Sacramento","area_sq_mi":0.607,"place_primary":"Folsom","place_primary_share":100.0,"place_also":[],"places":[{"name":"Folsom","geoid":"0624638","kind":"city","pct":100.0}],"bbox":[-121.16045,38.6693,-121.14025,38.69369],"g22_asm":{"dem_pct":44.9,"margin_dem":-10.2,"votes_two_party":1212,"winner":"Rep"},"g24_asm":null},"geometry":{"type":"Polygon","coordinates":[[[-121.15391,38.66935],[-121.15613,38.67095],[-121.15496,38.67231],[-121.15427,38.67407],[-121.15489,38.67579],[-121.15459,38.67782],[-121.15512,38.67963],[-121.1563,38.68027],[-121.15657,38.68205],[-121.15632,38.6826],[-121.15651,38.68291],[-121.16002,38.68314],[-121.15522,38.68639],[-121.14977,38.68847],[-121.14864,38.68904],[-121.14758,38.68984],[-121.14618,38.69146],[-121.14349,38.69344],[-121.14238,38.69302],[-121.14214,38.69192],[-121.14136,38.68832],[-121.14068,38.68621],[-121.14231,38.68327],[-121.14982,38.68238],[-121.1508,38.68153],[-121.15126,38.68129],[-121.1518,38.6804],[-121.15183,38.67929],[-121.15115,38.67825],[-121.15089,38.67817],[-121.15079,38.67797],[-121.153,38.67008],[-121.15372,38.6693],[-121.15391,38.66935]]]}},{"type":"Feature","properties":{"county_fips":67,"srprec":"0033774","precinct_id":"067-0033774","county_name":"Sacramento","area_sq_mi":0.573,"place_primary":"Folsom","place_primary_share":100.0,"place_also":[],"places":[{"name":"Folsom","geoid":"0624638","kind":"city","pct":100.0}],"bbox":[-121.16373,38.67546,-121.14025,38.69368],"g22_asm":null,"g24_asm":{"dem_pct":40.0,"margin_dem":-20.0,"votes_two_party":1430,"winner":"Rep"}},"geometry":{"type":"Polygon","coordinates":[[[-121.15998,38.67611],[-121.16093,38.67772],[-121.16151,38.67892],[-121.16373,38.68134],[-121.16144,38.68234],[-121.16033,38.68294],[-121.15542,38.68628],[-121.14997,38.6884],[-121.14896,38.68886],[-121.14783,38.68962],[-121.14645,38.69116],[-121.14349,38.69344],[-121.14221,38.69287],[-121.14167,38.6891],[-121.14025,38.68328],[-121.14981,38.68309],[-121.15066,38.68155],[-121.15103,38.68145],[-121.15143,38.68105],[-121.15182,38.68032],[-121.15253,38.68034],[-121.15395,38.68019],[-121.15454,38.68044],[-121.15751,38.6796],[-121.15709,38.67908],[-121.15667,38.67797],[-121.15662,38.67749],[-121.1567,38.67701],[-121.15772,38.67581],[-121.15828,38.67612],[-121.15875,38.67578],[-121.1592,38.67559],[-121.15956,38.67557],[-121.15998,38.67611]],[[-121.1492,38.68638],[-121.1492,38.68638],[-121.1492,38.68638]],[[-121.14921,38.68558],[-121.14921,38.68558],[-121.14921,38.68558]],[[-121.14921,38.68643],[-121.14921,38.68643],[-121.14921,38.68643]],[[-121.14989,38.68708],[-121.14989,38.68708],[-121.14989,38.68708]],[[-121.14992,38.68711],[-121.14992,38.68711],[-121.14992,38.68711]],[[-121.15029,38.68396],[-121.15029,38.68396],[-121.15029,38.68396]],[[-121.1503,38.68323],[-121.1503,38.68323],[-121.1503,38.68323],[-121.1503,38.68323]]]}},{"type":"Feature","properties":{"county_fips":67,"srprec":"0033832","precinct_id":"067-0033832","county_name":"Sacramento","area_sq_mi":0.306,"place_primary":"Folsom","place_primary_share":100.0,"place_also":[],"places":[{"name":"Folsom","geoid":"0624638","kind":"city","pct":100.0}],"bbox":[-121.14025,38.6768,-121.12203,38.69251],"g22_asm":null,"g24_asm":{"dem_pct":39.5,"margin_dem":-20.9,"votes_two_party":1113,"winner":"Rep"}},"geometry":{"type":"MultiPolygon","coordinates":[[[[-121.12331,38.69088],[-121.12393,38.69116],[-121.12414,38.69124],[-121.12437,38.6913],[-121.12466,38.69137],[-121.12489,38.69141],[-121.12515,38.69144],[-121.1254,38.69145],[-121.12685,38.6915],[-121.12685,38.69152],[-121.1268,38.69249],[-121.12679,38.69249],[-121.12627,38.69249],[-121.12541,38.6925],[-121.1235,38.6925],[-121.12276,38.69251],[-121.12257,38.69251],[-121.12249,38.69251],[-121.12246,38.6925],[-121.12241,38.6925],[-121.12233,38.69248],[-121.12226,38.69246],[-121.12218,38.69243],[-121.12212,38.69239],[-121.12207,38.69236],[-121.12207,38.69236],[-121.12204,38.69234],[-121.12203,38.69234],[-121.12203,38.69234],[-121.12275,38.69161],[-121.12277,38.69159],[-121.12293,38.6914],[-121.12294,38.6914],[-121.12325,38.69096],[-121.1233,38.69088],[-121.12331,38.69088]]],[[[-121.13232,38.67835],[-121.13216,38.67793],[-121.13694,38.6768],[-121.13806,38.68041],[-121.13816,38.68064],[-121.13823,38.68077],[-121.13844,38.68109],[-121.13858,38.68125],[-121.13869,38.68136],[-121.13984,38.68246],[-121.14025,38.68328],[-121.13939,38.68333],[-121.1311,38.68397],[-121.13105,38.68376],[-121.13102,38.68397],[-121.124,38.68457],[-121.124,38.6836],[-121.124,38.68271],[-121.12402,38.68252],[-121.12405,38.68233],[-121.12412,38.68209],[-121.12419,38.68191],[-121.12428,38.68172],[-121.12438,38.68155],[-121.1245,38.68138],[-121.12464,38.68122],[-121.12482,38.68102],[-121.12503,38.68085],[-121.12521,38.68071],[-121.12545,38.68056],[-121.12571,38.68043],[-121.1284,38.67925],[-121.12853,38.6792],[-121.13007,38.67853],[-121.13047,38.67838],[-121.13088,38.67825],[-121.13129,38.67814],[-121.13216,38.67793],[-121.13232,38.67835]],[[-121.13232,38.67835],[-121.13232,38.67835],[-121.13232,38.67835],[-121.13232,38.67835],[-121.13232,38.67835]],[[-121.13098,38.68292],[-121.13098,38.68292],[-121.13099,38.68292],[-121.13098,38.68292]],[[-121.13108,38.68285],[-121.13107,38.68285],[-121.13108,38.68285]],[[-121.13127,38.68266],[-121.13126,38.68268],[-121.13126,38.68268],[-121.13127,38.68266]],[[-121.13133,38.68258],[-121.13133,38.68258],[-121.13133,38.68258]],[[-121.13134,38.68257],[-121.13134,38.68258],[-121.13134,38.68258],[-121.13134,38.68257]],[[-121.13149,38.68215],[-121.13147,38.68226],[-121.13147,38.68226],[-121.13149,38.68215]],[[-121.13182,38.68069],[-121.13175,38.68098],[-121.13181,38.68069],[-121.13182,38.68069]],[[-121.13188,38.68032],[-121.13188,38.68032],[-121.13191,38.68016],[-121.13188,38.68032]],[[-121.13192,38.68008],[-121.13191,38.68016],[-121.13192,38.68008]],[[-121.13198,38.67967],[-121.13198,38.6797],[-121.13198,38.67967]],[[-121.13198,38.67967],[-121.13198,38.67967],[-121.13199,38.67966],[-121.13198,38.67967]],[[-121.13201,38.67957],[-121.13201,38.67958],[-121.13201,38.67957]],[[-121.13201,38.67957],[-121.13201,38.67957],[-121.13202,38.67956],[-121.13201,38.67957]],[[-121.13206,38.67948],[-121.13205,38.67949],[-121.13206,38.67948]],[[-121.13225,38.67915],[-121.13224,38.67916],[-121.13225,38.67915]],[[-121.13232,38.67896],[-121.13231,38.67898],[-121.13231,38.67898],[-121.13232,38.67896]],[[-121.13235,38.67851],[-121.13235,38.67851],[-121.13235,38.67852],[-121.13235,38.67851]]]]}},{"type":"Feature","properties":{"county_fips":67,"srprec":"0033859","precinct_id":"067-0033859","county_name":"Sacramento","area_sq_mi":0.505,"place_primary":"Folsom","place_primary_share":100.0,"place_also":[],"places":[{"name":"Folsom","geoid":"0624638","kind":"city","pct":100.0}],"bbox":[-121.14214,38.68328,-121.12331,38.69272],"g22_asm":{"dem_pct":43.3,"margin_dem":-13.4,"votes_two_party":1280,"winner":"Rep"},"g24_asm":{"dem_pct":39.8,"margin_dem":-20.3,"votes_two_party":1499,"winner":"Rep"}},"geometry":{"type":"Polygon","coordinates":[[[-121.13928,38.68334],[-121.14025,38.68328],[-121.14047,38.68483],[-121.14068,38.68621],[-121.14086,38.68687],[-121.14116,38.6878],[-121.14127,38.68809],[-121.14127,38.68809],[-121.14136,38.68832],[-121.14153,38.68874],[-121.1416,38.68892],[-121.14167,38.6891],[-121.14183,38.69014],[-121.14214,38.69192],[-121.14209,38.69232],[-121.14209,38.69233],[-121.14205,38.69272],[-121.1414,38.69237],[-121.14081,38.69221],[-121.14037,38.69217],[-121.1396,38.69212],[-121.13888,38.69208],[-121.13732,38.69192],[-121.13657,38.69189],[-121.13488,38.6918],[-121.13469,38.69179],[-121.13463,38.69178],[-121.13188,38.69168],[-121.12685,38.6915],[-121.1254,38.69145],[-121.12515,38.69144],[-121.12489,38.69141],[-121.12466,38.69137],[-121.12437,38.6913],[-121.12414,38.69123],[-121.12392,38.69116],[-121.12331,38.69088],[-121.12366,38.69038],[-121.12376,38.69021],[-121.12382,38.69007],[-121.12389,38.68989],[-121.12392,38.6898],[-121.12397,38.68961],[-121.124,38.68942],[-121.12401,38.68928],[-121.12401,38.68783],[-121.124,38.68479],[-121.124,38.68457],[-121.13107,38.68397],[-121.13608,38.68354],[-121.13928,38.68334]]]},"geometry_g24":{"type":"Polygon","coordinates":[[[-121.13608,38.68354],[-121.13939,38.68333],[-121.14025,38.68328],[-121.14068,38.68621],[-121.14116,38.6878],[-121.14127,38.68809],[-121.1416,38.68892],[-121.14183,38.69014],[-121.1421,38.69232],[-121.14205,38.69272],[-121.14141,38.69237],[-121.14081,38.69221],[-121.1396,38.69212],[-121.13732,38.69192],[-121.13533,38.69182],[-121.13463,38.69178],[-121.13188,38.69168],[-121.12685,38.6915],[-121.12515,38.69144],[-121.12465,38.69137],[-121.12414,38.69123],[-121.12331,38.69088],[-121.12366,38.69038],[-121.12376,38.69021],[-121.12382,38.69007],[-121.12389,38.68989],[-121.12393,38.68976],[-121.12397,38.6896],[-121.124,38.68938],[-121.12401,38.68924],[-121.12401,38.68607],[-121.12401,38.68457],[-121.1311,38.68397],[-121.13608,38.68354]],[[-121.13136,38.6905],[-121.13134,38.69049],[-121.13136,38.6905]],[[-121.1314,38.68725],[-121.13171,38.68723],[-121.13171,38.68723],[-121.1314,38.68725]],[[-121.1315,38.68815],[-121.1315,38.68814],[-121.1315,38.68814],[-121.1315,38.68815]],[[-121.13153,38.68823],[-121.13152,38.68823],[-121.13153,38.68823]],[[-121.13157,38.69066],[-121.13157,38.69066],[-121.13159,38.69068],[-121.13157,38.69066]],[[-121.13166,38.69075],[-121.13166,38.69075],[-121.13167,38.69076],[-121.13166,38.69075]],[[-121.13174,38.69085],[-121.13174,38.69085],[-121.13174,38.69086],[-121.13174,38.69085]],[[-121.1318,38.69096],[-121.1318,38.69096],[-121.13181,38.69099],[-121.1318,38.69096]],[[-121.1318,38.68862],[-121.1318,38.68862],[-121.1318,38.68862]],[[-121.13186,38.68867],[-121.13181,38.68863],[-121.13186,38.68867]],[[-121.13186,38.69112],[-121.13185,38.6911],[-121.13186,38.69112]],[[-121.13196,38.68874],[-121.13196,38.68873],[-121.13196,38.68874]],[[-121.13196,38.68873],[-121.13187,38.68867],[-121.13187,38.68867],[-121.13196,38.68873]],[[-121.13206,38.6896],[-121.13206,38.6896],[-121.13203,38.68962],[-121.13206,38.6896]],[[-121.13203,38.68962],[-121.13189,38.68973],[-121.13189,38.68973],[-121.13203,38.68962]],[[-121.13189,38.69135],[-121.13189,38.69135],[-121.13189,38.69135],[-121.13189,38.69135]],[[-121.13206,38.6896],[-121.13207,38.68959],[-121.13206,38.6896]],[[-121.13211,38.68719],[-121.13212,38.68719],[-121.13211,38.68719]],[[-121.1323,38.6893],[-121.13232,38.68926],[-121.1323,38.6893]],[[-121.13234,38.68921],[-121.13234,38.68921],[-121.13233,38.68922],[-121.13234,38.68921]],[[-121.13256,38.68709],[-121.13258,38.68709],[-121.13256,38.68709]],[[-121.1327,38.68705],[-121.1327,38.68705],[-121.1327,38.68705],[-121.1327,38.68705]],[[-121.13351,38.68675],[-121.13351,38.68675],[-121.1335,38.68676],[-121.13351,38.68675]],[[-121.13423,38.6865],[-121.13423,38.6865],[-121.13423,38.6865],[-121.13423,38.6865]],[[-121.13445,38.68645],[-121.13447,38.68644],[-121.13445,38.68645]],[[-121.13459,38.68643],[-121.13471,38.68641],[-121.13471,38.68641],[-121.13459,38.68643]],[[-121.13485,38.6864],[-121.13472,38.68641],[-121.13472,38.68641],[-121.13485,38.6864]],[[-121.13485,38.6864],[-121.13487,38.6864],[-121.13487,38.6864],[-121.13485,38.6864]],[[-121.13499,38.6864],[-121.13502,38.6864],[-121.13502,38.6864],[-121.13499,38.6864]],[[-121.13502,38.6864],[-121.13505,38.6864],[-121.13502,38.6864]],[[-121.13552,38.68646],[-121.13555,38.68646],[-121.13555,38.68646],[-121.13552,38.68646]],[[-121.13555,38.68646],[-121.13559,38.68647],[-121.13555,38.68646]],[[-121.13564,38.68648],[-121.13569,38.6865],[-121.13569,38.6865],[-121.13564,38.68648]],[[-121.13569,38.6865],[-121.13571,38.6865],[-121.13569,38.6865]],[[-121.13607,38.68388],[-121.13607,38.68385],[-121.13607,38.68388]],[[-121.13621,38.6847],[-121.13615,38.68439],[-121.1362,38.6847],[-121.13621,38.6847]],[[-121.13624,38.68582],[-121.13624,38.68582],[-121.13622,38.68587],[-121.13624,38.68582]],[[-121.13627,38.68572],[-121.13627,38.68572],[-121.13626,38.68576],[-121.13627,38.68572]],[[-121.13631,38.68544],[-121.13631,38.68544],[-121.13631,38.68544],[-121.13631,38.68544]]]}},{"type":"Feature","properties":{"county_fips":67,"srprec":"0033909","precinct_id":"067-0033909","county_name":"Sacramento","area_sq_mi":0.359,"place_primary":"Folsom","place_primary_share":100.0,"place_also":[],"places":[{"name":"Folsom","geoid":"0624638","kind":"city","pct":100.0}],"bbox":[-121.1245,38.67774,-121.11381,38.69088],"g22_asm":{"dem_pct":49.6,"margin_dem":-0.8,"votes_two_party":867,"winner":"Rep"},"g24_asm":{"dem_pct":45.1,"margin_dem":-9.9,"votes_two_party":1094,"winner":"Rep"}},"geometry":{"type":"Polygon","coordinates":[[[-121.11673,38.68568],[-121.11673,38.68496],[-121.1166,38.68464],[-121.11634,38.68411],[-121.1161,38.68381],[-121.11572,38.68363],[-121.11536,38.68304],[-121.11565,38.68225],[-121.11533,38.68148],[-121.11498,38.68103],[-121.1155,38.67976],[-121.11701,38.67898],[-121.11869,38.67832],[-121.11899,38.67782],[-121.12213,38.67862],[-121.12355,38.68005],[-121.1239,38.68109],[-121.12428,38.68172],[-121.12405,38.68233],[-121.124,38.68281],[-121.124,38.68479],[-121.124,38.68942],[-121.12389,38.68989],[-121.12366,38.69038],[-121.12248,38.69052],[-121.12191,38.69035],[-121.1213,38.69025],[-121.12062,38.69023],[-121.11904,38.69037],[-121.11828,38.69035],[-121.11766,38.69024],[-121.11724,38.69011],[-121.11684,38.68994],[-121.11643,38.68971],[-121.11603,38.6894],[-121.11568,38.68904],[-121.11394,38.68679],[-121.11381,38.68662],[-121.11673,38.68568]]]},"geometry_g24":{"type":"Polygon","coordinates":[[[-121.12193,38.67877],[-121.1231,38.67938],[-121.12339,38.67993],[-121.12355,38.68018],[-121.12371,38.68042],[-121.12382,38.68065],[-121.1239,38.68109],[-121.12428,38.68172],[-121.12406,38.68233],[-121.124,38.68338],[-121.12401,38.68607],[-121.12397,38.68961],[-121.12381,38.6901],[-121.1233,38.69088],[-121.12236,38.69048],[-121.12171,38.69031],[-121.12103,38.69023],[-121.12037,38.69025],[-121.11848,38.69036],[-121.11793,38.6903],[-121.11735,38.69015],[-121.11685,38.68994],[-121.11625,38.68958],[-121.11586,38.68924],[-121.11413,38.68702],[-121.11385,38.68661],[-121.11673,38.68497],[-121.11634,38.68411],[-121.11572,38.68363],[-121.11537,38.68291],[-121.11533,38.68148],[-121.11498,38.68103],[-121.11612,38.67933],[-121.11869,38.67832],[-121.12193,38.67877]],[[-121.1176,38.68585],[-121.11781,38.68582],[-121.1176,38.68585]]]}},{"type":"Feature","properties":{"county_fips":67,"srprec":"0033942","precinct_id":"067-0033942","county_name":"Sacramento","area_sq_mi":0.784,"place_primary":"Folsom","place_primary_share":100.0,"place_also":[],"places":[{"name":"Folsom","geoid":"0624638","kind":"city","pct":100.0}],"bbox":[-121.1233,38.67482,-121.10454,38.70041],"g22_asm":{"dem_pct":54.7,"margin_dem":9.4,"votes_two_party":1011,"winner":"Dem"},"g24_asm":{"dem_pct":46.8,"margin_dem":-6.4,"votes_two_party":1325,"winner":"Rep"}},"geometry":{"type":"Polygon","coordinates":[[[-121.10774,38.6943],[-121.10471,38.68764],[-121.10465,38.68599],[-121.10465,38.68231],[-121.10473,38.67836],[-121.10483,38.67605],[-121.10511,38.67528],[-121.10761,38.67595],[-121.10849,38.67654],[-121.10895,38.67693],[-121.10969,38.67769],[-121.10993,38.678],[-121.11052,38.67897],[-121.11117,38.68041],[-121.11141,38.68125],[-121.11164,38.6824],[-121.11196,38.68317],[-121.11244,38.68406],[-121.11324,38.68581],[-121.11381,38.68662],[-121.1142,38.68712],[-121.11598,38.68936],[-121.11643,38.68971],[-121.11687,38.68995],[-121.11748,38.69019],[-121.11828,38.69035],[-121.1197,38.69031],[-121.12103,38.69023],[-121.12191,38.69035],[-121.12267,38.69059],[-121.12203,38.69234],[-121.11809,38.69635],[-121.11563,38.6987],[-121.11462,38.69927],[-121.11176,38.70012],[-121.10774,38.6943]]]},"geometry_g24":{"type":"MultiPolygon","coordinates":[[[[-121.11394,38.68679],[-121.11598,38.68936],[-121.11655,38.68978],[-121.11726,38.69012],[-121.11809,38.69032],[-121.11904,38.69037],[-121.12103,38.69023],[-121.12191,38.69035],[-121.12267,38.69059],[-121.12276,38.6916],[-121.11791,38.69652],[-121.11539,38.69886],[-121.10987,38.69878],[-121.10471,38.68764],[-121.10465,38.6867],[-121.10484,38.68319],[-121.10566,38.68001],[-121.10543,38.67969],[-121.10532,38.67957],[-121.10491,38.67812],[-121.10504,38.67795],[-121.10513,38.67787],[-121.10613,38.67674],[-121.1055,38.67482],[-121.10814,38.67628],[-121.10895,38.67693],[-121.10976,38.67779],[-121.11021,38.67842],[-121.11109,38.6802],[-121.11144,38.68145],[-121.11164,38.68244],[-121.11237,38.6839],[-121.11324,38.68581],[-121.11391,38.68674],[-121.11394,38.68679]],[[-121.10551,38.68927],[-121.10559,38.68926],[-121.10559,38.68926],[-121.10551,38.68927]],[[-121.10768,38.68755],[-121.1074,38.68768],[-121.10785,38.68747],[-121.10785,38.68747],[-121.10785,38.68747],[-121.10785,38.68747],[-121.10768,38.68755]],[[-121.10871,38.68687],[-121.10832,38.68715],[-121.1085,38.68702],[-121.10871,38.68687],[-121.10871,38.68687],[-121.10871,38.68687],[-121.1088,38.68671],[-121.10871,38.68687]],[[-121.11054,38.68523],[-121.11054,38.68523],[-121.11044,38.68532],[-121.11054,38.68523],[-121.11054,38.68523],[-121.11067,38.68515],[-121.11054,38.68523]],[[-121.11129,38.68475],[-121.11129,38.68475],[-121.11116,38.68484],[-121.11129,38.68475]]],[[[-121.11394,38.68679],[-121.11394,38.68679],[-121.11394,38.68679],[-121.11394,38.68679],[-121.11413,38.68702],[-121.11394,38.68679]]]]}},{"type":"Feature","properties":{"county_fips":67,"srprec":"0034009","precinct_id":"067-0034009","county_name":"Sacramento","area_sq_mi":0.581,"place_primary":"Citrus Heights","place_primary_share":100.0,"place_also":[],"places":[{"name":"Citrus Heights","geoid":"0613588","kind":"city","pct":100.0}],"bbox":[-121.29245,38.66362,-121.27801,38.67833],"g22_asm":{"dem_pct":43.7,"margin_dem":-12.5,"votes_two_party":983,"winner":"Rep"},"g24_asm":{"dem_pct":44.7,"margin_dem":-10.6,"votes_two_party":1545,"winner":"Rep"}},"geometry":{"type":"Polygon","coordinates":[[[-121.29043,38.67829],[-121.29027,38.67829],[-121.28952,38.67826],[-121.28919,38.67826],[-121.2888,38.67822],[-121.28762,38.67823],[-121.28473,38.67825],[-121.28209,38.67827],[-121.28137,38.67827],[-121.28106,38.67828],[-121.28103,38.67828],[-121.28016,38.67828],[-121.2786,38.67829],[-121.27811,38.6783],[-121.27691,38.67832],[-121.27691,38.67771],[-121.27691,38.67745],[-121.27705,38.67618],[-121.27716,38.67463],[-121.27719,38.67413],[-121.27719,38.67413],[-121.27727,38.67379],[-121.2772,38.67357],[-121.2772,38.67311],[-121.2772,38.67302],[-121.27635,38.67216],[-121.27633,38.67108],[-121.27851,38.67102],[-121.28012,38.67094],[-121.28019,38.67098],[-121.2809,38.67137],[-121.28465,38.67141],[-121.28645,38.6713],[-121.28723,38.67177],[-121.28751,38.67133],[-121.28802,38.67146],[-121.29238,38.67127],[-121.29238,38.6717],[-121.2924,38.6731],[-121.29241,38.6738],[-121.29242,38.67474],[-121.29243,38.67504],[-121.29245,38.67819],[-121.29245,38.67832],[-121.29043,38.67829]]]},"geometry_g24":{"type":"Polygon","coordinates":[[[-121.29229,38.66576],[-121.29235,38.66974],[-121.29237,38.67127],[-121.29245,38.67832],[-121.29021,38.67828],[-121.28762,38.67823],[-121.28106,38.67828],[-121.28056,38.67832],[-121.2801,38.67832],[-121.27913,38.67831],[-121.27801,38.67616],[-121.27803,38.67571],[-121.2781,38.67545],[-121.27823,38.67513],[-121.27851,38.67463],[-121.27863,38.67433],[-121.27867,38.67402],[-121.27864,38.67365],[-121.27845,38.67293],[-121.2788,38.67284],[-121.27912,38.67269],[-121.2794,38.6725],[-121.27914,38.6723],[-121.27883,38.67192],[-121.27864,38.67163],[-121.27853,38.67133],[-121.27849,38.67106],[-121.27945,38.67104],[-121.28088,38.67136],[-121.28465,38.67141],[-121.28459,38.66629],[-121.28574,38.66371],[-121.29226,38.66362],[-121.29229,38.66576]],[[-121.28801,38.67076],[-121.28801,38.67076],[-121.28801,38.67076],[-121.28801,38.67076]],[[-121.28801,38.67091],[-121.28801,38.67091],[-121.28801,38.67091],[-121.28801,38.67091]],[[-121.2885,38.67075],[-121.2885,38.67075],[-121.2885,38.67075],[-121.2885,38.67075]],[[-121.28851,38.67131],[-121.28851,38.67131],[-121.28851,38.67131],[-121.28851,38.67131]]]}},{"type":"Feature","properties":{"county_fips":67,"srprec":"0034064","precinct_id":"067-0034064","county_name":"Sacramento","area_sq_mi":0.711,"place_primary":"Citrus Heights","place_primary_share":100.0,"place_also":[],"places":[{"name":"Citrus Heights","geoid":"0613588","kind":"city","pct":100.0}],"bbox":[-121.29238,38.66362,-121.27145,38.67843],"g22_asm":{"dem_pct":52.1,"margin_dem":4.3,"votes_two_party":1128,"winner":"Dem"},"g24_asm":null},"geometry":{"type":"Polygon","coordinates":[[[-121.29229,38.66576],[-121.29233,38.66792],[-121.29235,38.66945],[-121.29236,38.66992],[-121.29237,38.67067],[-121.29238,38.67127],[-121.28751,38.67133],[-121.28645,38.6713],[-121.2809,38.67137],[-121.28012,38.67094],[-121.27633,38.67108],[-121.2772,38.67302],[-121.2772,38.67357],[-121.27719,38.67413],[-121.27716,38.67463],[-121.27691,38.67745],[-121.27691,38.67832],[-121.27598,38.67834],[-121.27155,38.67711],[-121.27152,38.67544],[-121.27145,38.67164],[-121.27146,38.67118],[-121.27155,38.67048],[-121.27207,38.66805],[-121.27215,38.66738],[-121.27217,38.66676],[-121.27214,38.66391],[-121.27504,38.66387],[-121.27637,38.66385],[-121.28069,38.66378],[-121.28252,38.66376],[-121.28346,38.66374],[-121.28573,38.66371],[-121.28612,38.66371],[-121.28811,38.66368],[-121.29226,38.66362],[-121.29229,38.66576]]]}},{"type":"Feature","properties":{"county_fips":67,"srprec":"0034151","precinct_id":"067-0034151","county_name":"Sacramento","area_sq_mi":0.531,"place_primary":"Citrus Heights","place_primary_share":100.0,"place_also":[],"places":[{"name":"Citrus Heights","geoid":"0613588","kind":"city","pct":100.0}],"bbox":[-121.28465,38.66373,-121.27145,38.67843],"g22_asm":null,"g24_asm":{"dem_pct":52.6,"margin_dem":5.3,"votes_two_party":1117,"winner":"Dem"}},"geometry":{"type":"Polygon","coordinates":[[[-121.28456,38.66373],[-121.28461,38.66808],[-121.28465,38.67141],[-121.28026,38.67103],[-121.27926,38.67105],[-121.27849,38.67106],[-121.27851,38.67123],[-121.27856,38.67142],[-121.27864,38.67163],[-121.27883,38.67192],[-121.27914,38.6723],[-121.27928,38.67241],[-121.27931,38.67257],[-121.27907,38.67272],[-121.2788,38.67284],[-121.27857,38.67291],[-121.27862,38.67359],[-121.27865,38.6737],[-121.27867,38.674],[-121.27865,38.67423],[-121.2786,38.67443],[-121.27851,38.67463],[-121.27828,38.67503],[-121.27818,38.67524],[-121.2781,38.67545],[-121.27803,38.67569],[-121.27801,38.67607],[-121.27807,38.6783],[-121.27156,38.67843],[-121.27149,38.67376],[-121.27149,38.67083],[-121.27207,38.66805],[-121.27217,38.66681],[-121.27217,38.66653],[-121.27534,38.66386],[-121.28305,38.66375],[-121.28456,38.66373]],[[-121.2749,38.66664],[-121.2749,38.66664],[-121.2749,38.66664]],[[-121.27574,38.66676],[-121.27574,38.66676],[-121.27574,38.66676],[-121.27574,38.66676]],[[-121.27576,38.66682],[-121.27576,38.66682],[-121.27576,38.66682]],[[-121.27586,38.67108],[-121.27586,38.67108],[-121.27586,38.67108],[-121.27586,38.67108]],[[-121.27819,38.67103],[-121.27819,38.67103],[-121.27819,38.67103]],[[-121.27841,38.67107],[-121.27841,38.67107],[-121.27841,38.67107]]]}},{"type":"Feature","properties":{"county_fips":67,"srprec":"0034225","precinct_id":"067-0034225","county_name":"Sacramento","area_sq_mi":0.502,"place_primary":"Citrus Heights","place_primary_share":100.0,"place_also":[],"places":[{"name":"Citrus Heights","geoid":"0613588","kind":"city","pct":100.0}],"bbox":[-121.27217,38.66391,-121.26217,38.67853],"g22_asm":{"dem_pct":59.5,"margin_dem":19.0,"votes_two_party":849,"winner":"Dem"},"g24_asm":{"dem_pct":57.1,"margin_dem":14.2,"votes_two_party":1263,"winner":"Dem"}},"geometry":{"type":"Polygon","coordinates":[[[-121.27155,38.67048],[-121.27149,38.67083],[-121.27146,38.67118],[-121.27145,38.67141],[-121.27145,38.67164],[-121.27149,38.67376],[-121.27152,38.67544],[-121.27155,38.67699],[-121.27155,38.67711],[-121.27156,38.67843],[-121.26895,38.67842],[-121.26712,38.67845],[-121.2646,38.67849],[-121.26277,38.67853],[-121.26224,38.67853],[-121.26224,38.67839],[-121.26224,38.67802],[-121.26224,38.6767],[-121.26223,38.67585],[-121.26223,38.67548],[-121.26222,38.67501],[-121.26221,38.67358],[-121.26221,38.67326],[-121.26221,38.67237],[-121.2622,38.67131],[-121.2622,38.67094],[-121.26219,38.66948],[-121.26218,38.66858],[-121.26218,38.66847],[-121.26217,38.66774],[-121.26217,38.66757],[-121.26217,38.66741],[-121.26217,38.66721],[-121.26217,38.66702],[-121.26217,38.66645],[-121.26319,38.66644],[-121.26319,38.66605],[-121.26303,38.66604],[-121.26304,38.66426],[-121.26304,38.66403],[-121.26468,38.66401],[-121.26654,38.66398],[-121.26889,38.66395],[-121.27016,38.66393],[-121.27024,38.66393],[-121.27214,38.66391],[-121.27218,38.66654],[-121.27217,38.66676],[-121.27216,38.66717],[-121.27215,38.66738],[-121.27211,38.66777],[-121.27207,38.66805],[-121.27173,38.66962],[-121.27155,38.67048]]]},"geometry_g24":{"type":"MultiPolygon","coordinates":[[[[-121.27217,38.66653],[-121.27217,38.66681],[-121.27215,38.66738],[-121.27207,38.66805],[-121.27207,38.66805],[-121.27155,38.67048],[-121.27146,38.67118],[-121.27146,38.67118],[-121.27145,38.67141],[-121.27152,38.67541],[-121.27155,38.67711],[-121.26895,38.67842],[-121.26277,38.67853],[-121.26224,38.67839],[-121.26223,38.6767],[-121.26222,38.67501],[-121.2622,38.67132],[-121.26253,38.67132],[-121.2622,38.67094],[-121.26218,38.66858],[-121.26218,38.66774],[-121.26217,38.66721],[-121.26217,38.66649],[-121.26217,38.66645],[-121.26217,38.66649],[-121.26233,38.66649],[-121.26298,38.66649],[-121.26342,38.66649],[-121.26341,38.66605],[-121.26332,38.66605],[-121.26332,38.66605],[-121.26331,38.66462],[-121.26329,38.66403],[-121.26304,38.66403],[-121.26654,38.66398],[-121.27024,38.66393],[-121.27214,38.66391],[-121.27217,38.66653]]],[[[-121.27156,38.67843],[-121.27156,38.67843],[-121.27156,38.67843],[-121.27156,38.67843],[-121.27155,38.67843],[-121.27156,38.67843]]]]}},{"type":"Feature","properties":{"county_fips":67,"srprec":"0034322","precinct_id":"067-0034322","county_name":"Sacramento","area_sq_mi":0.577,"place_primary":"Fair Oaks","place_primary_share":99.5,"place_also":[],"places":[{"name":"Fair Oaks","geoid":"0623294","kind":"cdp","pct":99.5},{"name":"Citrus Heights","geoid":"0613588","kind":"city","pct":0.4},{"name":"Orangevale","geoid":"0654092","kind":"cdp","pct":0.1}],"bbox":[-121.26342,38.66403,-121.24429,38.67865],"g22_asm":{"dem_pct":46.6,"margin_dem":-6.7,"votes_two_party":744,"winner":"Rep"},"g24_asm":{"dem_pct":44.7,"margin_dem":-10.7,"votes_two_party":1379,"winner":"Rep"}},"geometry":{"type":"Polygon","coordinates":[[[-121.24433,38.67865],[-121.2443,38.67617],[-121.24429,38.67229],[-121.24479,38.67163],[-121.24524,38.67188],[-121.24571,38.67191],[-121.24642,38.67179],[-121.24876,38.67158],[-121.24838,38.67122],[-121.24795,38.67109],[-121.24763,38.67104],[-121.24729,38.67094],[-121.24723,38.67076],[-121.24724,38.67056],[-121.24711,38.67033],[-121.24634,38.67011],[-121.24594,38.67004],[-121.24564,38.66973],[-121.24524,38.66954],[-121.24479,38.66946],[-121.24449,38.66893],[-121.24428,38.66729],[-121.2467,38.66423],[-121.2477,38.66649],[-121.25356,38.66842],[-121.25362,38.67129],[-121.2564,38.67488],[-121.25798,38.6749],[-121.25833,38.67496],[-121.25872,38.67518],[-121.25939,38.67543],[-121.26076,38.67548],[-121.2618,38.67548],[-121.26224,38.67802],[-121.25932,38.67858],[-121.25747,38.67862],[-121.25488,38.67863],[-121.24989,38.67864],[-121.24433,38.67865]]]},"geometry_g24":{"type":"MultiPolygon","coordinates":[[[[-121.26217,38.66757],[-121.26218,38.66909],[-121.26221,38.67237],[-121.26223,38.67548],[-121.26224,38.67802],[-121.26223,38.67853],[-121.25904,38.67859],[-121.25785,38.67861],[-121.25726,38.67863],[-121.25488,38.67863],[-121.24884,38.67864],[-121.24433,38.67837],[-121.2443,38.67617],[-121.24429,38.67229],[-121.24885,38.67223],[-121.24891,38.67229],[-121.24918,38.67234],[-121.24924,38.67235],[-121.24933,38.67243],[-121.24959,38.6727],[-121.24995,38.67302],[-121.2502,38.67324],[-121.25051,38.67333],[-121.25091,38.67337],[-121.251,38.67335],[-121.25122,38.6733],[-121.25241,38.67127],[-121.25357,38.67127],[-121.25361,38.67127],[-121.25356,38.66842],[-121.25639,38.66842],[-121.25642,38.66773],[-121.259,38.66774],[-121.25957,38.66741],[-121.26217,38.66741],[-121.26217,38.66757]],[[-121.25357,38.67133],[-121.25357,38.67133],[-121.25357,38.67133],[-121.25357,38.67133]],[[-121.25585,38.67133],[-121.25585,38.67133],[-121.25585,38.67133],[-121.25585,38.67133]],[[-121.25634,38.67494],[-121.25634,38.67494],[-121.25634,38.67494],[-121.25634,38.67494]],[[-121.25764,38.67533],[-121.25764,38.67533],[-121.25764,38.67533]]],[[[-121.26304,38.66403],[-121.26304,38.66403],[-121.26304,38.66404],[-121.26304,38.66404],[-121.26304,38.66404],[-121.26304,38.66404],[-121.26331,38.66403],[-121.26331,38.66403],[-121.26331,38.66403],[-121.26331,38.66418],[-121.26331,38.66462],[-121.26331,38.66512],[-121.26332,38.66533],[-121.26332,38.66605],[-121.26332,38.66605],[-121.26332,38.66605],[-121.26332,38.66605],[-121.26332,38.66605],[-121.26335,38.66605],[-121.26341,38.66605],[-121.26341,38.66605],[-121.26341,38.66605],[-121.26342,38.66641],[-121.26342,38.66649],[-121.26342,38.66649],[-121.26342,38.66649],[-121.26316,38.66649],[-121.26298,38.66649],[-121.26278,38.66649],[-121.26258,38.66649],[-121.26239,38.66649],[-121.26233,38.66649],[-121.26217,38.66649],[-121.26217,38.66649],[-121.26217,38.66649],[-121.26217,38.66645],[-121.26217,38.66645],[-121.26217,38.66645],[-121.26217,38.66645],[-121.26217,38.66645],[-121.26217,38.66645],[-121.26217,38.66645],[-121.26217,38.66645],[-121.26216,38.66617],[-121.26216,38.66575],[-121.26216,38.66542],[-121.26216,38.66542],[-121.26215,38.66405],[-121.26215,38.66405],[-121.26215,38.66405],[-121.26215,38.66405],[-121.26304,38.66403]]]]}},{"type":"Feature","properties":{"county_fips":67,"srprec":"0034376","precinct_id":"067-0034376","county_name":"Sacramento","area_sq_mi":0.4,"place_primary":"Fair Oaks","place_primary_share":100.0,"place_also":[],"places":[{"name":"Fair Oaks","geoid":"0623294","kind":"cdp","pct":100.0}],"bbox":[-121.26223,38.66401,-121.24769,38.67549],"g22_asm":{"dem_pct":51.9,"margin_dem":3.7,"votes_two_party":908,"winner":"Dem"},"g24_asm":null},"geometry":{"type":"Polygon","coordinates":[[[-121.25361,38.67127],[-121.25356,38.66842],[-121.25362,38.66774],[-121.2477,38.66649],[-121.25008,38.66421],[-121.25406,38.66418],[-121.25593,38.66409],[-121.25642,38.66407],[-121.25707,38.66405],[-121.25737,38.66402],[-121.25829,38.66401],[-121.26018,38.66401],[-121.26216,38.66542],[-121.26216,38.66617],[-121.26217,38.66702],[-121.26217,38.66741],[-121.26217,38.66774],[-121.26218,38.66858],[-121.2622,38.67094],[-121.26221,38.67237],[-121.26221,38.67358],[-121.26223,38.67548],[-121.26163,38.67548],[-121.26091,38.67548],[-121.25994,38.67548],[-121.25958,38.67546],[-121.25916,38.67537],[-121.25889,38.67526],[-121.25862,38.67512],[-121.25838,38.67498],[-121.25822,38.67493],[-121.258,38.6749],[-121.25791,38.67549],[-121.25738,38.67488],[-121.25592,38.67431],[-121.25499,38.67128],[-121.25361,38.67127]]]}},{"type":"Feature","properties":{"county_fips":67,"srprec":"0034410","precinct_id":"067-0034410","county_name":"Sacramento","area_sq_mi":0.58,"place_primary":"Fair Oaks","place_primary_share":100.0,"place_also":[],"places":[{"name":"Fair Oaks","geoid":"0623294","kind":"cdp","pct":100.0}],"bbox":[-121.27239,38.65282,-121.25006,38.66645],"g22_asm":{"dem_pct":51.4,"margin_dem":2.8,"votes_two_party":1162,"winner":"Dem"},"g24_asm":null},"geometry":{"type":"Polygon","coordinates":[[[-121.27234,38.65363],[-121.27238,38.65665],[-121.27214,38.66391],[-121.26654,38.66398],[-121.26303,38.66604],[-121.26216,38.66617],[-121.26018,38.66401],[-121.25737,38.66402],[-121.25642,38.66407],[-121.25406,38.66418],[-121.25007,38.6616],[-121.25095,38.6597],[-121.2515,38.65961],[-121.25264,38.65953],[-121.25305,38.65962],[-121.25343,38.6597],[-121.25443,38.65966],[-121.25508,38.6595],[-121.25605,38.65949],[-121.25789,38.65957],[-121.25875,38.65946],[-121.26028,38.6594],[-121.26073,38.65951],[-121.26128,38.6599],[-121.26182,38.66012],[-121.26225,38.65995],[-121.26257,38.65941],[-121.264,38.65817],[-121.26426,38.65779],[-121.26435,38.6567],[-121.26432,38.65454],[-121.26602,38.65285],[-121.26934,38.65283],[-121.27234,38.65363]]]}},{"type":"Feature","properties":{"county_fips":67,"srprec":"0034452","precinct_id":"067-0034452","county_name":"Sacramento","area_sq_mi":0.37,"place_primary":"Fair Oaks","place_primary_share":100.0,"place_also":[],"places":[{"name":"Fair Oaks","geoid":"0623294","kind":"cdp","pct":100.0}],"bbox":[-121.26217,38.66401,-121.24428,38.67339],"g22_asm":null,"g24_asm":{"dem_pct":53.8,"margin_dem":7.6,"votes_two_party":764,"winner":"Dem"}},"geometry":{"type":"Polygon","coordinates":[[[-121.25406,38.66418],[-121.25737,38.66402],[-121.26217,38.66649],[-121.2599,38.66741],[-121.25642,38.66773],[-121.25362,38.66842],[-121.25361,38.67127],[-121.25122,38.67331],[-121.25051,38.67333],[-121.24979,38.67288],[-121.2493,38.67238],[-121.24891,38.67229],[-121.24429,38.67228],[-121.24469,38.6716],[-121.24491,38.67169],[-121.24516,38.67185],[-121.24548,38.67191],[-121.24571,38.67191],[-121.24611,38.67182],[-121.24886,38.67178],[-121.24851,38.67132],[-121.24813,38.67108],[-121.24763,38.67104],[-121.24725,38.6709],[-121.24721,38.67063],[-121.24719,38.6704],[-121.24699,38.67028],[-121.24608,38.67011],[-121.24566,38.66976],[-121.24524,38.66954],[-121.24475,38.66942],[-121.24441,38.66888],[-121.24428,38.66424],[-121.24772,38.66422],[-121.25406,38.66418]],[[-121.24775,38.66774],[-121.24774,38.66744],[-121.24775,38.66774],[-121.24775,38.66774],[-121.24775,38.66774],[-121.24775,38.66774]],[[-121.24775,38.66774],[-121.24804,38.66774],[-121.24775,38.66774]],[[-121.25315,38.66772],[-121.25354,38.66772],[-121.25354,38.66772],[-121.25315,38.66772]],[[-121.25354,38.66773],[-121.25354,38.66774],[-121.25354,38.66773]],[[-121.25354,38.66775],[-121.25354,38.66775],[-121.25362,38.66775],[-121.25362,38.66775],[-121.25354,38.66775]]]}},{"type":"Feature","properties":{"county_fips":67,"srprec":"0034572","precinct_id":"067-0034572","county_name":"Sacramento","area_sq_mi":0.025,"place_primary":"Fair Oaks","place_primary_share":99.9,"place_also":[],"places":[{"name":"Fair Oaks","geoid":"0623294","kind":"cdp","pct":99.9},{"name":"Orangevale","geoid":"0654092","kind":"cdp","pct":0.1}],"bbox":[-121.24886,38.66883,-121.24428,38.67192],"g22_asm":{"dem_pct":55.6,"margin_dem":11.1,"votes_two_party":9,"winner":"Dem"},"g24_asm":{"dem_pct":41.7,"margin_dem":-16.7,"votes_two_party":12,"winner":"Rep"}},"geometry":{"type":"Polygon","coordinates":[[[-121.24429,38.67049],[-121.24428,38.66883],[-121.24449,38.66893],[-121.24468,38.66929],[-121.24479,38.66946],[-121.24502,38.66953],[-121.24524,38.66954],[-121.24545,38.66958],[-121.24564,38.66973],[-121.24572,38.66982],[-121.24594,38.67004],[-121.24608,38.67011],[-121.24634,38.67011],[-121.24699,38.67028],[-121.24711,38.67033],[-121.24719,38.6704],[-121.24724,38.67056],[-121.24721,38.67063],[-121.24723,38.67076],[-121.24722,38.67084],[-121.24729,38.67094],[-121.2474,38.671],[-121.24763,38.67104],[-121.24787,38.67107],[-121.24795,38.67109],[-121.24817,38.67108],[-121.24838,38.67122],[-121.24851,38.67132],[-121.24876,38.67158],[-121.24886,38.67178],[-121.24642,38.67179],[-121.2461,38.67182],[-121.24571,38.67191],[-121.24548,38.67191],[-121.24524,38.67188],[-121.24503,38.67177],[-121.24479,38.67163],[-121.24457,38.67158],[-121.24429,38.67136],[-121.24429,38.67129],[-121.24429,38.67049]]]},"geometry_g24":{"type":"Polygon","coordinates":[[[-121.24429,38.67048],[-121.24441,38.66888],[-121.24468,38.66929],[-121.24479,38.66946],[-121.24502,38.66953],[-121.24529,38.66955],[-121.2455,38.6696],[-121.24572,38.66982],[-121.24598,38.67006],[-121.24621,38.67011],[-121.24665,38.6702],[-121.24711,38.67033],[-121.24724,38.6705],[-121.24722,38.67066],[-121.24722,38.67084],[-121.24729,38.67094],[-121.24744,38.671],[-121.2477,38.67106],[-121.24791,38.67109],[-121.24838,38.67122],[-121.24853,38.67135],[-121.24885,38.67172],[-121.24705,38.67179],[-121.24636,38.67179],[-121.24608,38.67183],[-121.24562,38.67191],[-121.24524,38.67187],[-121.24502,38.67177],[-121.24488,38.67167],[-121.24478,38.67163],[-121.24459,38.67158],[-121.2443,38.67158],[-121.24429,38.67048]]]}},{"type":"Feature","properties":{"county_fips":67,"srprec":"0034600","precinct_id":"067-0034600","county_name":"Sacramento","area_sq_mi":0.012,"place_primary":"Fair Oaks","place_primary_share":100.0,"place_also":[],"places":[{"name":"Fair Oaks","geoid":"0623294","kind":"cdp","pct":100.0}],"bbox":[-121.28887,38.66185,-121.28612,38.66371],"g22_asm":{"dem_pct":45.2,"margin_dem":-9.6,"votes_two_party":427,"winner":"Rep"},"g24_asm":{"dem_pct":18.5,"margin_dem":-63.0,"votes_two_party":27,"winner":"Rep"}},"geometry":{"type":"Polygon","coordinates":[[[-121.28272,38.65597],[-121.28282,38.65453],[-121.28278,38.6527],[-121.28654,38.6527],[-121.28742,38.65269],[-121.28893,38.65269],[-121.28946,38.65269],[-121.29206,38.65268],[-121.29208,38.65464],[-121.2921,38.65605],[-121.29211,38.6569],[-121.29216,38.65876],[-121.2922,38.66035],[-121.29224,38.66181],[-121.28887,38.66367],[-121.28666,38.6637],[-121.28578,38.66371],[-121.28456,38.66373],[-121.28316,38.66375],[-121.28251,38.66357],[-121.28249,38.66337],[-121.28243,38.66319],[-121.28229,38.66299],[-121.28151,38.66235],[-121.28138,38.66242],[-121.28128,38.66252],[-121.28121,38.66268],[-121.28122,38.66378],[-121.2801,38.66379],[-121.2801,38.66321],[-121.28011,38.66279],[-121.28017,38.66265],[-121.28021,38.66247],[-121.2802,38.66047],[-121.28076,38.6579],[-121.28083,38.65659],[-121.28272,38.65646],[-121.28272,38.65597]]]},"geometry_g24":{"type":"Polygon","coordinates":[[[-121.28666,38.6637],[-121.28666,38.6637],[-121.28612,38.66371],[-121.28612,38.66371],[-121.28612,38.66371],[-121.28612,38.66371],[-121.28612,38.66371],[-121.28628,38.66326],[-121.28628,38.66326],[-121.28651,38.66286],[-121.28651,38.66286],[-121.28685,38.66243],[-121.28685,38.66243],[-121.28703,38.66185],[-121.28703,38.66185],[-121.28703,38.66185],[-121.28775,38.66199],[-121.28775,38.66199],[-121.28831,38.66257],[-121.28831,38.66257],[-121.28835,38.66261],[-121.28835,38.66261],[-121.28887,38.66367],[-121.28887,38.66367],[-121.28887,38.66367],[-121.28875,38.66367],[-121.28811,38.66368],[-121.28666,38.6637]]]}},{"type":"Feature","properties":{"county_fips":67,"srprec":"0034639","precinct_id":"067-0034639","county_name":"Sacramento","area_sq_mi":0.141,"place_primary":"Fair Oaks","place_primary_share":100.0,"place_also":[],"places":[{"name":"Fair Oaks","geoid":"0623294","kind":"cdp","pct":100.0}],"bbox":[-121.29212,38.65268,-121.28272,38.65703],"g22_asm":null,"g24_asm":{"dem_pct":46.7,"margin_dem":-6.6,"votes_two_party":484,"winner":"Rep"}},"geometry":{"type":"Polygon","coordinates":[[[-121.28278,38.6527],[-121.28704,38.65269],[-121.28893,38.65269],[-121.29014,38.65269],[-121.29206,38.6527],[-121.2921,38.65605],[-121.29211,38.6569],[-121.29201,38.65703],[-121.29149,38.65696],[-121.29121,38.65702],[-121.28905,38.65699],[-121.28811,38.65688],[-121.28731,38.6567],[-121.28731,38.65661],[-121.28729,38.65661],[-121.28727,38.6566],[-121.28725,38.6566],[-121.28564,38.6566],[-121.28491,38.65661],[-121.2849,38.65661],[-121.28487,38.65662],[-121.28482,38.65662],[-121.28479,38.65662],[-121.28472,38.65661],[-121.28467,38.65658],[-121.28275,38.65659],[-121.28275,38.65648],[-121.28275,38.65646],[-121.28273,38.65646],[-121.28273,38.65597],[-121.28285,38.65596],[-121.28281,38.65405],[-121.28278,38.6527]]]}},{"type":"Feature","properties":{"county_fips":67,"srprec":"0034657","precinct_id":"067-0034657","county_name":"Sacramento","area_sq_mi":0.393,"place_primary":"Fair Oaks","place_primary_share":100.0,"place_also":[],"places":[{"name":"Fair Oaks","geoid":"0623294","kind":"cdp","pct":100.0}],"bbox":[-121.28305,38.65269,-121.27214,38.66391],"g22_asm":{"dem_pct":47.0,"margin_dem":-5.9,"votes_two_party":948,"winner":"Rep"},"g24_asm":{"dem_pct":46.1,"margin_dem":-7.7,"votes_two_party":1138,"winner":"Rep"}},"geometry":{"type":"MultiPolygon","coordinates":[[[[-121.2802,38.66047],[-121.28021,38.66138],[-121.28021,38.66247],[-121.2802,38.66256],[-121.28017,38.66265],[-121.28013,38.66274],[-121.28011,38.66279],[-121.28009,38.66288],[-121.2801,38.66321],[-121.28011,38.66363],[-121.2801,38.66379],[-121.27637,38.66385],[-121.27534,38.66386],[-121.27504,38.66387],[-121.27368,38.66388],[-121.27214,38.66391],[-121.27214,38.6636],[-121.27224,38.66072],[-121.27235,38.65757],[-121.27238,38.65665],[-121.27238,38.65657],[-121.27239,38.65641],[-121.27237,38.65551],[-121.27234,38.65363],[-121.27232,38.65282],[-121.27241,38.65282],[-121.27354,38.6528],[-121.27566,38.65277],[-121.27584,38.65277],[-121.27811,38.65274],[-121.27836,38.65273],[-121.27905,38.65272],[-121.28128,38.65269],[-121.28278,38.6527],[-121.28281,38.65405],[-121.28282,38.65453],[-121.28285,38.65597],[-121.28272,38.65597],[-121.28272,38.65646],[-121.28084,38.65649],[-121.28083,38.65659],[-121.28076,38.65659],[-121.28076,38.6579],[-121.28061,38.66047],[-121.2802,38.66047]]],[[[-121.28122,38.66378],[-121.28122,38.66356],[-121.28121,38.66268],[-121.28123,38.6626],[-121.28128,38.66252],[-121.28131,38.66248],[-121.28138,38.66242],[-121.28146,38.66237],[-121.28151,38.66235],[-121.28162,38.66233],[-121.28229,38.66299],[-121.28235,38.66307],[-121.28243,38.66319],[-121.28247,38.66328],[-121.28249,38.66337],[-121.28251,38.66347],[-121.28251,38.66357],[-121.28252,38.66376],[-121.28122,38.66378]]]]},"geometry_g24":{"type":"Polygon","coordinates":[[[-121.28281,38.65405],[-121.28285,38.65596],[-121.28273,38.65597],[-121.28272,38.65646],[-121.28084,38.65649],[-121.28083,38.65659],[-121.28076,38.65659],[-121.28076,38.65789],[-121.28061,38.66047],[-121.2802,38.66047],[-121.28026,38.66052],[-121.28071,38.66052],[-121.28071,38.66037],[-121.28126,38.66107],[-121.28164,38.66153],[-121.28187,38.66182],[-121.2822,38.66222],[-121.28285,38.66294],[-121.28304,38.66321],[-121.28304,38.66334],[-121.28305,38.66366],[-121.28252,38.66376],[-121.2801,38.66379],[-121.27368,38.66388],[-121.27214,38.6636],[-121.27235,38.65757],[-121.27238,38.65657],[-121.27238,38.65657],[-121.27234,38.65363],[-121.27232,38.65282],[-121.27239,38.65282],[-121.27583,38.65277],[-121.27836,38.65273],[-121.28276,38.65269],[-121.28278,38.65272],[-121.28281,38.65405]]]}},{"type":"Feature","properties":{"county_fips":67,"srprec":"0034726","precinct_id":"067-0034726","county_name":"Sacramento","area_sq_mi":0.572,"place_primary":"Fair Oaks","place_primary_share":100.0,"place_also":[],"places":[{"name":"Fair Oaks","geoid":"0623294","kind":"cdp","pct":100.0}],"bbox":[-121.27239,38.65282,-121.25006,38.66421],"g22_asm":null,"g24_asm":{"dem_pct":46.1,"margin_dem":-7.9,"votes_two_party":1459,"winner":"Rep"}},"geometry":{"type":"Polygon","coordinates":[[[-121.26602,38.65285],[-121.27231,38.65282],[-121.27239,38.65641],[-121.27224,38.66072],[-121.27214,38.6636],[-121.27016,38.66393],[-121.26018,38.66401],[-121.25729,38.66402],[-121.25616,38.66408],[-121.25365,38.66419],[-121.25006,38.66022],[-121.25095,38.6597],[-121.2513,38.65966],[-121.25186,38.65954],[-121.2528,38.65954],[-121.25296,38.65957],[-121.25337,38.6597],[-121.25429,38.65969],[-121.25478,38.65956],[-121.2554,38.65948],[-121.2567,38.65955],[-121.25789,38.65957],[-121.25875,38.65946],[-121.25941,38.65939],[-121.26061,38.65946],[-121.26103,38.6597],[-121.26153,38.66003],[-121.26197,38.66015],[-121.26225,38.65995],[-121.26247,38.65953],[-121.26389,38.65828],[-121.26419,38.65793],[-121.26421,38.65791],[-121.26435,38.65751],[-121.26434,38.65537],[-121.2643,38.65286],[-121.26602,38.65285]]]}},{"type":"Feature","properties":{"county_fips":67,"srprec":"0034871","precinct_id":"067-0034871","county_name":"Sacramento","area_sq_mi":0.549,"place_primary":"Fair Oaks","place_primary_share":100.0,"place_also":[],"places":[{"name":"Fair Oaks","geoid":"0623294","kind":"cdp","pct":100.0}],"bbox":[-121.26436,38.64479,-121.25231,38.66017],"g22_asm":{"dem_pct":49.8,"margin_dem":-0.3,"votes_two_party":1226,"winner":"Rep"},"g24_asm":{"dem_pct":48.4,"margin_dem":-3.2,"votes_two_party":1232,"winner":"Rep"}},"geometry":{"type":"Polygon","coordinates":[[[-121.24429,38.6636],[-121.24427,38.6616],[-121.24424,38.65835],[-121.24422,38.65645],[-121.24733,38.65298],[-121.2495,38.65296],[-121.25173,38.65295],[-121.25231,38.65295],[-121.2537,38.65294],[-121.25594,38.65292],[-121.25844,38.6529],[-121.2643,38.65286],[-121.26432,38.65454],[-121.26435,38.65614],[-121.26435,38.65751],[-121.26421,38.65791],[-121.264,38.65817],[-121.26265,38.65931],[-121.26239,38.65967],[-121.2622,38.66009],[-121.26182,38.66012],[-121.26139,38.65996],[-121.26103,38.6597],[-121.26061,38.65946],[-121.26028,38.6594],[-121.25897,38.65942],[-121.25834,38.65953],[-121.25761,38.65958],[-121.25605,38.65949],[-121.2554,38.65948],[-121.25478,38.65956],[-121.25429,38.65969],[-121.25343,38.6597],[-121.25315,38.65966],[-121.2529,38.65955],[-121.25204,38.65953],[-121.2515,38.65961],[-121.25101,38.6597],[-121.25006,38.65972],[-121.25007,38.66224],[-121.24757,38.66422],[-121.24428,38.66424],[-121.24429,38.6636]]]},"geometry_g24":{"type":"Polygon","coordinates":[[[-121.25704,38.6449],[-121.25961,38.64483],[-121.26422,38.64479],[-121.26428,38.64847],[-121.2643,38.65072],[-121.2643,38.65286],[-121.26432,38.65404],[-121.26433,38.65521],[-121.26436,38.65737],[-121.26421,38.65791],[-121.26411,38.65806],[-121.26284,38.65914],[-121.26239,38.65967],[-121.2622,38.66009],[-121.26182,38.66012],[-121.26128,38.6599],[-121.26088,38.6596],[-121.26041,38.65941],[-121.25919,38.6594],[-121.25834,38.65953],[-121.25761,38.65958],[-121.25573,38.65948],[-121.25493,38.65952],[-121.25443,38.65966],[-121.25343,38.6597],[-121.25343,38.65565],[-121.25231,38.65565],[-121.25273,38.65295],[-121.25504,38.65293],[-121.25502,38.64886],[-121.25522,38.64591],[-121.2554,38.64579],[-121.25554,38.6456],[-121.25638,38.64508],[-121.25664,38.645],[-121.25704,38.6449]],[[-121.25504,38.65293],[-121.25506,38.65293],[-121.25506,38.65293],[-121.25504,38.65293]],[[-121.25506,38.65293],[-121.25506,38.65293],[-121.25506,38.65293],[-121.25506,38.65293],[-121.25506,38.65293],[-121.25634,38.65292],[-121.25506,38.65293]],[[-121.26357,38.65289],[-121.26357,38.65289],[-121.26385,38.65288],[-121.26382,38.65288],[-121.26357,38.65289]]]}},{"type":"Feature","properties":{"county_fips":67,"srprec":"0034945","precinct_id":"067-0034945","county_name":"Sacramento","area_sq_mi":0.635,"place_primary":"Fair Oaks","place_primary_share":100.0,"place_also":[],"places":[{"name":"Fair Oaks","geoid":"0623294","kind":"cdp","pct":100.0}],"bbox":[-121.25504,38.6438,-121.24292,38.66424],"g22_asm":null,"g24_asm":{"dem_pct":43.0,"margin_dem":-14.1,"votes_two_party":1194,"winner":"Rep"}},"geometry":{"type":"Polygon","coordinates":[[[-121.24669,38.64429],[-121.24736,38.64458],[-121.24854,38.64431],[-121.24888,38.64428],[-121.24977,38.64424],[-121.25037,38.64443],[-121.25066,38.64485],[-121.25077,38.64608],[-121.2509,38.64667],[-121.25113,38.64687],[-121.25205,38.64682],[-121.2534,38.64625],[-121.25467,38.64615],[-121.25501,38.64811],[-121.2528,38.65294],[-121.25231,38.65415],[-121.25343,38.65902],[-121.25315,38.65966],[-121.25283,38.65954],[-121.25175,38.65956],[-121.25101,38.6597],[-121.25007,38.6616],[-121.24757,38.66422],[-121.24429,38.6636],[-121.24424,38.65835],[-121.24418,38.65301],[-121.24412,38.64776],[-121.2431,38.64583],[-121.24327,38.64505],[-121.24371,38.64471],[-121.24468,38.64406],[-121.24498,38.64383],[-121.24592,38.64391],[-121.24656,38.6442],[-121.24669,38.64429]]]}},{"type":"Feature","properties":{"county_fips":67,"srprec":"0035026","precinct_id":"067-0035026","county_name":"Sacramento","area_sq_mi":0.497,"place_primary":"Orangevale","place_primary_share":100.0,"place_also":[],"places":[{"name":"Orangevale","geoid":"0654092","kind":"cdp","pct":100.0}],"bbox":[-121.24433,38.67117,-121.22561,38.67865],"g22_asm":{"dem_pct":38.4,"margin_dem":-23.3,"votes_two_party":1035,"winner":"Rep"},"g24_asm":null},"geometry":{"type":"Polygon","coordinates":[[[-121.24433,38.67865],[-121.24133,38.67865],[-121.24113,38.67865],[-121.24093,38.67864],[-121.24079,38.67863],[-121.23965,38.67861],[-121.23848,38.6786],[-121.23775,38.67859],[-121.23502,38.67856],[-121.23218,38.67852],[-121.23032,38.67849],[-121.22561,38.67843],[-121.22562,38.6775],[-121.22563,38.67602],[-121.22564,38.67483],[-121.22564,38.67442],[-121.22564,38.67392],[-121.22565,38.67354],[-121.22565,38.67248],[-121.22566,38.67156],[-121.22566,38.6712],[-121.23038,38.67117],[-121.23043,38.67118],[-121.23062,38.67117],[-121.23398,38.6713],[-121.23409,38.6713],[-121.23499,38.67134],[-121.23531,38.67133],[-121.23535,38.67133],[-121.23724,38.67127],[-121.23724,38.6713],[-121.23724,38.67152],[-121.23724,38.67208],[-121.23966,38.67208],[-121.23966,38.67197],[-121.23966,38.67147],[-121.24148,38.6714],[-121.24196,38.67138],[-121.24429,38.67129],[-121.24429,38.67129],[-121.24429,38.67136],[-121.24429,38.67158],[-121.24429,38.67229],[-121.24429,38.67312],[-121.24429,38.67437],[-121.24429,38.67504],[-121.2443,38.67617],[-121.24431,38.67659],[-121.24432,38.67736],[-121.24433,38.67808],[-121.24433,38.67865]]]}},{"type":"Feature","properties":{"county_fips":67,"srprec":"0035088","precinct_id":"067-0035088","county_name":"Sacramento","area_sq_mi":0.194,"place_primary":"Orangevale","place_primary_share":100.0,"place_also":[],"places":[{"name":"Orangevale","geoid":"0654092","kind":"cdp","pct":100.0}],"bbox":[-121.24429,38.66727,-121.22566,38.67208],"g22_asm":{"dem_pct":37.1,"margin_dem":-25.9,"votes_two_party":348,"winner":"Rep"},"g24_asm":null},"geometry":{"type":"Polygon","coordinates":[[[-121.23966,38.67197],[-121.23966,38.67208],[-121.23724,38.67208],[-121.23724,38.67152],[-121.23724,38.6713],[-121.23724,38.67127],[-121.23535,38.67133],[-121.23531,38.67133],[-121.23499,38.67134],[-121.23409,38.6713],[-121.23398,38.6713],[-121.23062,38.67117],[-121.23043,38.67118],[-121.23038,38.67117],[-121.22566,38.6712],[-121.22567,38.67075],[-121.22567,38.67014],[-121.22567,38.66982],[-121.22568,38.66891],[-121.22568,38.66885],[-121.22569,38.66807],[-121.22569,38.66763],[-121.22624,38.66763],[-121.22624,38.66763],[-121.22624,38.66763],[-121.22981,38.66769],[-121.22981,38.66763],[-121.22981,38.66727],[-121.22993,38.6673],[-121.23001,38.66731],[-121.23012,38.66732],[-121.23093,38.66733],[-121.23117,38.66734],[-121.23117,38.66734],[-121.23124,38.66773],[-121.23219,38.66789],[-121.23283,38.66767],[-121.23447,38.66766],[-121.23502,38.66766],[-121.23503,38.66776],[-121.23503,38.66799],[-121.23503,38.66903],[-121.23499,38.66952],[-121.23688,38.66952],[-121.23879,38.66952],[-121.23907,38.66952],[-121.23966,38.66952],[-121.2428,38.66951],[-121.24428,38.66951],[-121.24429,38.67049],[-121.24429,38.67129],[-121.24196,38.67138],[-121.24148,38.6714],[-121.23966,38.67147],[-121.23966,38.67197]]]}},{"type":"Feature","properties":{"county_fips":67,"srprec":"0035127","precinct_id":"067-0035127","county_name":"Sacramento","area_sq_mi":0.438,"place_primary":"Orangevale","place_primary_share":100.0,"place_also":[],"places":[{"name":"Orangevale","geoid":"0654092","kind":"cdp","pct":100.0}],"bbox":[-121.24886,38.66727,-121.22566,38.67865],"g22_asm":null,"g24_asm":{"dem_pct":37.8,"margin_dem":-24.3,"votes_two_party":1110,"winner":"Rep"}},"geometry":{"type":"MultiPolygon","coordinates":[[[[-121.23012,38.66732],[-121.23117,38.66734],[-121.23124,38.66773],[-121.23219,38.66789],[-121.23449,38.66766],[-121.23503,38.66776],[-121.23499,38.66952],[-121.23688,38.66952],[-121.23966,38.66952],[-121.24428,38.66951],[-121.24428,38.66883],[-121.24429,38.67048],[-121.24429,38.67158],[-121.24429,38.67437],[-121.2443,38.67617],[-121.24432,38.67808],[-121.24433,38.67865],[-121.24113,38.67865],[-121.23965,38.67861],[-121.23502,38.67855],[-121.23501,38.67568],[-121.23501,38.67445],[-121.235,38.67262],[-121.235,38.67134],[-121.23499,38.67134],[-121.23409,38.6713],[-121.23043,38.67118],[-121.22566,38.6712],[-121.22567,38.67014],[-121.22568,38.66885],[-121.22569,38.66763],[-121.22624,38.66763],[-121.22981,38.66769],[-121.22981,38.66727],[-121.23002,38.66731],[-121.23012,38.66732]]],[[[-121.24457,38.66913],[-121.24457,38.66913],[-121.24457,38.66913]]],[[[-121.24457,38.67158],[-121.24457,38.67158],[-121.24457,38.67158]]],[[[-121.24459,38.67158],[-121.24466,38.67159],[-121.24467,38.6716],[-121.24459,38.67159],[-121.24458,38.67158],[-121.24459,38.67158]]],[[[-121.24477,38.67163],[-121.2447,38.6716],[-121.24473,38.67161],[-121.24478,38.67163],[-121.24477,38.67163]]],[[[-121.24479,38.66946],[-121.24479,38.66946],[-121.24479,38.66946]]],[[[-121.24479,38.67163],[-121.24479,38.67163],[-121.24479,38.67163]]],[[[-121.2448,38.67163],[-121.2448,38.67164],[-121.24487,38.67167],[-121.24488,38.67167],[-121.2448,38.67163]]],[[[-121.24493,38.6717],[-121.24498,38.67174],[-121.24502,38.67177],[-121.24494,38.67171],[-121.24491,38.67169],[-121.24493,38.6717]]],[[[-121.24494,38.66952],[-121.24494,38.66952],[-121.24494,38.66952]]],[[[-121.24503,38.67177],[-121.24503,38.67177],[-121.24503,38.67177]]],[[[-121.24513,38.67183],[-121.24513,38.67183],[-121.24512,38.67183],[-121.24512,38.67183],[-121.24514,38.67184],[-121.24513,38.67183]]],[[[-121.24524,38.67188],[-121.24524,38.67188],[-121.24524,38.67188],[-121.24524,38.67187],[-121.24525,38.67188],[-121.24524,38.67188]]],[[[-121.24536,38.6719],[-121.24536,38.6719],[-121.24536,38.6719],[-121.24536,38.6719],[-121.24538,38.67191],[-121.24536,38.6719]]],[[[-121.24548,38.67191],[-121.24548,38.67191],[-121.24546,38.67191],[-121.24546,38.67191],[-121.24549,38.67192],[-121.24549,38.67192],[-121.24548,38.67192],[-121.24548,38.67191]]],[[[-121.24559,38.67192],[-121.24558,38.67192],[-121.2456,38.67192],[-121.24562,38.67191],[-121.2456,38.67192],[-121.2456,38.67192],[-121.2456,38.67192],[-121.2456,38.67192],[-121.24559,38.67192]]],[[[-121.24566,38.66975],[-121.24566,38.66976],[-121.24566,38.66976],[-121.24566,38.66975]]],[[[-121.24571,38.67191],[-121.24571,38.67191],[-121.24571,38.67191],[-121.2457,38.67191],[-121.24573,38.6719],[-121.24571,38.67191]]],[[[-121.24608,38.67183],[-121.24593,38.67186],[-121.24593,38.67186],[-121.24604,38.67184],[-121.24608,38.67183]]],[[[-121.246,38.67008],[-121.246,38.67008],[-121.246,38.67008]]],[[[-121.24608,38.67011],[-121.24608,38.67011],[-121.24608,38.67011]]],[[[-121.24626,38.6718],[-121.24626,38.6718],[-121.24614,38.67182],[-121.24611,38.67182],[-121.24615,38.67181],[-121.24625,38.6718],[-121.24636,38.67179],[-121.2464,38.67179],[-121.24626,38.6718]]],[[[-121.24781,38.67179],[-121.248,38.67179],[-121.24842,38.67179],[-121.24781,38.67179],[-121.24645,38.67179],[-121.24647,38.67179],[-121.24705,38.67179],[-121.24781,38.67179]]],[[[-121.24729,38.67094],[-121.24729,38.67094],[-121.24729,38.67094]]],[[[-121.24734,38.67097],[-121.24733,38.67097],[-121.24734,38.67097]]],[[[-121.2474,38.671],[-121.2474,38.671],[-121.2474,38.671]]],[[[-121.24795,38.67109],[-121.24795,38.67109],[-121.24795,38.67109]]],[[[-121.24816,38.67108],[-121.24817,38.67108],[-121.24821,38.6711],[-121.24821,38.6711],[-121.24822,38.67111],[-121.24804,38.67108],[-121.2481,38.67108],[-121.2481,38.67108],[-121.24812,38.67108],[-121.24816,38.67108]]],[[[-121.24876,38.67158],[-121.24876,38.67158],[-121.24876,38.67158]]],[[[-121.24885,38.67172],[-121.24885,38.67172],[-121.24885,38.67172]]],[[[-121.24886,38.67178],[-121.24886,38.67178],[-121.24886,38.67179],[-121.24886,38.67178],[-121.24886,38.67178]]]]}},{"type":"Feature","properties":{"county_fips":67,"srprec":"0035169","precinct_id":"067-0035169","county_name":"Sacramento","area_sq_mi":0.455,"place_primary":"Orangevale","place_primary_share":100.0,"place_also":[],"places":[{"name":"Orangevale","geoid":"0654092","kind":"cdp","pct":100.0}],"bbox":[-121.23501,38.67114,-121.21627,38.67855],"g22_asm":null,"g24_asm":{"dem_pct":38.2,"margin_dem":-23.6,"votes_two_party":1167,"winner":"Rep"}},"geometry":{"type":"Polygon","coordinates":[[[-121.22566,38.6712],[-121.22566,38.6712],[-121.22566,38.6712],[-121.22568,38.6712],[-121.23038,38.67118],[-121.23043,38.67118],[-121.23062,38.67117],[-121.23398,38.6713],[-121.23498,38.67134],[-121.23498,38.67134],[-121.23499,38.67134],[-121.235,38.67134],[-121.235,38.67247],[-121.235,38.67281],[-121.235,38.67361],[-121.235,38.67445],[-121.23501,38.67451],[-121.23501,38.67543],[-121.23501,38.67568],[-121.23501,38.67676],[-121.23501,38.67855],[-121.23501,38.67855],[-121.23218,38.67852],[-121.23218,38.67851],[-121.23032,38.67849],[-121.22561,38.67843],[-121.22561,38.67843],[-121.22561,38.67843],[-121.22561,38.67843],[-121.21941,38.67835],[-121.21913,38.67835],[-121.21629,38.67831],[-121.21627,38.67831],[-121.2163,38.67708],[-121.2163,38.67706],[-121.21631,38.67666],[-121.21632,38.676],[-121.21638,38.67439],[-121.21638,38.67384],[-121.21638,38.67384],[-121.21988,38.67385],[-121.22102,38.67386],[-121.22102,38.67386],[-121.22104,38.67252],[-121.22105,38.67114],[-121.22105,38.67114],[-121.2211,38.67114],[-121.22566,38.6712]],[[-121.22566,38.6712],[-121.22566,38.67156],[-121.22566,38.67156],[-121.22566,38.6712]],[[-121.22564,38.67442],[-121.22564,38.67442],[-121.22564,38.67483],[-121.22564,38.67442]],[[-121.22565,38.67248],[-121.22565,38.67248],[-121.22565,38.67354],[-121.22565,38.67248]],[[-121.22565,38.67354],[-121.22564,38.67392],[-121.22564,38.67392],[-121.22565,38.67354]]]}},{"type":"Feature","properties":{"county_fips":67,"srprec":"0035181","precinct_id":"067-0035181","county_name":"Sacramento","area_sq_mi":0.374,"place_primary":"Orangevale","place_primary_share":100.0,"place_also":[],"places":[{"name":"Orangevale","geoid":"0654092","kind":"cdp","pct":100.0}],"bbox":[-121.22566,38.67104,-121.21162,38.67843],"g22_asm":{"dem_pct":39.1,"margin_dem":-21.7,"votes_two_party":866,"winner":"Rep"},"g24_asm":null},"geometry":{"type":"Polygon","coordinates":[[[-121.22566,38.6712],[-121.22566,38.67156],[-121.22565,38.67248],[-121.22565,38.67354],[-121.22564,38.67392],[-121.22564,38.67442],[-121.22564,38.67483],[-121.22563,38.67602],[-121.22562,38.6775],[-121.22561,38.67843],[-121.22095,38.67837],[-121.21941,38.67835],[-121.21913,38.67835],[-121.21871,38.67834],[-121.21627,38.67831],[-121.21535,38.6783],[-121.21523,38.6783],[-121.21495,38.67829],[-121.21489,38.67829],[-121.21469,38.67829],[-121.21429,38.67829],[-121.21314,38.67827],[-121.21162,38.67825],[-121.21163,38.67754],[-121.21165,38.67697],[-121.21167,38.67598],[-121.21171,38.6741],[-121.21172,38.67378],[-121.21174,38.67272],[-121.21175,38.67233],[-121.21175,38.6722],[-121.21176,38.67191],[-121.21177,38.67142],[-121.21178,38.67104],[-121.21643,38.67106],[-121.21877,38.67116],[-121.22105,38.67114],[-121.22566,38.6712]]]}},{"type":"Feature","properties":{"county_fips":67,"srprec":"0035215","precinct_id":"067-0035215","county_name":"Sacramento","area_sq_mi":0.465,"place_primary":"Orangevale","place_primary_share":100.0,"place_also":[],"places":[{"name":"Orangevale","geoid":"0654092","kind":"cdp","pct":100.0}],"bbox":[-121.22106,38.66993,-121.19948,38.67831],"g22_asm":null,"g24_asm":{"dem_pct":39.8,"margin_dem":-20.4,"votes_two_party":1196,"winner":"Rep"}},"geometry":{"type":"Polygon","coordinates":[[[-121.20748,38.6701],[-121.20773,38.66994],[-121.2078,38.6709],[-121.21178,38.67104],[-121.21178,38.67104],[-121.21667,38.67107],[-121.21708,38.67106],[-121.21793,38.67108],[-121.22095,38.67113],[-121.22106,38.67114],[-121.22105,38.67114],[-121.22102,38.67386],[-121.21638,38.67384],[-121.21632,38.676],[-121.2163,38.67708],[-121.21523,38.6783],[-121.21468,38.67829],[-121.21163,38.67754],[-121.20975,38.67822],[-121.20037,38.6781],[-121.19965,38.67809],[-121.19964,38.67744],[-121.20002,38.67744],[-121.20004,38.67533],[-121.19948,38.67509],[-121.19955,38.675],[-121.20173,38.67257],[-121.20236,38.67209],[-121.20269,38.6719],[-121.20326,38.67165],[-121.20598,38.67083],[-121.20684,38.67047],[-121.20722,38.67026],[-121.20748,38.6701]],[[-121.21167,38.67598],[-121.21167,38.67598],[-121.21165,38.67697],[-121.21167,38.67598]],[[-121.21171,38.6741],[-121.21171,38.6741],[-121.2117,38.6747],[-121.21171,38.6741]],[[-121.21172,38.67378],[-121.21174,38.67273],[-121.21174,38.67272],[-121.21172,38.67378]],[[-121.21175,38.67233],[-121.21175,38.67221],[-121.21175,38.67232],[-121.21175,38.67233]],[[-121.21175,38.6722],[-121.21176,38.67191],[-121.21176,38.67191],[-121.21176,38.6722],[-121.21175,38.6722]]]}},{"type":"Feature","properties":{"county_fips":67,"srprec":"0035224","precinct_id":"067-0035224","county_name":"Sacramento","area_sq_mi":0.293,"place_primary":"Orangevale","place_primary_share":99.9,"place_also":[],"places":[{"name":"Orangevale","geoid":"0654092","kind":"cdp","pct":99.9}],"bbox":[-121.21178,38.66993,-121.19948,38.67825],"g22_asm":{"dem_pct":45.5,"margin_dem":-9.0,"votes_two_party":534,"winner":"Rep"},"g24_asm":null},"geometry":{"type":"Polygon","coordinates":[[[-121.21177,38.67142],[-121.21176,38.67191],[-121.21175,38.6722],[-121.21175,38.67233],[-121.21174,38.67272],[-121.21172,38.67378],[-121.21171,38.6741],[-121.21167,38.67598],[-121.21165,38.67697],[-121.21163,38.67754],[-121.21162,38.67825],[-121.20975,38.67822],[-121.20914,38.67822],[-121.20693,38.67819],[-121.20232,38.67813],[-121.20047,38.6781],[-121.20037,38.6781],[-121.2,38.67809],[-121.19967,38.67809],[-121.19964,38.67809],[-121.19964,38.67744],[-121.1997,38.67744],[-121.20002,38.67744],[-121.20002,38.67743],[-121.20003,38.67616],[-121.20004,38.67533],[-121.19994,38.67533],[-121.19948,38.67509],[-121.19948,38.67508],[-121.19955,38.675],[-121.20018,38.67429],[-121.20152,38.67277],[-121.20173,38.67257],[-121.20194,38.67238],[-121.20218,38.67221],[-121.20237,38.67209],[-121.20257,38.67197],[-121.20269,38.6719],[-121.20283,38.67183],[-121.20304,38.67174],[-121.20326,38.67165],[-121.20348,38.67157],[-121.20563,38.67094],[-121.20598,38.67083],[-121.20628,38.67072],[-121.20657,38.6706],[-121.20684,38.67047],[-121.20695,38.67041],[-121.20715,38.6703],[-121.20722,38.67026],[-121.20748,38.6701],[-121.20773,38.66993],[-121.2078,38.6709],[-121.21178,38.67104],[-121.21177,38.67142]]]}},{"type":"Feature","properties":{"county_fips":67,"srprec":"0035260","precinct_id":"067-0035260","county_name":"Sacramento","area_sq_mi":0.479,"place_primary":"Orangevale","place_primary_share":95.9,"place_also":[],"places":[{"name":"Orangevale","geoid":"0654092","kind":"cdp","pct":95.9},{"name":"Fair Oaks","geoid":"0623294","kind":"cdp","pct":3.9},{"name":"Folsom","geoid":"0624638","kind":"city","pct":0.2}],"bbox":[-121.21233,38.65718,-121.19417,38.6776],"g22_asm":{"dem_pct":40.2,"margin_dem":-19.7,"votes_two_party":777,"winner":"Rep"},"g24_asm":{"dem_pct":43.9,"margin_dem":-12.1,"votes_two_party":1279,"winner":"Rep"}},"geometry":{"type":"Polygon","coordinates":[[[-121.20406,38.66783],[-121.20719,38.66945],[-121.20751,38.66947],[-121.20769,38.66955],[-121.20794,38.66977],[-121.20722,38.67026],[-121.20684,38.67047],[-121.20598,38.67083],[-121.20326,38.67165],[-121.20269,38.6719],[-121.20218,38.67221],[-121.20152,38.67277],[-121.19948,38.67508],[-121.19885,38.6758],[-121.19821,38.67638],[-121.19746,38.67688],[-121.19661,38.67729],[-121.19491,38.67793],[-121.19385,38.67836],[-121.19201,38.67941],[-121.19103,38.68],[-121.18924,38.67788],[-121.19188,38.67672],[-121.19342,38.67772],[-121.19328,38.67598],[-121.192,38.67274],[-121.19161,38.66795],[-121.19304,38.66602],[-121.19268,38.667],[-121.19295,38.66761],[-121.19361,38.66895],[-121.19394,38.66967],[-121.19619,38.67043],[-121.19606,38.66967],[-121.1961,38.66795],[-121.20199,38.66785],[-121.20406,38.66783]]]},"geometry_g24":{"type":"Polygon","coordinates":[[[-121.20648,38.66016],[-121.20688,38.66085],[-121.20717,38.66273],[-121.20791,38.66344],[-121.21075,38.66425],[-121.21233,38.66502],[-121.21053,38.66762],[-121.20794,38.66977],[-121.20695,38.67042],[-121.20348,38.67157],[-121.20257,38.67197],[-121.20152,38.67277],[-121.19885,38.6758],[-121.19772,38.67673],[-121.1958,38.6776],[-121.19533,38.67681],[-121.19428,38.67572],[-121.19419,38.6752],[-121.19552,38.67271],[-121.19605,38.67192],[-121.19685,38.6713],[-121.19745,38.67114],[-121.19843,38.67027],[-121.20254,38.66785],[-121.1979,38.66709],[-121.19817,38.66707],[-121.19874,38.66578],[-121.19924,38.6649],[-121.20247,38.66415],[-121.20242,38.66127],[-121.20376,38.65805],[-121.20467,38.65721],[-121.20581,38.65887],[-121.20648,38.66016]],[[-121.20719,38.66781],[-121.20719,38.66781],[-121.20719,38.66781],[-121.20719,38.66781],[-121.20719,38.66781],[-121.20719,38.66781]],[[-121.2079,38.66489],[-121.2079,38.66489],[-121.2079,38.66489]]]}},{"type":"Feature","properties":{"county_fips":67,"srprec":"0035272","precinct_id":"067-0035272","county_name":"Sacramento","area_sq_mi":0.751,"place_primary":"Orangevale","place_primary_share":99.0,"place_also":[],"places":[{"name":"Orangevale","geoid":"0654092","kind":"cdp","pct":99.0},{"name":"Folsom","geoid":"0624638","kind":"city","pct":1.0}],"bbox":[-121.20392,38.65539,-121.18818,38.68],"g22_asm":null,"g24_asm":{"dem_pct":43.1,"margin_dem":-13.8,"votes_two_party":1229,"winner":"Rep"}},"geometry":{"type":"Polygon","coordinates":[[[-121.2037,38.65624],[-121.20362,38.65607],[-121.20376,38.65805],[-121.20244,38.66118],[-121.20247,38.66415],[-121.19924,38.6649],[-121.19917,38.66496],[-121.19836,38.66653],[-121.19794,38.667],[-121.1979,38.66783],[-121.20254,38.66785],[-121.20184,38.67021],[-121.19797,38.67113],[-121.19716,38.67119],[-121.1966,38.67145],[-121.19593,38.67205],[-121.19552,38.67271],[-121.19423,38.67511],[-121.19418,38.67549],[-121.1944,38.67585],[-121.19547,38.67702],[-121.1958,38.6776],[-121.19491,38.67793],[-121.19366,38.67845],[-121.19103,38.68],[-121.18924,38.67788],[-121.18843,38.6769],[-121.18971,38.67575],[-121.19089,38.67396],[-121.18924,38.66606],[-121.18933,38.6644],[-121.1912,38.65721],[-121.19278,38.6575],[-121.20051,38.65744],[-121.20253,38.65666],[-121.2037,38.65624]],[[-121.19166,38.66608],[-121.19166,38.66608],[-121.19166,38.66608],[-121.19166,38.66608]],[[-121.19505,38.65938],[-121.19505,38.65938],[-121.19505,38.65938]],[[-121.19553,38.6652],[-121.19553,38.6652],[-121.19553,38.6652],[-121.19553,38.6652]],[[-121.19562,38.65894],[-121.19562,38.65894],[-121.19562,38.65894]]]}},{"type":"Feature","properties":{"county_fips":67,"srprec":"0035437","precinct_id":"067-0035437","county_name":"Sacramento","area_sq_mi":0.276,"place_primary":"Orangevale","place_primary_share":99.7,"place_also":[],"places":[{"name":"Orangevale","geoid":"0654092","kind":"cdp","pct":99.7},{"name":"Fair Oaks","geoid":"0623294","kind":"cdp","pct":0.3}],"bbox":[-121.22569,38.66399,-121.20773,38.6712],"g22_asm":{"dem_pct":40.4,"margin_dem":-19.1,"votes_two_party":759,"winner":"Rep"},"g24_asm":{"dem_pct":38.6,"margin_dem":-22.8,"votes_two_party":977,"winner":"Rep"}},"geometry":{"type":"Polygon","coordinates":[[[-121.22099,38.66857],[-121.22099,38.66819],[-121.22103,38.66819],[-121.22166,38.66817],[-121.22228,38.66814],[-121.22228,38.66814],[-121.2223,38.66851],[-121.2223,38.66853],[-121.22319,38.66851],[-121.22503,38.66848],[-121.22502,38.66818],[-121.22501,38.66763],[-121.2253,38.66763],[-121.22569,38.66763],[-121.22569,38.66807],[-121.22568,38.66885],[-121.22568,38.66891],[-121.22567,38.66982],[-121.22567,38.67014],[-121.22567,38.67075],[-121.22566,38.6712],[-121.22105,38.67114],[-121.21877,38.67116],[-121.21643,38.67106],[-121.21178,38.67104],[-121.2078,38.6709],[-121.20773,38.66993],[-121.20794,38.66977],[-121.20807,38.66967],[-121.21022,38.66788],[-121.21053,38.66762],[-121.21114,38.66711],[-121.21204,38.66636],[-121.21228,38.66616],[-121.21271,38.66581],[-121.21348,38.66517],[-121.21365,38.66504],[-121.21373,38.66498],[-121.214,38.66481],[-121.21428,38.66465],[-121.21451,38.66454],[-121.21472,38.66445],[-121.21489,38.66438],[-121.21513,38.6643],[-121.21537,38.66423],[-121.21562,38.66416],[-121.21596,38.6641],[-121.2161,38.66407],[-121.21622,38.66406],[-121.21647,38.66403],[-121.21678,38.66401],[-121.21824,38.66399],[-121.21861,38.66399],[-121.21864,38.66594],[-121.21863,38.66769],[-121.21868,38.66782],[-121.21869,38.66856],[-121.21874,38.66856],[-121.22099,38.66857]]]},"geometry_g24":{"type":"Polygon","coordinates":[[[-121.21228,38.66617],[-121.21348,38.66517],[-121.21373,38.66498],[-121.21428,38.66465],[-121.21472,38.66445],[-121.21513,38.6643],[-121.21562,38.66416],[-121.21622,38.66406],[-121.21678,38.66401],[-121.21861,38.66399],[-121.21863,38.66769],[-121.21862,38.66769],[-121.21868,38.66782],[-121.21869,38.66856],[-121.22099,38.66857],[-121.22099,38.6682],[-121.22166,38.66817],[-121.22228,38.66814],[-121.2223,38.66853],[-121.22317,38.66851],[-121.22502,38.66848],[-121.22501,38.66764],[-121.22569,38.66763],[-121.22568,38.66885],[-121.22567,38.66982],[-121.22567,38.67075],[-121.22566,38.6712],[-121.22106,38.67114],[-121.22106,38.67114],[-121.21871,38.67109],[-121.21793,38.67108],[-121.21721,38.67107],[-121.21688,38.67107],[-121.21643,38.67106],[-121.21178,38.67104],[-121.2078,38.6709],[-121.20773,38.66993],[-121.20794,38.66977],[-121.20807,38.66967],[-121.21053,38.66762],[-121.21228,38.66617]],[[-121.21251,38.67048],[-121.21251,38.67048],[-121.21251,38.67048],[-121.21251,38.67048],[-121.21251,38.67048],[-121.21251,38.67048],[-121.21251,38.67048]]]}},{"type":"Feature","properties":{"county_fips":67,"srprec":"0035500","precinct_id":"067-0035500","county_name":"Sacramento","area_sq_mi":0.01,"place_primary":"Fair Oaks","place_primary_share":100.0,"place_also":[],"places":[{"name":"Fair Oaks","geoid":"0623294","kind":"cdp","pct":100.0}],"bbox":[-121.21472,38.66408,-121.2113,38.66616],"g22_asm":{"dem_pct":58.3,"margin_dem":16.7,"votes_two_party":24,"winner":"Dem"},"g24_asm":{"dem_pct":65.7,"margin_dem":31.4,"votes_two_party":35,"winner":"Dem"}},"geometry":{"type":"Polygon","coordinates":[[[-121.21451,38.66454],[-121.21428,38.66465],[-121.214,38.66481],[-121.21373,38.66498],[-121.21365,38.66504],[-121.21348,38.66517],[-121.21271,38.66581],[-121.21228,38.66616],[-121.21233,38.66575],[-121.21233,38.66502],[-121.21215,38.66493],[-121.2113,38.66447],[-121.21138,38.66446],[-121.21141,38.66447],[-121.21186,38.66461],[-121.21196,38.66459],[-121.21204,38.66436],[-121.21286,38.66435],[-121.21307,38.66412],[-121.21455,38.66408],[-121.21457,38.66419],[-121.21459,38.66424],[-121.21462,38.6643],[-121.21472,38.66445],[-121.21451,38.66454]]]},"geometry_g24":{"type":"Polygon","coordinates":[[[-121.21307,38.66412],[-121.21455,38.66408],[-121.21455,38.66408],[-121.21457,38.66419],[-121.21459,38.66424],[-121.21462,38.6643],[-121.21472,38.66445],[-121.21472,38.66445],[-121.2145,38.66454],[-121.21428,38.66465],[-121.214,38.66481],[-121.21373,38.66498],[-121.21365,38.66504],[-121.21348,38.66517],[-121.21228,38.66616],[-121.21228,38.66616],[-121.2123,38.666],[-121.21233,38.66575],[-121.21233,38.66502],[-121.21231,38.66501],[-121.21215,38.66493],[-121.2113,38.66447],[-121.21131,38.66447],[-121.21137,38.66446],[-121.21141,38.66447],[-121.21183,38.6646],[-121.21186,38.66461],[-121.21196,38.66458],[-121.21201,38.66445],[-121.21204,38.66436],[-121.21206,38.66436],[-121.21286,38.66435],[-121.21306,38.66412],[-121.21307,38.66412]]]}},{"type":"Feature","properties":{"county_fips":67,"srprec":"0035532","precinct_id":"067-0035532","county_name":"Sacramento","area_sq_mi":0.546,"place_primary":"Orangevale","place_primary_share":96.6,"place_also":[],"places":[{"name":"Orangevale","geoid":"0654092","kind":"cdp","pct":96.6},{"name":"Fair Oaks","geoid":"0623294","kind":"cdp","pct":3.4}],"bbox":[-121.21233,38.65539,-121.19318,38.66977],"g22_asm":{"dem_pct":48.3,"margin_dem":-3.4,"votes_two_party":1252,"winner":"Rep"},"g24_asm":null},"geometry":{"type":"Polygon","coordinates":[[[-121.20598,38.66782],[-121.20254,38.66785],[-121.20085,38.66786],[-121.1979,38.66709],[-121.1954,38.66525],[-121.19408,38.66525],[-121.19377,38.66343],[-121.19365,38.66342],[-121.19318,38.66282],[-121.19362,38.66139],[-121.19389,38.66072],[-121.19567,38.65892],[-121.19704,38.65841],[-121.19894,38.6578],[-121.20049,38.65746],[-121.20051,38.65744],[-121.20362,38.65607],[-121.20385,38.65718],[-121.20441,38.65721],[-121.20538,38.65718],[-121.20581,38.65887],[-121.20648,38.66016],[-121.20688,38.66085],[-121.2073,38.66135],[-121.20717,38.66273],[-121.20741,38.66305],[-121.20768,38.66345],[-121.20789,38.66352],[-121.21075,38.66425],[-121.21114,38.66439],[-121.21215,38.66493],[-121.21233,38.66575],[-121.21204,38.66636],[-121.21053,38.66762],[-121.20807,38.66967],[-121.20786,38.6697],[-121.20769,38.66955],[-121.20757,38.66949],[-121.20745,38.66946],[-121.20719,38.66945],[-121.20598,38.66782]]]}},{"type":"Feature","properties":{"county_fips":67,"srprec":"0035611","precinct_id":"067-0035611","county_name":"Sacramento","area_sq_mi":0.625,"place_primary":"Orangevale","place_primary_share":99.8,"place_also":[],"places":[{"name":"Orangevale","geoid":"0654092","kind":"cdp","pct":99.8},{"name":"Fair Oaks","geoid":"0623294","kind":"cdp","pct":0.2}],"bbox":[-121.24428,38.6501,-121.1912,38.66952],"g22_asm":{"dem_pct":43.0,"margin_dem":-14.0,"votes_two_party":630,"winner":"Rep"},"g24_asm":{"dem_pct":42.0,"margin_dem":-16.0,"votes_two_party":981,"winner":"Rep"}},"geometry":{"type":"Polygon","coordinates":[[[-121.2428,38.66951],[-121.23966,38.66952],[-121.23907,38.66952],[-121.23879,38.66952],[-121.23688,38.66952],[-121.23499,38.66952],[-121.23503,38.66903],[-121.23503,38.66799],[-121.23503,38.66776],[-121.23502,38.66766],[-121.23447,38.66766],[-121.23283,38.66767],[-121.23219,38.66789],[-121.23124,38.66773],[-121.23117,38.66734],[-121.23117,38.66734],[-121.23093,38.66733],[-121.23012,38.66732],[-121.23001,38.66731],[-121.22993,38.6673],[-121.22981,38.66727],[-121.22981,38.66763],[-121.22981,38.66769],[-121.22624,38.66763],[-121.22624,38.66763],[-121.22624,38.66763],[-121.22569,38.66763],[-121.22569,38.66749],[-121.22569,38.66749],[-121.22569,38.66718],[-121.2257,38.66645],[-121.2257,38.66633],[-121.2257,38.66574],[-121.22571,38.66499],[-121.22572,38.66409],[-121.22572,38.66391],[-121.22658,38.66392],[-121.22683,38.66395],[-121.22973,38.66401],[-121.23241,38.66407],[-121.23304,38.66408],[-121.23502,38.66412],[-121.23908,38.66421],[-121.24171,38.66427],[-121.24253,38.66426],[-121.24428,38.66424],[-121.24428,38.66566],[-121.24428,38.6665],[-121.24428,38.66729],[-121.24428,38.66818],[-121.24428,38.66883],[-121.24428,38.66951],[-121.2428,38.66951]]]},"geometry_g24":{"type":"MultiPolygon","coordinates":[[[[-121.19294,38.65027],[-121.19294,38.65027],[-121.19416,38.6508],[-121.19416,38.6508],[-121.19479,38.65112],[-121.20272,38.65568],[-121.20348,38.65611],[-121.2037,38.65624],[-121.2037,38.65624],[-121.2037,38.65624],[-121.2037,38.65624],[-121.2037,38.65624],[-121.20283,38.65655],[-121.20253,38.65666],[-121.20206,38.65682],[-121.20164,38.65697],[-121.20157,38.65699],[-121.20069,38.6573],[-121.20069,38.6573],[-121.20051,38.65744],[-121.20051,38.65744],[-121.20028,38.65745],[-121.20028,38.65745],[-121.20035,38.65742],[-121.20028,38.65745],[-121.20004,38.65753],[-121.20004,38.65753],[-121.19724,38.65752],[-121.19344,38.6575],[-121.19344,38.6575],[-121.19278,38.6575],[-121.19278,38.6575],[-121.19268,38.6575],[-121.19267,38.6575],[-121.19262,38.65749],[-121.19154,38.6573],[-121.19154,38.6573],[-121.19146,38.65728],[-121.1912,38.65721],[-121.1912,38.65721],[-121.1912,38.65721],[-121.19264,38.65056],[-121.19264,38.65056],[-121.19256,38.6501],[-121.19256,38.6501],[-121.19256,38.6501],[-121.19294,38.65027]]],[[[-121.20272,38.65568],[-121.20272,38.65568],[-121.20272,38.65568],[-121.20272,38.65568],[-121.19479,38.65112],[-121.19754,38.65248],[-121.20285,38.65512],[-121.20286,38.65512],[-121.2031,38.65538],[-121.2031,38.65538],[-121.2031,38.65539],[-121.20272,38.65568]]],[[[-121.23502,38.66413],[-121.23908,38.66421],[-121.24253,38.66426],[-121.24425,38.66424],[-121.24428,38.66428],[-121.24428,38.66817],[-121.24428,38.66951],[-121.23879,38.66952],[-121.23499,38.66952],[-121.23503,38.66799],[-121.23502,38.66766],[-121.23283,38.66767],[-121.23129,38.66774],[-121.23117,38.66734],[-121.23117,38.66733],[-121.23001,38.66731],[-121.22981,38.66727],[-121.22981,38.66769],[-121.22624,38.66763],[-121.22569,38.66763],[-121.2253,38.66763],[-121.22502,38.66818],[-121.22319,38.66851],[-121.2223,38.66851],[-121.22228,38.66814],[-121.22103,38.66819],[-121.22099,38.6682],[-121.21874,38.66856],[-121.21869,38.66856],[-121.21863,38.66769],[-121.21861,38.66399],[-121.22091,38.66396],[-121.22572,38.66391],[-121.22658,38.66392],[-121.23203,38.66406],[-121.23502,38.66413]]]]}},{"type":"Feature","properties":{"county_fips":67,"srprec":"0035650","precinct_id":"067-0035650","county_name":"Sacramento","area_sq_mi":0.116,"place_primary":"Orangevale","place_primary_share":100.0,"place_also":[],"places":[{"name":"Orangevale","geoid":"0654092","kind":"cdp","pct":100.0}],"bbox":[-121.22572,38.66391,-121.21861,38.66857],"g22_asm":{"dem_pct":49.0,"margin_dem":-2.0,"votes_two_party":151,"winner":"Rep"},"g24_asm":null},"geometry":{"type":"Polygon","coordinates":[[[-121.21864,38.66594],[-121.21861,38.66399],[-121.21865,38.66399],[-121.22048,38.66397],[-121.22091,38.66396],[-121.22154,38.66395],[-121.22572,38.66391],[-121.22572,38.66409],[-121.22571,38.66499],[-121.2257,38.66574],[-121.2257,38.66633],[-121.2257,38.66645],[-121.22569,38.66718],[-121.22569,38.66749],[-121.22569,38.66749],[-121.22569,38.66763],[-121.2253,38.66763],[-121.22501,38.66763],[-121.22502,38.66818],[-121.22503,38.66848],[-121.22319,38.66851],[-121.2223,38.66853],[-121.2223,38.66851],[-121.22228,38.66814],[-121.22228,38.66814],[-121.22166,38.66817],[-121.22103,38.66819],[-121.22099,38.66819],[-121.22099,38.66857],[-121.21874,38.66856],[-121.21869,38.66856],[-121.21868,38.66782],[-121.21863,38.66769],[-121.21864,38.66594]]]}},{"type":"Feature","properties":{"county_fips":67,"srprec":"0035723","precinct_id":"067-0035723","county_name":"Sacramento","area_sq_mi":0.638,"place_primary":"Fair Oaks","place_primary_share":100.0,"place_also":[],"places":[{"name":"Fair Oaks","geoid":"0623294","kind":"cdp","pct":100.0}],"bbox":[-121.24429,38.6453,-121.2348,38.66427],"g22_asm":{"dem_pct":45.9,"margin_dem":-8.3,"votes_two_party":1175,"winner":"Rep"},"g24_asm":{"dem_pct":43.1,"margin_dem":-13.8,"votes_two_party":1311,"winner":"Rep"}},"geometry":{"type":"Polygon","coordinates":[[[-121.23487,38.64597],[-121.23536,38.64595],[-121.23559,38.64589],[-121.23658,38.64542],[-121.23683,38.64534],[-121.23708,38.6453],[-121.23731,38.64533],[-121.23758,38.64543],[-121.23805,38.64563],[-121.2389,38.64586],[-121.23925,38.64591],[-121.23974,38.64591],[-121.24004,38.64587],[-121.24074,38.64576],[-121.24173,38.64558],[-121.24272,38.64549],[-121.24292,38.6454],[-121.2441,38.64584],[-121.24413,38.64811],[-121.24415,38.64995],[-121.24421,38.65569],[-121.24423,38.65699],[-121.24424,38.65835],[-121.24426,38.66049],[-121.24428,38.66182],[-121.24429,38.6636],[-121.24253,38.66426],[-121.23908,38.66421],[-121.23503,38.66354],[-121.23501,38.66195],[-121.23499,38.66057],[-121.23496,38.6582],[-121.23493,38.65612],[-121.23491,38.65459],[-121.23489,38.65327],[-121.2349,38.65303],[-121.23486,38.64966],[-121.23483,38.6471],[-121.2348,38.64597],[-121.23487,38.64597]]]},"geometry_g24":{"type":"Polygon","coordinates":[[[-121.24292,38.64541],[-121.24311,38.64586],[-121.24412,38.64776],[-121.24415,38.64974],[-121.24421,38.65569],[-121.24423,38.65688],[-121.24424,38.65794],[-121.24426,38.66059],[-121.24429,38.6636],[-121.24427,38.66424],[-121.24253,38.66426],[-121.24171,38.66427],[-121.23502,38.66413],[-121.23503,38.66354],[-121.23502,38.66248],[-121.23499,38.66057],[-121.23496,38.6582],[-121.23496,38.65816],[-121.23491,38.65459],[-121.23489,38.65312],[-121.2349,38.65303],[-121.23486,38.64966],[-121.23482,38.64617],[-121.2348,38.64597],[-121.23524,38.64596],[-121.23548,38.64592],[-121.23628,38.64555],[-121.23683,38.64534],[-121.23708,38.6453],[-121.23737,38.64535],[-121.23788,38.64557],[-121.2388,38.64583],[-121.23925,38.64591],[-121.23974,38.64591],[-121.24016,38.64586],[-121.24173,38.64558],[-121.24279,38.64546],[-121.24286,38.64543],[-121.24292,38.64541]],[[-121.23677,38.65809],[-121.23677,38.65809],[-121.23677,38.65809],[-121.23677,38.65809]],[[-121.23678,38.65814],[-121.23678,38.65814],[-121.23678,38.65814],[-121.23678,38.65814]],[[-121.23686,38.65809],[-121.23686,38.65809],[-121.23686,38.65809],[-121.23686,38.65809]],[[-121.23687,38.65695],[-121.23687,38.65695],[-121.23687,38.65695],[-121.23687,38.65695]]]}},{"type":"Feature","properties":{"county_fips":67,"srprec":"0035742","precinct_id":"067-0035742","county_name":"Sacramento","area_sq_mi":0.598,"place_primary":"Fair Oaks","place_primary_share":99.8,"place_also":[],"places":[{"name":"Fair Oaks","geoid":"0623294","kind":"cdp","pct":99.8},{"name":"Orangevale","geoid":"0654092","kind":"cdp","pct":0.2}],"bbox":[-121.23503,38.65311,-121.20385,38.66461],"g22_asm":{"dem_pct":46.3,"margin_dem":-7.5,"votes_two_party":1031,"winner":"Rep"},"g24_asm":{"dem_pct":48.0,"margin_dem":-3.9,"votes_two_party":1690,"winner":"Rep"}},"geometry":{"type":"Polygon","coordinates":[[[-121.23482,38.64617],[-121.23483,38.6471],[-121.23485,38.64916],[-121.23486,38.64966],[-121.23486,38.65006],[-121.2349,38.65303],[-121.23489,38.6531],[-121.23489,38.65327],[-121.2349,38.65392],[-121.23491,38.65459],[-121.23493,38.6559],[-121.23493,38.65612],[-121.23493,38.65639],[-121.23496,38.6582],[-121.23499,38.66025],[-121.23499,38.66057],[-121.23501,38.66168],[-121.23501,38.66195],[-121.23502,38.66248],[-121.23503,38.66354],[-121.23502,38.66412],[-121.23304,38.66408],[-121.23241,38.66407],[-121.22973,38.66401],[-121.22683,38.66395],[-121.22658,38.66392],[-121.22572,38.66391],[-121.22572,38.6635],[-121.22571,38.66274],[-121.22566,38.66038],[-121.22562,38.65821],[-121.2256,38.65731],[-121.2256,38.65689],[-121.22557,38.6555],[-121.22553,38.65322],[-121.22553,38.65253],[-121.22553,38.6525],[-121.22557,38.65238],[-121.22558,38.6523],[-121.22556,38.6515],[-121.22555,38.65102],[-121.22554,38.65045],[-121.22553,38.65023],[-121.22549,38.64843],[-121.22547,38.64747],[-121.22546,38.64698],[-121.22544,38.64606],[-121.22658,38.64605],[-121.22887,38.64602],[-121.22926,38.64602],[-121.22976,38.64602],[-121.23004,38.64601],[-121.23041,38.64601],[-121.23056,38.64601],[-121.23225,38.64599],[-121.23466,38.64597],[-121.2348,38.64597],[-121.23482,38.64617]]]},"geometry_g24":{"type":"MultiPolygon","coordinates":[[[[-121.21481,38.65334],[-121.21614,38.65333],[-121.21624,38.66045],[-121.21832,38.66044],[-121.21853,38.66059],[-121.21945,38.66178],[-121.22007,38.66196],[-121.22037,38.66227],[-121.22048,38.66397],[-121.21678,38.66401],[-121.21562,38.66416],[-121.21471,38.66444],[-121.21455,38.66408],[-121.21204,38.66436],[-121.21138,38.66446],[-121.21113,38.66438],[-121.20791,38.66344],[-121.20741,38.66305],[-121.20689,38.66079],[-121.20648,38.66016],[-121.20532,38.65863],[-121.20435,38.65721],[-121.20396,38.65624],[-121.20441,38.65626],[-121.20586,38.65623],[-121.20699,38.65623],[-121.2081,38.65673],[-121.20917,38.65668],[-121.21073,38.6565],[-121.21012,38.65596],[-121.21005,38.65589],[-121.21188,38.6552],[-121.21396,38.65335],[-121.21481,38.65334]],[[-121.208,38.66012],[-121.208,38.66012],[-121.208,38.66012]],[[-121.20815,38.66003],[-121.20815,38.66003],[-121.20815,38.66003]],[[-121.20851,38.65998],[-121.20851,38.65998],[-121.20851,38.65998]],[[-121.20919,38.65963],[-121.20919,38.65963],[-121.20919,38.65963]],[[-121.20931,38.65963],[-121.20931,38.65963],[-121.20931,38.65963]],[[-121.2095,38.6596],[-121.2095,38.6596],[-121.2095,38.6596]],[[-121.20968,38.65955],[-121.20968,38.65955],[-121.20968,38.65955]],[[-121.211,38.65933],[-121.211,38.65933],[-121.211,38.65933]],[[-121.21185,38.65896],[-121.21185,38.65896],[-121.21185,38.65896]],[[-121.21227,38.65857],[-121.21227,38.65857],[-121.21227,38.65857]]],[[[-121.23079,38.65767],[-121.23079,38.65741],[-121.23075,38.65606],[-121.23071,38.65587],[-121.23064,38.65568],[-121.23045,38.65533],[-121.23034,38.65502],[-121.23065,38.65498],[-121.23261,38.65495],[-121.23287,38.65498],[-121.23314,38.65501],[-121.23312,38.65313],[-121.23489,38.65311],[-121.23489,38.65327],[-121.23493,38.6559],[-121.23499,38.66025],[-121.23499,38.66025],[-121.23501,38.66168],[-121.23502,38.66248],[-121.23503,38.66354],[-121.23502,38.66412],[-121.23203,38.66406],[-121.22665,38.66393],[-121.22572,38.66391],[-121.22572,38.6635],[-121.22569,38.66176],[-121.22567,38.66038],[-121.22746,38.66033],[-121.23031,38.6603],[-121.23032,38.65949],[-121.23036,38.65933],[-121.23036,38.65893],[-121.2303,38.65871],[-121.23029,38.65852],[-121.23035,38.65832],[-121.23044,38.6582],[-121.23064,38.65799],[-121.23071,38.65788],[-121.23075,38.6578],[-121.23079,38.65767]]]]}},{"type":"Feature","properties":{"county_fips":67,"srprec":"0035805","precinct_id":"067-0035805","county_name":"Sacramento","area_sq_mi":0.729,"place_primary":"Fair Oaks","place_primary_share":100.0,"place_also":[],"places":[{"name":"Fair Oaks","geoid":"0623294","kind":"cdp","pct":100.0}],"bbox":[-121.2349,38.6403,-121.21826,38.66397],"g22_asm":{"dem_pct":49.6,"margin_dem":-0.7,"votes_two_party":979,"winner":"Rep"},"g24_asm":{"dem_pct":43.4,"margin_dem":-13.2,"votes_two_party":1543,"winner":"Rep"}},"geometry":{"type":"Polygon","coordinates":[[[-121.21385,38.65258],[-121.21336,38.6527],[-121.21299,38.65219],[-121.21407,38.65056],[-121.21386,38.65059],[-121.21353,38.64975],[-121.21609,38.64972],[-121.21608,38.64919],[-121.22395,38.64912],[-121.22452,38.64845],[-121.22553,38.65023],[-121.22555,38.65102],[-121.22558,38.6523],[-121.22553,38.6525],[-121.22553,38.65322],[-121.2256,38.65689],[-121.22562,38.65821],[-121.22571,38.66274],[-121.22572,38.66391],[-121.22091,38.66396],[-121.22047,38.66338],[-121.22045,38.66248],[-121.22037,38.66227],[-121.22022,38.66209],[-121.22007,38.66196],[-121.21983,38.66185],[-121.21956,38.66179],[-121.21857,38.66179],[-121.21854,38.66064],[-121.21851,38.66054],[-121.21839,38.66046],[-121.21826,38.66043],[-121.21691,38.66044],[-121.21622,38.65742],[-121.21614,38.65333],[-121.2151,38.65334],[-121.21507,38.65334],[-121.21481,38.65334],[-121.21419,38.65335],[-121.21385,38.65258]]]},"geometry_g24":{"type":"Polygon","coordinates":[[[-121.23377,38.64127],[-121.23228,38.64254],[-121.23463,38.64334],[-121.2348,38.64598],[-121.23312,38.65313],[-121.23034,38.65502],[-121.23075,38.65618],[-121.23054,38.65809],[-121.23037,38.65911],[-121.22566,38.66038],[-121.22045,38.66248],[-121.21972,38.66182],[-121.21839,38.66046],[-121.22144,38.65695],[-121.2215,38.65562],[-121.22147,38.65368],[-121.22146,38.65333],[-121.22558,38.6523],[-121.22537,38.64294],[-121.22541,38.64034],[-121.22658,38.6403],[-121.22641,38.64111],[-121.22634,38.64178],[-121.22725,38.6422],[-121.2283,38.64212],[-121.22928,38.64212],[-121.23003,38.64194],[-121.23025,38.64252],[-121.2305,38.64287],[-121.23106,38.64258],[-121.23138,38.64217],[-121.23209,38.64177],[-121.23296,38.64127],[-121.23377,38.64127]]]}},{"type":"Feature","properties":{"county_fips":67,"srprec":"0035852","precinct_id":"067-0035852","county_name":"Sacramento","area_sq_mi":0.584,"place_primary":"Fair Oaks","place_primary_share":100.0,"place_also":[],"places":[{"name":"Fair Oaks","geoid":"0623294","kind":"cdp","pct":100.0}],"bbox":[-121.22558,38.63956,-121.21295,38.66045],"g22_asm":null,"g24_asm":{"dem_pct":48.2,"margin_dem":-3.5,"votes_two_party":1356,"winner":"Rep"}},"geometry":{"type":"Polygon","coordinates":[[[-121.22544,38.63956],[-121.22534,38.64238],[-121.22541,38.64481],[-121.22553,38.65023],[-121.22553,38.6525],[-121.22146,38.65333],[-121.22143,38.65338],[-121.22148,38.65436],[-121.2215,38.65561],[-121.22152,38.6569],[-121.2208,38.65693],[-121.21633,38.66045],[-121.21614,38.65333],[-121.21396,38.65335],[-121.21299,38.65219],[-121.21387,38.65059],[-121.21609,38.64972],[-121.21508,38.64826],[-121.21566,38.64688],[-121.21525,38.64597],[-121.21554,38.64528],[-121.21754,38.64348],[-121.21699,38.64309],[-121.2186,38.64298],[-121.21828,38.64374],[-121.21713,38.64533],[-121.21627,38.64586],[-121.21658,38.64579],[-121.2178,38.64514],[-121.21933,38.64569],[-121.21922,38.64438],[-121.21937,38.6423],[-121.22107,38.64259],[-121.22116,38.64045],[-121.22544,38.63956]],[[-121.22012,38.64909],[-121.22012,38.64909],[-121.22012,38.64909],[-121.22012,38.64909]],[[-121.22189,38.64905],[-121.22189,38.64905],[-121.22189,38.64905],[-121.22189,38.64905]],[[-121.22189,38.64906],[-121.22189,38.64906],[-121.22189,38.64906],[-121.22189,38.64906]],[[-121.22203,38.64905],[-121.22203,38.64905],[-121.22203,38.64905],[-121.22203,38.64905]],[[-121.22203,38.64906],[-121.22203,38.64906],[-121.22203,38.64906],[-121.22203,38.64906]]]}},{"type":"Feature","properties":{"county_fips":67,"srprec":"0035904","precinct_id":"067-0035904","county_name":"Sacramento","area_sq_mi":0.369,"place_primary":"Fair Oaks","place_primary_share":99.8,"place_also":[],"places":[{"name":"Fair Oaks","geoid":"0623294","kind":"cdp","pct":99.8},{"name":"Orangevale","geoid":"0654092","kind":"cdp","pct":0.2}],"bbox":[-121.22048,38.65333,-121.20385,38.66461],"g22_asm":{"dem_pct":50.8,"margin_dem":1.6,"votes_two_party":992,"winner":"Dem"},"g24_asm":null},"geometry":{"type":"Polygon","coordinates":[[[-121.20395,38.65618],[-121.20917,38.65668],[-121.21024,38.65592],[-121.21222,38.65524],[-121.21419,38.65335],[-121.21495,38.65334],[-121.2151,38.65334],[-121.21621,38.65669],[-121.21691,38.66044],[-121.21832,38.66044],[-121.21851,38.66054],[-121.21856,38.66142],[-121.21956,38.66179],[-121.21998,38.66191],[-121.22022,38.66209],[-121.22043,38.6624],[-121.22047,38.66338],[-121.21861,38.66399],[-121.21647,38.66403],[-121.21596,38.6641],[-121.21513,38.6643],[-121.21462,38.6643],[-121.21455,38.66408],[-121.21204,38.66436],[-121.21141,38.66447],[-121.21114,38.66439],[-121.20869,38.66358],[-121.20768,38.66345],[-121.2072,38.66278],[-121.2073,38.66135],[-121.20684,38.66032],[-121.20581,38.65887],[-121.20467,38.65721],[-121.20385,38.65718],[-121.20395,38.65618]]]}},{"type":"Feature","properties":{"county_fips":67,"srprec":"0036005","precinct_id":"067-0036005","county_name":"Sacramento","area_sq_mi":1.001,"place_primary":"Folsom","place_primary_share":99.6,"place_also":[],"places":[{"name":"Folsom","geoid":"0624638","kind":"city","pct":99.6},{"name":"Orangevale","geoid":"0654092","kind":"cdp","pct":0.4}],"bbox":[-121.19089,38.66631,-121.16225,38.68708],"g22_asm":{"dem_pct":51.0,"margin_dem":2.0,"votes_two_party":937,"winner":"Dem"},"g24_asm":{"dem_pct":45.4,"margin_dem":-9.3,"votes_two_party":1186,"winner":"Rep"}},"geometry":{"type":"MultiPolygon","coordinates":[[[[-121.16747,38.66118],[-121.16329,38.66564],[-121.16232,38.66508],[-121.16021,38.66518],[-121.16026,38.66503],[-121.16026,38.66502],[-121.1603,38.66495],[-121.16035,38.66476],[-121.16037,38.66465],[-121.16063,38.66468],[-121.16081,38.66469],[-121.16101,38.66469],[-121.16194,38.6647],[-121.16204,38.66469],[-121.16216,38.66467],[-121.16227,38.66465],[-121.1627,38.66451],[-121.16388,38.66414],[-121.16399,38.66409],[-121.1641,38.66404],[-121.1642,38.66397],[-121.16428,38.6639],[-121.16433,38.66386],[-121.16454,38.66363],[-121.1656,38.66248],[-121.16616,38.66187],[-121.1666,38.66139],[-121.16673,38.66128],[-121.16683,38.66122],[-121.16711,38.66106],[-121.16737,38.66113],[-121.16736,38.66112],[-121.16747,38.66118]]],[[[-121.18818,38.67661],[-121.18813,38.67685],[-121.1808,38.68026],[-121.17582,38.68251],[-121.17358,38.68322],[-121.1694,38.68582],[-121.16754,38.68671],[-121.16755,38.68646],[-121.16841,38.68609],[-121.16925,38.68564],[-121.16442,38.68389],[-121.16308,38.68164],[-121.16252,38.68003],[-121.16351,38.67899],[-121.16786,38.67648],[-121.16819,38.67554],[-121.1681,38.67534],[-121.16813,38.67512],[-121.16827,38.67494],[-121.1692,38.67439],[-121.17248,38.67379],[-121.17524,38.6722],[-121.1769,38.67124],[-121.17887,38.67009],[-121.18045,38.66918],[-121.1822,38.6682],[-121.18246,38.66822],[-121.18315,38.66699],[-121.18799,38.66632],[-121.18923,38.66681],[-121.19012,38.67193],[-121.1905,38.67523],[-121.18851,38.6763],[-121.18818,38.67661]]]]},"geometry_g24":{"type":"MultiPolygon","coordinates":[[[[-121.17189,38.68423],[-121.17189,38.68423],[-121.17189,38.68423]]],[[[-121.17189,38.68423],[-121.17119,38.68461],[-121.17057,38.68524],[-121.16974,38.68566],[-121.16941,38.68582],[-121.16754,38.6867],[-121.16788,38.6863],[-121.16892,38.68587],[-121.16442,38.68389],[-121.16308,38.68164],[-121.16373,38.68134],[-121.16585,38.67764],[-121.16864,38.67603],[-121.16813,38.67545],[-121.1681,38.67521],[-121.16822,38.67499],[-121.16832,38.6749],[-121.1692,38.67439],[-121.17246,38.67377],[-121.17392,38.67296],[-121.17672,38.67134],[-121.17912,38.66995],[-121.1822,38.6682],[-121.18278,38.66827],[-121.18799,38.66632],[-121.18938,38.67005],[-121.1905,38.67523],[-121.18818,38.67661],[-121.18751,38.67714],[-121.17582,38.68251],[-121.17501,38.68253],[-121.1741,38.68268],[-121.17313,38.68309],[-121.17237,38.68391],[-121.17189,38.68423]],[[-121.17566,38.67976],[-121.17566,38.67976],[-121.17566,38.67976]]],[[[-121.16948,38.6858],[-121.16948,38.6858],[-121.16948,38.6858]]],[[[-121.17097,38.68486],[-121.17097,38.68486],[-121.17097,38.68486]]],[[[-121.17143,38.68443],[-121.17143,38.68443],[-121.17143,38.68443]]]]}},{"type":"Feature","properties":{"county_fips":67,"srprec":"0036077","precinct_id":"067-0036077","county_name":"Sacramento","area_sq_mi":0.508,"place_primary":"Folsom","place_primary_share":100.0,"place_also":[],"places":[{"name":"Folsom","geoid":"0624638","kind":"city","pct":100.0}],"bbox":[-121.18394,38.66217,-121.16373,38.67436],"g22_asm":{"dem_pct":51.4,"margin_dem":2.7,"votes_two_party":878,"winner":"Dem"},"g24_asm":{"dem_pct":47.0,"margin_dem":-6.1,"votes_two_party":1084,"winner":"Rep"}},"geometry":{"type":"Polygon","coordinates":[[[-121.1839,38.66426],[-121.18315,38.66699],[-121.18246,38.66822],[-121.1822,38.6682],[-121.18045,38.66918],[-121.17887,38.67009],[-121.1769,38.67124],[-121.17524,38.6722],[-121.17248,38.67379],[-121.16707,38.67391],[-121.16613,38.67366],[-121.16391,38.67251],[-121.16461,38.67151],[-121.1651,38.67082],[-121.16595,38.66912],[-121.166,38.66855],[-121.16601,38.66809],[-121.16617,38.66773],[-121.16649,38.66738],[-121.16687,38.66715],[-121.1694,38.66602],[-121.16981,38.66576],[-121.17013,38.66544],[-121.17037,38.66495],[-121.17053,38.66453],[-121.17082,38.66417],[-121.17176,38.66355],[-121.17379,38.66233],[-121.17419,38.66221],[-121.1747,38.66217],[-121.17616,38.66286],[-121.17754,38.66406],[-121.17952,38.66406],[-121.18095,38.66374],[-121.18228,38.66383],[-121.1839,38.66426]]]},"geometry_g24":{"type":"Polygon","coordinates":[[[-121.17606,38.66277],[-121.17754,38.66406],[-121.1796,38.66404],[-121.18115,38.66374],[-121.18388,38.66397],[-121.18378,38.66482],[-121.18228,38.66819],[-121.18188,38.66835],[-121.17866,38.67021],[-121.17787,38.67068],[-121.17524,38.6722],[-121.17246,38.67377],[-121.16911,38.67436],[-121.16632,38.67372],[-121.16373,38.67281],[-121.16413,38.67217],[-121.16479,38.67129],[-121.1651,38.67082],[-121.16592,38.66919],[-121.16601,38.66869],[-121.16599,38.66825],[-121.16606,38.66795],[-121.16617,38.66773],[-121.16638,38.66748],[-121.16686,38.66715],[-121.16941,38.66601],[-121.16968,38.66586],[-121.16996,38.66563],[-121.17022,38.6653],[-121.17037,38.66495],[-121.17062,38.66439],[-121.17175,38.66355],[-121.17379,38.66233],[-121.17455,38.66217],[-121.17534,38.66229],[-121.17606,38.66277]],[[-121.16966,38.66607],[-121.16966,38.66607],[-121.16966,38.66607]],[[-121.17298,38.66962],[-121.17298,38.66962],[-121.17298,38.66962]]]}},{"type":"Feature","properties":{"county_fips":67,"srprec":"0036125","precinct_id":"067-0036125","county_name":"Sacramento","area_sq_mi":0.891,"place_primary":"Folsom","place_primary_share":100.0,"place_also":[],"places":[{"name":"Folsom","geoid":"0624638","kind":"city","pct":100.0}],"bbox":[-121.19264,38.64898,-121.1686,38.66699],"g22_asm":{"dem_pct":56.5,"margin_dem":13.0,"votes_two_party":292,"winner":"Dem"},"g24_asm":{"dem_pct":48.6,"margin_dem":-2.7,"votes_two_party":364,"winner":"Rep"}},"geometry":{"type":"Polygon","coordinates":[[[-121.18926,38.66552],[-121.18744,38.66641],[-121.1839,38.66426],[-121.18124,38.66374],[-121.17844,38.66412],[-121.17616,38.66286],[-121.17434,38.66219],[-121.17369,38.66238],[-121.17042,38.6621],[-121.16991,38.66093],[-121.16978,38.65981],[-121.16908,38.65788],[-121.1686,38.65641],[-121.1714,38.65619],[-121.17288,38.65573],[-121.17429,38.65516],[-121.17592,38.65484],[-121.17895,38.65486],[-121.18153,38.6546],[-121.18257,38.65434],[-121.18321,38.65354],[-121.1827,38.65269],[-121.18302,38.65196],[-121.18339,38.65098],[-121.18376,38.65023],[-121.18455,38.65016],[-121.18547,38.64977],[-121.18625,38.64957],[-121.1875,38.64954],[-121.18824,38.64922],[-121.19021,38.64958],[-121.19256,38.6501],[-121.18949,38.66327],[-121.18926,38.66552]]]},"geometry_g24":{"type":"Polygon","coordinates":[[[-121.18856,38.64903],[-121.19082,38.64982],[-121.19035,38.65994],[-121.18924,38.66606],[-121.18315,38.66699],[-121.18228,38.66383],[-121.1796,38.66404],[-121.17676,38.66352],[-121.1747,38.66217],[-121.17379,38.66233],[-121.17066,38.66243],[-121.17008,38.66145],[-121.16983,38.66032],[-121.16974,38.6596],[-121.16908,38.65788],[-121.16863,38.65667],[-121.1709,38.65627],[-121.17201,38.65604],[-121.17314,38.65561],[-121.17429,38.65516],[-121.17587,38.65485],[-121.17802,38.65483],[-121.18038,38.65478],[-121.18223,38.65447],[-121.18288,38.65417],[-121.18291,38.65329],[-121.18276,38.65239],[-121.18309,38.65177],[-121.1837,38.65085],[-121.18386,38.65013],[-121.18466,38.65014],[-121.18548,38.64977],[-121.18605,38.64952],[-121.18788,38.64948],[-121.18824,38.64922],[-121.18856,38.64903]]]}},{"type":"Feature","properties":{"county_fips":67,"srprec":"0036132","precinct_id":"067-0036132","county_name":"Sacramento","area_sq_mi":0.554,"place_primary":"Folsom","place_primary_share":100.0,"place_also":[],"places":[{"name":"Folsom","geoid":"0624638","kind":"city","pct":100.0}],"bbox":[-121.17175,38.65788,-121.15372,38.67281],"g22_asm":{"dem_pct":49.4,"margin_dem":-1.3,"votes_two_party":950,"winner":"Rep"},"g24_asm":{"dem_pct":45.2,"margin_dem":-9.7,"votes_two_party":1233,"winner":"Rep"}},"geometry":{"type":"Polygon","coordinates":[[[-121.17053,38.66453],[-121.17037,38.66495],[-121.17013,38.66544],[-121.16981,38.66576],[-121.1694,38.66602],[-121.16687,38.66715],[-121.16649,38.66738],[-121.16617,38.66773],[-121.16601,38.66809],[-121.166,38.66855],[-121.16595,38.66912],[-121.1651,38.67082],[-121.16461,38.67151],[-121.16391,38.67251],[-121.15838,38.6709],[-121.15467,38.66958],[-121.15372,38.6693],[-121.15408,38.66877],[-121.15464,38.66825],[-121.15491,38.6679],[-121.1557,38.66618],[-121.15624,38.66498],[-121.15668,38.66435],[-121.15713,38.66381],[-121.15741,38.66327],[-121.15787,38.66124],[-121.15913,38.66034],[-121.16139,38.65979],[-121.1636,38.65931],[-121.1663,38.65853],[-121.16877,38.6579],[-121.16966,38.65928],[-121.16978,38.65981],[-121.16983,38.66032],[-121.16998,38.66118],[-121.17035,38.66199],[-121.17066,38.66243],[-121.17096,38.66405],[-121.17062,38.66439],[-121.17053,38.66453]],[[-121.16232,38.66508],[-121.16329,38.66564],[-121.16747,38.66118],[-121.16736,38.66112],[-121.16737,38.66113],[-121.16711,38.66106],[-121.16683,38.66122],[-121.16673,38.66128],[-121.1666,38.66139],[-121.16616,38.66187],[-121.1656,38.66248],[-121.16454,38.66363],[-121.16433,38.66386],[-121.16428,38.6639],[-121.1642,38.66397],[-121.1641,38.66404],[-121.16399,38.66409],[-121.16388,38.66414],[-121.1627,38.66451],[-121.16227,38.66465],[-121.16216,38.66467],[-121.16204,38.66469],[-121.16194,38.6647],[-121.16101,38.66469],[-121.16081,38.66469],[-121.16063,38.66468],[-121.16037,38.66465],[-121.16035,38.66476],[-121.1603,38.66495],[-121.16026,38.66502],[-121.16026,38.66503],[-121.16021,38.66518],[-121.16232,38.66508]]]},"geometry_g24":{"type":"Polygon","coordinates":[[[-121.16982,38.66022],[-121.16987,38.66069],[-121.17008,38.66145],[-121.17055,38.66229],[-121.17111,38.66394],[-121.17045,38.66468],[-121.17023,38.66528],[-121.16996,38.66563],[-121.16957,38.66593],[-121.16672,38.66723],[-121.16626,38.66761],[-121.16606,38.66795],[-121.16599,38.66838],[-121.16595,38.66912],[-121.1651,38.67082],[-121.16461,38.67151],[-121.16373,38.67281],[-121.15467,38.66957],[-121.15372,38.6693],[-121.15418,38.66866],[-121.15464,38.66825],[-121.15502,38.66772],[-121.1561,38.66525],[-121.15652,38.66455],[-121.15701,38.66397],[-121.15735,38.66341],[-121.1576,38.66313],[-121.15787,38.66125],[-121.1579,38.6608],[-121.16178,38.65975],[-121.16705,38.65829],[-121.16917,38.65809],[-121.16969,38.65941],[-121.16978,38.65984],[-121.16982,38.66022]],[[-121.1576,38.66313],[-121.1576,38.66313],[-121.15781,38.66321],[-121.1576,38.66313]],[[-121.16979,38.66023],[-121.16787,38.66045],[-121.16787,38.66045],[-121.16979,38.66023]],[[-121.16026,38.66416],[-121.16026,38.66416],[-121.16026,38.66416]],[[-121.1603,38.66493],[-121.1603,38.66495],[-121.1603,38.66495],[-121.1603,38.66493]],[[-121.16035,38.66476],[-121.16034,38.66478],[-121.16035,38.66476]],[[-121.16037,38.66465],[-121.16035,38.66475],[-121.16037,38.66465]],[[-121.16039,38.66448],[-121.16037,38.66463],[-121.16039,38.66448]],[[-121.16037,38.66463],[-121.16037,38.66465],[-121.16037,38.66465],[-121.16037,38.66463]],[[-121.16329,38.66564],[-121.16329,38.66564],[-121.1625,38.66519],[-121.16329,38.66564]],[[-121.16733,38.66097],[-121.16726,38.6607],[-121.16733,38.66097]]]}},{"type":"Feature","properties":{"county_fips":67,"srprec":"0036201","precinct_id":"067-0036201","county_name":"Sacramento","area_sq_mi":0.447,"place_primary":"Folsom","place_primary_share":100.0,"place_also":[],"places":[{"name":"Folsom","geoid":"0624638","kind":"city","pct":100.0}],"bbox":[-121.1692,38.6693,-121.1503,38.68098],"g22_asm":{"dem_pct":43.7,"margin_dem":-12.7,"votes_two_party":804,"winner":"Rep"},"g24_asm":{"dem_pct":40.1,"margin_dem":-19.7,"votes_two_party":1106,"winner":"Rep"}},"geometry":{"type":"Polygon","coordinates":[[[-121.16373,38.67281],[-121.16613,38.67366],[-121.16651,38.67378],[-121.16911,38.67437],[-121.16842,38.67484],[-121.16827,38.67494],[-121.16819,38.67502],[-121.1681,38.67521],[-121.1681,38.67534],[-121.16816,38.6755],[-121.16864,38.67603],[-121.16786,38.67648],[-121.16472,38.67829],[-121.16232,38.67968],[-121.16252,38.68003],[-121.16357,38.68142],[-121.16275,38.68178],[-121.16147,38.68233],[-121.16082,38.68265],[-121.16045,38.68286],[-121.15652,38.68293],[-121.15651,38.68289],[-121.15639,38.68277],[-121.15632,38.6826],[-121.15632,38.6824],[-121.15643,38.68204],[-121.15672,38.68206],[-121.15707,38.68205],[-121.1563,38.68027],[-121.15529,38.67989],[-121.15514,38.67968],[-121.15481,38.67884],[-121.15465,38.67832],[-121.15459,38.67782],[-121.15459,38.67739],[-121.15487,38.67588],[-121.15492,38.67571],[-121.15469,38.67494],[-121.15427,38.67407],[-121.15474,38.67277],[-121.15486,38.67248],[-121.15508,38.67214],[-121.1559,38.67123],[-121.15613,38.67095],[-121.15655,38.67025],[-121.15838,38.6709],[-121.16373,38.67281]]]},"geometry_g24":{"type":"Polygon","coordinates":[[[-121.15655,38.67024],[-121.16503,38.67327],[-121.16707,38.67391],[-121.16832,38.6749],[-121.16814,38.67511],[-121.16813,38.67544],[-121.16864,38.67603],[-121.16225,38.67974],[-121.16136,38.6787],[-121.16054,38.67676],[-121.15974,38.67585],[-121.15952,38.67546],[-121.15908,38.67563],[-121.15864,38.67584],[-121.15828,38.67612],[-121.15772,38.67581],[-121.15679,38.67677],[-121.15664,38.67725],[-121.15662,38.67766],[-121.1567,38.67809],[-121.15709,38.67908],[-121.15751,38.6796],[-121.15465,38.68056],[-121.15416,38.68011],[-121.15364,38.68026],[-121.15211,38.68035],[-121.15184,38.67951],[-121.1516,38.67823],[-121.15108,38.67824],[-121.15083,38.6781],[-121.1503,38.67745],[-121.15317,38.66994],[-121.15372,38.6693],[-121.15655,38.67024]],[[-121.15945,38.6751],[-121.15945,38.67509],[-121.15945,38.6751]],[[-121.15956,38.67457],[-121.15957,38.67456],[-121.15957,38.67456],[-121.15956,38.67457]],[[-121.15957,38.67455],[-121.15958,38.67453],[-121.15957,38.67455]],[[-121.15961,38.67448],[-121.15962,38.67446],[-121.15962,38.67446],[-121.15961,38.67448]],[[-121.15992,38.67399],[-121.16034,38.67334],[-121.16034,38.67334],[-121.15992,38.67399]],[[-121.16059,38.67295],[-121.16059,38.67295],[-121.16035,38.67332],[-121.16059,38.67295]],[[-121.1612,38.67199],[-121.1612,38.67199],[-121.16101,38.67229],[-121.1612,38.67199]],[[-121.16101,38.67229],[-121.16077,38.67267],[-121.16077,38.67267],[-121.16101,38.67229]],[[-121.16124,38.67192],[-121.16124,38.67192],[-121.16124,38.67192]],[[-121.16124,38.67192],[-121.1612,38.67199],[-121.1612,38.67199],[-121.16124,38.67192]]]}},{"type":"Feature","properties":{"county_fips":67,"srprec":"0036323","precinct_id":"067-0036323","county_name":"Sacramento","area_sq_mi":0.403,"place_primary":"Folsom","place_primary_share":100.0,"place_also":[],"places":[{"name":"Folsom","geoid":"0624638","kind":"city","pct":100.0}],"bbox":[-121.15184,38.67175,-121.13694,38.68328],"g22_asm":{"dem_pct":54.4,"margin_dem":8.9,"votes_two_party":948,"winner":"Dem"},"g24_asm":{"dem_pct":38.0,"margin_dem":-24.0,"votes_two_party":850,"winner":"Rep"}},"geometry":{"type":"Polygon","coordinates":[[[-121.1414,38.6757],[-121.13648,38.67529],[-121.13497,38.6703],[-121.13484,38.66922],[-121.13495,38.66789],[-121.13534,38.66662],[-121.13581,38.66572],[-121.13728,38.66415],[-121.14018,38.66531],[-121.14442,38.66706],[-121.14605,38.66766],[-121.14748,38.66817],[-121.14817,38.66833],[-121.15262,38.66908],[-121.15363,38.66944],[-121.153,38.67008],[-121.15079,38.67745],[-121.15083,38.6781],[-121.15098,38.67822],[-121.15132,38.67825],[-121.15183,38.67929],[-121.15182,38.68032],[-121.15143,38.68105],[-121.15112,38.68139],[-121.15068,38.68155],[-121.14948,38.68155],[-121.14753,38.68178],[-121.14687,38.68175],[-121.14631,38.68153],[-121.14595,38.68121],[-121.14573,38.68075],[-121.14514,38.67912],[-121.14441,38.67848],[-121.14287,38.67724],[-121.14221,38.67645],[-121.1414,38.6757]]]},"geometry_g24":{"type":"MultiPolygon","coordinates":[[[[-121.15093,38.6782],[-121.15103,38.67824],[-121.15132,38.67825],[-121.15147,38.67824],[-121.1518,38.67905],[-121.15184,38.67932],[-121.15184,38.67981],[-121.15182,38.68032],[-121.15175,38.68053],[-121.15148,38.68097],[-121.15131,38.68123],[-121.1512,38.68134],[-121.15102,38.68145],[-121.1508,38.68153],[-121.15066,38.68155],[-121.15029,38.68155],[-121.14982,38.68155],[-121.14981,38.68309],[-121.14293,38.68326],[-121.14025,38.68328],[-121.13967,38.68232],[-121.13858,38.68125],[-121.13832,38.68092],[-121.13816,38.68064],[-121.13805,38.68039],[-121.13882,38.67634],[-121.14151,38.67567],[-121.14172,38.67561],[-121.14422,38.67473],[-121.14736,38.67361],[-121.14778,38.6734],[-121.1503,38.6718],[-121.1503,38.67745],[-121.15079,38.67745],[-121.15081,38.67806],[-121.15086,38.67814],[-121.15093,38.6782]],[[-121.14172,38.67561],[-121.14172,38.67561],[-121.14172,38.67561]],[[-121.14201,38.67611],[-121.14186,38.67586],[-121.14201,38.67611]],[[-121.1423,38.67657],[-121.14221,38.67645],[-121.14221,38.67645],[-121.1423,38.67657]],[[-121.14233,38.67661],[-121.14232,38.6766],[-121.14232,38.6766],[-121.14233,38.67661]],[[-121.14488,38.67884],[-121.14441,38.67848],[-121.14441,38.67848],[-121.14488,38.67884]],[[-121.14501,38.67896],[-121.14501,38.67896],[-121.145,38.67895],[-121.14501,38.67896]],[[-121.14529,38.6794],[-121.14528,38.67939],[-121.14528,38.67939],[-121.14529,38.6794]],[[-121.14573,38.68075],[-121.14549,38.68002],[-121.14573,38.68075],[-121.14575,38.68081],[-121.14576,38.68085],[-121.14575,38.68081],[-121.14573,38.68075]],[[-121.14549,38.68002],[-121.14545,38.67989],[-121.14545,38.67989],[-121.14549,38.68002]],[[-121.14587,38.68109],[-121.14586,38.68107],[-121.14587,38.68109]],[[-121.14601,38.68128],[-121.14596,38.68122],[-121.14601,38.68128]],[[-121.1461,38.68136],[-121.14601,38.68128],[-121.14601,38.68128],[-121.1461,38.68136]],[[-121.14631,38.68153],[-121.14627,38.6815],[-121.14631,38.68153]],[[-121.14645,38.6816],[-121.14644,38.6816],[-121.14645,38.6816]],[[-121.14675,38.68172],[-121.14672,38.68171],[-121.14672,38.68171],[-121.14675,38.68172]],[[-121.14687,38.68175],[-121.14685,38.68175],[-121.14687,38.68175]],[[-121.14719,38.6818],[-121.14717,38.68179],[-121.14719,38.6818]],[[-121.14736,38.6818],[-121.14721,38.6818],[-121.14736,38.6818]],[[-121.14752,38.68179],[-121.14752,38.68179],[-121.14752,38.68179]],[[-121.14752,38.68179],[-121.14736,38.6818],[-121.14736,38.6818],[-121.14752,38.68179]],[[-121.14847,38.68164],[-121.14878,38.6816],[-121.14878,38.6816],[-121.14847,38.68164]],[[-121.14948,38.68155],[-121.14948,38.68155],[-121.14946,38.68155],[-121.14948,38.68155]],[[-121.14951,38.68155],[-121.14948,38.68155],[-121.14948,38.68155],[-121.14951,38.68155]]],[[[-121.1413,38.67573],[-121.13882,38.67634],[-121.14134,38.67572],[-121.1413,38.67573]]]]}},{"type":"Feature","properties":{"county_fips":67,"srprec":"0036389","precinct_id":"067-0036389","county_name":"Sacramento","area_sq_mi":0.483,"place_primary":"Folsom","place_primary_share":100.0,"place_also":[],"places":[{"name":"Folsom","geoid":"0624638","kind":"city","pct":100.0}],"bbox":[-121.14982,38.67561,-121.124,38.68457],"g22_asm":{"dem_pct":41.6,"margin_dem":-16.8,"votes_two_party":1307,"winner":"Rep"},"g24_asm":null},"geometry":{"type":"Polygon","coordinates":[[[-121.12977,38.67866],[-121.13047,38.67838],[-121.13129,38.67814],[-121.13694,38.6768],[-121.1414,38.6757],[-121.14201,38.67611],[-121.14232,38.6766],[-121.14267,38.67703],[-121.14305,38.67742],[-121.1433,38.67763],[-121.1449,38.67885],[-121.14511,38.67908],[-121.14522,38.67925],[-121.14545,38.67989],[-121.14578,38.68089],[-121.14587,38.68109],[-121.14601,38.68128],[-121.14623,38.68147],[-121.14645,38.6816],[-121.14672,38.68171],[-121.14703,38.68178],[-121.14736,38.6818],[-121.14847,38.68164],[-121.14912,38.68157],[-121.14982,38.68155],[-121.14981,38.68309],[-121.14743,38.68315],[-121.14231,38.68327],[-121.1419,38.68327],[-121.13928,38.68334],[-121.13107,38.68397],[-121.124,38.68361],[-121.124,38.68271],[-121.12405,38.68233],[-121.12419,38.68191],[-121.12439,38.68155],[-121.12464,38.68122],[-121.12503,38.68085],[-121.12545,38.68056],[-121.1284,38.67925],[-121.12853,38.6792],[-121.12977,38.67866]]]}},{"type":"Feature","properties":{"county_fips":67,"srprec":"0036407","precinct_id":"067-0036407","county_name":"Sacramento","area_sq_mi":0.515,"place_primary":"Folsom","place_primary_share":100.0,"place_also":[],"places":[{"name":"Folsom","geoid":"0624638","kind":"city","pct":100.0}],"bbox":[-121.16908,38.65345,-121.1455,38.6693],"g22_asm":{"dem_pct":49.7,"margin_dem":-0.6,"votes_two_party":821,"winner":"Rep"},"g24_asm":{"dem_pct":47.5,"margin_dem":-5.1,"votes_two_party":1157,"winner":"Rep"}},"geometry":{"type":"Polygon","coordinates":[[[-121.1533,38.66921],[-121.15159,38.66892],[-121.14817,38.66833],[-121.1475,38.66818],[-121.14681,38.66796],[-121.14535,38.66742],[-121.14404,38.66285],[-121.14409,38.66175],[-121.14418,38.66148],[-121.14446,38.66117],[-121.14478,38.66092],[-121.14492,38.66069],[-121.14494,38.66042],[-121.14483,38.66009],[-121.14483,38.65982],[-121.14493,38.65958],[-121.14516,38.65934],[-121.14548,38.65918],[-121.14607,38.65904],[-121.14634,38.65889],[-121.14653,38.65868],[-121.1466,38.65824],[-121.14736,38.65824],[-121.14816,38.65835],[-121.14874,38.65851],[-121.14929,38.65873],[-121.14994,38.65913],[-121.15052,38.6596],[-121.15123,38.66001],[-121.15387,38.66078],[-121.1561,38.66137],[-121.15717,38.66108],[-121.15789,38.6611],[-121.15747,38.66309],[-121.15722,38.66368],[-121.15691,38.6641],[-121.1564,38.66472],[-121.15606,38.66533],[-121.15502,38.66772],[-121.15471,38.66816],[-121.15419,38.66866],[-121.15386,38.66906],[-121.1533,38.66921]]]},"geometry_g24":{"type":"Polygon","coordinates":[[[-121.1624,38.65415],[-121.16304,38.65496],[-121.16531,38.65735],[-121.16686,38.65661],[-121.16863,38.65667],[-121.16706,38.65829],[-121.15913,38.66034],[-121.15747,38.66307],[-121.15692,38.66409],[-121.15606,38.66533],[-121.15464,38.66825],[-121.15372,38.6693],[-121.14931,38.66855],[-121.14922,38.66697],[-121.15253,38.66378],[-121.15623,38.66145],[-121.15153,38.66013],[-121.1501,38.65925],[-121.14909,38.65864],[-121.14739,38.65824],[-121.14561,38.65821],[-121.14582,38.65534],[-121.14746,38.65503],[-121.14829,38.65551],[-121.15209,38.65557],[-121.15291,38.65512],[-121.15329,38.65437],[-121.15434,38.65354],[-121.15669,38.65532],[-121.15765,38.6544],[-121.15946,38.65356],[-121.16092,38.65352],[-121.1624,38.65415]]]}},{"type":"Feature","properties":{"county_fips":67,"srprec":"0036433","precinct_id":"067-0036433","county_name":"Sacramento","area_sq_mi":0.484,"place_primary":"Folsom","place_primary_share":100.0,"place_also":[],"places":[{"name":"Folsom","geoid":"0624638","kind":"city","pct":100.0}],"bbox":[-121.15371,38.66403,-121.13484,38.6768],"g22_asm":null,"g24_asm":{"dem_pct":54.1,"margin_dem":8.1,"votes_two_party":925,"winner":"Dem"}},"geometry":{"type":"Polygon","coordinates":[[[-121.14605,38.66766],[-121.14681,38.66796],[-121.14748,38.66817],[-121.14767,38.66822],[-121.14784,38.66826],[-121.14931,38.66855],[-121.14956,38.6686],[-121.15262,38.66908],[-121.15333,38.66921],[-121.15363,38.66944],[-121.15317,38.66994],[-121.15277,38.67024],[-121.14781,38.67338],[-121.14756,38.67351],[-121.14422,38.67473],[-121.14144,38.67569],[-121.13694,38.6768],[-121.13568,38.67269],[-121.1351,38.6708],[-121.13497,38.67029],[-121.13489,38.66984],[-121.13485,38.66945],[-121.13484,38.66896],[-121.1349,38.66815],[-121.13504,38.6675],[-121.13515,38.66712],[-121.13534,38.66662],[-121.1356,38.66609],[-121.13581,38.66572],[-121.13674,38.66441],[-121.13701,38.66403],[-121.13851,38.66466],[-121.14086,38.66559],[-121.14453,38.66711],[-121.14533,38.66741],[-121.14605,38.66766]]]}},{"type":"Feature","properties":{"county_fips":67,"srprec":"0036556","precinct_id":"067-0036556","county_name":"Sacramento","area_sq_mi":0.45,"place_primary":"Folsom","place_primary_share":100.0,"place_also":[],"places":[{"name":"Folsom","geoid":"0624638","kind":"city","pct":100.0}],"bbox":[-121.13694,38.66948,-121.11845,38.68138],"g22_asm":{"dem_pct":49.7,"margin_dem":-0.5,"votes_two_party":1108,"winner":"Rep"},"g24_asm":{"dem_pct":47.6,"margin_dem":-4.8,"votes_two_party":1311,"winner":"Rep"}},"geometry":{"type":"Polygon","coordinates":[[[-121.12562,38.67168],[-121.12652,38.67153],[-121.12906,38.67081],[-121.12941,38.67048],[-121.12983,38.6701],[-121.13018,38.66986],[-121.13082,38.66969],[-121.13199,38.66948],[-121.13267,38.6697],[-121.13341,38.67016],[-121.13389,38.67043],[-121.13497,38.6703],[-121.13568,38.67269],[-121.13694,38.6768],[-121.13088,38.67825],[-121.12977,38.67866],[-121.1284,38.67925],[-121.12521,38.68071],[-121.12464,38.68122],[-121.12382,38.68054],[-121.12322,38.67946],[-121.12206,38.67867],[-121.1188,38.67774],[-121.11959,38.67687],[-121.11927,38.67628],[-121.11851,38.67503],[-121.11916,38.67451],[-121.12009,38.67415],[-121.12102,38.67416],[-121.12234,38.6742],[-121.12276,38.67412],[-121.12309,38.67335],[-121.12378,38.67281],[-121.12436,38.67207],[-121.12562,38.67168]]]},"geometry_g24":{"type":"Polygon","coordinates":[[[-121.13163,38.66957],[-121.1333,38.67009],[-121.13366,38.67036],[-121.13497,38.6703],[-121.13598,38.67368],[-121.13694,38.6768],[-121.1305,38.67837],[-121.12847,38.67922],[-121.12545,38.68056],[-121.12482,38.68102],[-121.12417,38.68122],[-121.12381,38.68079],[-121.12381,38.68062],[-121.12365,38.6803],[-121.12349,38.68006],[-121.12314,38.67947],[-121.12205,38.67869],[-121.12178,38.67888],[-121.11908,38.67743],[-121.11967,38.67659],[-121.11845,38.67505],[-121.11896,38.6747],[-121.11983,38.67417],[-121.12146,38.6742],[-121.12257,38.67417],[-121.12276,38.67412],[-121.12309,38.67335],[-121.12378,38.67281],[-121.1247,38.67199],[-121.12652,38.67153],[-121.12918,38.67074],[-121.12958,38.67026],[-121.13011,38.66991],[-121.131,38.6697],[-121.13163,38.66957]],[[-121.12743,38.67606],[-121.12743,38.67606],[-121.12743,38.67606]]]}},{"type":"Feature","properties":{"county_fips":67,"srprec":"0036637","precinct_id":"067-0036637","county_name":"Sacramento","area_sq_mi":0.394,"place_primary":"Folsom","place_primary_share":100.0,"place_also":[],"places":[{"name":"Folsom","geoid":"0624638","kind":"city","pct":100.0}],"bbox":[-121.12499,38.66545,-121.10911,38.68661],"g22_asm":{"dem_pct":49.0,"margin_dem":-2.0,"votes_two_party":1084,"winner":"Rep"},"g24_asm":{"dem_pct":44.5,"margin_dem":-11.1,"votes_two_party":1336,"winner":"Rep"}},"geometry":{"type":"Polygon","coordinates":[[[-121.11336,38.686],[-121.11227,38.68375],[-121.1116,38.68227],[-121.11117,38.68041],[-121.11007,38.67821],[-121.10934,38.6773],[-121.10988,38.67656],[-121.11076,38.67468],[-121.11165,38.67411],[-121.11344,38.67543],[-121.11644,38.67436],[-121.1179,38.67369],[-121.11942,38.67215],[-121.11996,38.6694],[-121.1194,38.66703],[-121.11947,38.66597],[-121.12112,38.66579],[-121.12221,38.6661],[-121.12305,38.66602],[-121.12459,38.66666],[-121.12469,38.66753],[-121.12442,38.66921],[-121.12438,38.66999],[-121.12411,38.67072],[-121.12488,38.67162],[-121.12353,38.6729],[-121.12257,38.67417],[-121.12009,38.67415],[-121.11845,38.67505],[-121.11908,38.67743],[-121.11612,38.67933],[-121.11506,38.68143],[-121.11536,38.68304],[-121.1162,38.68392],[-121.11672,38.68481],[-121.11381,38.68662],[-121.11336,38.686]]]},"geometry_g24":{"type":"Polygon","coordinates":[[[-121.12467,38.66658],[-121.12468,38.6673],[-121.12457,38.66902],[-121.12403,38.66949],[-121.12437,38.67039],[-121.12444,38.67099],[-121.1247,38.67199],[-121.12309,38.67335],[-121.12193,38.67421],[-121.11896,38.6747],[-121.1197,38.67662],[-121.11706,38.67897],[-121.11486,38.68139],[-121.11551,38.68344],[-121.11646,38.68442],[-121.11381,38.68661],[-121.11244,38.68406],[-121.1116,38.68227],[-121.11125,38.68062],[-121.11019,38.6784],[-121.10934,38.67731],[-121.11008,38.67634],[-121.11128,38.67418],[-121.11391,38.6754],[-121.11714,38.67393],[-121.11842,38.67335],[-121.1196,38.67175],[-121.11993,38.66887],[-121.11934,38.66665],[-121.11953,38.66584],[-121.1205,38.66593],[-121.12236,38.66646],[-121.1243,38.66646],[-121.12467,38.66658]],[[-121.11283,38.67642],[-121.11283,38.67642],[-121.11283,38.67642]],[[-121.11308,38.67655],[-121.11308,38.67655],[-121.11308,38.67655]],[[-121.11337,38.67641],[-121.11337,38.67641],[-121.11337,38.67641]],[[-121.11348,38.67626],[-121.11348,38.67626],[-121.11351,38.67624],[-121.11348,38.67626]],[[-121.11458,38.67622],[-121.11472,38.67618],[-121.11458,38.67622]],[[-121.11498,38.67606],[-121.11498,38.67606],[-121.11487,38.67611],[-121.11498,38.67606]],[[-121.11498,38.67606],[-121.11498,38.67606],[-121.11498,38.67606]],[[-121.11508,38.67573],[-121.11508,38.67573],[-121.11508,38.67573]],[[-121.11535,38.67548],[-121.11537,38.67547],[-121.11537,38.67547],[-121.11535,38.67548]],[[-121.11537,38.67547],[-121.11538,38.67547],[-121.11538,38.67547],[-121.11537,38.67547]],[[-121.11598,38.6756],[-121.11598,38.6756],[-121.11598,38.6756]],[[-121.11598,38.6756],[-121.11622,38.67555],[-121.11622,38.67555],[-121.11598,38.6756]],[[-121.11622,38.67555],[-121.11631,38.67551],[-121.11622,38.67555]],[[-121.11701,38.67521],[-121.11701,38.67521],[-121.11729,38.67507],[-121.11729,38.67507],[-121.11746,38.67498],[-121.11729,38.67507],[-121.11701,38.67521]]]}},{"type":"Feature","properties":{"county_fips":67,"srprec":"0036645","precinct_id":"067-0036645","county_name":"Sacramento","area_sq_mi":0.661,"place_primary":"Folsom","place_primary_share":100.0,"place_also":[],"places":[{"name":"Folsom","geoid":"0624638","kind":"city","pct":100.0}],"bbox":[-121.13674,38.65387,-121.11587,38.67189],"g22_asm":{"dem_pct":43.2,"margin_dem":-13.6,"votes_two_party":861,"winner":"Rep"},"g24_asm":{"dem_pct":41.4,"margin_dem":-17.3,"votes_two_party":1095,"winner":"Rep"}},"geometry":{"type":"Polygon","coordinates":[[[-121.12488,38.67162],[-121.1242,38.67078],[-121.12442,38.67021],[-121.12413,38.66944],[-121.12463,38.66888],[-121.12468,38.66733],[-121.12467,38.66658],[-121.12305,38.66602],[-121.12235,38.6661],[-121.12137,38.66591],[-121.12093,38.66435],[-121.12134,38.6635],[-121.12129,38.66262],[-121.12092,38.66098],[-121.11781,38.65945],[-121.11675,38.65912],[-121.11631,38.65779],[-121.11682,38.65744],[-121.11766,38.65642],[-121.11816,38.65589],[-121.11866,38.6555],[-121.1196,38.655],[-121.12133,38.65421],[-121.12263,38.6545],[-121.13062,38.66019],[-121.13581,38.66572],[-121.13512,38.66723],[-121.13484,38.66922],[-121.13401,38.67042],[-121.13287,38.66984],[-121.131,38.6697],[-121.12993,38.67004],[-121.12923,38.6707],[-121.12609,38.67159],[-121.12488,38.67162]]]},"geometry_g24":{"type":"Polygon","coordinates":[[[-121.12593,38.65698],[-121.13062,38.66019],[-121.13567,38.66596],[-121.13515,38.66712],[-121.13484,38.66893],[-121.13496,38.67028],[-121.13287,38.66984],[-121.13019,38.66986],[-121.12941,38.67048],[-121.12652,38.67153],[-121.12477,38.67141],[-121.12411,38.67072],[-121.12442,38.67021],[-121.12414,38.66943],[-121.12463,38.66888],[-121.12468,38.66733],[-121.12459,38.66666],[-121.12315,38.66638],[-121.12166,38.66639],[-121.12016,38.66586],[-121.12081,38.66449],[-121.12126,38.6638],[-121.12137,38.66306],[-121.12107,38.662],[-121.12092,38.65946],[-121.11742,38.6594],[-121.11662,38.65902],[-121.11651,38.65767],[-121.11702,38.65726],[-121.11776,38.6563],[-121.11847,38.65564],[-121.11943,38.65508],[-121.12111,38.65434],[-121.12178,38.65387],[-121.12593,38.65698]],[[-121.12147,38.663],[-121.12147,38.663],[-121.12147,38.663],[-121.12147,38.663]],[[-121.12254,38.66435],[-121.12254,38.66435],[-121.12254,38.66435],[-121.12254,38.66435],[-121.12254,38.66435],[-121.12254,38.66435]],[[-121.13078,38.66618],[-121.13078,38.66618],[-121.13078,38.66618]],[[-121.13102,38.66623],[-121.13102,38.66623],[-121.13102,38.66623]],[[-121.1323,38.66599],[-121.1323,38.66599],[-121.1323,38.66599]],[[-121.13263,38.66599],[-121.13263,38.66599],[-121.13263,38.66599]]]}},{"type":"Feature","properties":{"county_fips":67,"srprec":"0036670","precinct_id":"067-0036670","county_name":"Sacramento","area_sq_mi":0.673,"place_primary":"Folsom","place_primary_share":100.0,"place_also":[],"places":[{"name":"Folsom","geoid":"0624638","kind":"city","pct":100.0}],"bbox":[-121.12138,38.658,-121.10668,38.67545],"g22_asm":{"dem_pct":48.8,"margin_dem":-2.3,"votes_two_party":1155,"winner":"Rep"},"g24_asm":{"dem_pct":41.8,"margin_dem":-16.5,"votes_two_party":1396,"winner":"Rep"}},"geometry":{"type":"Polygon","coordinates":[[[-121.12092,38.65946],[-121.12101,38.66172],[-121.12135,38.66289],[-121.12131,38.66365],[-121.12093,38.66435],[-121.11964,38.66566],[-121.11934,38.6665],[-121.11951,38.66737],[-121.11997,38.6693],[-121.1196,38.67175],[-121.11849,38.67328],[-121.1179,38.67369],[-121.11669,38.67416],[-121.11526,38.67504],[-121.11314,38.67538],[-121.11169,38.67418],[-121.11089,38.67416],[-121.11094,38.6737],[-121.11079,38.67256],[-121.11033,38.67146],[-121.10822,38.66671],[-121.10792,38.66571],[-121.10774,38.66448],[-121.10753,38.66285],[-121.1067,38.6602],[-121.10668,38.65973],[-121.10862,38.65848],[-121.11123,38.65873],[-121.11288,38.65847],[-121.11437,38.65831],[-121.11562,38.6581],[-121.11675,38.65912],[-121.11763,38.65943],[-121.12092,38.65946]]]},"geometry_g24":{"type":"Polygon","coordinates":[[[-121.11587,38.658],[-121.11675,38.65912],[-121.11742,38.6594],[-121.11896,38.65945],[-121.12093,38.66114],[-121.12109,38.66204],[-121.12136,38.66295],[-121.12135,38.66349],[-121.12112,38.66408],[-121.11989,38.66537],[-121.11948,38.66595],[-121.11934,38.66653],[-121.1194,38.66703],[-121.11995,38.66901],[-121.11994,38.66983],[-121.1195,38.67203],[-121.11832,38.67344],[-121.11774,38.67375],[-121.11681,38.67408],[-121.11391,38.6754],[-121.11217,38.67467],[-121.11108,38.67418],[-121.11094,38.6737],[-121.11062,38.67212],[-121.10797,38.66591],[-121.10771,38.66392],[-121.10678,38.66061],[-121.10679,38.65921],[-121.11061,38.65872],[-121.11158,38.65871],[-121.11315,38.65842],[-121.11437,38.65831],[-121.11539,38.65816],[-121.11587,38.658]],[[-121.11366,38.67247],[-121.11366,38.67247],[-121.11366,38.67247]],[[-121.11393,38.67318],[-121.11393,38.67318],[-121.11393,38.67318]]]}},{"type":"Feature","properties":{"county_fips":67,"srprec":"0036754","precinct_id":"067-0036754","county_name":"Sacramento","area_sq_mi":0.495,"place_primary":"Folsom","place_primary_share":100.0,"place_also":[],"places":[{"name":"Folsom","geoid":"0624638","kind":"city","pct":100.0}],"bbox":[-121.11094,38.6602,-121.09823,38.68766],"g22_asm":{"dem_pct":46.9,"margin_dem":-6.2,"votes_two_party":1111,"winner":"Rep"},"g24_asm":{"dem_pct":42.0,"margin_dem":-16.1,"votes_two_party":1337,"winner":"Rep"}},"geometry":{"type":"Polygon","coordinates":[[[-121.09891,38.67577],[-121.0983,38.67366],[-121.09877,38.67157],[-121.09883,38.67065],[-121.09872,38.67003],[-121.10364,38.66812],[-121.10595,38.66606],[-121.10577,38.66568],[-121.10578,38.66529],[-121.10584,38.66492],[-121.10553,38.6648],[-121.10567,38.66444],[-121.10561,38.66398],[-121.10593,38.66348],[-121.10615,38.6631],[-121.10733,38.6625],[-121.10678,38.66061],[-121.10759,38.66309],[-121.10774,38.66448],[-121.10785,38.66536],[-121.10801,38.66604],[-121.10881,38.66806],[-121.11062,38.67211],[-121.11079,38.67256],[-121.11094,38.67347],[-121.11091,38.67403],[-121.11083,38.67445],[-121.11022,38.67611],[-121.10988,38.67656],[-121.10975,38.67666],[-121.10875,38.67675],[-121.10849,38.67654],[-121.10737,38.6758],[-121.10485,38.67558],[-121.10613,38.67674],[-121.10473,38.67895],[-121.10465,38.68312],[-121.10465,38.68684],[-121.10463,38.68767],[-121.10335,38.68509],[-121.09891,38.67577]]]},"geometry_g24":{"type":"Polygon","coordinates":[[[-121.10532,38.67473],[-121.10613,38.67674],[-121.10513,38.67787],[-121.10504,38.67795],[-121.10493,38.67836],[-121.1054,38.67961],[-121.10547,38.67972],[-121.10467,38.68243],[-121.10479,38.68365],[-121.10544,38.68742],[-121.10418,38.68678],[-121.09827,38.67389],[-121.09876,38.67161],[-121.09883,38.67065],[-121.09877,38.66978],[-121.10313,38.66943],[-121.10426,38.6692],[-121.10522,38.6678],[-121.10616,38.66655],[-121.10592,38.66614],[-121.10577,38.66568],[-121.10586,38.66499],[-121.10556,38.6647],[-121.10585,38.66413],[-121.10583,38.66368],[-121.10733,38.6625],[-121.10753,38.66285],[-121.10785,38.66536],[-121.11032,38.67144],[-121.11094,38.67347],[-121.11083,38.67445],[-121.10983,38.6766],[-121.1085,38.67655],[-121.10741,38.67583],[-121.10532,38.67473]],[[-121.10532,38.67473],[-121.10339,38.67372],[-121.10339,38.67372],[-121.10532,38.67473]],[[-121.09898,38.67216],[-121.09907,38.67217],[-121.09907,38.67217],[-121.09898,38.67216]],[[-121.09947,38.67224],[-121.09978,38.67231],[-121.09978,38.67231],[-121.09947,38.67224]],[[-121.09947,38.67224],[-121.09943,38.67224],[-121.09943,38.67224],[-121.09947,38.67224]],[[-121.10011,38.67239],[-121.10013,38.67239],[-121.10013,38.67239],[-121.10011,38.67239]],[[-121.10013,38.67239],[-121.10018,38.6724],[-121.10013,38.67239]],[[-121.10045,38.67248],[-121.10048,38.67248],[-121.10048,38.67248],[-121.10045,38.67248]],[[-121.10048,38.67249],[-121.10051,38.67249],[-121.10048,38.67249]],[[-121.10116,38.6727],[-121.10116,38.6727],[-121.10116,38.6727]],[[-121.10232,38.67317],[-121.10261,38.67331],[-121.10261,38.67331],[-121.10232,38.67317]]]}},{"type":"Feature","properties":{"county_fips":67,"srprec":"0036962","precinct_id":"067-0036962","county_name":"Sacramento","area_sq_mi":0.739,"place_primary":"Folsom","place_primary_share":100.0,"place_also":[],"places":[{"name":"Folsom","geoid":"0624638","kind":"city","pct":100.0}],"bbox":[-121.10733,38.65417,-121.08958,38.67435],"g22_asm":{"dem_pct":46.3,"margin_dem":-7.3,"votes_two_party":995,"winner":"Rep"},"g24_asm":{"dem_pct":43.0,"margin_dem":-14.0,"votes_two_party":1311,"winner":"Rep"}},"geometry":{"type":"Polygon","coordinates":[[[-121.08958,38.65619],[-121.09025,38.65597],[-121.0907,38.65595],[-121.09117,38.65589],[-121.09234,38.65558],[-121.09715,38.65435],[-121.09842,38.65419],[-121.09982,38.65422],[-121.1007,38.65435],[-121.10174,38.65468],[-121.10231,38.65496],[-121.10313,38.65556],[-121.10429,38.6568],[-121.10491,38.65733],[-121.10595,38.65791],[-121.1068,38.65819],[-121.10668,38.65973],[-121.1067,38.6602],[-121.10657,38.66262],[-121.10612,38.66322],[-121.10583,38.66368],[-121.10565,38.66407],[-121.10569,38.66457],[-121.10554,38.66489],[-121.10586,38.66499],[-121.10574,38.6653],[-121.10591,38.66581],[-121.10592,38.66614],[-121.10453,38.66916],[-121.09873,38.67004],[-121.09883,38.67088],[-121.09869,38.67192],[-121.09827,38.67388],[-121.08958,38.65619]]]},"geometry_g24":{"type":"Polygon","coordinates":[[[-121.08958,38.65619],[-121.0907,38.65595],[-121.09168,38.65574],[-121.09533,38.65481],[-121.09787,38.65424],[-121.09887,38.65417],[-121.10018,38.65426],[-121.10095,38.65441],[-121.10177,38.65469],[-121.10234,38.65498],[-121.10313,38.65556],[-121.10478,38.65723],[-121.10628,38.65803],[-121.10669,38.65972],[-121.10733,38.6625],[-121.10612,38.66322],[-121.10583,38.66368],[-121.10565,38.66407],[-121.10569,38.66457],[-121.10553,38.6648],[-121.10573,38.6649],[-121.10578,38.66529],[-121.10577,38.66568],[-121.10596,38.66605],[-121.10622,38.66635],[-121.10596,38.66684],[-121.10541,38.6677],[-121.10405,38.6686],[-121.10405,38.66926],[-121.10163,38.66958],[-121.09866,38.6698],[-121.0988,38.67043],[-121.09879,38.67142],[-121.09831,38.67362],[-121.08958,38.65619]],[[-121.09569,38.65637],[-121.09569,38.65637],[-121.09569,38.65637],[-121.09569,38.65637]],[[-121.09854,38.66231],[-121.09854,38.66231],[-121.09854,38.66231]],[[-121.09855,38.66538],[-121.09855,38.66538],[-121.09855,38.66538]],[[-121.09907,38.66234],[-121.09907,38.66234],[-121.09907,38.66234]],[[-121.09923,38.66626],[-121.09923,38.66626],[-121.09923,38.66626],[-121.09923,38.66626]],[[-121.09929,38.65992],[-121.09929,38.65992],[-121.09929,38.65992]],[[-121.09963,38.6594],[-121.09963,38.6594],[-121.09963,38.6594]],[[-121.09992,38.65906],[-121.09992,38.65906],[-121.09992,38.65906]]]}},{"type":"Feature","properties":{"county_fips":67,"srprec":"0037109","precinct_id":"067-0037109","county_name":"Sacramento","area_sq_mi":0.55,"place_primary":"Fair Oaks","place_primary_share":99.9,"place_also":[],"places":[{"name":"Fair Oaks","geoid":"0623294","kind":"cdp","pct":99.9}],"bbox":[-121.29206,38.63629,-121.28263,38.6527],"g22_asm":{"dem_pct":47.0,"margin_dem":-5.9,"votes_two_party":1152,"winner":"Rep"},"g24_asm":{"dem_pct":45.0,"margin_dem":-10.1,"votes_two_party":1319,"winner":"Rep"}},"geometry":{"type":"Polygon","coordinates":[[[-121.29071,38.6365],[-121.29091,38.63648],[-121.29177,38.63629],[-121.29181,38.63651],[-121.29179,38.63769],[-121.2918,38.63864],[-121.29181,38.63927],[-121.29176,38.63968],[-121.29176,38.6404],[-121.29181,38.64078],[-121.29182,38.64139],[-121.29183,38.64219],[-121.29185,38.64353],[-121.29186,38.64408],[-121.29188,38.64554],[-121.29196,38.64774],[-121.29199,38.64857],[-121.29202,38.64921],[-121.29203,38.65029],[-121.29205,38.65177],[-121.29014,38.65269],[-121.28918,38.65269],[-121.28779,38.65269],[-121.28704,38.65269],[-121.28469,38.6527],[-121.28276,38.65145],[-121.28271,38.64818],[-121.28268,38.64668],[-121.28265,38.64292],[-121.28264,38.64239],[-121.28262,38.63742],[-121.28297,38.63725],[-121.28414,38.63676],[-121.28445,38.63667],[-121.28466,38.63662],[-121.28508,38.63656],[-121.28713,38.63653],[-121.289,38.63652],[-121.29071,38.6365]]]},"geometry_g24":{"type":"Polygon","coordinates":[[[-121.2918,38.6364],[-121.29179,38.63727],[-121.29179,38.63796],[-121.29181,38.63916],[-121.29177,38.6395],[-121.29176,38.63984],[-121.29181,38.64076],[-121.29181,38.64079],[-121.29182,38.64143],[-121.29186,38.64401],[-121.29187,38.64458],[-121.29187,38.64459],[-121.29193,38.64768],[-121.29199,38.64857],[-121.29202,38.64922],[-121.29205,38.65176],[-121.29014,38.65269],[-121.28779,38.65269],[-121.28278,38.6527],[-121.28272,38.64879],[-121.28266,38.64515],[-121.28267,38.64463],[-121.28265,38.64372],[-121.28264,38.64249],[-121.28263,38.63931],[-121.28281,38.63732],[-121.28404,38.6368],[-121.28424,38.63673],[-121.28466,38.63662],[-121.28509,38.63656],[-121.28745,38.63653],[-121.29071,38.6365],[-121.29117,38.63643],[-121.29163,38.63634],[-121.29177,38.63629],[-121.2918,38.6364]],[[-121.28387,38.64463],[-121.28441,38.64463],[-121.28441,38.64462],[-121.28387,38.64463]],[[-121.28615,38.64462],[-121.28491,38.64462],[-121.28491,38.64462],[-121.28615,38.64462]],[[-121.28615,38.64462],[-121.28664,38.64461],[-121.28664,38.64461],[-121.28615,38.64461],[-121.28615,38.64462]],[[-121.28961,38.6446],[-121.28961,38.6446],[-121.28955,38.6446],[-121.28961,38.6446]],[[-121.28955,38.6446],[-121.28955,38.6446],[-121.28892,38.6446],[-121.28955,38.6446]],[[-121.28955,38.6446],[-121.2873,38.64461],[-121.2873,38.64461],[-121.28955,38.6446]]]}},{"type":"Feature","properties":{"county_fips":67,"srprec":"0037138","precinct_id":"067-0037138","county_name":"Sacramento","area_sq_mi":0.552,"place_primary":"Fair Oaks","place_primary_share":100.0,"place_also":[],"places":[{"name":"Fair Oaks","geoid":"0623294","kind":"cdp","pct":100.0}],"bbox":[-121.28278,38.64463,-121.26422,38.65286],"g22_asm":{"dem_pct":53.5,"margin_dem":7.1,"votes_two_party":990,"winner":"Dem"},"g24_asm":{"dem_pct":50.3,"margin_dem":0.6,"votes_two_party":1259,"winner":"Dem"}},"geometry":{"type":"Polygon","coordinates":[[[-121.26426,38.64761],[-121.26426,38.64725],[-121.26426,38.64703],[-121.26422,38.64479],[-121.26623,38.64478],[-121.26722,38.64477],[-121.26823,38.64476],[-121.26879,38.64475],[-121.26958,38.64475],[-121.27015,38.64474],[-121.27114,38.64473],[-121.27145,38.64474],[-121.2721,38.64474],[-121.27342,38.64473],[-121.27769,38.64468],[-121.27803,38.64468],[-121.27983,38.64466],[-121.28056,38.64465],[-121.28111,38.64465],[-121.28265,38.64463],[-121.28268,38.64668],[-121.2827,38.64741],[-121.28271,38.64818],[-121.28274,38.64997],[-121.28276,38.65145],[-121.28278,38.6527],[-121.28128,38.65269],[-121.27905,38.65272],[-121.27836,38.65273],[-121.27811,38.65274],[-121.27584,38.65277],[-121.27566,38.65277],[-121.27354,38.6528],[-121.27241,38.65282],[-121.27232,38.65282],[-121.27036,38.65283],[-121.26934,38.65283],[-121.26903,38.65284],[-121.26849,38.65284],[-121.26703,38.65284],[-121.26602,38.65285],[-121.2643,38.65286],[-121.2643,38.65115],[-121.2643,38.65072],[-121.2643,38.65061],[-121.26429,38.64978],[-121.26429,38.64931],[-121.26428,38.64899],[-121.26428,38.64847],[-121.26426,38.64761]]]},"geometry_g24":{"type":"Polygon","coordinates":[[[-121.2721,38.64474],[-121.27339,38.64473],[-121.27461,38.64472],[-121.27803,38.64468],[-121.28111,38.64465],[-121.28265,38.64463],[-121.28268,38.64668],[-121.28271,38.64818],[-121.28276,38.65145],[-121.28278,38.65269],[-121.28128,38.65269],[-121.27836,38.65273],[-121.27566,38.65277],[-121.27241,38.65282],[-121.27241,38.65282],[-121.27239,38.65282],[-121.27231,38.65282],[-121.26934,38.65283],[-121.26849,38.65284],[-121.2643,38.65286],[-121.2643,38.65115],[-121.2643,38.65072],[-121.26429,38.64931],[-121.26428,38.64848],[-121.26428,38.64846],[-121.26428,38.64846],[-121.26426,38.64703],[-121.26422,38.64479],[-121.26623,38.64478],[-121.26879,38.64475],[-121.27114,38.64473],[-121.27145,38.64474],[-121.2721,38.64474]],[[-121.27159,38.64842],[-121.27159,38.64842],[-121.27159,38.64842],[-121.27159,38.64842]],[[-121.27159,38.64843],[-121.27159,38.64843],[-121.27159,38.64843],[-121.27159,38.64843]],[[-121.27263,38.64847],[-121.27263,38.64848],[-121.27263,38.64848],[-121.27263,38.64848],[-121.27263,38.64847],[-121.27263,38.64847]]]}},{"type":"Feature","properties":{"county_fips":67,"srprec":"0037296","precinct_id":"067-0037296","county_name":"Sacramento","area_sq_mi":0.593,"place_primary":"Fair Oaks","place_primary_share":100.0,"place_also":[],"places":[{"name":"Fair Oaks","geoid":"0623294","kind":"cdp","pct":100.0}],"bbox":[-121.2643,38.6438,-121.24292,38.65301],"g22_asm":{"dem_pct":49.1,"margin_dem":-1.7,"votes_two_party":863,"winner":"Rep"},"g24_asm":null},"geometry":{"type":"Polygon","coordinates":[[[-121.25523,38.6459],[-121.25553,38.64562],[-121.25625,38.64515],[-121.25691,38.64494],[-121.25951,38.64484],[-121.26223,38.64481],[-121.26426,38.64761],[-121.26429,38.64978],[-121.2643,38.65286],[-121.25744,38.65291],[-121.25401,38.65293],[-121.25231,38.65295],[-121.25155,38.65294],[-121.24838,38.65297],[-121.24416,38.64905],[-121.24311,38.64586],[-121.24327,38.64505],[-121.24371,38.64471],[-121.24468,38.64406],[-121.24493,38.64386],[-121.24528,38.64381],[-121.24656,38.6442],[-121.24715,38.64453],[-121.24761,38.6446],[-121.24869,38.64428],[-121.24908,38.64428],[-121.24995,38.64427],[-121.25037,38.64443],[-121.25064,38.64476],[-121.25071,38.6454],[-121.25085,38.64659],[-121.25104,38.64682],[-121.25124,38.64689],[-121.25225,38.64677],[-121.2534,38.64625],[-121.25456,38.64619],[-121.25523,38.6459]]]}},{"type":"Feature","properties":{"county_fips":67,"srprec":"0037534","precinct_id":"067-0037534","county_name":"Sacramento","area_sq_mi":0.937,"place_primary":"Fair Oaks","place_primary_share":100.0,"place_also":[],"places":[{"name":"Fair Oaks","geoid":"0623294","kind":"cdp","pct":100.0}],"bbox":[-121.27267,38.63436,-121.22541,38.64689],"g22_asm":{"dem_pct":54.0,"margin_dem":8.0,"votes_two_party":1293,"winner":"Dem"},"g24_asm":{"dem_pct":51.3,"margin_dem":2.6,"votes_two_party":1439,"winner":"Dem"}},"geometry":{"type":"Polygon","coordinates":[[[-121.27073,38.63642],[-121.2714,38.63858],[-121.27221,38.64146],[-121.27266,38.64314],[-121.27114,38.64473],[-121.26136,38.64482],[-121.25652,38.64503],[-121.25532,38.64585],[-121.2534,38.64625],[-121.25118,38.64688],[-121.25078,38.64636],[-121.25047,38.6445],[-121.24908,38.64428],[-121.24755,38.64461],[-121.24601,38.64394],[-121.24476,38.644],[-121.24327,38.64505],[-121.24074,38.64576],[-121.23872,38.64581],[-121.23683,38.64534],[-121.2348,38.64597],[-121.23312,38.6412],[-121.23182,38.64188],[-121.23099,38.64265],[-121.23025,38.64252],[-121.22972,38.64195],[-121.22864,38.64217],[-121.22624,38.64222],[-121.22645,38.641],[-121.22556,38.64036],[-121.22529,38.63674],[-121.23455,38.63242],[-121.2545,38.63783],[-121.26171,38.63779],[-121.26789,38.6345],[-121.26988,38.63492],[-121.27073,38.63642]]]},"geometry_g24":{"type":"MultiPolygon","coordinates":[[[[-121.23084,38.6365],[-121.23191,38.63684],[-121.23333,38.63733],[-121.23374,38.63719],[-121.2318,38.63791],[-121.22925,38.63764],[-121.22868,38.63917],[-121.23089,38.63873],[-121.23371,38.64119],[-121.233,38.64118],[-121.23256,38.6416],[-121.23156,38.64203],[-121.23125,38.64231],[-121.23106,38.64258],[-121.23056,38.64286],[-121.23043,38.64271],[-121.23022,38.64249],[-121.23003,38.64202],[-121.22972,38.64195],[-121.22928,38.64212],[-121.22883,38.64218],[-121.22816,38.6421],[-121.22726,38.6422],[-121.22628,38.64209],[-121.22632,38.64153],[-121.22647,38.64095],[-121.22657,38.64044],[-121.22625,38.64035],[-121.22541,38.64034],[-121.22551,38.63784],[-121.22543,38.6372],[-121.22798,38.63594],[-121.23004,38.63644],[-121.23084,38.6365]]],[[[-121.26988,38.63492],[-121.27137,38.63832],[-121.27234,38.6417],[-121.27264,38.64335],[-121.27015,38.64474],[-121.25738,38.64485],[-121.25554,38.6456],[-121.25443,38.64621],[-121.25171,38.64688],[-121.2508,38.64645],[-121.25047,38.6445],[-121.24889,38.64428],[-121.24736,38.64458],[-121.24603,38.64395],[-121.24476,38.644],[-121.24351,38.64481],[-121.24272,38.64549],[-121.23904,38.64589],[-121.23696,38.64531],[-121.2348,38.64597],[-121.23688,38.64224],[-121.24399,38.63919],[-121.24512,38.6393],[-121.24692,38.64014],[-121.24931,38.64113],[-121.25447,38.64118],[-121.25675,38.6387],[-121.25735,38.63867],[-121.2595,38.64015],[-121.26054,38.6383],[-121.2632,38.63765],[-121.26578,38.63716],[-121.26795,38.6357],[-121.26988,38.63492]],[[-121.25944,38.64016],[-121.25944,38.64016],[-121.25947,38.64016],[-121.25944,38.64016]],[[-121.25962,38.64046],[-121.25962,38.64046],[-121.25966,38.6405],[-121.25962,38.64046]],[[-121.2609,38.64236],[-121.2609,38.64236],[-121.26039,38.64172],[-121.2609,38.64236]],[[-121.26039,38.64172],[-121.25969,38.64056],[-121.26039,38.64172]],[[-121.26031,38.64162],[-121.26031,38.64162],[-121.25981,38.64078],[-121.26031,38.64162]],[[-121.26154,38.64317],[-121.26174,38.64343],[-121.26174,38.64343],[-121.26154,38.64317]]]]}},{"type":"Feature","properties":{"county_fips":67,"srprec":"0037732","precinct_id":"067-0037732","county_name":"Sacramento","area_sq_mi":0.658,"place_primary":"Fair Oaks","place_primary_share":100.0,"place_also":[],"places":[{"name":"Fair Oaks","geoid":"0623294","kind":"cdp","pct":100.0}],"bbox":[-121.29177,38.62909,-121.26947,38.64474],"g22_asm":{"dem_pct":52.7,"margin_dem":5.5,"votes_two_party":880,"winner":"Dem"},"g24_asm":{"dem_pct":52.1,"margin_dem":4.1,"votes_two_party":1047,"winner":"Dem"}},"geometry":{"type":"Polygon","coordinates":[[[-121.29149,38.6312],[-121.2917,38.63417],[-121.29174,38.63615],[-121.29081,38.63649],[-121.28817,38.63652],[-121.28487,38.63658],[-121.28424,38.63673],[-121.28281,38.63732],[-121.28264,38.64249],[-121.28056,38.64465],[-121.27342,38.64473],[-121.27253,38.6438],[-121.27266,38.64314],[-121.27257,38.64224],[-121.27227,38.64157],[-121.27163,38.64011],[-121.27146,38.63913],[-121.27131,38.63801],[-121.27109,38.63724],[-121.27054,38.63608],[-121.26946,38.6342],[-121.26904,38.63348],[-121.27071,38.63235],[-121.27372,38.63013],[-121.27536,38.62877],[-121.28279,38.6231],[-121.2833,38.62219],[-121.28432,38.62149],[-121.28513,38.6207],[-121.28594,38.62059],[-121.28694,38.62078],[-121.28846,38.62174],[-121.2899,38.62325],[-121.29011,38.62439],[-121.2897,38.62631],[-121.28849,38.62864],[-121.28841,38.62932],[-121.28939,38.63067],[-121.29101,38.6307],[-121.29149,38.6312]]]},"geometry_g24":{"type":"Polygon","coordinates":[[[-121.28673,38.62998],[-121.28718,38.62954],[-121.28893,38.63041],[-121.29143,38.63083],[-121.29169,38.63404],[-121.29163,38.63634],[-121.28817,38.63652],[-121.28445,38.63667],[-121.28263,38.63742],[-121.28265,38.64281],[-121.27461,38.64472],[-121.27256,38.64369],[-121.27262,38.64246],[-121.27221,38.64146],[-121.27142,38.63876],[-121.27109,38.63724],[-121.26955,38.63436],[-121.27113,38.63406],[-121.27364,38.63418],[-121.27636,38.63374],[-121.27946,38.63265],[-121.28295,38.63237],[-121.28431,38.6324],[-121.28408,38.63216],[-121.28409,38.63183],[-121.28484,38.63167],[-121.285,38.63154],[-121.28517,38.63126],[-121.28622,38.63105],[-121.2864,38.63087],[-121.2864,38.63069],[-121.2864,38.63052],[-121.28632,38.63024],[-121.28676,38.63013],[-121.28673,38.62998]],[[-121.27488,38.63444],[-121.27506,38.63662],[-121.27488,38.63444]],[[-121.27646,38.63661],[-121.27646,38.63661],[-121.27794,38.6366],[-121.27794,38.6366],[-121.27646,38.63661]],[[-121.27796,38.63836],[-121.27797,38.63922],[-121.27796,38.63836]],[[-121.27887,38.63927],[-121.2791,38.63925],[-121.2791,38.63925],[-121.27887,38.63927]],[[-121.2802,38.63927],[-121.2802,38.63927],[-121.27995,38.63927],[-121.2802,38.63927]],[[-121.28064,38.63927],[-121.28259,38.63927],[-121.28064,38.63927]]]}},{"type":"Feature","properties":{"county_fips":67,"srprec":"0038476","precinct_id":"067-0038476","county_name":"Sacramento","area_sq_mi":1.62,"place_primary":"Fair Oaks","place_primary_share":100.0,"place_also":[],"places":[{"name":"Fair Oaks","geoid":"0623294","kind":"cdp","pct":100.0}],"bbox":[-121.2348,38.63606,-121.19256,38.65725],"g22_asm":{"dem_pct":48.6,"margin_dem":-2.7,"votes_two_party":884,"winner":"Rep"},"g24_asm":null},"geometry":{"type":"Polygon","coordinates":[[[-121.20362,38.65607],[-121.19294,38.65027],[-121.19456,38.64576],[-121.20779,38.64013],[-121.2185,38.63713],[-121.22473,38.63611],[-121.22521,38.63652],[-121.2255,38.63768],[-121.22556,38.64036],[-121.22658,38.6403],[-121.22637,38.64122],[-121.22634,38.64176],[-121.22725,38.6422],[-121.22816,38.6421],[-121.22901,38.64217],[-121.22967,38.64197],[-121.23003,38.64202],[-121.23025,38.64252],[-121.23062,38.64285],[-121.23106,38.64258],[-121.23143,38.64212],[-121.23256,38.6416],[-121.23296,38.64127],[-121.23389,38.64119],[-121.23474,38.64422],[-121.23041,38.64601],[-121.22658,38.64605],[-121.22452,38.64845],[-121.21608,38.64945],[-121.21386,38.65059],[-121.21295,38.65283],[-121.21281,38.6546],[-121.21133,38.65721],[-121.20395,38.65618],[-121.20362,38.65607]]]}},{"type":"Feature","properties":{"county_fips":67,"srprec":"0039027","precinct_id":"067-0039027","county_name":"Sacramento","area_sq_mi":0.152,"place_primary":"Folsom","place_primary_share":96.0,"place_also":[],"places":[{"name":"Folsom","geoid":"0624638","kind":"city","pct":96.0}],"bbox":[-121.21014,38.63187,-121.197,38.6398],"g22_asm":{"dem_pct":55.0,"margin_dem":10.1,"votes_two_party":945,"winner":"Dem"},"g24_asm":null},"geometry":{"type":"MultiPolygon","coordinates":[[[[-121.19703,38.63977],[-121.20028,38.63584],[-121.20164,38.63477],[-121.2029,38.63409],[-121.20945,38.63307],[-121.21014,38.6346],[-121.20857,38.63676],[-121.2079,38.63815],[-121.20736,38.63995],[-121.19456,38.64576],[-121.19082,38.64982],[-121.18897,38.64898],[-121.18798,38.64942],[-121.18684,38.64957],[-121.18578,38.64955],[-121.18482,38.65009],[-121.18413,38.65008],[-121.1837,38.65085],[-121.18324,38.65145],[-121.18172,38.65148],[-121.1792,38.64932],[-121.17844,38.64878],[-121.17774,38.64861],[-121.1769,38.64872],[-121.17622,38.64912],[-121.17525,38.64995],[-121.17323,38.64981],[-121.17094,38.64683],[-121.17307,38.64533],[-121.17606,38.64337],[-121.17754,38.64293],[-121.19626,38.6401],[-121.197,38.63981],[-121.19703,38.63977]]],[[[-121.17938,38.65037],[-121.17933,38.65046],[-121.17932,38.65046],[-121.17938,38.65037]]]]},"geometry_g24":{"type":"Polygon","coordinates":[[[-121.20959,38.63325],[-121.20971,38.63335],[-121.20992,38.63409],[-121.21005,38.63438],[-121.21014,38.6346],[-121.20786,38.63583],[-121.2067,38.63644],[-121.20648,38.63656],[-121.20623,38.63669],[-121.20616,38.63662],[-121.20611,38.63655],[-121.20606,38.63651],[-121.20245,38.63845],[-121.20173,38.63878],[-121.20019,38.63929],[-121.19939,38.63947],[-121.19794,38.63968],[-121.19793,38.63968],[-121.197,38.6398],[-121.19826,38.63827],[-121.19879,38.63762],[-121.20003,38.6361],[-121.20028,38.63584],[-121.20076,38.6354],[-121.20113,38.63512],[-121.20164,38.63477],[-121.20199,38.63456],[-121.20233,38.63437],[-121.2029,38.63409],[-121.20335,38.63389],[-121.20873,38.63187],[-121.20875,38.6319],[-121.20959,38.63325]]]}},{"type":"Feature","properties":{"county_fips":67,"srprec":"0039172","precinct_id":"067-0039172","county_name":"Sacramento","area_sq_mi":0.838,"place_primary":"Folsom","place_primary_share":97.4,"place_also":[],"places":[{"name":"Folsom","geoid":"0624638","kind":"city","pct":97.4},{"name":"Fair Oaks","geoid":"0623294","kind":"cdp","pct":1.4}],"bbox":[-121.20857,38.63583,-121.17092,38.65099],"g22_asm":null,"g24_asm":{"dem_pct":50.0,"margin_dem":0.1,"votes_two_party":1195,"winner":"Dem"}},"geometry":{"type":"Polygon","coordinates":[[[-121.20845,38.63652],[-121.2079,38.63815],[-121.20743,38.64023],[-121.19303,38.64908],[-121.1904,38.64972],[-121.18824,38.64922],[-121.18788,38.64948],[-121.18625,38.64957],[-121.18576,38.64956],[-121.18482,38.65009],[-121.18376,38.65023],[-121.1837,38.65085],[-121.18066,38.65072],[-121.18045,38.65045],[-121.1803,38.65008],[-121.17997,38.64988],[-121.17921,38.64933],[-121.17873,38.64895],[-121.17827,38.64872],[-121.17758,38.64861],[-121.17707,38.64867],[-121.17648,38.64891],[-121.17573,38.64963],[-121.17525,38.64995],[-121.17323,38.64982],[-121.17104,38.64691],[-121.17128,38.64659],[-121.17557,38.64361],[-121.17661,38.64316],[-121.17758,38.64292],[-121.19135,38.64069],[-121.19699,38.63982],[-121.20097,38.63906],[-121.20611,38.63655],[-121.20786,38.63583],[-121.20845,38.63652]],[[-121.17988,38.64962],[-121.17993,38.64956],[-121.17993,38.64956],[-121.17988,38.64962]],[[-121.17834,38.64406],[-121.17834,38.64406],[-121.17827,38.64389],[-121.17834,38.64406]],[[-121.17834,38.64406],[-121.1784,38.64418],[-121.1784,38.64418],[-121.17834,38.64406]],[[-121.17847,38.6443],[-121.17847,38.6443],[-121.17847,38.6443]],[[-121.17847,38.6443],[-121.17847,38.6443],[-121.17847,38.6443]],[[-121.17913,38.64511],[-121.17913,38.64511],[-121.17909,38.64506],[-121.17913,38.64511]],[[-121.17993,38.64956],[-121.17993,38.64956],[-121.17998,38.6495],[-121.17993,38.64956]],[[-121.18065,38.64868],[-121.18065,38.64868],[-121.18066,38.64867],[-121.18065,38.64868]],[[-121.18097,38.64839],[-121.18095,38.6484],[-121.18097,38.64839]],[[-121.18114,38.64825],[-121.18098,38.64838],[-121.18114,38.64825]],[[-121.18114,38.64825],[-121.18114,38.64825],[-121.18131,38.64814],[-121.18114,38.64825]]]}},{"type":"Feature","properties":{"county_fips":67,"srprec":"0039261","precinct_id":"067-0039261","county_name":"Sacramento","area_sq_mi":0.709,"place_primary":"Folsom","place_primary_share":100.0,"place_also":[],"places":[{"name":"Folsom","geoid":"0624638","kind":"city","pct":100.0}],"bbox":[-121.18344,38.64215,-121.15646,38.65641],"g22_asm":{"dem_pct":51.0,"margin_dem":1.9,"votes_two_party":930,"winner":"Dem"},"g24_asm":{"dem_pct":47.0,"margin_dem":-6.0,"votes_two_party":1192,"winner":"Rep"}},"geometry":{"type":"Polygon","coordinates":[[[-121.18153,38.6546],[-121.17895,38.65486],[-121.17592,38.65484],[-121.17429,38.65516],[-121.17288,38.65573],[-121.1714,38.65619],[-121.1686,38.65641],[-121.16855,38.6551],[-121.16822,38.65413],[-121.16748,38.65314],[-121.16635,38.65231],[-121.16467,38.65126],[-121.15906,38.64579],[-121.15683,38.64328],[-121.15912,38.64226],[-121.17313,38.64283],[-121.17795,38.64285],[-121.1763,38.64327],[-121.1751,38.6439],[-121.17092,38.64681],[-121.1725,38.64825],[-121.17428,38.65035],[-121.17573,38.64963],[-121.17674,38.64878],[-121.17755,38.64861],[-121.17838,38.64876],[-121.17907,38.64923],[-121.18125,38.65105],[-121.18194,38.65169],[-121.18282,38.65224],[-121.18277,38.65317],[-121.18299,38.65409],[-121.18223,38.65447],[-121.18153,38.6546]],[[-121.17932,38.65046],[-121.17933,38.65046],[-121.17938,38.65037],[-121.17932,38.65046]]]},"geometry_g24":{"type":"Polygon","coordinates":[[[-121.17795,38.64285],[-121.1763,38.64327],[-121.17528,38.64378],[-121.17092,38.64681],[-121.17356,38.65011],[-121.1754,38.64987],[-121.17634,38.64901],[-121.17707,38.64867],[-121.17792,38.64864],[-121.17859,38.64886],[-121.17935,38.64941],[-121.18011,38.65],[-121.18046,38.65059],[-121.18175,38.65099],[-121.18294,38.65206],[-121.18262,38.6529],[-121.18292,38.65415],[-121.18222,38.65447],[-121.18001,38.65482],[-121.17665,38.6548],[-121.17485,38.65502],[-121.17351,38.65545],[-121.17208,38.65602],[-121.17059,38.6563],[-121.16861,38.65575],[-121.16849,38.65481],[-121.16822,38.65413],[-121.16748,38.65314],[-121.16637,38.65232],[-121.16477,38.65135],[-121.15838,38.64502],[-121.15646,38.64215],[-121.17782,38.64236],[-121.17795,38.64285]],[[-121.17116,38.65405],[-121.17116,38.65405],[-121.17116,38.65433],[-121.17116,38.65405]],[[-121.1712,38.65321],[-121.1712,38.6532],[-121.1712,38.65321]],[[-121.17124,38.65297],[-121.17125,38.65293],[-121.17124,38.65297]],[[-121.17131,38.65273],[-121.17133,38.65266],[-121.17131,38.65273]],[[-121.1714,38.65245],[-121.17141,38.65241],[-121.17141,38.65241],[-121.1714,38.65245]],[[-121.17161,38.65197],[-121.17163,38.65192],[-121.17163,38.65192],[-121.17161,38.65197]],[[-121.17177,38.65172],[-121.17179,38.6517],[-121.17179,38.6517],[-121.17177,38.65172]],[[-121.17179,38.6517],[-121.17182,38.65167],[-121.17179,38.6517]],[[-121.17189,38.65158],[-121.1719,38.65156],[-121.17189,38.65158]],[[-121.17196,38.65151],[-121.172,38.65147],[-121.172,38.65147],[-121.17196,38.65151]],[[-121.172,38.65147],[-121.17201,38.65145],[-121.172,38.65147]],[[-121.17265,38.65102],[-121.17262,38.65104],[-121.17262,38.65104],[-121.17265,38.65102]],[[-121.17265,38.65102],[-121.17268,38.65101],[-121.17268,38.65101],[-121.17265,38.65102]],[[-121.17268,38.65101],[-121.17276,38.65097],[-121.17268,38.65101]],[[-121.17341,38.6507],[-121.17379,38.65055],[-121.17341,38.6507]]]}},{"type":"Feature","properties":{"county_fips":67,"srprec":"0039329","precinct_id":"067-0039329","county_name":"Sacramento","area_sq_mi":0.511,"place_primary":"Folsom","place_primary_share":100.0,"place_also":[],"places":[{"name":"Folsom","geoid":"0624638","kind":"city","pct":100.0}],"bbox":[-121.15633,38.6582,-121.13062,38.66822],"g22_asm":null,"g24_asm":{"dem_pct":42.2,"margin_dem":-15.5,"votes_two_party":1565,"winner":"Rep"}},"geometry":{"type":"Polygon","coordinates":[[[-121.13933,38.65913],[-121.14087,38.65929],[-121.1416,38.65927],[-121.14237,38.65912],[-121.1437,38.65858],[-121.14456,38.65832],[-121.1455,38.65822],[-121.14602,38.6582],[-121.1466,38.65824],[-121.14765,38.65827],[-121.14837,38.65839],[-121.14909,38.65864],[-121.14957,38.65888],[-121.15009,38.65924],[-121.15077,38.65977],[-121.15152,38.66012],[-121.15576,38.6613],[-121.15633,38.6614],[-121.15405,38.66252],[-121.15266,38.66358],[-121.15162,38.66503],[-121.15004,38.66633],[-121.14831,38.66773],[-121.14749,38.66818],[-121.14648,38.66783],[-121.14533,38.66741],[-121.14442,38.66706],[-121.13973,38.66512],[-121.13701,38.66403],[-121.13567,38.66366],[-121.1308,38.65999],[-121.13482,38.65921],[-121.13935,38.65902],[-121.13933,38.65913]],[[-121.13933,38.65913],[-121.13933,38.65913],[-121.13933,38.65913]],[[-121.13764,38.66311],[-121.13764,38.66311],[-121.13739,38.66347],[-121.13764,38.66311]],[[-121.13806,38.6625],[-121.13806,38.6625],[-121.13777,38.66292],[-121.13806,38.6625]],[[-121.13839,38.66199],[-121.13841,38.66195],[-121.13839,38.66199]],[[-121.13883,38.66106],[-121.13883,38.66106],[-121.13881,38.66112],[-121.13883,38.66106]],[[-121.13891,38.66084],[-121.13893,38.66078],[-121.13891,38.66084]],[[-121.13897,38.66063],[-121.13897,38.66063],[-121.13897,38.66064],[-121.13897,38.66063]],[[-121.13897,38.66063],[-121.13898,38.6606],[-121.13897,38.66063]],[[-121.13924,38.65951],[-121.1393,38.65923],[-121.13924,38.65951]],[[-121.14524,38.6632],[-121.14524,38.6632],[-121.14524,38.6632],[-121.14524,38.6632]]]}},{"type":"Feature","properties":{"county_fips":67,"srprec":"0039374","precinct_id":"067-0039374","county_name":"Sacramento","area_sq_mi":0.521,"place_primary":"Folsom","place_primary_share":100.0,"place_also":[],"places":[{"name":"Folsom","geoid":"0624638","kind":"city","pct":100.0}],"bbox":[-121.1466,38.64844,-121.12809,38.66742],"g22_asm":{"dem_pct":46.2,"margin_dem":-7.6,"votes_two_party":1028,"winner":"Rep"},"g24_asm":null},"geometry":{"type":"Polygon","coordinates":[[[-121.14578,38.6582],[-121.14654,38.65864],[-121.14634,38.65889],[-121.14594,38.65908],[-121.14524,38.65928],[-121.14493,38.65958],[-121.14481,38.65991],[-121.14492,38.66032],[-121.14492,38.66069],[-121.14475,38.66096],[-121.14424,38.66139],[-121.14409,38.66175],[-121.14406,38.66318],[-121.14497,38.66728],[-121.14152,38.66586],[-121.13851,38.66466],[-121.13567,38.66366],[-121.12954,38.65945],[-121.12865,38.65793],[-121.12903,38.65744],[-121.12931,38.65676],[-121.12936,38.65609],[-121.12926,38.6556],[-121.13571,38.65449],[-121.13632,38.65182],[-121.13647,38.65088],[-121.13798,38.64854],[-121.13908,38.64862],[-121.13989,38.64937],[-121.13969,38.65051],[-121.13978,38.65156],[-121.14014,38.65265],[-121.14038,38.65378],[-121.14033,38.65483],[-121.13933,38.65913],[-121.14111,38.6593],[-121.14214,38.65918],[-121.1437,38.65858],[-121.14456,38.65832],[-121.14557,38.65821],[-121.14578,38.6582]]]}},{"type":"Feature","properties":{"county_fips":67,"srprec":"0039423","precinct_id":"067-0039423","county_name":"Sacramento","area_sq_mi":0.634,"place_primary":"Folsom","place_primary_share":100.0,"place_also":[],"places":[{"name":"Folsom","geoid":"0624638","kind":"city","pct":100.0}],"bbox":[-121.16861,38.64165,-121.13859,38.65775],"g22_asm":{"dem_pct":48.7,"margin_dem":-2.6,"votes_two_party":1140,"winner":"Rep"},"g24_asm":{"dem_pct":49.7,"margin_dem":-0.6,"votes_two_party":1240,"winner":"Rep"}},"geometry":{"type":"Polygon","coordinates":[[[-121.1561,38.66137],[-121.15123,38.66001],[-121.14994,38.65913],[-121.14874,38.65851],[-121.14736,38.65824],[-121.14557,38.65821],[-121.14562,38.65601],[-121.14601,38.65503],[-121.14722,38.65481],[-121.14798,38.6554],[-121.15078,38.6556],[-121.15225,38.65552],[-121.15302,38.655],[-121.15336,38.65428],[-121.15436,38.65353],[-121.15424,38.65259],[-121.15448,38.65168],[-121.15514,38.65102],[-121.15554,38.65024],[-121.1576,38.64983],[-121.15911,38.6513],[-121.15972,38.65171],[-121.1603,38.65201],[-121.16135,38.65182],[-121.16306,38.65203],[-121.16403,38.65184],[-121.1656,38.65192],[-121.16748,38.65314],[-121.16831,38.65433],[-121.1686,38.65553],[-121.16874,38.65705],[-121.1663,38.65853],[-121.16139,38.65979],[-121.15717,38.66108],[-121.1561,38.66137]]]},"geometry_g24":{"type":"Polygon","coordinates":[[[-121.16473,38.65132],[-121.1656,38.65192],[-121.16727,38.65295],[-121.16806,38.65387],[-121.1685,38.65485],[-121.16859,38.65619],[-121.16725,38.65652],[-121.16573,38.65714],[-121.16442,38.6577],[-121.16293,38.65475],[-121.16226,38.65405],[-121.16092,38.65352],[-121.15986,38.65347],[-121.15815,38.65408],[-121.15735,38.65469],[-121.1562,38.65559],[-121.15442,38.65331],[-121.15425,38.65236],[-121.15451,38.65163],[-121.15514,38.65102],[-121.15554,38.65024],[-121.15436,38.6495],[-121.15264,38.64907],[-121.15077,38.64803],[-121.14951,38.6464],[-121.14722,38.64525],[-121.1456,38.64505],[-121.14391,38.64527],[-121.14258,38.64579],[-121.14069,38.64624],[-121.14231,38.64187],[-121.15655,38.64246],[-121.16023,38.64694],[-121.16473,38.65132]],[[-121.16016,38.65207],[-121.16016,38.65207],[-121.16017,38.65207],[-121.16016,38.65207]],[[-121.1637,38.65196],[-121.1637,38.65196],[-121.1637,38.65196],[-121.16369,38.65196],[-121.1637,38.65196]]]}},{"type":"Feature","properties":{"county_fips":67,"srprec":"0039536","precinct_id":"067-0039536","county_name":"Sacramento","area_sq_mi":0.35,"place_primary":"Folsom","place_primary_share":100.0,"place_also":[],"places":[{"name":"Folsom","geoid":"0624638","kind":"city","pct":100.0}],"bbox":[-121.15561,38.64511,-121.14191,38.65585],"g22_asm":{"dem_pct":56.1,"margin_dem":12.3,"votes_two_party":985,"winner":"Dem"},"g24_asm":{"dem_pct":46.4,"margin_dem":-7.3,"votes_two_party":1186,"winner":"Rep"}},"geometry":{"type":"Polygon","coordinates":[[[-121.15646,38.64215],[-121.15766,38.64423],[-121.16453,38.65113],[-121.16387,38.65191],[-121.16288,38.65201],[-121.16115,38.65182],[-121.16016,38.65207],[-121.15961,38.65166],[-121.15949,38.65019],[-121.157,38.64975],[-121.15549,38.6504],[-121.15502,38.65116],[-121.15442,38.6518],[-121.15426,38.65282],[-121.15419,38.65361],[-121.15329,38.65437],[-121.15291,38.65512],[-121.15211,38.65556],[-121.14986,38.65558],[-121.14782,38.65531],[-121.14675,38.65431],[-121.14767,38.65346],[-121.14856,38.65114],[-121.14865,38.64907],[-121.1489,38.64832],[-121.14956,38.64782],[-121.14951,38.6464],[-121.14823,38.6456],[-121.1466,38.64512],[-121.14502,38.64508],[-121.14363,38.64536],[-121.1419,38.64602],[-121.14062,38.64553],[-121.14227,38.64215],[-121.14995,38.64165],[-121.15646,38.64215]]]},"geometry_g24":{"type":"Polygon","coordinates":[[[-121.14675,38.65431],[-121.14574,38.65553],[-121.14521,38.65584],[-121.14243,38.65578],[-121.14191,38.6554],[-121.14191,38.65343],[-121.14192,38.65147],[-121.14192,38.64993],[-121.14311,38.64876],[-121.1438,38.64877],[-121.14652,38.64877],[-121.14649,38.64511],[-121.1466,38.64512],[-121.14846,38.64571],[-121.15011,38.64704],[-121.15067,38.64791],[-121.15222,38.64891],[-121.15367,38.64937],[-121.15516,38.6496],[-121.15544,38.65054],[-121.15502,38.65116],[-121.15451,38.65163],[-121.15428,38.65221],[-121.15431,38.65304],[-121.15436,38.65353],[-121.15383,38.65386],[-121.1532,38.65457],[-121.15291,38.65512],[-121.15227,38.65551],[-121.15176,38.65562],[-121.14817,38.65547],[-121.14766,38.6552],[-121.14675,38.6543],[-121.14675,38.65431]],[[-121.1472,38.65398],[-121.14728,38.65391],[-121.1472,38.65398]],[[-121.14758,38.65359],[-121.14758,38.65359],[-121.14753,38.65366],[-121.14758,38.65359]],[[-121.14758,38.65359],[-121.14767,38.65346],[-121.14767,38.65346],[-121.14758,38.65359]],[[-121.14767,38.65346],[-121.14768,38.65344],[-121.14767,38.65346]],[[-121.14776,38.6533],[-121.14777,38.65327],[-121.14776,38.6533]],[[-121.14825,38.65199],[-121.14825,38.65199],[-121.148,38.65266],[-121.14825,38.65199]],[[-121.148,38.65266],[-121.14796,38.65278],[-121.148,38.65267],[-121.148,38.65266]],[[-121.14855,38.65114],[-121.14855,38.65114],[-121.14855,38.65117],[-121.14855,38.65114]],[[-121.14856,38.65114],[-121.14856,38.65111],[-121.14856,38.65114]],[[-121.1486,38.65096],[-121.1486,38.65096],[-121.1486,38.65097],[-121.1486,38.65096]],[[-121.14865,38.65059],[-121.14865,38.65059],[-121.14863,38.65071],[-121.14865,38.65059]],[[-121.14865,38.64907],[-121.14865,38.64902],[-121.14865,38.64907]],[[-121.14865,38.64899],[-121.14866,38.64888],[-121.14866,38.64888],[-121.14865,38.64899]],[[-121.14868,38.64877],[-121.14866,38.64888],[-121.14866,38.64888],[-121.14868,38.64877]],[[-121.14868,38.64877],[-121.14868,38.64876],[-121.14868,38.64876],[-121.14868,38.64877]],[[-121.14866,38.64921],[-121.14866,38.64921],[-121.14866,38.64921],[-121.14866,38.64921]],[[-121.14879,38.64848],[-121.1488,38.64846],[-121.1488,38.64846],[-121.14879,38.64848]],[[-121.14903,38.64818],[-121.14904,38.64816],[-121.14904,38.64816],[-121.14903,38.64818]],[[-121.14916,38.64806],[-121.14917,38.64805],[-121.14917,38.64805],[-121.14916,38.64806]],[[-121.14928,38.64797],[-121.1493,38.64796],[-121.14928,38.64797]]]}},{"type":"Feature","properties":{"county_fips":67,"srprec":"0039560","precinct_id":"067-0039560","county_name":"Sacramento","area_sq_mi":0.376,"place_primary":"Folsom","place_primary_share":100.0,"place_also":[],"places":[{"name":"Folsom","geoid":"0624638","kind":"city","pct":100.0}],"bbox":[-121.15042,38.64505,-121.13933,38.6593],"g22_asm":{"dem_pct":46.2,"margin_dem":-7.6,"votes_two_party":993,"winner":"Rep"},"g24_asm":null},"geometry":{"type":"Polygon","coordinates":[[[-121.1466,38.64512],[-121.14774,38.6454],[-121.14869,38.64583],[-121.14951,38.6464],[-121.15025,38.64722],[-121.14928,38.64797],[-121.1489,38.64832],[-121.14866,38.64888],[-121.14875,38.64966],[-121.14856,38.65114],[-121.14778,38.65325],[-121.14747,38.65372],[-121.14675,38.65431],[-121.14612,38.65489],[-121.14574,38.65553],[-121.14557,38.6567],[-121.14555,38.65812],[-121.1448,38.65828],[-121.14391,38.6585],[-121.14237,38.65912],[-121.14136,38.65929],[-121.13948,38.65914],[-121.14027,38.65512],[-121.14039,38.65407],[-121.14022,38.65293],[-121.13981,38.65169],[-121.13969,38.65079],[-121.13984,38.64956],[-121.14036,38.64823],[-121.14061,38.64739],[-121.14083,38.64622],[-121.1419,38.64602],[-121.14314,38.64554],[-121.14415,38.64521],[-121.14502,38.64508],[-121.14624,38.64508],[-121.1466,38.64512]]]}},{"type":"Feature","properties":{"county_fips":67,"srprec":"0039582","precinct_id":"067-0039582","county_name":"Sacramento","area_sq_mi":0.435,"place_primary":"Folsom","place_primary_share":100.0,"place_also":[],"places":[{"name":"Folsom","geoid":"0624638","kind":"city","pct":100.0}],"bbox":[-121.14656,38.64505,-121.1283,38.65999],"g22_asm":null,"g24_asm":{"dem_pct":40.6,"margin_dem":-18.9,"votes_two_party":974,"winner":"Rep"}},"geometry":{"type":"Polygon","coordinates":[[[-121.14587,38.64505],[-121.14649,38.64511],[-121.14606,38.64877],[-121.14357,38.64879],[-121.14193,38.64883],[-121.14192,38.65094],[-121.14192,38.65308],[-121.14191,38.6554],[-121.14306,38.65579],[-121.14565,38.65576],[-121.14552,38.65798],[-121.14455,38.65832],[-121.14257,38.65906],[-121.14115,38.65929],[-121.13935,38.65902],[-121.13113,38.6597],[-121.12886,38.65769],[-121.12926,38.65695],[-121.12935,38.65609],[-121.12924,38.65555],[-121.12995,38.65543],[-121.13451,38.65428],[-121.136,38.65304],[-121.13639,38.65145],[-121.13662,38.65093],[-121.13692,38.64913],[-121.13721,38.64847],[-121.13861,38.64855],[-121.14034,38.64828],[-121.14065,38.64711],[-121.14162,38.64609],[-121.14363,38.64536],[-121.14519,38.64506],[-121.14587,38.64505]]]}},{"type":"Feature","properties":{"county_fips":67,"srprec":"0039779","precinct_id":"067-0039779","county_name":"Sacramento","area_sq_mi":0.992,"place_primary":"Folsom","place_primary_share":100.0,"place_also":[],"places":[{"name":"Folsom","geoid":"0624638","kind":"city","pct":100.0}],"bbox":[-121.14069,38.64231,-121.11489,38.65845],"g22_asm":{"dem_pct":50.3,"margin_dem":0.6,"votes_two_party":980,"winner":"Dem"},"g24_asm":{"dem_pct":44.7,"margin_dem":-10.6,"votes_two_party":1318,"winner":"Rep"}},"geometry":{"type":"Polygon","coordinates":[[[-121.14046,38.64796],[-121.14007,38.64889],[-121.13908,38.64862],[-121.13861,38.64855],[-121.13798,38.64854],[-121.13751,38.64852],[-121.13647,38.65088],[-121.13639,38.65121],[-121.13632,38.65182],[-121.13613,38.65291],[-121.13571,38.65449],[-121.13444,38.6561],[-121.12926,38.6556],[-121.12931,38.65581],[-121.12936,38.65609],[-121.12936,38.65638],[-121.12931,38.65676],[-121.12921,38.65709],[-121.12903,38.65744],[-121.12886,38.65769],[-121.12865,38.65793],[-121.1283,38.65826],[-121.12707,38.65774],[-121.12479,38.65616],[-121.12178,38.65387],[-121.11964,38.6519],[-121.1189,38.65133],[-121.11859,38.65108],[-121.11764,38.65025],[-121.11531,38.64816],[-121.1151,38.64732],[-121.115,38.6464],[-121.11494,38.64467],[-121.11489,38.64338],[-121.1241,38.64297],[-121.13643,38.6424],[-121.13864,38.64253],[-121.14053,38.64478],[-121.14069,38.64624],[-121.14065,38.64711],[-121.14056,38.6476],[-121.14046,38.64796]]]},"geometry_g24":{"type":"Polygon","coordinates":[[[-121.12926,38.6556],[-121.12935,38.656],[-121.12935,38.65654],[-121.12924,38.65701],[-121.12903,38.65744],[-121.12876,38.65782],[-121.12809,38.65845],[-121.12178,38.65387],[-121.11934,38.65167],[-121.11812,38.65068],[-121.1151,38.64732],[-121.11489,38.64338],[-121.13974,38.64384],[-121.14069,38.64624],[-121.14061,38.64739],[-121.14045,38.64798],[-121.13928,38.64867],[-121.13861,38.64855],[-121.13777,38.64854],[-121.13712,38.64846],[-121.13694,38.64901],[-121.13693,38.64917],[-121.13659,38.65072],[-121.13665,38.651],[-121.13646,38.65137],[-121.13604,38.65247],[-121.13603,38.65301],[-121.13593,38.65314],[-121.13451,38.65428],[-121.13023,38.65546],[-121.12981,38.65543],[-121.1294,38.65547],[-121.12925,38.65559],[-121.12926,38.6556]],[[-121.13109,38.64809],[-121.13118,38.64793],[-121.13109,38.64809]],[[-121.13119,38.64763],[-121.13119,38.64763],[-121.13119,38.64763]],[[-121.13119,38.64763],[-121.13119,38.64763],[-121.13121,38.64753],[-121.13121,38.64753],[-121.13119,38.64763]],[[-121.13121,38.64753],[-121.13121,38.64753],[-121.13121,38.64753]],[[-121.1313,38.64744],[-121.1313,38.64744],[-121.13122,38.64752],[-121.1313,38.64744],[-121.1314,38.64735],[-121.1314,38.64735],[-121.1313,38.64744]],[[-121.1315,38.64729],[-121.13159,38.64723],[-121.13159,38.64723],[-121.13182,38.6471],[-121.13159,38.64723],[-121.1315,38.64729]],[[-121.13468,38.6463],[-121.13447,38.64635],[-121.13414,38.64642],[-121.13414,38.64642],[-121.13414,38.64642],[-121.13447,38.64636],[-121.13447,38.64635],[-121.13468,38.6463],[-121.13468,38.6463],[-121.13487,38.64626],[-121.13487,38.64626],[-121.13487,38.64626],[-121.13487,38.64626],[-121.13468,38.6463]],[[-121.13512,38.64622],[-121.13512,38.64622],[-121.13512,38.64622],[-121.13551,38.64614],[-121.13551,38.64614],[-121.13512,38.64622]],[[-121.13551,38.64614],[-121.13551,38.64614],[-121.13551,38.64614]],[[-121.1357,38.64605],[-121.1357,38.64605],[-121.13576,38.64601],[-121.1357,38.64605]],[[-121.13576,38.64601],[-121.13581,38.64598],[-121.13581,38.64598],[-121.1359,38.64593],[-121.13581,38.64598],[-121.13576,38.64601]],[[-121.1359,38.64593],[-121.13594,38.6459],[-121.13594,38.64591],[-121.1359,38.64593]]]}},{"type":"Feature","properties":{"county_fips":67,"srprec":"0039933","precinct_id":"067-0039933","county_name":"Sacramento","area_sq_mi":0.931,"place_primary":"Folsom","place_primary_share":100.0,"place_also":[],"places":[{"name":"Folsom","geoid":"0624638","kind":"city","pct":100.0}],"bbox":[-121.12197,38.64312,-121.09557,38.65873],"g22_asm":{"dem_pct":52.1,"margin_dem":4.1,"votes_two_party":726,"winner":"Dem"},"g24_asm":{"dem_pct":45.7,"margin_dem":-8.6,"votes_two_party":1105,"winner":"Rep"}},"geometry":{"type":"Polygon","coordinates":[[[-121.10031,38.6468],[-121.09897,38.64669],[-121.09736,38.64711],[-121.09643,38.64449],[-121.0991,38.64408],[-121.105,38.64383],[-121.10998,38.64333],[-121.1149,38.64346],[-121.11501,38.64673],[-121.11562,38.64846],[-121.11862,38.6511],[-121.12197,38.65367],[-121.12143,38.65414],[-121.1209,38.65445],[-121.1196,38.655],[-121.11921,38.65518],[-121.11854,38.65558],[-121.11816,38.65589],[-121.11776,38.6563],[-121.11729,38.65694],[-121.11682,38.65744],[-121.11653,38.65766],[-121.11587,38.658],[-121.11492,38.65826],[-121.11369,38.65834],[-121.11243,38.65858],[-121.11123,38.65873],[-121.10913,38.65854],[-121.1068,38.65819],[-121.10595,38.65791],[-121.10491,38.65733],[-121.10429,38.6568],[-121.10313,38.65556],[-121.10231,38.65496],[-121.10174,38.65468],[-121.1007,38.65435],[-121.09941,38.64998],[-121.10031,38.6468]]]},"geometry_g24":{"type":"Polygon","coordinates":[[[-121.11865,38.65112],[-121.12171,38.65393],[-121.12111,38.65434],[-121.1196,38.655],[-121.11865,38.65551],[-121.11816,38.65589],[-121.11776,38.6563],[-121.11704,38.65724],[-121.11653,38.65766],[-121.11587,38.658],[-121.11491,38.65826],[-121.11343,38.65837],[-121.11212,38.65864],[-121.11092,38.65873],[-121.10741,38.65832],[-121.10541,38.65764],[-121.10337,38.6558],[-121.10252,38.65509],[-121.10177,38.65469],[-121.10072,38.65436],[-121.10008,38.65425],[-121.10023,38.65177],[-121.09919,38.65105],[-121.09985,38.65002],[-121.10044,38.64891],[-121.09897,38.64669],[-121.09721,38.64674],[-121.09557,38.64476],[-121.09982,38.64404],[-121.10764,38.6437],[-121.11084,38.6433],[-121.115,38.6464],[-121.11859,38.65108],[-121.11865,38.65112]]]}},{"type":"Feature","properties":{"county_fips":67,"srprec":"0039967","precinct_id":"067-0039967","county_name":"Sacramento","area_sq_mi":0.423,"place_primary":"Folsom","place_primary_share":100.0,"place_also":[],"places":[{"name":"Folsom","geoid":"0624638","kind":"city","pct":100.0}],"bbox":[-121.10046,38.64465,-121.08563,38.65619],"g22_asm":{"dem_pct":52.0,"margin_dem":3.9,"votes_two_party":841,"winner":"Dem"},"g24_asm":{"dem_pct":45.2,"margin_dem":-9.6,"votes_two_party":1124,"winner":"Rep"}},"geometry":{"type":"Polygon","coordinates":[[[-121.0857,38.64805],[-121.08575,38.64803],[-121.0865,38.6478],[-121.08719,38.64755],[-121.08772,38.64737],[-121.08872,38.64703],[-121.09074,38.64636],[-121.09078,38.64634],[-121.09081,38.64634],[-121.09104,38.64626],[-121.09153,38.6461],[-121.09159,38.64608],[-121.09312,38.64557],[-121.09556,38.64476],[-121.09736,38.64711],[-121.09739,38.64709],[-121.09789,38.64693],[-121.0984,38.64677],[-121.09897,38.64669],[-121.09948,38.64672],[-121.09997,38.64675],[-121.10014,38.64677],[-121.10031,38.6468],[-121.10038,38.64681],[-121.10042,38.64877],[-121.10046,38.64907],[-121.09941,38.64998],[-121.09906,38.65117],[-121.10034,38.65236],[-121.10057,38.65433],[-121.10042,38.6543],[-121.10018,38.65426],[-121.09982,38.65422],[-121.09946,38.65419],[-121.09921,38.65418],[-121.09884,38.65417],[-121.09842,38.65419],[-121.09811,38.65421],[-121.09787,38.65423],[-121.09751,38.65429],[-121.09715,38.65435],[-121.09692,38.6544],[-121.09511,38.65487],[-121.0924,38.65557],[-121.09234,38.65558],[-121.09168,38.65574],[-121.09133,38.65584],[-121.09126,38.65587],[-121.09117,38.65589],[-121.09107,38.65591],[-121.09096,38.65593],[-121.09083,38.65594],[-121.0907,38.65595],[-121.09057,38.65595],[-121.09045,38.65596],[-121.09035,38.65596],[-121.09025,38.65597],[-121.09017,38.65597],[-121.08999,38.65602],[-121.08993,38.65605],[-121.08958,38.65619],[-121.0857,38.64805]]]},"geometry_g24":{"type":"Polygon","coordinates":[[[-121.08563,38.64792],[-121.08739,38.64733],[-121.09148,38.64598],[-121.09557,38.64476],[-121.09599,38.64527],[-121.09667,38.64609],[-121.09734,38.64691],[-121.09747,38.64707],[-121.09897,38.64669],[-121.09997,38.64675],[-121.10038,38.64681],[-121.10046,38.64907],[-121.10039,38.64956],[-121.10007,38.6499],[-121.09948,38.65032],[-121.09911,38.65098],[-121.09941,38.65122],[-121.09976,38.6514],[-121.09997,38.65152],[-121.10031,38.65194],[-121.10031,38.65233],[-121.09994,38.65423],[-121.10008,38.65425],[-121.09983,38.65422],[-121.09945,38.65419],[-121.09887,38.65417],[-121.09842,38.65419],[-121.09791,38.65423],[-121.09751,38.65429],[-121.09695,38.6544],[-121.0951,38.65487],[-121.0924,38.65557],[-121.09168,38.65574],[-121.09117,38.65589],[-121.0907,38.65595],[-121.09035,38.65596],[-121.08999,38.65602],[-121.08563,38.64792]],[[-121.09154,38.64609],[-121.09154,38.64609],[-121.09154,38.64609],[-121.09154,38.64609],[-121.09154,38.64609],[-121.09154,38.64609],[-121.09154,38.64609]],[[-121.0916,38.64608],[-121.0916,38.64608],[-121.09159,38.64608],[-121.09159,38.64608],[-121.0916,38.64608],[-121.0916,38.64608],[-121.0916,38.64608]]]}},{"type":"Feature","properties":{"county_fips":67,"srprec":"0051180","precinct_id":"067-0051180","county_name":"Sacramento","area_sq_mi":0.0,"place_primary":"La Riviera","place_primary_share":95.5,"place_also":[],"places":[{"name":"La Riviera","geoid":"0640410","kind":"cdp","pct":95.5},{"name":"Rosemont","geoid":"0662910","kind":"cdp","pct":4.5}],"bbox":[-121.37553,38.55927,-121.35941,38.56098],"g22_asm":{"dem_pct":64.9,"margin_dem":29.9,"votes_two_party":804,"winner":"Dem"},"g24_asm":{"dem_pct":67.9,"margin_dem":35.8,"votes_two_party":1094,"winner":"Dem"}},"geometry":{"type":"Polygon","coordinates":[[[-121.37553,38.55927],[-121.35941,38.56098],[-121.35944,38.56097],[-121.36734,38.56013],[-121.37021,38.55983],[-121.37115,38.55973],[-121.37245,38.55959],[-121.37263,38.55957],[-121.37463,38.55936],[-121.37552,38.55927],[-121.37553,38.55927]]]},"geometry_g24":{"type":"MultiPolygon","coordinates":[[[[-121.35941,38.56098],[-121.35943,38.56097],[-121.35943,38.56097],[-121.35944,38.56097],[-121.35944,38.56097],[-121.36734,38.56013],[-121.37021,38.55983],[-121.37021,38.55983],[-121.37021,38.55983],[-121.37021,38.55983],[-121.35941,38.56098]]],[[[-121.37553,38.55927],[-121.37021,38.55983],[-121.37021,38.55983],[-121.37021,38.55983],[-121.37021,38.55983],[-121.37022,38.55983],[-121.37115,38.55973],[-121.37245,38.55959],[-121.37245,38.55959],[-121.37245,38.55959],[-121.37263,38.55957],[-121.37263,38.55957],[-121.37463,38.55936],[-121.37552,38.55927],[-121.37553,38.55927]]]]}},{"type":"Feature","properties":{"county_fips":67,"srprec":"0051415","precinct_id":"067-0051415","county_name":"Sacramento","area_sq_mi":0.006,"place_primary":"Sacramento","place_primary_share":99.3,"place_also":[],"places":[{"name":"Sacramento","geoid":"0664000","kind":"city","pct":99.3},{"name":"Rosemont","geoid":"0662910","kind":"cdp","pct":0.7}],"bbox":[-121.37675,38.55231,-121.37512,38.55461],"g22_asm":{"dem_pct":62.0,"margin_dem":24.0,"votes_two_party":1205,"winner":"Dem"},"g24_asm":{"dem_pct":64.1,"margin_dem":28.3,"votes_two_party":1425,"winner":"Dem"}},"geometry":{"type":"MultiPolygon","coordinates":[[[[-121.37673,38.55233],[-121.37634,38.55461],[-121.37624,38.55449],[-121.37609,38.55429],[-121.37544,38.55345],[-121.37531,38.55328],[-121.37512,38.55309],[-121.37672,38.55232],[-121.37675,38.55231],[-121.37673,38.55233]]],[[[-121.37881,38.54986],[-121.37886,38.54707],[-121.37886,38.54707],[-121.38118,38.54706],[-121.37881,38.54986]]]]},"geometry_g24":{"type":"Polygon","coordinates":[[[-121.37673,38.55233],[-121.37634,38.55461],[-121.37624,38.55449],[-121.37609,38.55429],[-121.37544,38.55345],[-121.37544,38.55345],[-121.37544,38.55344],[-121.37531,38.55328],[-121.37531,38.55328],[-121.37523,38.5532],[-121.37515,38.55312],[-121.37514,38.55311],[-121.37514,38.55311],[-121.37512,38.55309],[-121.37512,38.55309],[-121.37512,38.55309],[-121.37512,38.55309],[-121.37607,38.55263],[-121.37672,38.55232],[-121.37672,38.55232],[-121.37672,38.55232],[-121.37675,38.55231],[-121.37673,38.55233]]]}},{"type":"Feature","properties":{"county_fips":67,"srprec":"0051565","precinct_id":"067-0051565","county_name":"Sacramento","area_sq_mi":0.199,"place_primary":"Rosemont","place_primary_share":99.9,"place_also":[],"places":[{"name":"Rosemont","geoid":"0662910","kind":"cdp","pct":99.9},{"name":"Sacramento","geoid":"0664000","kind":"city","pct":0.1}],"bbox":[-121.37634,38.55309,-121.35944,38.56097],"g22_asm":{"dem_pct":74.3,"margin_dem":48.5,"votes_two_party":241,"winner":"Dem"},"g24_asm":{"dem_pct":67.0,"margin_dem":34.0,"votes_two_party":382,"winner":"Dem"}},"geometry":{"type":"Polygon","coordinates":[[[-121.37553,38.55927],[-121.37552,38.55927],[-121.37463,38.55936],[-121.37263,38.55957],[-121.37245,38.55959],[-121.37115,38.55973],[-121.37021,38.55983],[-121.36734,38.56013],[-121.35944,38.56097],[-121.36002,38.56068],[-121.36296,38.5592],[-121.36549,38.55793],[-121.36691,38.55721],[-121.36796,38.55669],[-121.37153,38.55489],[-121.37242,38.55445],[-121.37278,38.55427],[-121.37512,38.55309],[-121.37531,38.55328],[-121.37544,38.55345],[-121.37609,38.55429],[-121.37624,38.55449],[-121.37634,38.55461],[-121.37553,38.55927]]]},"geometry_g24":{"type":"Polygon","coordinates":[[[-121.37553,38.55927],[-121.37552,38.55927],[-121.37463,38.55936],[-121.37263,38.55957],[-121.37263,38.55957],[-121.37263,38.55957],[-121.37245,38.55959],[-121.37245,38.55959],[-121.37115,38.55973],[-121.37022,38.55983],[-121.37021,38.55983],[-121.36734,38.56013],[-121.35944,38.56097],[-121.35944,38.56097],[-121.35944,38.56097],[-121.35944,38.56097],[-121.35944,38.56097],[-121.35944,38.56097],[-121.35944,38.56097],[-121.35974,38.56082],[-121.35974,38.56082],[-121.35974,38.56082],[-121.35974,38.56081],[-121.36001,38.56068],[-121.36296,38.5592],[-121.36549,38.55793],[-121.36691,38.55721],[-121.36796,38.55669],[-121.37153,38.55489],[-121.37242,38.55445],[-121.3727,38.55431],[-121.37278,38.55427],[-121.37504,38.55313],[-121.37512,38.55309],[-121.37512,38.55309],[-121.37512,38.55309],[-121.37514,38.55311],[-121.37515,38.55312],[-121.37524,38.55321],[-121.37531,38.55328],[-121.37531,38.55328],[-121.37531,38.55328],[-121.37544,38.55344],[-121.37544,38.55345],[-121.37544,38.55345],[-121.37609,38.55429],[-121.37624,38.55449],[-121.37634,38.55461],[-121.37553,38.55927]]]}},{"type":"Feature","properties":{"county_fips":67,"srprec":"0051582","precinct_id":"067-0051582","county_name":"Sacramento","area_sq_mi":0.068,"place_primary":"La Riviera","place_primary_share":92.5,"place_also":[],"places":[{"name":"La Riviera","geoid":"0640410","kind":"cdp","pct":92.5},{"name":"Rosemont","geoid":"0662910","kind":"cdp","pct":7.5}],"bbox":[-121.35944,38.56097,-121.33636,38.56788],"g22_asm":{"dem_pct":64.3,"margin_dem":28.7,"votes_two_party":600,"winner":"Dem"},"g24_asm":{"dem_pct":66.9,"margin_dem":33.8,"votes_two_party":794,"winner":"Dem"}},"geometry":{"type":"Polygon","coordinates":[[[-121.34898,38.56209],[-121.33639,38.56787],[-121.33638,38.56788],[-121.33638,38.56787],[-121.33636,38.56621],[-121.33636,38.56609],[-121.33936,38.56461],[-121.34042,38.56409],[-121.34092,38.56387],[-121.34143,38.56366],[-121.34235,38.56331],[-121.3433,38.56301],[-121.34423,38.56276],[-121.34427,38.56276],[-121.34525,38.56254],[-121.34625,38.56238],[-121.34897,38.56208],[-121.34933,38.56204],[-121.35572,38.56136],[-121.35655,38.56127],[-121.35737,38.56119],[-121.35873,38.56104],[-121.35944,38.56097],[-121.35941,38.56098],[-121.34898,38.56209]]]},"geometry_g24":{"type":"Polygon","coordinates":[[[-121.34898,38.56209],[-121.33639,38.56787],[-121.33638,38.56788],[-121.33638,38.56787],[-121.33636,38.56621],[-121.33636,38.56621],[-121.33636,38.56621],[-121.33636,38.56613],[-121.33636,38.56611],[-121.33636,38.56609],[-121.33636,38.56609],[-121.33636,38.56608],[-121.33636,38.56608],[-121.33636,38.56608],[-121.33936,38.56461],[-121.34042,38.56409],[-121.34042,38.56409],[-121.34042,38.56409],[-121.3405,38.56406],[-121.34092,38.56387],[-121.34092,38.56387],[-121.34092,38.56387],[-121.34143,38.56366],[-121.34143,38.56366],[-121.34143,38.56366],[-121.34235,38.56331],[-121.34235,38.56331],[-121.34235,38.56331],[-121.3433,38.56301],[-121.3433,38.56301],[-121.3433,38.56301],[-121.34423,38.56277],[-121.34427,38.56276],[-121.34427,38.56276],[-121.34427,38.56276],[-121.34427,38.56276],[-121.34521,38.56255],[-121.34525,38.56254],[-121.34525,38.56254],[-121.34525,38.56254],[-121.34625,38.56238],[-121.34625,38.56238],[-121.34625,38.56237],[-121.34897,38.56208],[-121.34933,38.56204],[-121.34933,38.56204],[-121.34933,38.56204],[-121.34933,38.56204],[-121.34933,38.56204],[-121.34933,38.56204],[-121.34934,38.56204],[-121.34935,38.56204],[-121.35572,38.56136],[-121.35655,38.56127],[-121.35737,38.56119],[-121.35873,38.56104],[-121.35944,38.56097],[-121.35944,38.56097],[-121.35944,38.56097],[-121.35944,38.56097],[-121.35943,38.56097],[-121.35941,38.56098],[-121.34898,38.56209]]]}},{"type":"Feature","properties":{"county_fips":67,"srprec":"0051646","precinct_id":"067-0051646","county_name":"Sacramento","area_sq_mi":0.7,"place_primary":"Rosemont","place_primary_share":100.0,"place_also":[],"places":[{"name":"Rosemont","geoid":"0662910","kind":"cdp","pct":100.0}],"bbox":[-121.38486,38.53652,-121.3626,38.55309],"g22_asm":{"dem_pct":56.5,"margin_dem":13.0,"votes_two_party":800,"winner":"Dem"},"g24_asm":{"dem_pct":53.7,"margin_dem":7.4,"votes_two_party":1050,"winner":"Dem"}},"geometry":{"type":"Polygon","coordinates":[[[-121.38486,38.54269],[-121.38118,38.54706],[-121.37886,38.54707],[-121.37886,38.54707],[-121.37881,38.54986],[-121.37675,38.55231],[-121.37672,38.55232],[-121.37512,38.55309],[-121.37495,38.55292],[-121.37401,38.55198],[-121.37399,38.55195],[-121.3738,38.55177],[-121.37368,38.55167],[-121.37341,38.55142],[-121.37323,38.55124],[-121.37307,38.55105],[-121.37292,38.55085],[-121.37279,38.55065],[-121.37268,38.55044],[-121.37264,38.55033],[-121.37246,38.54988],[-121.37239,38.54967],[-121.37236,38.54953],[-121.37233,38.54937],[-121.3723,38.54923],[-121.37229,38.54907],[-121.37227,38.54729],[-121.37228,38.54722],[-121.3723,38.54709],[-121.36989,38.54713],[-121.36901,38.54714],[-121.36791,38.54715],[-121.36681,38.54717],[-121.36325,38.54722],[-121.36274,38.54722],[-121.36276,38.54434],[-121.36272,38.54291],[-121.36274,38.54218],[-121.36277,38.54026],[-121.36283,38.53923],[-121.36293,38.53923],[-121.36295,38.53838],[-121.36296,38.53769],[-121.36297,38.53746],[-121.36296,38.53739],[-121.36294,38.53732],[-121.36291,38.53726],[-121.36286,38.53721],[-121.3628,38.53716],[-121.36273,38.53712],[-121.36263,38.53708],[-121.3626,38.53707],[-121.36279,38.53663],[-121.36281,38.53652],[-121.38486,38.54269]]]},"geometry_g24":{"type":"Polygon","coordinates":[[[-121.38486,38.54269],[-121.37886,38.54708],[-121.37672,38.55232],[-121.37512,38.55309],[-121.37495,38.55292],[-121.37398,38.55195],[-121.37368,38.55167],[-121.37323,38.55124],[-121.37292,38.55085],[-121.37268,38.55044],[-121.37246,38.54988],[-121.37236,38.54953],[-121.3723,38.54923],[-121.37227,38.54729],[-121.3723,38.54709],[-121.3723,38.54709],[-121.36683,38.54717],[-121.36277,38.54722],[-121.36275,38.54492],[-121.36273,38.54292],[-121.36273,38.54291],[-121.36276,38.54089],[-121.36276,38.5408],[-121.36276,38.5405],[-121.36276,38.54023],[-121.36275,38.53992],[-121.36276,38.53953],[-121.36276,38.53923],[-121.36276,38.53861],[-121.36276,38.53764],[-121.36276,38.53727],[-121.36276,38.53714],[-121.36263,38.53708],[-121.36277,38.53668],[-121.38486,38.54269]],[[-121.37221,38.54251],[-121.37221,38.54251],[-121.37221,38.54251],[-121.37221,38.54251],[-121.37221,38.54251],[-121.37221,38.54251],[-121.37221,38.54251],[-121.37221,38.54251]]]}},{"type":"Feature","properties":{"county_fips":67,"srprec":"0051753","precinct_id":"067-0051753","county_name":"Sacramento","area_sq_mi":0.379,"place_primary":"Rosemont","place_primary_share":100.0,"place_also":[],"places":[{"name":"Rosemont","geoid":"0662910","kind":"cdp","pct":100.0}],"bbox":[-121.37512,38.54709,-121.35789,38.56104],"g22_asm":{"dem_pct":65.3,"margin_dem":30.6,"votes_two_party":1049,"winner":"Dem"},"g24_asm":{"dem_pct":58.9,"margin_dem":17.8,"votes_two_party":1285,"winner":"Dem"}},"geometry":{"type":"Polygon","coordinates":[[[-121.37228,38.54722],[-121.37229,38.54907],[-121.37233,38.54937],[-121.37239,38.54967],[-121.37264,38.55033],[-121.37279,38.55065],[-121.37307,38.55105],[-121.37341,38.55142],[-121.3738,38.55177],[-121.37401,38.55198],[-121.37512,38.55309],[-121.37242,38.55445],[-121.36796,38.55669],[-121.36549,38.55793],[-121.36002,38.56068],[-121.35873,38.56104],[-121.35963,38.55999],[-121.35945,38.55874],[-121.35815,38.55815],[-121.35815,38.55694],[-121.35813,38.55682],[-121.35796,38.55654],[-121.35792,38.55642],[-121.35823,38.55595],[-121.35912,38.55506],[-121.36127,38.55485],[-121.36145,38.5548],[-121.36178,38.55465],[-121.36216,38.5544],[-121.36267,38.55406],[-121.36286,38.55387],[-121.36371,38.55294],[-121.3648,38.55174],[-121.36533,38.55117],[-121.36605,38.55038],[-121.36634,38.54997],[-121.36657,38.54953],[-121.36671,38.54915],[-121.3668,38.54874],[-121.36683,38.54824],[-121.36791,38.54715],[-121.36989,38.54713],[-121.37228,38.54722]]]},"geometry_g24":{"type":"Polygon","coordinates":[[[-121.36371,38.55294],[-121.36533,38.55117],[-121.36618,38.5502],[-121.36657,38.54953],[-121.36676,38.54893],[-121.36683,38.54824],[-121.36901,38.54714],[-121.37227,38.54722],[-121.3723,38.54923],[-121.37239,38.54967],[-121.37268,38.55044],[-121.37307,38.55105],[-121.37371,38.55169],[-121.37401,38.55198],[-121.37278,38.55427],[-121.37242,38.55445],[-121.36002,38.56068],[-121.35873,38.56104],[-121.35931,38.56075],[-121.35945,38.55874],[-121.35842,38.55813],[-121.35815,38.55694],[-121.35808,38.55675],[-121.35792,38.55642],[-121.35793,38.55639],[-121.35826,38.55594],[-121.35924,38.55585],[-121.36117,38.55487],[-121.36145,38.5548],[-121.36192,38.55456],[-121.36279,38.55395],[-121.36351,38.55316],[-121.36371,38.55294]]]}},{"type":"Feature","properties":{"county_fips":67,"srprec":"0051794","precinct_id":"067-0051794","county_name":"Sacramento","area_sq_mi":0.385,"place_primary":"Rosemont","place_primary_share":100.0,"place_also":[],"places":[{"name":"Rosemont","geoid":"0662910","kind":"cdp","pct":100.0}],"bbox":[-121.36683,38.54717,-121.34815,38.55527],"g22_asm":{"dem_pct":58.8,"margin_dem":17.7,"votes_two_party":967,"winner":"Dem"},"g24_asm":{"dem_pct":56.2,"margin_dem":12.5,"votes_two_party":1184,"winner":"Dem"}},"geometry":{"type":"Polygon","coordinates":[[[-121.36236,38.54723],[-121.36325,38.54722],[-121.36683,38.54824],[-121.3668,38.54874],[-121.36671,38.54915],[-121.36657,38.54953],[-121.36634,38.54997],[-121.36605,38.55038],[-121.36533,38.55117],[-121.3648,38.55174],[-121.36371,38.55294],[-121.36286,38.55387],[-121.36267,38.55406],[-121.36216,38.5544],[-121.36178,38.55465],[-121.36145,38.5548],[-121.36127,38.55485],[-121.35912,38.55506],[-121.35765,38.5552],[-121.35685,38.55527],[-121.35646,38.55527],[-121.35602,38.5552],[-121.35568,38.55511],[-121.35463,38.55469],[-121.35359,38.55423],[-121.35312,38.55408],[-121.35283,38.554],[-121.3524,38.55394],[-121.35196,38.55391],[-121.35152,38.55394],[-121.351,38.55402],[-121.34995,38.55432],[-121.34949,38.55444],[-121.34909,38.55449],[-121.34815,38.5545],[-121.34815,38.55338],[-121.34818,38.55318],[-121.34893,38.55313],[-121.34911,38.55312],[-121.34929,38.55308],[-121.34997,38.55157],[-121.35063,38.55065],[-121.35358,38.55013],[-121.35352,38.54735],[-121.35469,38.54733],[-121.35674,38.54731],[-121.35819,38.54729],[-121.36236,38.54723]]]},"geometry_g24":{"type":"Polygon","coordinates":[[[-121.36236,38.54723],[-121.36683,38.54824],[-121.36671,38.54915],[-121.36634,38.54997],[-121.36533,38.55117],[-121.36351,38.55316],[-121.3626,38.55411],[-121.36145,38.5548],[-121.35912,38.55506],[-121.35765,38.5552],[-121.3566,38.55527],[-121.35585,38.55516],[-121.35463,38.55469],[-121.35312,38.55408],[-121.3524,38.55393],[-121.35152,38.55394],[-121.34995,38.55432],[-121.34908,38.55449],[-121.34815,38.55336],[-121.34893,38.55313],[-121.34929,38.55308],[-121.34997,38.55157],[-121.35041,38.55083],[-121.35055,38.55074],[-121.35095,38.55053],[-121.35124,38.55042],[-121.35155,38.55033],[-121.35186,38.55027],[-121.35218,38.55024],[-121.35349,38.55014],[-121.35348,38.54918],[-121.35348,38.54825],[-121.35349,38.54811],[-121.35348,38.54735],[-121.35352,38.54735],[-121.35819,38.54729],[-121.36236,38.54723]]]}},{"type":"Feature","properties":{"county_fips":67,"srprec":"0051844","precinct_id":"067-0051844","county_name":"Sacramento","area_sq_mi":0.296,"place_primary":"Rosemont","place_primary_share":100.0,"place_also":[],"places":[{"name":"Rosemont","geoid":"0662910","kind":"cdp","pct":100.0}],"bbox":[-121.35963,38.55391,-121.34609,38.56204],"g22_asm":{"dem_pct":55.3,"margin_dem":10.7,"votes_two_party":898,"winner":"Dem"},"g24_asm":{"dem_pct":53.1,"margin_dem":6.3,"votes_two_party":1116,"winner":"Dem"}},"geometry":{"type":"Polygon","coordinates":[[[-121.34884,38.56096],[-121.34833,38.56013],[-121.34823,38.55998],[-121.34686,38.55664],[-121.34609,38.55458],[-121.34643,38.5545],[-121.34668,38.55449],[-121.34772,38.55449],[-121.34899,38.5545],[-121.34923,38.55448],[-121.34971,38.55439],[-121.35074,38.55409],[-121.35126,38.55397],[-121.35179,38.55392],[-121.35219,38.55392],[-121.35262,38.55396],[-121.35297,38.55404],[-121.35339,38.55416],[-121.35373,38.55429],[-121.35552,38.55505],[-121.35585,38.55516],[-121.35629,38.55525],[-121.35665,38.55528],[-121.35707,38.55526],[-121.35812,38.55515],[-121.35924,38.55586],[-121.3583,38.55635],[-121.35793,38.55648],[-121.35808,38.55675],[-121.35815,38.55688],[-121.35815,38.55743],[-121.35935,38.55804],[-121.35955,38.55942],[-121.35931,38.56075],[-121.35737,38.56119],[-121.35572,38.56136],[-121.34923,38.56181],[-121.34884,38.56096]]]},"geometry_g24":{"type":"Polygon","coordinates":[[[-121.34908,38.55449],[-121.34949,38.55444],[-121.35074,38.55409],[-121.35126,38.55397],[-121.35196,38.55391],[-121.3524,38.55394],[-121.35297,38.55404],[-121.35339,38.55416],[-121.35463,38.55469],[-121.3555,38.55504],[-121.35568,38.55511],[-121.35629,38.55525],[-121.35665,38.55527],[-121.35707,38.55526],[-121.35912,38.55506],[-121.35924,38.55586],[-121.35789,38.55598],[-121.35794,38.55641],[-121.35792,38.55642],[-121.35808,38.55675],[-121.35815,38.55688],[-121.35815,38.55815],[-121.35934,38.55804],[-121.35955,38.55942],[-121.35931,38.56075],[-121.35854,38.56106],[-121.34935,38.56204],[-121.34923,38.56181],[-121.34833,38.56013],[-121.34827,38.56005],[-121.34759,38.55849],[-121.34625,38.55504],[-121.34609,38.55458],[-121.34643,38.5545],[-121.34727,38.55449],[-121.34899,38.5545],[-121.34908,38.55449]]]}},{"type":"Feature","properties":{"county_fips":67,"srprec":"0051988","precinct_id":"067-0051988","county_name":"Sacramento","area_sq_mi":0.344,"place_primary":"Rosemont","place_primary_share":100.0,"place_also":[],"places":[{"name":"Rosemont","geoid":"0662910","kind":"cdp","pct":100.0}],"bbox":[-121.35352,38.54005,-121.34407,38.55458],"g22_asm":{"dem_pct":53.7,"margin_dem":7.5,"votes_two_party":815,"winner":"Dem"},"g24_asm":{"dem_pct":53.7,"margin_dem":7.4,"votes_two_party":1076,"winner":"Dem"}},"geometry":{"type":"Polygon","coordinates":[[[-121.3535,38.5404],[-121.35343,38.54108],[-121.35346,38.54341],[-121.35352,38.54722],[-121.35352,38.54735],[-121.35352,38.54735],[-121.35354,38.54817],[-121.35358,38.55013],[-121.35151,38.55021],[-121.35063,38.55065],[-121.3498,38.55131],[-121.34997,38.55157],[-121.3507,38.55266],[-121.34929,38.55308],[-121.3492,38.5531],[-121.34911,38.55312],[-121.34902,38.55313],[-121.34893,38.55313],[-121.3482,38.55312],[-121.34818,38.55318],[-121.34815,38.55331],[-121.34815,38.55338],[-121.34815,38.55379],[-121.34815,38.5545],[-121.34772,38.55449],[-121.34727,38.55449],[-121.34668,38.55449],[-121.34652,38.55449],[-121.34643,38.5545],[-121.34627,38.55453],[-121.34609,38.55458],[-121.34521,38.55213],[-121.34449,38.5501],[-121.34426,38.54948],[-121.3442,38.5493],[-121.34416,38.54913],[-121.34412,38.54887],[-121.34412,38.54879],[-121.34411,38.54813],[-121.34409,38.54743],[-121.34409,38.5467],[-121.34407,38.54545],[-121.34407,38.54537],[-121.34582,38.54567],[-121.34582,38.54543],[-121.34533,38.5451],[-121.34533,38.54503],[-121.34533,38.54458],[-121.3457,38.54438],[-121.34689,38.54372],[-121.3469,38.54372],[-121.34966,38.54219],[-121.35009,38.54195],[-121.3499,38.54176],[-121.34964,38.54157],[-121.34968,38.5412],[-121.34974,38.54086],[-121.34964,38.54003],[-121.3535,38.54003],[-121.3535,38.5404]]]},"geometry_g24":{"type":"Polygon","coordinates":[[[-121.3535,38.54005],[-121.35352,38.54722],[-121.35352,38.54735],[-121.35349,38.54775],[-121.35348,38.54818],[-121.35348,38.54901],[-121.35349,38.55014],[-121.35218,38.55024],[-121.3517,38.5503],[-121.35124,38.55042],[-121.35081,38.55059],[-121.35042,38.55082],[-121.3498,38.55131],[-121.3492,38.5531],[-121.34818,38.55318],[-121.34814,38.55449],[-121.34627,38.55453],[-121.3442,38.5493],[-121.34412,38.54851],[-121.34575,38.54566],[-121.34582,38.54543],[-121.34533,38.54458],[-121.34551,38.54441],[-121.34648,38.54388],[-121.34675,38.54372],[-121.34773,38.54319],[-121.34873,38.54264],[-121.34959,38.54217],[-121.35006,38.54192],[-121.34968,38.5412],[-121.34966,38.54006],[-121.35209,38.54006],[-121.3535,38.54005]],[[-121.34615,38.54573],[-121.34615,38.54573],[-121.34629,38.54575],[-121.34629,38.54575],[-121.34615,38.54573]],[[-121.34629,38.54575],[-121.34629,38.54575],[-121.34648,38.5458],[-121.34648,38.5458],[-121.34629,38.54575]],[[-121.34648,38.5458],[-121.34655,38.54582],[-121.34648,38.5458]],[[-121.34733,38.54617],[-121.34737,38.5462],[-121.34733,38.54617]],[[-121.3474,38.54622],[-121.3474,38.54622],[-121.34739,38.54621],[-121.3474,38.54622]],[[-121.34872,38.54712],[-121.34872,38.54712],[-121.34866,38.5471],[-121.34872,38.54712]],[[-121.34892,38.5472],[-121.34892,38.5472],[-121.34879,38.54715],[-121.34892,38.5472]],[[-121.34892,38.54721],[-121.34908,38.54726],[-121.34908,38.54726],[-121.34892,38.54721]],[[-121.34908,38.54726],[-121.34924,38.5473],[-121.34924,38.5473],[-121.34908,38.54726]],[[-121.34924,38.5473],[-121.34928,38.54731],[-121.34924,38.5473]],[[-121.34957,38.54736],[-121.34957,38.54736],[-121.34952,38.54735],[-121.34957,38.54736]],[[-121.35076,38.54738],[-121.35076,38.54738],[-121.34983,38.54738],[-121.35076,38.54738]],[[-121.35103,38.54738],[-121.35286,38.54736],[-121.35103,38.54738]]]}},{"type":"Feature","properties":{"county_fips":67,"srprec":"0052104","precinct_id":"067-0052104","county_name":"Sacramento","area_sq_mi":0.008,"place_primary":"La Riviera","place_primary_share":91.2,"place_also":[],"places":[{"name":"La Riviera","geoid":"0640410","kind":"cdp","pct":91.2},{"name":"Carmichael","geoid":"0611390","kind":"cdp","pct":6.3},{"name":"Rancho Cordova","geoid":"0659444","kind":"city","pct":2.4}],"bbox":[-121.34284,38.57663,-121.32735,38.58037],"g22_asm":{"dem_pct":60.9,"margin_dem":21.7,"votes_two_party":575,"winner":"Dem"},"g24_asm":{"dem_pct":59.1,"margin_dem":18.2,"votes_two_party":1096,"winner":"Dem"}},"geometry":{"type":"Polygon","coordinates":[[[-121.34284,38.57954],[-121.34222,38.57965],[-121.3412,38.57975],[-121.34057,38.57975],[-121.33987,38.57971],[-121.34284,38.57954]]]},"geometry_g24":{"type":"MultiPolygon","coordinates":[[[[-121.32744,38.57893],[-121.32742,38.57892],[-121.32742,38.57892],[-121.32738,38.57889],[-121.32738,38.57889],[-121.32735,38.57884],[-121.32735,38.57884],[-121.32736,38.57844],[-121.32737,38.57775],[-121.32737,38.57775],[-121.32739,38.57768],[-121.32739,38.57768],[-121.3274,38.57765],[-121.3274,38.57765],[-121.32741,38.57765],[-121.32745,38.5776],[-121.32745,38.5776],[-121.32747,38.57759],[-121.32749,38.57757],[-121.32749,38.57757],[-121.32749,38.57757],[-121.32751,38.57753],[-121.32753,38.57749],[-121.32744,38.57893]]],[[[-121.32754,38.57724],[-121.32754,38.57727],[-121.32753,38.57723],[-121.32753,38.57723],[-121.32753,38.57723],[-121.32749,38.57718],[-121.32747,38.57716],[-121.32747,38.57716],[-121.32747,38.57716],[-121.32737,38.57702],[-121.32737,38.57702],[-121.32736,38.57701],[-121.32736,38.57701],[-121.32736,38.57701],[-121.32812,38.57663],[-121.32754,38.57724]]],[[[-121.33094,38.57865],[-121.3304,38.57882],[-121.3304,38.57882],[-121.3304,38.57882],[-121.33007,38.57895],[-121.33007,38.57896],[-121.33007,38.57896],[-121.33005,38.57897],[-121.32952,38.57928],[-121.32952,38.57928],[-121.32952,38.57928],[-121.3294,38.57958],[-121.32933,38.57976],[-121.32933,38.57976],[-121.32933,38.57976],[-121.32927,38.57994],[-121.32926,38.57997],[-121.32914,38.58037],[-121.32914,38.58037],[-121.32914,38.58037],[-121.32904,38.58024],[-121.32898,38.58016],[-121.32897,38.58016],[-121.32897,38.58016],[-121.32897,38.58015],[-121.32885,38.58001],[-121.32873,38.57986],[-121.32873,38.57986],[-121.32873,38.57986],[-121.32844,38.57949],[-121.32844,38.57948],[-121.32844,38.57948],[-121.32803,38.57894],[-121.32803,38.57894],[-121.32803,38.57894],[-121.32752,38.57894],[-121.32752,38.57894],[-121.32747,38.57894],[-121.32747,38.57894],[-121.32747,38.57894],[-121.32745,38.57893],[-121.33094,38.57865]]],[[[-121.34284,38.57954],[-121.34254,38.57959],[-121.34222,38.57965],[-121.34222,38.57965],[-121.34222,38.57965],[-121.34209,38.57966],[-121.34157,38.57972],[-121.3412,38.57975],[-121.3412,38.57975],[-121.34057,38.57975],[-121.34057,38.57975],[-121.34057,38.57975],[-121.33987,38.57971],[-121.34284,38.57954]]]]}},{"type":"Feature","properties":{"county_fips":67,"srprec":"0052141","precinct_id":"067-0052141","county_name":"Sacramento","area_sq_mi":0.007,"place_primary":"La Riviera","place_primary_share":97.3,"place_also":[],"places":[{"name":"La Riviera","geoid":"0640410","kind":"cdp","pct":97.3},{"name":"Rancho Cordova","geoid":"0659444","kind":"city","pct":2.7}],"bbox":[-121.33094,38.57663,-121.32735,38.58037],"g22_asm":{"dem_pct":52.2,"margin_dem":4.5,"votes_two_party":335,"winner":"Dem"},"g24_asm":null},"geometry":{"type":"MultiPolygon","coordinates":[[[[-121.32744,38.57893],[-121.32742,38.57892],[-121.32738,38.57889],[-121.32735,38.57884],[-121.32736,38.57844],[-121.32737,38.57775],[-121.32739,38.57768],[-121.3274,38.57765],[-121.32745,38.5776],[-121.32749,38.57757],[-121.32753,38.57749],[-121.32744,38.57893]]],[[[-121.32754,38.57724],[-121.32754,38.57727],[-121.32753,38.57723],[-121.32747,38.57716],[-121.32736,38.57701],[-121.32812,38.57663],[-121.32754,38.57724]]],[[[-121.33094,38.57865],[-121.3304,38.57882],[-121.33007,38.57896],[-121.32952,38.57928],[-121.32933,38.57976],[-121.32926,38.57997],[-121.32914,38.58037],[-121.32897,38.58016],[-121.32885,38.58001],[-121.32873,38.57986],[-121.32844,38.57948],[-121.32803,38.57894],[-121.32752,38.57894],[-121.32747,38.57894],[-121.32745,38.57893],[-121.33094,38.57865]]]]}},{"type":"Feature","properties":{"county_fips":67,"srprec":"0052218","precinct_id":"067-0052218","county_name":"Sacramento","area_sq_mi":1.126,"place_primary":"Rancho Cordova","place_primary_share":99.5,"place_also":[],"places":[{"name":"Rancho Cordova","geoid":"0659444","kind":"city","pct":99.5},{"name":"Carmichael","geoid":"0611390","kind":"cdp","pct":0.4}],"bbox":[-121.33164,38.57701,-121.31387,38.60432],"g22_asm":{"dem_pct":60.5,"margin_dem":21.0,"votes_two_party":906,"winner":"Dem"},"g24_asm":{"dem_pct":53.7,"margin_dem":7.3,"votes_two_party":1103,"winner":"Dem"}},"geometry":{"type":"Polygon","coordinates":[[[-121.32753,38.57749],[-121.32735,38.57884],[-121.32752,38.57894],[-121.32904,38.58071],[-121.32722,38.58476],[-121.32725,38.58716],[-121.33002,38.58978],[-121.33149,38.59687],[-121.32723,38.60178],[-121.32446,38.60357],[-121.31879,38.603],[-121.31871,38.60223],[-121.31716,38.60192],[-121.31711,38.60132],[-121.31644,38.60024],[-121.31596,38.59954],[-121.31633,38.59846],[-121.31601,38.59747],[-121.3154,38.59628],[-121.31563,38.5951],[-121.31504,38.59426],[-121.31468,38.59381],[-121.31407,38.59362],[-121.31395,38.5925],[-121.31438,38.59137],[-121.31544,38.58994],[-121.31524,38.58868],[-121.31521,38.58767],[-121.31537,38.58644],[-121.31761,38.58598],[-121.31868,38.58558],[-121.3204,38.58551],[-121.31943,38.58198],[-121.32736,38.57701],[-121.32753,38.57749]]]},"geometry_g24":{"type":"Polygon","coordinates":[[[-121.32753,38.57749],[-121.32735,38.57884],[-121.32803,38.57894],[-121.32914,38.58037],[-121.32744,38.58426],[-121.32709,38.58702],[-121.33045,38.59031],[-121.33164,38.59447],[-121.32796,38.60134],[-121.32586,38.60279],[-121.31894,38.60307],[-121.31909,38.60231],[-121.31716,38.60194],[-121.31713,38.60138],[-121.31657,38.60032],[-121.31596,38.59951],[-121.31633,38.59835],[-121.31552,38.59697],[-121.31568,38.59541],[-121.31497,38.59442],[-121.31787,38.59389],[-121.31437,38.59378],[-121.31388,38.59333],[-121.31417,38.59172],[-121.31542,38.59001],[-121.31523,38.58868],[-121.31524,38.58754],[-121.31639,38.58623],[-121.31819,38.5857],[-121.32031,38.58591],[-121.3204,38.58541],[-121.31925,38.58168],[-121.32747,38.57716],[-121.32753,38.57749]],[[-121.32776,38.59298],[-121.32776,38.59298],[-121.32776,38.59298]],[[-121.32785,38.59317],[-121.32785,38.59317],[-121.32785,38.59317]],[[-121.32895,38.59381],[-121.32895,38.59381],[-121.32895,38.59381]],[[-121.32901,38.59382],[-121.32901,38.59382],[-121.32901,38.59382]],[[-121.32907,38.59383],[-121.32907,38.59383],[-121.32907,38.59383]],[[-121.32913,38.59383],[-121.32913,38.59383],[-121.32913,38.59383]],[[-121.32919,38.59382],[-121.32919,38.59382],[-121.32919,38.59382]],[[-121.3293,38.59378],[-121.3293,38.59378],[-121.3293,38.59378]],[[-121.32935,38.59375],[-121.32935,38.59375],[-121.32935,38.59375]],[[-121.33042,38.59289],[-121.33042,38.59289],[-121.33042,38.59289],[-121.33042,38.59289]]]}},{"type":"Feature","properties":{"county_fips":67,"srprec":"0052364","precinct_id":"067-0052364","county_name":"Sacramento","area_sq_mi":0.212,"place_primary":"Rancho Cordova","place_primary_share":100.0,"place_also":[],"places":[{"name":"Rancho Cordova","geoid":"0659444","kind":"city","pct":100.0}],"bbox":[-121.3204,38.58121,-121.30306,38.59125],"g22_asm":{"dem_pct":65.5,"margin_dem":31.1,"votes_two_party":351,"winner":"Dem"},"g24_asm":{"dem_pct":61.9,"margin_dem":23.9,"votes_two_party":402,"winner":"Dem"}},"geometry":{"type":"Polygon","coordinates":[[[-121.3077,38.58672],[-121.31318,38.58402],[-121.31887,38.58121],[-121.31943,38.58198],[-121.32034,38.5849],[-121.3204,38.58541],[-121.32037,38.5857],[-121.31894,38.5856],[-121.31858,38.58559],[-121.31819,38.5857],[-121.31761,38.58598],[-121.3171,38.58612],[-121.31596,38.58632],[-121.31481,38.58652],[-121.31449,38.58663],[-121.31428,38.58679],[-121.31417,38.58698],[-121.31414,38.58724],[-121.31418,38.58776],[-121.31355,38.58827],[-121.31175,38.58881],[-121.31103,38.58895],[-121.30957,38.58902],[-121.30822,38.5891],[-121.30769,38.58924],[-121.30655,38.58978],[-121.30258,38.59179],[-121.30151,38.59235],[-121.30125,38.59262],[-121.30102,38.59276],[-121.30055,38.59276],[-121.30021,38.59286],[-121.29994,38.59285],[-121.29963,38.59279],[-121.29947,38.5928],[-121.29795,38.59353],[-121.29728,38.59271],[-121.29695,38.59245],[-121.29669,38.59217],[-121.30306,38.58902],[-121.3077,38.58672]]]},"geometry_g24":{"type":"Polygon","coordinates":[[[-121.31889,38.58123],[-121.31943,38.58198],[-121.31965,38.58268],[-121.3204,38.58526],[-121.3204,38.58551],[-121.32037,38.5857],[-121.32021,38.58586],[-121.31884,38.58558],[-121.31843,38.58562],[-121.31819,38.5857],[-121.31761,38.58598],[-121.31725,38.58609],[-121.31639,38.58623],[-121.31537,38.58644],[-121.31506,38.58649],[-121.3147,38.58654],[-121.3144,38.58669],[-121.31428,38.58679],[-121.31418,38.58696],[-121.31414,38.58714],[-121.31419,38.58763],[-121.31417,38.5879],[-121.31355,38.58827],[-121.31249,38.58859],[-121.31131,38.58891],[-121.31081,38.58896],[-121.30868,38.58906],[-121.30804,38.58914],[-121.30768,38.58924],[-121.30655,38.58978],[-121.30364,38.59125],[-121.30306,38.58902],[-121.30986,38.58566],[-121.31318,38.58402],[-121.31887,38.58121],[-121.31889,38.58123]]]}},{"type":"Feature","properties":{"county_fips":67,"srprec":"0052405","precinct_id":"067-0052405","county_name":"Sacramento","area_sq_mi":0.482,"place_primary":"Rancho Cordova","place_primary_share":100.0,"place_also":[],"places":[{"name":"Rancho Cordova","geoid":"0659444","kind":"city","pct":100.0}],"bbox":[-121.3192,38.58644,-121.30365,38.60461],"g22_asm":{"dem_pct":57.9,"margin_dem":15.8,"votes_two_party":933,"winner":"Dem"},"g24_asm":{"dem_pct":51.8,"margin_dem":3.6,"votes_two_party":1191,"winner":"Dem"}},"geometry":{"type":"Polygon","coordinates":[[[-121.30365,38.59125],[-121.30786,38.58919],[-121.31045,38.58898],[-121.31267,38.58853],[-121.31419,38.58763],[-121.31418,38.58696],[-121.31459,38.58658],[-121.31543,38.58668],[-121.31518,38.58785],[-121.31524,38.58868],[-121.31548,38.58978],[-121.3147,38.59098],[-121.31404,38.59205],[-121.31388,38.59333],[-121.31424,38.59373],[-121.31502,38.59378],[-121.31504,38.59426],[-121.31548,38.5948],[-121.31551,38.59591],[-121.31542,38.5968],[-121.31624,38.59785],[-121.31626,38.59876],[-121.31595,38.59963],[-121.31644,38.60024],[-121.31709,38.60103],[-121.31712,38.60176],[-121.31749,38.6021],[-121.31915,38.60248],[-121.31699,38.60306],[-121.31464,38.60408],[-121.31173,38.60151],[-121.30534,38.59643],[-121.30478,38.59542],[-121.30365,38.59125]]]},"geometry_g24":{"type":"Polygon","coordinates":[[[-121.3154,38.58654],[-121.31521,38.58767],[-121.31523,38.58868],[-121.31547,38.58978],[-121.31451,38.59121],[-121.31396,38.59237],[-121.314,38.59356],[-121.31448,38.5938],[-121.31787,38.5939],[-121.31476,38.59439],[-121.31567,38.59519],[-121.3154,38.59628],[-121.31552,38.59697],[-121.31631,38.5982],[-121.31607,38.5992],[-121.31595,38.59963],[-121.31633,38.60018],[-121.31707,38.60085],[-121.31712,38.60162],[-121.31716,38.60192],[-121.31789,38.60212],[-121.31899,38.60256],[-121.31536,38.60435],[-121.31454,38.60399],[-121.30659,38.59743],[-121.30484,38.59562],[-121.30365,38.59125],[-121.30804,38.58914],[-121.31103,38.58895],[-121.31406,38.58812],[-121.31414,38.58724],[-121.31434,38.58673],[-121.31506,38.58649],[-121.3154,38.58654]]]}},{"type":"Feature","properties":{"county_fips":67,"srprec":"0052516","precinct_id":"067-0052516","county_name":"Sacramento","area_sq_mi":0.795,"place_primary":"Rancho Cordova","place_primary_share":100.0,"place_also":[],"places":[{"name":"Rancho Cordova","geoid":"0659444","kind":"city","pct":100.0}],"bbox":[-121.33638,38.56103,-121.30755,38.58133],"g22_asm":{"dem_pct":61.4,"margin_dem":22.7,"votes_two_party":176,"winner":"Dem"},"g24_asm":{"dem_pct":50.4,"margin_dem":0.7,"votes_two_party":1336,"winner":"Dem"}},"geometry":{"type":"Polygon","coordinates":[[[-121.32812,38.57663],[-121.32736,38.57701],[-121.32394,38.5787],[-121.32182,38.57975],[-121.32008,38.58061],[-121.31887,38.58121],[-121.31863,38.58133],[-121.31861,38.58107],[-121.31853,38.57996],[-121.31848,38.57924],[-121.31846,38.57881],[-121.31835,38.5772],[-121.3183,38.57657],[-121.31789,38.57536],[-121.31781,38.57496],[-121.3178,38.57487],[-121.31776,38.57456],[-121.32317,38.57239],[-121.32424,38.57196],[-121.3252,38.57154],[-121.32728,38.57053],[-121.32753,38.57041],[-121.3301,38.56916],[-121.33636,38.56609],[-121.33636,38.56621],[-121.33638,38.56787],[-121.33638,38.56788],[-121.32812,38.57663]]]},"geometry_g24":{"type":"MultiPolygon","coordinates":[[[[-121.31744,38.56113],[-121.31765,38.56135],[-121.31786,38.56167],[-121.31796,38.56193],[-121.31801,38.56399],[-121.31801,38.56886],[-121.31802,38.57077],[-121.31802,38.57226],[-121.31775,38.57403],[-121.31776,38.57445],[-121.31639,38.5751],[-121.31518,38.57558],[-121.31326,38.57634],[-121.31036,38.57726],[-121.31038,38.57654],[-121.31034,38.57622],[-121.31012,38.57578],[-121.30948,38.57522],[-121.30917,38.57476],[-121.30907,38.57386],[-121.30903,38.57253],[-121.30895,38.57075],[-121.30895,38.57063],[-121.30889,38.56893],[-121.30881,38.56821],[-121.30827,38.56715],[-121.30768,38.56657],[-121.30755,38.56648],[-121.30868,38.56595],[-121.31453,38.56294],[-121.31471,38.56284],[-121.31506,38.56262],[-121.31732,38.56103],[-121.31744,38.56113]],[[-121.31794,38.5707],[-121.31794,38.5707],[-121.31794,38.5707],[-121.31794,38.5707]]],[[[-121.32812,38.57663],[-121.32749,38.57694],[-121.32736,38.57701],[-121.32394,38.5787],[-121.32182,38.57975],[-121.32008,38.58061],[-121.31887,38.58121],[-121.31883,38.58123],[-121.31863,38.58133],[-121.31863,38.58133],[-121.31863,38.58133],[-121.31861,38.58107],[-121.31853,38.57996],[-121.3185,38.57946],[-121.3185,38.57941],[-121.31848,38.57924],[-121.31846,38.57881],[-121.31835,38.5772],[-121.31835,38.5772],[-121.31832,38.57676],[-121.3183,38.57657],[-121.3183,38.57657],[-121.31824,38.57639],[-121.31789,38.57536],[-121.31789,38.57536],[-121.31781,38.57496],[-121.31781,38.57496],[-121.3178,38.57487],[-121.31776,38.57457],[-121.31776,38.57457],[-121.31776,38.57456],[-121.31782,38.57454],[-121.32317,38.57239],[-121.32317,38.57239],[-121.32424,38.57196],[-121.32424,38.57195],[-121.3252,38.57154],[-121.3252,38.57154],[-121.32728,38.57053],[-121.32728,38.57053],[-121.32753,38.57041],[-121.33009,38.56916],[-121.3301,38.56916],[-121.33636,38.56609],[-121.33636,38.56609],[-121.33636,38.56609],[-121.33636,38.56613],[-121.33636,38.56621],[-121.33636,38.56621],[-121.33637,38.56713],[-121.33638,38.56787],[-121.33638,38.56788],[-121.32812,38.57663]]]]}},{"type":"Feature","properties":{"county_fips":67,"srprec":"0052573","precinct_id":"067-0052573","county_name":"Sacramento","area_sq_mi":0.246,"place_primary":"Rancho Cordova","place_primary_share":100.0,"place_also":[],"places":[{"name":"Rancho Cordova","geoid":"0659444","kind":"city","pct":100.0}],"bbox":[-121.31863,38.57457,-121.3081,38.58567],"g22_asm":{"dem_pct":55.6,"margin_dem":11.3,"votes_two_party":266,"winner":"Dem"},"g24_asm":{"dem_pct":51.1,"margin_dem":2.2,"votes_two_party":405,"winner":"Dem"}},"geometry":{"type":"Polygon","coordinates":[[[-121.30944,38.5779],[-121.30961,38.57781],[-121.31019,38.57755],[-121.31035,38.57749],[-121.31326,38.57634],[-121.3137,38.57616],[-121.31402,38.57603],[-121.31419,38.57597],[-121.31518,38.57558],[-121.31539,38.57549],[-121.31629,38.57514],[-121.31638,38.5751],[-121.31702,38.57485],[-121.31776,38.57456],[-121.3178,38.57487],[-121.31781,38.57496],[-121.31789,38.57536],[-121.3183,38.57657],[-121.31835,38.5772],[-121.31846,38.57881],[-121.31848,38.57924],[-121.31853,38.57996],[-121.31861,38.58107],[-121.31863,38.58133],[-121.31575,38.58275],[-121.31318,38.58402],[-121.30984,38.58567],[-121.30985,38.58536],[-121.30985,38.58505],[-121.30988,38.58369],[-121.30989,38.58276],[-121.3099,38.58204],[-121.3099,38.58139],[-121.30989,38.58125],[-121.30988,38.58117],[-121.30985,38.58104],[-121.30979,38.58084],[-121.30974,38.58069],[-121.30962,38.58041],[-121.30952,38.5802],[-121.30935,38.57993],[-121.30918,38.57968],[-121.30906,38.57953],[-121.30905,38.57952],[-121.3089,38.57935],[-121.30863,38.57907],[-121.30815,38.57864],[-121.3081,38.57859],[-121.30944,38.5779]]]},"geometry_g24":{"type":"Polygon","coordinates":[[[-121.3183,38.57657],[-121.31835,38.5772],[-121.31846,38.57881],[-121.31848,38.57924],[-121.3185,38.57946],[-121.31861,38.58107],[-121.31863,38.58133],[-121.31863,38.58133],[-121.31318,38.58402],[-121.30984,38.58567],[-121.30984,38.58567],[-121.30984,38.58562],[-121.30985,38.58505],[-121.30988,38.58369],[-121.3099,38.58204],[-121.3099,38.58139],[-121.30989,38.58125],[-121.30988,38.58117],[-121.30985,38.58104],[-121.30979,38.58084],[-121.30974,38.58069],[-121.30962,38.58041],[-121.30954,38.58024],[-121.30952,38.5802],[-121.30935,38.57993],[-121.30918,38.57969],[-121.30906,38.57954],[-121.30905,38.57952],[-121.3089,38.57935],[-121.30863,38.57907],[-121.30815,38.57864],[-121.3081,38.57859],[-121.30814,38.57857],[-121.30961,38.57781],[-121.31019,38.57755],[-121.31035,38.57749],[-121.3137,38.57616],[-121.31402,38.57604],[-121.31518,38.57558],[-121.31539,38.57549],[-121.31638,38.5751],[-121.31776,38.57457],[-121.31776,38.57457],[-121.31781,38.57496],[-121.31789,38.57536],[-121.31824,38.57639],[-121.3183,38.57657]]]}},{"type":"Feature","properties":{"county_fips":67,"srprec":"0052627","precinct_id":"067-0052627","county_name":"Sacramento","area_sq_mi":0.383,"place_primary":"Rosemont","place_primary_share":99.6,"place_also":[],"places":[{"name":"Rosemont","geoid":"0662910","kind":"cdp","pct":99.6},{"name":"Rancho Cordova","geoid":"0659444","kind":"city","pct":0.4}],"bbox":[-121.34933,38.55458,-121.33613,38.56608],"g22_asm":{"dem_pct":56.5,"margin_dem":13.0,"votes_two_party":947,"winner":"Dem"},"g24_asm":{"dem_pct":44.9,"margin_dem":-10.2,"votes_two_party":771,"winner":"Rep"}},"geometry":{"type":"Polygon","coordinates":[[[-121.33502,38.54387],[-121.33717,38.54422],[-121.33941,38.54465],[-121.34271,38.54514],[-121.34407,38.54545],[-121.34409,38.54743],[-121.34412,38.54879],[-121.34416,38.54913],[-121.34426,38.54948],[-121.34521,38.55213],[-121.34625,38.55504],[-121.34758,38.55849],[-121.34827,38.56005],[-121.34842,38.56029],[-121.34923,38.56181],[-121.34897,38.56208],[-121.34525,38.56254],[-121.34423,38.56276],[-121.34235,38.56331],[-121.34092,38.56387],[-121.33936,38.56461],[-121.33636,38.56581],[-121.33634,38.56453],[-121.33633,38.56363],[-121.3363,38.56348],[-121.33628,38.5627],[-121.33627,38.56208],[-121.33626,38.56092],[-121.33623,38.55984],[-121.33621,38.55757],[-121.3362,38.55472],[-121.33624,38.55359],[-121.33617,38.55294],[-121.3355,38.55031],[-121.33498,38.54785],[-121.33497,38.54678],[-121.33497,38.5452],[-121.33496,38.54397],[-121.33502,38.54387]]]},"geometry_g24":{"type":"Polygon","coordinates":[[[-121.33954,38.55471],[-121.33964,38.55471],[-121.34416,38.55469],[-121.34459,38.55466],[-121.34599,38.55459],[-121.34609,38.55458],[-121.34656,38.55585],[-121.34759,38.55849],[-121.34833,38.56013],[-121.34884,38.56096],[-121.34933,38.56204],[-121.34525,38.56254],[-121.34423,38.56276],[-121.3433,38.56301],[-121.34143,38.56366],[-121.34092,38.56387],[-121.33936,38.56461],[-121.33636,38.56601],[-121.33636,38.56581],[-121.33634,38.56371],[-121.33632,38.56355],[-121.3363,38.56348],[-121.33628,38.5627],[-121.33627,38.56208],[-121.33613,38.56198],[-121.33615,38.55961],[-121.33615,38.55923],[-121.33617,38.55893],[-121.33621,38.55854],[-121.33622,38.55838],[-121.33621,38.55757],[-121.3362,38.55675],[-121.3362,38.55472],[-121.33964,38.55472],[-121.33954,38.55471]]]}},{"type":"Feature","properties":{"county_fips":67,"srprec":"0052674","precinct_id":"067-0052674","county_name":"Sacramento","area_sq_mi":0.344,"place_primary":"Rosemont","place_primary_share":100.0,"place_also":[],"places":[{"name":"Rosemont","geoid":"0662910","kind":"cdp","pct":100.0}],"bbox":[-121.34609,38.54386,-121.33496,38.55472],"g22_asm":null,"g24_asm":{"dem_pct":58.0,"margin_dem":15.9,"votes_two_party":540,"winner":"Dem"}},"geometry":{"type":"Polygon","coordinates":[[[-121.33496,38.54386],[-121.33518,38.54388],[-121.33717,38.54422],[-121.33883,38.54454],[-121.33941,38.54465],[-121.34168,38.54497],[-121.34407,38.54537],[-121.34407,38.5454],[-121.34409,38.5467],[-121.3441,38.54743],[-121.34412,38.54851],[-121.34412,38.54879],[-121.34416,38.5491],[-121.34416,38.54913],[-121.34426,38.54948],[-121.34451,38.55018],[-121.34609,38.55458],[-121.34608,38.55458],[-121.34515,38.55464],[-121.34459,38.55466],[-121.34426,38.55469],[-121.34068,38.5547],[-121.33964,38.55471],[-121.33875,38.55471],[-121.3362,38.55472],[-121.33625,38.55412],[-121.33624,38.55366],[-121.33624,38.55359],[-121.33619,38.5532],[-121.33617,38.55295],[-121.33617,38.55294],[-121.3355,38.55032],[-121.3355,38.55031],[-121.3355,38.5503],[-121.33498,38.54785],[-121.33497,38.54771],[-121.33497,38.54666],[-121.33497,38.54513],[-121.33496,38.5439],[-121.33496,38.54386]]]}},{"type":"Feature","properties":{"county_fips":67,"srprec":"0052723","precinct_id":"067-0052723","county_name":"Sacramento","area_sq_mi":0.382,"place_primary":"Rancho Cordova","place_primary_share":100.0,"place_also":[],"places":[{"name":"Rancho Cordova","geoid":"0659444","kind":"city","pct":100.0}],"bbox":[-121.33636,38.56173,-121.31775,38.57456],"g22_asm":{"dem_pct":54.7,"margin_dem":9.4,"votes_two_party":826,"winner":"Dem"},"g24_asm":{"dem_pct":50.9,"margin_dem":1.8,"votes_two_party":1122,"winner":"Dem"}},"geometry":{"type":"Polygon","coordinates":[[[-121.3319,38.56183],[-121.33275,38.56198],[-121.33345,38.56205],[-121.33627,38.56208],[-121.33628,38.5627],[-121.3363,38.56348],[-121.33633,38.56363],[-121.33634,38.56453],[-121.33636,38.56581],[-121.3301,38.56916],[-121.32728,38.57053],[-121.32424,38.57196],[-121.31776,38.57456],[-121.31775,38.57419],[-121.31787,38.57269],[-121.31802,38.57193],[-121.31802,38.57104],[-121.31802,38.56886],[-121.31849,38.56822],[-121.31977,38.56824],[-121.32004,38.56826],[-121.32029,38.56831],[-121.32071,38.56844],[-121.32106,38.5685],[-121.32133,38.5685],[-121.3217,38.56845],[-121.32246,38.56818],[-121.32319,38.56788],[-121.32392,38.56752],[-121.32468,38.56712],[-121.32556,38.56691],[-121.32606,38.56727],[-121.32642,38.56729],[-121.32658,38.56705],[-121.32669,38.5668],[-121.32677,38.56648],[-121.32679,38.56547],[-121.32729,38.56453],[-121.32746,38.5645],[-121.32772,38.56441],[-121.32774,38.56377],[-121.32776,38.56305],[-121.32778,38.56173],[-121.33076,38.56174],[-121.33125,38.56175],[-121.33173,38.56181],[-121.3319,38.56183]]]},"geometry_g24":{"type":"Polygon","coordinates":[[[-121.32823,38.56173],[-121.33125,38.56175],[-121.3319,38.56183],[-121.33309,38.56202],[-121.33367,38.56206],[-121.33628,38.5625],[-121.3363,38.56348],[-121.33633,38.56363],[-121.33634,38.56371],[-121.33636,38.56581],[-121.3301,38.56916],[-121.32728,38.57053],[-121.32424,38.57196],[-121.31776,38.57445],[-121.31775,38.57403],[-121.31802,38.57149],[-121.31801,38.56822],[-121.31977,38.56824],[-121.32021,38.56829],[-121.32071,38.56844],[-121.32124,38.5685],[-121.3217,38.56845],[-121.32286,38.56802],[-121.32392,38.56752],[-121.32468,38.56711],[-121.3258,38.56709],[-121.3263,38.56742],[-121.3265,38.56717],[-121.32669,38.5668],[-121.32679,38.56631],[-121.32678,38.56459],[-121.32746,38.5645],[-121.32773,38.56434],[-121.32776,38.56305],[-121.32823,38.56173]],[[-121.3263,38.56743],[-121.3263,38.56743],[-121.3263,38.56743],[-121.3263,38.56743]],[[-121.32726,38.57041],[-121.32726,38.57041],[-121.32726,38.57041],[-121.32726,38.57041]]]}},{"type":"Feature","properties":{"county_fips":67,"srprec":"0052737","precinct_id":"067-0052737","county_name":"Sacramento","area_sq_mi":0.465,"place_primary":"Rancho Cordova","place_primary_share":99.5,"place_also":[],"places":[{"name":"Rancho Cordova","geoid":"0659444","kind":"city","pct":99.5},{"name":"Mather","geoid":"0646226","kind":"cdp","pct":0.5}],"bbox":[-121.33622,38.55675,-121.3173,38.5685],"g22_asm":{"dem_pct":55.0,"margin_dem":9.9,"votes_two_party":855,"winner":"Dem"},"g24_asm":{"dem_pct":51.0,"margin_dem":2.0,"votes_two_party":1247,"winner":"Dem"}},"geometry":{"type":"Polygon","coordinates":[[[-121.33627,38.5617],[-121.33345,38.56205],[-121.33241,38.56193],[-121.33144,38.56177],[-121.33076,38.56174],[-121.32777,38.56244],[-121.32774,38.56377],[-121.32758,38.56447],[-121.32729,38.56453],[-121.32679,38.56631],[-121.32669,38.5668],[-121.3265,38.56717],[-121.32606,38.56727],[-121.32535,38.56673],[-121.32392,38.56752],[-121.32286,38.56802],[-121.3217,38.56845],[-121.32124,38.5685],[-121.32071,38.56844],[-121.32021,38.56829],[-121.31977,38.56824],[-121.31801,38.56822],[-121.318,38.56211],[-121.31786,38.56167],[-121.31765,38.56135],[-121.3173,38.56101],[-121.31825,38.56048],[-121.31965,38.55988],[-121.32102,38.55943],[-121.326,38.55793],[-121.32787,38.55739],[-121.3313,38.5571],[-121.3362,38.55675],[-121.33623,38.55984],[-121.33627,38.5617]]]},"geometry_g24":{"type":"Polygon","coordinates":[[[-121.32787,38.55739],[-121.33591,38.55675],[-121.33622,38.55838],[-121.33621,38.55854],[-121.33616,38.55904],[-121.33614,38.55942],[-121.33614,38.56058],[-121.33345,38.56205],[-121.33241,38.56193],[-121.33125,38.56175],[-121.32823,38.56173],[-121.32778,38.56173],[-121.32773,38.56434],[-121.32738,38.56452],[-121.32679,38.56546],[-121.32673,38.56667],[-121.3265,38.56717],[-121.3258,38.5671],[-121.32468,38.56712],[-121.32353,38.56771],[-121.32189,38.56839],[-121.32124,38.5685],[-121.32062,38.56842],[-121.31986,38.56824],[-121.31801,38.564],[-121.318,38.56211],[-121.31782,38.56159],[-121.31744,38.56113],[-121.31757,38.56085],[-121.31948,38.55993],[-121.32102,38.55943],[-121.32505,38.55823],[-121.32771,38.55742],[-121.32787,38.55739]]]}},{"type":"Feature","properties":{"county_fips":67,"srprec":"0052868","precinct_id":"067-0052868","county_name":"Sacramento","area_sq_mi":0.426,"place_primary":"Rancho Cordova","place_primary_share":99.6,"place_also":[],"places":[{"name":"Rancho Cordova","geoid":"0659444","kind":"city","pct":99.6},{"name":"Mather","geoid":"0646226","kind":"cdp","pct":0.4}],"bbox":[-121.31802,38.56101,-121.30646,38.57749],"g22_asm":{"dem_pct":52.8,"margin_dem":5.7,"votes_two_party":702,"winner":"Dem"},"g24_asm":null},"geometry":{"type":"Polygon","coordinates":[[[-121.30672,38.56605],[-121.30847,38.566],[-121.31425,38.56302],[-121.31494,38.56262],[-121.31556,38.56221],[-121.31692,38.56125],[-121.3173,38.56101],[-121.31759,38.56127],[-121.31777,38.5615],[-121.31786,38.56167],[-121.31796,38.56193],[-121.31801,38.56229],[-121.31801,38.56822],[-121.31802,38.57077],[-121.31802,38.57149],[-121.31802,38.57226],[-121.31775,38.57403],[-121.31775,38.57434],[-121.31702,38.57485],[-121.31629,38.57514],[-121.31518,38.57558],[-121.31402,38.57603],[-121.31326,38.57634],[-121.31036,38.57726],[-121.31037,38.57662],[-121.31037,38.57633],[-121.31029,38.57608],[-121.31012,38.57578],[-121.30948,38.57522],[-121.30927,38.57497],[-121.30913,38.57463],[-121.30907,38.57386],[-121.30903,38.57253],[-121.30897,38.5712],[-121.30894,38.57063],[-121.30889,38.56893],[-121.30881,38.56821],[-121.30863,38.56779],[-121.30797,38.56676],[-121.30758,38.5665],[-121.30748,38.56645],[-121.30719,38.56632],[-121.30673,38.56616],[-121.30654,38.56612],[-121.30668,38.56602],[-121.30672,38.56605]]]}},{"type":"Feature","properties":{"county_fips":67,"srprec":"0052957","precinct_id":"067-0052957","county_name":"Sacramento","area_sq_mi":0.95,"place_primary":"Mather","place_primary_share":99.5,"place_also":[],"places":[{"name":"Mather","geoid":"0646226","kind":"cdp","pct":99.5},{"name":"Rosemont","geoid":"0662910","kind":"cdp","pct":0.4}],"bbox":[-121.33625,38.5416,-121.31703,38.56101],"g22_asm":{"dem_pct":66.4,"margin_dem":32.7,"votes_two_party":110,"winner":"Dem"},"g24_asm":{"dem_pct":68.0,"margin_dem":36.0,"votes_two_party":178,"winner":"Dem"}},"geometry":{"type":"Polygon","coordinates":[[[-121.33478,38.54385],[-121.33479,38.54384],[-121.33496,38.54386],[-121.33496,38.54397],[-121.33497,38.54513],[-121.33497,38.5452],[-121.33497,38.54666],[-121.33497,38.54678],[-121.33497,38.54771],[-121.33498,38.54785],[-121.3355,38.5503],[-121.3355,38.55031],[-121.3355,38.55032],[-121.33617,38.55294],[-121.33619,38.5532],[-121.33624,38.55359],[-121.33625,38.55412],[-121.3362,38.55472],[-121.3362,38.55675],[-121.33591,38.55675],[-121.33582,38.55675],[-121.3313,38.5571],[-121.33065,38.55715],[-121.3281,38.55736],[-121.32787,38.55739],[-121.32765,38.55743],[-121.32743,38.55748],[-121.326,38.55793],[-121.32505,38.55823],[-121.32287,38.55886],[-121.32102,38.55943],[-121.32012,38.55972],[-121.31971,38.55986],[-121.31965,38.55988],[-121.31948,38.55994],[-121.31901,38.56011],[-121.31825,38.56048],[-121.31776,38.56074],[-121.31748,38.5609],[-121.3173,38.56101],[-121.31703,38.55084],[-121.32084,38.54858],[-121.32166,38.54885],[-121.32103,38.5416],[-121.32391,38.54199],[-121.32415,38.54204],[-121.33474,38.54384],[-121.33478,38.54385]]]},"geometry_g24":{"type":"MultiPolygon","coordinates":[[[[-121.33478,38.54385],[-121.33495,38.54386],[-121.33496,38.54386],[-121.33496,38.54391],[-121.33497,38.54397],[-121.33497,38.5452],[-121.33497,38.54771],[-121.33497,38.54771],[-121.3355,38.5503],[-121.3355,38.55031],[-121.33616,38.55291],[-121.33617,38.55294],[-121.33617,38.55293],[-121.33619,38.5532],[-121.33624,38.55359],[-121.33625,38.55412],[-121.3362,38.55472],[-121.3362,38.55675],[-121.33582,38.55675],[-121.33065,38.55715],[-121.32787,38.55739],[-121.32765,38.55743],[-121.32742,38.55748],[-121.32507,38.55822],[-121.32287,38.55886],[-121.32102,38.55943],[-121.32012,38.55972],[-121.31971,38.55986],[-121.31948,38.55993],[-121.31901,38.56011],[-121.31776,38.56074],[-121.31748,38.5609],[-121.3173,38.56101],[-121.31703,38.55084],[-121.32084,38.54858],[-121.32166,38.54885],[-121.32166,38.54885],[-121.32103,38.5416],[-121.32106,38.5416],[-121.32354,38.54194],[-121.32391,38.54199],[-121.32415,38.54204],[-121.33474,38.54384],[-121.33478,38.54385]]],[[[-121.32415,38.54204],[-121.32414,38.54204],[-121.32415,38.54204]]]]}},{"type":"Feature","properties":{"county_fips":67,"srprec":"0053014","precinct_id":"067-0053014","county_name":"Sacramento","area_sq_mi":0.673,"place_primary":"Rancho Cordova","place_primary_share":100.0,"place_also":[],"places":[{"name":"Rancho Cordova","geoid":"0659444","kind":"city","pct":100.0}],"bbox":[-121.31416,38.59607,-121.29121,38.61475],"g22_asm":{"dem_pct":51.2,"margin_dem":2.4,"votes_two_party":863,"winner":"Dem"},"g24_asm":{"dem_pct":44.0,"margin_dem":-12.0,"votes_two_party":1066,"winner":"Rep"}},"geometry":{"type":"Polygon","coordinates":[[[-121.30378,38.61195],[-121.3001,38.61191],[-121.29753,38.61427],[-121.29682,38.61356],[-121.2967,38.61322],[-121.29671,38.61277],[-121.29675,38.61237],[-121.29663,38.61199],[-121.29635,38.61159],[-121.2959,38.61119],[-121.29532,38.61148],[-121.29448,38.61223],[-121.29376,38.61286],[-121.29347,38.6127],[-121.29318,38.61243],[-121.29209,38.61175],[-121.29162,38.61127],[-121.29199,38.6102],[-121.29394,38.60829],[-121.2961,38.60614],[-121.29723,38.60484],[-121.29949,38.60227],[-121.30083,38.60084],[-121.30375,38.59773],[-121.30466,38.59672],[-121.30485,38.59629],[-121.30534,38.59643],[-121.30718,38.59789],[-121.31173,38.60151],[-121.31416,38.60365],[-121.31254,38.60493],[-121.31093,38.60595],[-121.30755,38.60809],[-121.30619,38.6092],[-121.30442,38.61135],[-121.30378,38.61195]]]},"geometry_g24":{"type":"Polygon","coordinates":[[[-121.30659,38.59743],[-121.31173,38.60151],[-121.31416,38.60365],[-121.31202,38.60533],[-121.30835,38.60743],[-121.30642,38.6089],[-121.30442,38.61134],[-121.304,38.61203],[-121.30074,38.61086],[-121.30069,38.61084],[-121.29917,38.61377],[-121.29702,38.61381],[-121.29677,38.61346],[-121.29669,38.61294],[-121.29674,38.61263],[-121.29667,38.61209],[-121.29653,38.61182],[-121.2959,38.61119],[-121.29536,38.61145],[-121.29448,38.61223],[-121.29361,38.61291],[-121.29339,38.6126],[-121.29294,38.61229],[-121.29175,38.6114],[-121.29121,38.61099],[-121.29371,38.60852],[-121.2961,38.60614],[-121.29907,38.60272],[-121.30005,38.60167],[-121.30153,38.60009],[-121.30466,38.59672],[-121.30485,38.59629],[-121.30534,38.59643],[-121.30659,38.59743]],[[-121.29879,38.60814],[-121.29879,38.60814],[-121.29879,38.60814],[-121.29879,38.60814]]]}},{"type":"Feature","properties":{"county_fips":67,"srprec":"0053067","precinct_id":"067-0053067","county_name":"Sacramento","area_sq_mi":1.087,"place_primary":"Rancho Cordova","place_primary_share":99.3,"place_also":[],"places":[{"name":"Rancho Cordova","geoid":"0659444","kind":"city","pct":99.3},{"name":"Carmichael","geoid":"0611390","kind":"cdp","pct":0.5},{"name":"Fair Oaks","geoid":"0623294","kind":"cdp","pct":0.3}],"bbox":[-121.3064,38.61084,-121.27843,38.63089],"g22_asm":{"dem_pct":59.7,"margin_dem":19.4,"votes_two_party":767,"winner":"Dem"},"g24_asm":{"dem_pct":51.7,"margin_dem":3.5,"votes_two_party":976,"winner":"Dem"}},"geometry":{"type":"Polygon","coordinates":[[[-121.29466,38.63025],[-121.29101,38.6307],[-121.28922,38.63046],[-121.28845,38.6288],[-121.28913,38.62732],[-121.29011,38.62439],[-121.28936,38.62267],[-121.28787,38.62128],[-121.28606,38.62061],[-121.28513,38.6207],[-121.28372,38.62086],[-121.28051,38.61696],[-121.28134,38.61645],[-121.28432,38.61539],[-121.2881,38.61383],[-121.28885,38.61338],[-121.29063,38.61156],[-121.29197,38.61165],[-121.29329,38.61252],[-121.29376,38.61286],[-121.29517,38.61157],[-121.29605,38.61131],[-121.29663,38.61199],[-121.29674,38.61263],[-121.29673,38.61335],[-121.29753,38.61427],[-121.3033,38.61175],[-121.30439,38.61218],[-121.3038,38.61328],[-121.30393,38.61568],[-121.30613,38.62045],[-121.30505,38.62253],[-121.30299,38.62536],[-121.30019,38.62713],[-121.29581,38.62958],[-121.29466,38.63025]]]},"geometry_g24":{"type":"MultiPolygon","coordinates":[[[[-121.28661,38.61821],[-121.28367,38.61933],[-121.2828,38.61937],[-121.28236,38.61932],[-121.28196,38.61931],[-121.28103,38.61942],[-121.28092,38.6192],[-121.28084,38.61866],[-121.2805,38.6183],[-121.28003,38.61811],[-121.2796,38.61805],[-121.28029,38.61675],[-121.28134,38.61645],[-121.28646,38.61461],[-121.28919,38.61307],[-121.29197,38.61165],[-121.29361,38.61291],[-121.29575,38.61109],[-121.29667,38.61209],[-121.2967,38.61322],[-121.29917,38.61377],[-121.30401,38.61265],[-121.30388,38.61313],[-121.30379,38.61547],[-121.30564,38.6214],[-121.30265,38.62561],[-121.29474,38.63022],[-121.29009,38.63087],[-121.28842,38.62927],[-121.28978,38.62612],[-121.28936,38.62267],[-121.28688,38.62067],[-121.28734,38.61959],[-121.28687,38.61858],[-121.28661,38.61821]]],[[[-121.30418,38.62419],[-121.30504,38.62256],[-121.30419,38.62418],[-121.30419,38.62418],[-121.30418,38.62419]]]]}},{"type":"Feature","properties":{"county_fips":67,"srprec":"0053137","precinct_id":"067-0053137","county_name":"Sacramento","area_sq_mi":0.684,"place_primary":"Rancho Cordova","place_primary_share":99.6,"place_also":[],"places":[{"name":"Rancho Cordova","geoid":"0659444","kind":"city","pct":99.6},{"name":"Gold River","geoid":"0630345","kind":"cdp","pct":0.4}],"bbox":[-121.28751,38.61667,-121.26583,38.63339],"g22_asm":{"dem_pct":56.8,"margin_dem":13.5,"votes_two_party":1078,"winner":"Dem"},"g24_asm":{"dem_pct":50.3,"margin_dem":0.7,"votes_two_party":1224,"winner":"Dem"}},"geometry":{"type":"Polygon","coordinates":[[[-121.27059,38.61803],[-121.27606,38.61725],[-121.27935,38.6168],[-121.28032,38.6167],[-121.28051,38.61696],[-121.28269,38.61941],[-121.28324,38.62035],[-121.28381,38.62095],[-121.28432,38.62149],[-121.28371,38.62184],[-121.2833,38.62219],[-121.28293,38.62272],[-121.28279,38.6231],[-121.28121,38.6243],[-121.27536,38.62877],[-121.27511,38.62926],[-121.27372,38.63013],[-121.27228,38.63112],[-121.27071,38.63235],[-121.26949,38.63306],[-121.26887,38.63319],[-121.26874,38.63297],[-121.26735,38.63058],[-121.26701,38.62998],[-121.26668,38.62933],[-121.26638,38.62868],[-121.26602,38.62775],[-121.26589,38.62721],[-121.26584,38.62666],[-121.26584,38.62629],[-121.26591,38.62574],[-121.26602,38.62527],[-121.26675,38.6229],[-121.26815,38.61837],[-121.27059,38.61803]]]},"geometry_g24":{"type":"Polygon","coordinates":[[[-121.27935,38.6168],[-121.2785,38.61695],[-121.2794,38.61806],[-121.27982,38.61807],[-121.28012,38.61813],[-121.28042,38.61825],[-121.28064,38.6184],[-121.28087,38.61874],[-121.28092,38.61907],[-121.2809,38.61928],[-121.28103,38.61942],[-121.28133,38.61943],[-121.28212,38.6193],[-121.28241,38.61934],[-121.28276,38.61938],[-121.28345,38.61936],[-121.28383,38.6193],[-121.28661,38.61821],[-121.28712,38.61895],[-121.28734,38.61959],[-121.28716,38.62038],[-121.28606,38.62061],[-121.28575,38.62057],[-121.28408,38.62124],[-121.2831,38.62244],[-121.27864,38.62626],[-121.27372,38.63013],[-121.26899,38.63339],[-121.26701,38.62998],[-121.26595,38.62748],[-121.26586,38.62602],[-121.26815,38.61837],[-121.27842,38.6169],[-121.27935,38.6168]],[[-121.27274,38.62132],[-121.27274,38.62132],[-121.27274,38.62132],[-121.27274,38.62132]],[[-121.27338,38.62091],[-121.27338,38.62091],[-121.27338,38.62091]],[[-121.27384,38.62109],[-121.27384,38.62109],[-121.27384,38.62109]],[[-121.27449,38.62127],[-121.27449,38.62127],[-121.27449,38.62127]],[[-121.27465,38.62137],[-121.27465,38.62137],[-121.27465,38.62137]],[[-121.27473,38.62146],[-121.27473,38.62146],[-121.27473,38.62146]],[[-121.27515,38.62189],[-121.27515,38.62189],[-121.27515,38.62189],[-121.27515,38.62189]],[[-121.27535,38.6221],[-121.27535,38.6221],[-121.27535,38.6221]],[[-121.27574,38.62242],[-121.27574,38.62242],[-121.27574,38.62242]]]}},{"type":"Feature","properties":{"county_fips":67,"srprec":"0053205","precinct_id":"067-0053205","county_name":"Sacramento","area_sq_mi":0.392,"place_primary":"Rancho Cordova","place_primary_share":100.0,"place_also":[],"places":[{"name":"Rancho Cordova","geoid":"0659444","kind":"city","pct":100.0}],"bbox":[-121.30489,38.59125,-121.2889,38.60229],"g22_asm":{"dem_pct":57.0,"margin_dem":14.0,"votes_two_party":830,"winner":"Dem"},"g24_asm":{"dem_pct":51.3,"margin_dem":2.6,"votes_two_party":1131,"winner":"Dem"}},"geometry":{"type":"Polygon","coordinates":[[[-121.30096,38.59957],[-121.30029,38.60008],[-121.2997,38.60023],[-121.29846,38.60151],[-121.29715,38.60181],[-121.29661,38.60184],[-121.29607,38.60142],[-121.29418,38.60032],[-121.2938,38.60017],[-121.2933,38.60081],[-121.29143,38.60199],[-121.2909,38.60204],[-121.29128,38.6014],[-121.29142,38.60098],[-121.29143,38.60044],[-121.29127,38.59994],[-121.29094,38.59947],[-121.29025,38.59859],[-121.29002,38.59805],[-121.28988,38.59727],[-121.28971,38.59702],[-121.29312,38.59392],[-121.29669,38.59217],[-121.29695,38.59245],[-121.29728,38.59271],[-121.29795,38.59353],[-121.29947,38.5928],[-121.29963,38.59279],[-121.29994,38.59285],[-121.30021,38.59286],[-121.30055,38.59276],[-121.30102,38.59276],[-121.30125,38.59262],[-121.30151,38.59235],[-121.30258,38.59179],[-121.30469,38.59513],[-121.30486,38.59569],[-121.30489,38.59607],[-121.3048,38.59646],[-121.30459,38.59682],[-121.30147,38.60016],[-121.30096,38.59957]]]},"geometry_g24":{"type":"Polygon","coordinates":[[[-121.30463,38.59492],[-121.30489,38.59587],[-121.30485,38.59629],[-121.30459,38.59682],[-121.30096,38.59957],[-121.30029,38.60008],[-121.29957,38.60035],[-121.29816,38.60157],[-121.29683,38.60187],[-121.29607,38.60142],[-121.29382,38.6003],[-121.29337,38.60062],[-121.2925,38.60182],[-121.29141,38.60229],[-121.29102,38.60215],[-121.29092,38.60204],[-121.29128,38.60141],[-121.29145,38.60078],[-121.29133,38.60007],[-121.29079,38.59929],[-121.29006,38.59819],[-121.28984,38.59719],[-121.2889,38.596],[-121.29536,38.59282],[-121.29695,38.59245],[-121.29736,38.5928],[-121.29923,38.5929],[-121.29958,38.59278],[-121.29999,38.59286],[-121.30026,38.59284],[-121.30085,38.59275],[-121.30119,38.59273],[-121.30162,38.59228],[-121.30365,38.59125],[-121.30463,38.59492]]]}},{"type":"Feature","properties":{"county_fips":67,"srprec":"0053228","precinct_id":"067-0053228","county_name":"Sacramento","area_sq_mi":0.424,"place_primary":"Rancho Cordova","place_primary_share":100.0,"place_also":[],"places":[{"name":"Rancho Cordova","geoid":"0659444","kind":"city","pct":100.0}],"bbox":[-121.3099,38.57859,-121.29556,38.59353],"g22_asm":null,"g24_asm":{"dem_pct":52.0,"margin_dem":4.0,"votes_two_party":919,"winner":"Dem"}},"geometry":{"type":"Polygon","coordinates":[[[-121.30984,38.58567],[-121.30835,38.5864],[-121.30307,38.58906],[-121.30364,38.59125],[-121.30151,38.59235],[-121.30125,38.59262],[-121.30102,38.59276],[-121.30055,38.59276],[-121.30012,38.59286],[-121.29994,38.59285],[-121.29963,38.59279],[-121.29947,38.5928],[-121.29795,38.59353],[-121.29728,38.59271],[-121.29695,38.59245],[-121.29669,38.59217],[-121.29617,38.5915],[-121.29562,38.59067],[-121.29556,38.58852],[-121.29561,38.58823],[-121.2962,38.58751],[-121.29643,38.58718],[-121.29658,38.5866],[-121.29646,38.58597],[-121.29603,38.58599],[-121.30051,38.58313],[-121.3081,38.57859],[-121.3089,38.57935],[-121.30918,38.57969],[-121.30962,38.58041],[-121.30985,38.58104],[-121.3099,38.58204],[-121.30984,38.58567]],[[-121.29819,38.58566],[-121.29819,38.58566],[-121.29852,38.5856],[-121.29852,38.5856],[-121.29819,38.58566]],[[-121.29852,38.5856],[-121.30087,38.58565],[-121.29852,38.5856]],[[-121.30302,38.58903],[-121.30139,38.58984],[-121.30139,38.58984],[-121.30302,38.58903]],[[-121.30162,38.58566],[-121.30249,38.58568],[-121.30249,38.58568],[-121.30162,38.58566]],[[-121.3053,38.58574],[-121.3053,38.58574],[-121.30553,38.58574],[-121.30553,38.58574],[-121.3059,38.58575],[-121.30553,38.58574],[-121.3053,38.58574]],[[-121.30613,38.58575],[-121.30621,38.58575],[-121.30621,38.58575],[-121.30613,38.58575]],[[-121.30621,38.58575],[-121.3064,38.58576],[-121.30621,38.58575]],[[-121.30812,38.58599],[-121.30812,38.58599],[-121.30822,38.58602],[-121.30822,38.58602],[-121.30812,38.58599]],[[-121.30812,38.58599],[-121.30756,38.58578],[-121.30756,38.58578],[-121.30812,38.58599]]]}},{"type":"Feature","properties":{"county_fips":67,"srprec":"0053293","precinct_id":"067-0053293","county_name":"Sacramento","area_sq_mi":0.289,"place_primary":"Rancho Cordova","place_primary_share":100.0,"place_also":[],"places":[{"name":"Rancho Cordova","geoid":"0659444","kind":"city","pct":100.0}],"bbox":[-121.30147,38.59957,-121.28515,38.61099],"g22_asm":{"dem_pct":58.8,"margin_dem":17.6,"votes_two_party":772,"winner":"Dem"},"g24_asm":{"dem_pct":51.5,"margin_dem":3.0,"votes_two_party":965,"winner":"Dem"}},"geometry":{"type":"Polygon","coordinates":[[[-121.30129,38.60035],[-121.30067,38.60101],[-121.29949,38.60227],[-121.2977,38.60431],[-121.29681,38.60533],[-121.2961,38.60614],[-121.29496,38.60728],[-121.29371,38.60852],[-121.29199,38.6102],[-121.29039,38.61047],[-121.29012,38.61034],[-121.28959,38.6102],[-121.2886,38.60998],[-121.2883,38.60986],[-121.28804,38.6097],[-121.28789,38.60956],[-121.28727,38.60897],[-121.28612,38.60789],[-121.28568,38.60745],[-121.28559,38.60731],[-121.28543,38.60695],[-121.28523,38.60671],[-121.28675,38.6055],[-121.28851,38.60425],[-121.28947,38.60351],[-121.28993,38.6031],[-121.29021,38.60283],[-121.29078,38.60219],[-121.29119,38.60216],[-121.29143,38.60199],[-121.29237,38.60172],[-121.2933,38.60058],[-121.2938,38.60017],[-121.29382,38.6003],[-121.29461,38.60035],[-121.29607,38.60142],[-121.29653,38.60181],[-121.2967,38.60187],[-121.29715,38.60181],[-121.29816,38.60154],[-121.29935,38.60058],[-121.2997,38.60023],[-121.30024,38.60012],[-121.30031,38.60006],[-121.30096,38.59957],[-121.30129,38.60035]]]},"geometry_g24":{"type":"Polygon","coordinates":[[[-121.29935,38.60058],[-121.2997,38.60023],[-121.30031,38.60006],[-121.30147,38.60016],[-121.30067,38.60101],[-121.2977,38.60431],[-121.2961,38.60614],[-121.29351,38.60797],[-121.29371,38.60852],[-121.2912,38.61099],[-121.29012,38.61034],[-121.28921,38.61012],[-121.2883,38.60986],[-121.28793,38.6096],[-121.28727,38.60897],[-121.28575,38.60753],[-121.28559,38.60731],[-121.28534,38.60683],[-121.28515,38.60664],[-121.28851,38.60425],[-121.28917,38.60375],[-121.28993,38.6031],[-121.29045,38.60256],[-121.29092,38.60204],[-121.29088,38.60209],[-121.29116,38.60221],[-121.29141,38.60229],[-121.29191,38.6018],[-121.29332,38.60082],[-121.2937,38.60029],[-121.29382,38.60029],[-121.29418,38.60032],[-121.29607,38.60142],[-121.29661,38.60184],[-121.29715,38.60181],[-121.29816,38.60158],[-121.29846,38.60151],[-121.29935,38.60058]],[[-121.28853,38.60427],[-121.28954,38.60502],[-121.28954,38.60502],[-121.28853,38.60427]],[[-121.29077,38.60593],[-121.29087,38.60601],[-121.29087,38.60601],[-121.29077,38.60593]],[[-121.29295,38.60755],[-121.29295,38.60755],[-121.29166,38.60659],[-121.29295,38.60755]]]}},{"type":"Feature","properties":{"county_fips":67,"srprec":"0053344","precinct_id":"067-0053344","county_name":"Sacramento","area_sq_mi":0.479,"place_primary":"Rancho Cordova","place_primary_share":100.0,"place_also":[],"places":[{"name":"Rancho Cordova","geoid":"0659444","kind":"city","pct":100.0}],"bbox":[-121.2912,38.60664,-121.26815,38.61837],"g22_asm":{"dem_pct":55.5,"margin_dem":11.0,"votes_two_party":679,"winner":"Dem"},"g24_asm":{"dem_pct":50.8,"margin_dem":1.6,"votes_two_party":1218,"winner":"Dem"}},"geometry":{"type":"Polygon","coordinates":[[[-121.28018,38.60919],[-121.28061,38.60904],[-121.28141,38.60873],[-121.28215,38.60847],[-121.28269,38.60826],[-121.2832,38.608],[-121.28336,38.6079],[-121.28368,38.60768],[-121.28523,38.60671],[-121.28543,38.60695],[-121.28559,38.60731],[-121.28568,38.60745],[-121.28612,38.60789],[-121.28727,38.60897],[-121.28789,38.60956],[-121.28804,38.6097],[-121.2883,38.60986],[-121.2886,38.60998],[-121.28959,38.6102],[-121.29012,38.61034],[-121.29039,38.61047],[-121.29063,38.61156],[-121.28934,38.61291],[-121.28903,38.61323],[-121.2887,38.61349],[-121.2884,38.61368],[-121.2881,38.61383],[-121.28646,38.61461],[-121.28589,38.61484],[-121.28352,38.61568],[-121.28298,38.61586],[-121.28134,38.61645],[-121.28008,38.61554],[-121.27803,38.61368],[-121.27564,38.61084],[-121.27733,38.61024],[-121.27815,38.60992],[-121.27953,38.6094],[-121.28018,38.60919]]]},"geometry_g24":{"type":"Polygon","coordinates":[[[-121.27815,38.60992],[-121.27954,38.6094],[-121.28026,38.60916],[-121.28178,38.6086],[-121.28295,38.60813],[-121.28336,38.6079],[-121.28515,38.60664],[-121.28543,38.60695],[-121.28564,38.60739],[-121.2867,38.60843],[-121.28793,38.6096],[-121.2883,38.60986],[-121.28998,38.61029],[-121.29039,38.61047],[-121.2903,38.6119],[-121.28903,38.61323],[-121.28849,38.61363],[-121.28835,38.61371],[-121.28612,38.61475],[-121.28315,38.61581],[-121.28116,38.61651],[-121.28032,38.6167],[-121.27842,38.6169],[-121.27447,38.61749],[-121.26815,38.61837],[-121.2694,38.61551],[-121.26999,38.61545],[-121.2706,38.61518],[-121.27093,38.61486],[-121.27117,38.61443],[-121.27191,38.6125],[-121.27218,38.61218],[-121.27259,38.61192],[-121.27375,38.6115],[-121.2747,38.61117],[-121.27733,38.61024],[-121.27815,38.60992]],[[-121.27545,38.61424],[-121.27545,38.61424],[-121.27545,38.61424],[-121.27545,38.61424]],[[-121.27629,38.6144],[-121.27629,38.6144],[-121.27629,38.6144]],[[-121.27633,38.61442],[-121.27633,38.61442],[-121.27633,38.61442]],[[-121.27637,38.61445],[-121.27637,38.61445],[-121.27637,38.61445]],[[-121.2764,38.61448],[-121.2764,38.61448],[-121.2764,38.61448]],[[-121.27643,38.61452],[-121.27643,38.61452],[-121.27643,38.61452]],[[-121.27645,38.61456],[-121.27645,38.61456],[-121.27645,38.61456]],[[-121.27647,38.61463],[-121.27647,38.61463],[-121.27647,38.61463]],[[-121.27649,38.61467],[-121.27649,38.61467],[-121.27649,38.61467]],[[-121.27651,38.6147],[-121.27651,38.6147],[-121.27651,38.6147]],[[-121.27657,38.61475],[-121.27657,38.61475],[-121.27657,38.61475]],[[-121.2766,38.61478],[-121.2766,38.61478],[-121.2766,38.61478]],[[-121.27737,38.61557],[-121.27737,38.61557],[-121.27737,38.61557],[-121.27737,38.61557]],[[-121.27744,38.61494],[-121.27744,38.61494],[-121.27744,38.61494]],[[-121.27744,38.61502],[-121.27744,38.61502],[-121.27744,38.61502]],[[-121.27817,38.61594],[-121.27817,38.61594],[-121.27817,38.61594]],[[-121.28019,38.60922],[-121.27959,38.60943],[-121.27907,38.60961],[-121.27959,38.60943],[-121.27959,38.60943],[-121.28019,38.60922]]]}},{"type":"Feature","properties":{"county_fips":67,"srprec":"0053363","precinct_id":"067-0053363","county_name":"Sacramento","area_sq_mi":0.272,"place_primary":"Rancho Cordova","place_primary_share":100.0,"place_also":[],"places":[{"name":"Rancho Cordova","geoid":"0659444","kind":"city","pct":100.0}],"bbox":[-121.29145,38.596,-121.27886,38.60664],"g22_asm":{"dem_pct":51.6,"margin_dem":3.2,"votes_two_party":924,"winner":"Dem"},"g24_asm":{"dem_pct":44.6,"margin_dem":-10.8,"votes_two_party":751,"winner":"Rep"}},"geometry":{"type":"Polygon","coordinates":[[[-121.2889,38.596],[-121.28982,38.59715],[-121.28995,38.59757],[-121.29006,38.59819],[-121.29034,38.59871],[-121.29108,38.59965],[-121.29133,38.60007],[-121.29145,38.60064],[-121.29139,38.60112],[-121.29118,38.60161],[-121.29078,38.60219],[-121.29009,38.60295],[-121.28947,38.60351],[-121.28783,38.60474],[-121.28368,38.60768],[-121.28326,38.60796],[-121.28269,38.60826],[-121.28178,38.6086],[-121.28061,38.60904],[-121.27954,38.60939],[-121.27861,38.60885],[-121.2784,38.60861],[-121.27827,38.60837],[-121.27826,38.60807],[-121.27838,38.60735],[-121.27834,38.60699],[-121.27826,38.60672],[-121.27806,38.60635],[-121.27714,38.60503],[-121.27697,38.60488],[-121.27629,38.60416],[-121.27662,38.60317],[-121.27672,38.60203],[-121.27886,38.60096],[-121.2849,38.59798],[-121.2889,38.596]]]},"geometry_g24":{"type":"Polygon","coordinates":[[[-121.28893,38.59603],[-121.28982,38.59715],[-121.28988,38.59727],[-121.28999,38.59787],[-121.29006,38.59819],[-121.29025,38.59859],[-121.29079,38.59929],[-121.29108,38.59965],[-121.29127,38.59994],[-121.29139,38.60025],[-121.29145,38.60064],[-121.29142,38.60098],[-121.29139,38.60112],[-121.29128,38.60141],[-121.29107,38.60181],[-121.29078,38.60219],[-121.29009,38.60295],[-121.28971,38.6033],[-121.28917,38.60375],[-121.28783,38.60474],[-121.28621,38.60478],[-121.28673,38.60552],[-121.28477,38.60631],[-121.28439,38.60599],[-121.28187,38.60445],[-121.28159,38.60425],[-121.28126,38.6039],[-121.2807,38.6032],[-121.2792,38.60137],[-121.27889,38.60099],[-121.27886,38.60096],[-121.28215,38.59934],[-121.2889,38.596],[-121.28893,38.59603]],[[-121.27889,38.60099],[-121.27889,38.60099],[-121.27889,38.60099],[-121.27889,38.60099],[-121.28215,38.59939],[-121.28215,38.59939],[-121.28215,38.59939],[-121.2789,38.60099],[-121.27889,38.60099]],[[-121.27889,38.60099],[-121.27889,38.60099],[-121.27889,38.60099]],[[-121.2849,38.59802],[-121.2849,38.59802],[-121.2849,38.59802],[-121.2849,38.59802],[-121.2849,38.59802],[-121.28345,38.59874],[-121.2849,38.59802],[-121.2849,38.59802],[-121.28492,38.59801],[-121.28492,38.59801],[-121.2849,38.59802]],[[-121.28347,38.60111],[-121.28347,38.60111],[-121.28362,38.60105],[-121.28347,38.60111]],[[-121.28436,38.60229],[-121.28485,38.60296],[-121.28485,38.60296],[-121.28436,38.60229]],[[-121.28436,38.60229],[-121.28385,38.60162],[-121.28385,38.60162],[-121.28436,38.60229]],[[-121.28504,38.60038],[-121.28435,38.60071],[-121.28435,38.60071],[-121.28504,38.60038]],[[-121.28574,38.59903],[-121.28592,38.59924],[-121.28592,38.59924],[-121.28574,38.59903]],[[-121.28574,38.59903],[-121.28492,38.59801],[-121.28492,38.59801],[-121.28574,38.59903]],[[-121.28518,38.60032],[-121.28507,38.60037],[-121.28518,38.60032]],[[-121.28524,38.60348],[-121.28584,38.60428],[-121.28584,38.60428],[-121.28524,38.60348]],[[-121.28539,38.60022],[-121.28539,38.60022],[-121.28628,38.5998],[-121.28539,38.60022]],[[-121.28592,38.59924],[-121.28602,38.59938],[-121.28592,38.59924]]]}},{"type":"Feature","properties":{"county_fips":67,"srprec":"0053391","precinct_id":"067-0053391","county_name":"Sacramento","area_sq_mi":0.751,"place_primary":"Rancho Cordova","place_primary_share":100.0,"place_also":[],"places":[{"name":"Rancho Cordova","geoid":"0659444","kind":"city","pct":100.0}],"bbox":[-121.29669,38.58596,-121.26907,38.61551],"g22_asm":null,"g24_asm":{"dem_pct":49.8,"margin_dem":-0.5,"votes_two_party":1312,"winner":"Rep"}},"geometry":{"type":"Polygon","coordinates":[[[-121.29603,38.58599],[-121.29658,38.5866],[-121.29634,38.58734],[-121.29562,38.58823],[-121.29556,38.59035],[-121.2958,38.59103],[-121.29312,38.59392],[-121.28215,38.59934],[-121.2792,38.60137],[-121.28159,38.60425],[-121.28452,38.60609],[-121.28352,38.6078],[-121.28269,38.60826],[-121.28062,38.60904],[-121.27903,38.60958],[-121.27753,38.61016],[-121.2731,38.61172],[-121.27247,38.61199],[-121.27191,38.6125],[-121.27108,38.61462],[-121.27072,38.61508],[-121.26999,38.61545],[-121.26907,38.61549],[-121.27039,38.61125],[-121.27049,38.61013],[-121.27049,38.60927],[-121.27048,38.60887],[-121.27036,38.60738],[-121.26985,38.60634],[-121.2697,38.60552],[-121.27573,38.60252],[-121.27707,38.60158],[-121.27895,38.59707],[-121.28169,38.59454],[-121.29139,38.58865],[-121.29603,38.58599]],[[-121.28877,38.59583],[-121.28864,38.59567],[-121.28877,38.59583]],[[-121.28752,38.59111],[-121.28751,38.591],[-121.28752,38.59111]],[[-121.28773,38.59248],[-121.28773,38.59248],[-121.28762,38.59166],[-121.28762,38.59166],[-121.28773,38.59248]],[[-121.28785,38.59317],[-121.28782,38.59296],[-121.28785,38.59317]],[[-121.28796,38.59366],[-121.28795,38.59361],[-121.28796,38.59366]],[[-121.2881,38.59432],[-121.28796,38.59366],[-121.28796,38.59366],[-121.2881,38.59432]],[[-121.28821,38.5948],[-121.28818,38.5947],[-121.28818,38.5947],[-121.28821,38.5948]],[[-121.28831,38.5951],[-121.28828,38.59502],[-121.28831,38.5951]],[[-121.2884,38.5953],[-121.28836,38.5952],[-121.2884,38.5953]],[[-121.28851,38.59548],[-121.28847,38.59541],[-121.28851,38.59548]]]}},{"type":"Feature","properties":{"county_fips":67,"srprec":"0053435","precinct_id":"067-0053435","county_name":"Sacramento","area_sq_mi":1.426,"place_primary":"Rancho Cordova","place_primary_share":100.0,"place_also":[],"places":[{"name":"Rancho Cordova","geoid":"0659444","kind":"city","pct":100.0}],"bbox":[-121.2889,38.58783,-121.26537,38.61837],"g22_asm":{"dem_pct":57.0,"margin_dem":14.0,"votes_two_party":542,"winner":"Dem"},"g24_asm":null},"geometry":{"type":"Polygon","coordinates":[[[-121.26608,38.60098],[-121.26581,38.59991],[-121.2656,38.59564],[-121.26898,38.58998],[-121.27918,38.58914],[-121.28576,38.58801],[-121.28704,38.58881],[-121.28747,38.59081],[-121.28773,38.59248],[-121.28796,38.59366],[-121.28831,38.5951],[-121.28877,38.59583],[-121.27989,38.60046],[-121.27672,38.60203],[-121.27645,38.60373],[-121.27612,38.60457],[-121.27714,38.60503],[-121.27813,38.60645],[-121.2783,38.60683],[-121.27838,38.60735],[-121.27825,38.60817],[-121.27834,38.60853],[-121.27861,38.60885],[-121.27733,38.61024],[-121.27803,38.61368],[-121.28096,38.61657],[-121.27999,38.61673],[-121.2738,38.61759],[-121.26989,38.61292],[-121.27042,38.61104],[-121.27049,38.60927],[-121.27048,38.60875],[-121.27036,38.60738],[-121.27009,38.60669],[-121.26922,38.6055],[-121.26677,38.60237],[-121.26618,38.60124],[-121.26608,38.60098]]]}},{"type":"Feature","properties":{"county_fips":67,"srprec":"0053512","precinct_id":"067-0053512","county_name":"Sacramento","area_sq_mi":0.202,"place_primary":"Rancho Cordova","place_primary_share":100.0,"place_also":[],"places":[{"name":"Rancho Cordova","geoid":"0659444","kind":"city","pct":100.0}],"bbox":[-121.3099,38.57859,-121.29584,38.5864],"g22_asm":{"dem_pct":52.0,"margin_dem":3.9,"votes_two_party":331,"winner":"Dem"},"g24_asm":null},"geometry":{"type":"Polygon","coordinates":[[[-121.29603,38.58599],[-121.29584,38.58595],[-121.29713,38.58517],[-121.29842,38.58439],[-121.30051,38.58313],[-121.30312,38.58155],[-121.30352,38.5813],[-121.30595,38.57983],[-121.30709,38.57914],[-121.3081,38.57859],[-121.30815,38.57864],[-121.30863,38.57907],[-121.3089,38.57935],[-121.30905,38.57952],[-121.30906,38.57953],[-121.30918,38.57968],[-121.30935,38.57993],[-121.30952,38.5802],[-121.30962,38.58041],[-121.30974,38.58069],[-121.30979,38.58084],[-121.30985,38.58104],[-121.30988,38.58117],[-121.30989,38.58125],[-121.3099,38.58139],[-121.3099,38.58204],[-121.30989,38.58276],[-121.30988,38.58369],[-121.30985,38.58505],[-121.30985,38.58536],[-121.30984,38.58567],[-121.30835,38.5864],[-121.30809,38.58628],[-121.30822,38.58602],[-121.30812,38.58599],[-121.30756,38.58578],[-121.30621,38.58575],[-121.30608,38.58575],[-121.30553,38.58574],[-121.3053,38.58574],[-121.30424,38.58572],[-121.30249,38.58568],[-121.30162,38.58566],[-121.30087,38.58565],[-121.29852,38.5856],[-121.29819,38.58566],[-121.29739,38.5858],[-121.29646,38.58597],[-121.29603,38.58599]]]}},{"type":"Feature","properties":{"county_fips":67,"srprec":"0053526","precinct_id":"067-0053526","county_name":"Sacramento","area_sq_mi":0.41,"place_primary":"Rancho Cordova","place_primary_share":100.0,"place_also":[],"places":[{"name":"Rancho Cordova","geoid":"0659444","kind":"city","pct":100.0}],"bbox":[-121.30835,38.5856,-121.28673,38.596],"g22_asm":{"dem_pct":56.2,"margin_dem":12.4,"votes_two_party":637,"winner":"Dem"},"g24_asm":null},"geometry":{"type":"Polygon","coordinates":[[[-121.29739,38.5858],[-121.29819,38.58566],[-121.29852,38.5856],[-121.30087,38.58565],[-121.30162,38.58566],[-121.30249,38.58568],[-121.30424,38.58572],[-121.3053,38.58574],[-121.30553,38.58574],[-121.30608,38.58575],[-121.30621,38.58575],[-121.30756,38.58578],[-121.30812,38.58599],[-121.30822,38.58602],[-121.30809,38.58628],[-121.30835,38.5864],[-121.3077,38.58672],[-121.30306,38.58902],[-121.30139,38.58984],[-121.29979,38.59063],[-121.29669,38.59217],[-121.29536,38.59282],[-121.29419,38.5934],[-121.29312,38.59392],[-121.2889,38.596],[-121.28877,38.59583],[-121.28864,38.59567],[-121.28851,38.59548],[-121.2884,38.5953],[-121.28831,38.5951],[-121.28824,38.5949],[-121.28821,38.5948],[-121.28818,38.5947],[-121.28796,38.59366],[-121.28794,38.59356],[-121.28785,38.59317],[-121.28777,38.59269],[-121.28773,38.59248],[-121.28762,38.59166],[-121.28752,38.59111],[-121.28751,38.591],[-121.28747,38.59081],[-121.28745,38.5907],[-121.2872,38.58947],[-121.2871,38.589],[-121.28704,38.58881],[-121.28682,38.58812],[-121.28673,38.58783],[-121.28704,38.58777],[-121.29044,38.58711],[-121.29293,38.58663],[-121.29316,38.58658],[-121.29327,38.58655],[-121.29349,38.58648],[-121.29371,38.5864],[-121.29392,38.58631],[-121.29412,38.5862],[-121.29472,38.58584],[-121.29505,38.58587],[-121.29551,38.58592],[-121.29584,38.58595],[-121.29603,38.58599],[-121.29646,38.58597],[-121.29739,38.5858]]]}},{"type":"Feature","properties":{"county_fips":67,"srprec":"0053610","precinct_id":"067-0053610","county_name":"Sacramento","area_sq_mi":0.362,"place_primary":"Rancho Cordova","place_primary_share":100.0,"place_also":[],"places":[{"name":"Rancho Cordova","geoid":"0659444","kind":"city","pct":100.0}],"bbox":[-121.31038,38.56657,-121.29836,38.58439],"g22_asm":{"dem_pct":64.8,"margin_dem":29.7,"votes_two_party":512,"winner":"Dem"},"g24_asm":{"dem_pct":58.1,"margin_dem":16.2,"votes_two_party":656,"winner":"Dem"}},"geometry":{"type":"Polygon","coordinates":[[[-121.30797,38.56676],[-121.30877,38.56809],[-121.30889,38.56893],[-121.30895,38.57075],[-121.30903,38.57253],[-121.30908,38.57392],[-121.30927,38.57497],[-121.31002,38.57568],[-121.31029,38.57608],[-121.31038,38.57654],[-121.31036,38.57726],[-121.30961,38.57781],[-121.30709,38.57914],[-121.30312,38.58155],[-121.29841,38.58417],[-121.2984,38.58329],[-121.29843,38.58208],[-121.2984,38.57877],[-121.2984,38.57833],[-121.29837,38.57457],[-121.29837,38.57397],[-121.29605,38.57399],[-121.29296,38.5739],[-121.29135,38.57387],[-121.2887,38.57148],[-121.28862,38.57009],[-121.28849,38.56709],[-121.29081,38.56697],[-121.29075,38.56625],[-121.29456,38.56542],[-121.29698,38.5659],[-121.30031,38.56571],[-121.30038,38.56648],[-121.30157,38.56649],[-121.30489,38.56647],[-121.30532,38.56717],[-121.30518,38.56747],[-121.30599,38.56717],[-121.30675,38.56677],[-121.30719,38.56632],[-121.3075,38.56646],[-121.30797,38.56676]]]},"geometry_g24":{"type":"Polygon","coordinates":[[[-121.30671,38.56869],[-121.30678,38.56806],[-121.30693,38.56762],[-121.30709,38.5673],[-121.30753,38.56672],[-121.30774,38.5666],[-121.30863,38.56779],[-121.30881,38.56821],[-121.30891,38.56939],[-121.30897,38.5712],[-121.30905,38.57298],[-121.30913,38.57463],[-121.30928,38.57497],[-121.31002,38.57568],[-121.31021,38.57591],[-121.31037,38.57633],[-121.31036,38.57703],[-121.31035,38.57748],[-121.30961,38.57781],[-121.3081,38.57859],[-121.30709,38.57914],[-121.30312,38.58155],[-121.29842,38.58439],[-121.29836,38.5834],[-121.29843,38.58316],[-121.29843,38.58135],[-121.2984,38.57865],[-121.2984,38.57862],[-121.2984,38.57833],[-121.29837,38.57501],[-121.29837,38.57423],[-121.2984,38.57397],[-121.29892,38.57392],[-121.30002,38.57366],[-121.30041,38.5736],[-121.30087,38.57358],[-121.30675,38.57371],[-121.30672,38.57072],[-121.30671,38.56869]],[[-121.29845,38.57833],[-121.29932,38.57833],[-121.29932,38.57833],[-121.29845,38.57833]],[[-121.29932,38.57833],[-121.30124,38.57833],[-121.30124,38.57833],[-121.29932,38.57833]],[[-121.30354,38.57832],[-121.30361,38.57833],[-121.30361,38.57833],[-121.30354,38.57832]],[[-121.30433,38.57684],[-121.30433,38.57684],[-121.30431,38.5768],[-121.30431,38.5768],[-121.30433,38.57684]],[[-121.30431,38.5768],[-121.30432,38.57679],[-121.30431,38.5768]],[[-121.3044,38.57785],[-121.30442,38.5778],[-121.3044,38.57785]],[[-121.30446,38.57757],[-121.30446,38.57757],[-121.30444,38.57772],[-121.30446,38.57757]],[[-121.30444,38.57714],[-121.30444,38.57713],[-121.30444,38.57714]],[[-121.30565,38.57637],[-121.30673,38.57735],[-121.30565,38.57637]],[[-121.30755,38.57809],[-121.30784,38.57836],[-121.30755,38.57809]],[[-121.30786,38.57837],[-121.30791,38.57842],[-121.30791,38.57842],[-121.30786,38.57837]]]}},{"type":"Feature","properties":{"county_fips":67,"srprec":"0053657","precinct_id":"067-0053657","county_name":"Sacramento","area_sq_mi":1.344,"place_primary":"Rancho Cordova","place_primary_share":100.0,"place_also":[],"places":[{"name":"Rancho Cordova","geoid":"0659444","kind":"city","pct":100.0}],"bbox":[-121.29844,38.57397,-121.26537,38.60568],"g22_asm":{"dem_pct":64.0,"margin_dem":27.9,"votes_two_party":724,"winner":"Dem"},"g24_asm":{"dem_pct":63.9,"margin_dem":27.8,"votes_two_party":1161,"winner":"Dem"}},"geometry":{"type":"Polygon","coordinates":[[[-121.2984,38.57865],[-121.2984,38.57877],[-121.29843,38.58136],[-121.29844,38.58302],[-121.2984,38.58329],[-121.29839,38.58382],[-121.29842,38.58439],[-121.29584,38.58595],[-121.29505,38.58587],[-121.29412,38.5862],[-121.29371,38.5864],[-121.29327,38.58655],[-121.29293,38.58663],[-121.28704,38.58777],[-121.28604,38.58561],[-121.28521,38.58295],[-121.28499,38.58241],[-121.28469,38.58188],[-121.28687,38.58078],[-121.28738,38.58053],[-121.28885,38.57962],[-121.28945,38.57901],[-121.28983,38.57845],[-121.29047,38.57718],[-121.29145,38.57593],[-121.29194,38.57552],[-121.29286,38.57492],[-121.29391,38.57446],[-121.29493,38.57418],[-121.29546,38.57404],[-121.29605,38.57399],[-121.2978,38.57397],[-121.29837,38.57423],[-121.29837,38.57457],[-121.29838,38.57578],[-121.2984,38.57865]]]},"geometry_g24":{"type":"Polygon","coordinates":[[[-121.29518,38.57412],[-121.29605,38.57399],[-121.29837,38.57423],[-121.29838,38.57578],[-121.2984,38.57865],[-121.29843,38.58135],[-121.2984,38.58329],[-121.29842,38.58428],[-121.29584,38.58595],[-121.29005,38.58946],[-121.28748,38.59102],[-121.28046,38.59546],[-121.27855,38.59766],[-121.27765,38.59953],[-121.27672,38.60203],[-121.2697,38.60552],[-121.26716,38.60292],[-121.2666,38.60208],[-121.26608,38.60098],[-121.26585,38.60015],[-121.2657,38.5982],[-121.26728,38.58998],[-121.27052,38.58998],[-121.28308,38.58848],[-121.28673,38.58783],[-121.28673,38.58783],[-121.28499,38.58241],[-121.28458,38.58171],[-121.28738,38.58053],[-121.28922,38.57927],[-121.28983,38.57845],[-121.29047,38.57718],[-121.2917,38.57573],[-121.29286,38.57492],[-121.29492,38.57418],[-121.29518,38.57412]],[[-121.29472,38.58584],[-121.29472,38.58584],[-121.29472,38.58584],[-121.29472,38.58584],[-121.29472,38.58584],[-121.29472,38.58584],[-121.29472,38.58584]],[[-121.29545,38.57857],[-121.29545,38.57857],[-121.29545,38.57857],[-121.29545,38.57857],[-121.29545,38.57857],[-121.29545,38.57857]],[[-121.29552,38.57868],[-121.29552,38.57868],[-121.29552,38.57868],[-121.29552,38.57868]]]}},{"type":"Feature","properties":{"county_fips":67,"srprec":"0053698","precinct_id":"067-0053698","county_name":"Sacramento","area_sq_mi":1.689,"place_primary":"Rancho Cordova","place_primary_share":99.5,"place_also":[],"places":[{"name":"Rancho Cordova","geoid":"0659444","kind":"city","pct":99.5},{"name":"Mather","geoid":"0646226","kind":"cdp","pct":0.5}],"bbox":[-121.29581,38.55943,-121.24342,38.58999],"g22_asm":{"dem_pct":50.1,"margin_dem":0.2,"votes_two_party":852,"winner":"Dem"},"g24_asm":null},"geometry":{"type":"Polygon","coordinates":[[[-121.25587,38.56299],[-121.26642,38.56792],[-121.27387,38.56782],[-121.28644,38.56665],[-121.28715,38.56664],[-121.28862,38.57009],[-121.28886,38.57382],[-121.29494,38.57397],[-121.29446,38.5743],[-121.29194,38.57552],[-121.29,38.57814],[-121.28885,38.57962],[-121.28458,38.58171],[-121.28371,38.58074],[-121.283,38.58019],[-121.2806,38.57838],[-121.27732,38.57565],[-121.27397,38.5765],[-121.26842,38.57561],[-121.26485,38.57744],[-121.26567,38.58396],[-121.26605,38.58456],[-121.26908,38.58438],[-121.27033,38.58486],[-121.27042,38.58999],[-121.26524,38.58672],[-121.26508,38.58449],[-121.26454,38.58241],[-121.26371,38.58068],[-121.26278,38.5793],[-121.26009,38.57649],[-121.25162,38.56808],[-121.24402,38.56042],[-121.24469,38.55944],[-121.25384,38.55991],[-121.25518,38.56206],[-121.25587,38.56299]]]}},{"type":"Feature","properties":{"county_fips":67,"srprec":"0053764","precinct_id":"067-0053764","county_name":"Sacramento","area_sq_mi":0.341,"place_primary":"Rancho Cordova","place_primary_share":100.0,"place_also":[],"places":[{"name":"Rancho Cordova","geoid":"0659444","kind":"city","pct":100.0}],"bbox":[-121.28673,38.58171,-121.27035,38.58998],"g22_asm":{"dem_pct":62.9,"margin_dem":25.9,"votes_two_party":599,"winner":"Dem"},"g24_asm":{"dem_pct":57.2,"margin_dem":14.4,"votes_two_party":521,"winner":"Dem"}},"geometry":{"type":"Polygon","coordinates":[[[-121.27031,38.58298],[-121.275,38.58193],[-121.27496,38.58183],[-121.27489,38.58171],[-121.27511,38.58168],[-121.27552,38.58165],[-121.27596,38.58157],[-121.27644,38.58146],[-121.27683,38.58143],[-121.27728,38.58129],[-121.27782,38.58122],[-121.27812,38.58116],[-121.27857,38.58105],[-121.27887,38.58101],[-121.27907,38.58099],[-121.27935,38.58093],[-121.2797,38.58084],[-121.28006,38.58079],[-121.28032,38.58076],[-121.2807,38.58066],[-121.28098,38.5806],[-121.28126,38.58057],[-121.28166,38.5805],[-121.28242,38.58038],[-121.2826,38.5803],[-121.28271,38.58022],[-121.283,38.58019],[-121.28305,38.58022],[-121.28359,38.58063],[-121.28375,38.58078],[-121.2842,38.58123],[-121.28458,38.58171],[-121.28485,38.58214],[-121.28511,38.58268],[-121.2855,38.58386],[-121.28673,38.58783],[-121.28576,38.58801],[-121.28308,38.58848],[-121.27918,38.58914],[-121.27052,38.58998],[-121.27044,38.58564],[-121.27033,38.58486],[-121.27033,38.58433],[-121.27031,38.58298]]]},"geometry_g24":{"type":"Polygon","coordinates":[[[-121.27595,38.58326],[-121.27702,38.58313],[-121.27847,38.5831],[-121.27904,38.5831],[-121.27985,38.58302],[-121.28098,38.58286],[-121.28289,38.58237],[-121.28332,38.58219],[-121.28458,38.58171],[-121.28499,38.58241],[-121.2855,38.58386],[-121.28576,38.58801],[-121.27919,38.58914],[-121.27056,38.58998],[-121.27052,38.58606],[-121.2705,38.58574],[-121.27048,38.58559],[-121.27039,38.58503],[-121.27037,38.58469],[-121.27041,38.58434],[-121.27084,38.58436],[-121.27132,38.58437],[-121.27168,38.58435],[-121.27204,38.58432],[-121.27251,38.58426],[-121.27297,38.58417],[-121.27338,38.58407],[-121.27365,38.584],[-121.27409,38.58385],[-121.27451,38.58368],[-121.27493,38.58354],[-121.27515,38.58347],[-121.27557,38.58337],[-121.27558,38.58333],[-121.27595,38.58326]]]}},{"type":"Feature","properties":{"county_fips":67,"srprec":"0053821","precinct_id":"067-0053821","county_name":"Sacramento","area_sq_mi":0.512,"place_primary":"Rancho Cordova","place_primary_share":97.4,"place_also":[],"places":[{"name":"Rancho Cordova","geoid":"0659444","kind":"city","pct":97.4},{"name":"Mather","geoid":"0646226","kind":"cdp","pct":2.6}],"bbox":[-121.30768,38.56542,-121.28836,38.57412],"g22_asm":null,"g24_asm":{"dem_pct":55.3,"margin_dem":10.5,"votes_two_party":114,"winner":"Dem"}},"geometry":{"type":"Polygon","coordinates":[[[-121.30157,38.56649],[-121.30489,38.56647],[-121.30533,38.56716],[-121.30529,38.56728],[-121.30518,38.56747],[-121.30501,38.56763],[-121.30599,38.56717],[-121.30625,38.567],[-121.30663,38.56692],[-121.30755,38.56648],[-121.30753,38.56672],[-121.30698,38.56751],[-121.30678,38.56806],[-121.30671,38.56869],[-121.30675,38.57371],[-121.30179,38.57357],[-121.30021,38.57362],[-121.29918,38.57387],[-121.2984,38.57397],[-121.2978,38.57397],[-121.29581,38.57401],[-121.29516,38.574],[-121.29162,38.57384],[-121.29135,38.57385],[-121.29023,38.57385],[-121.28874,38.57148],[-121.28874,38.57147],[-121.28836,38.56711],[-121.28849,38.56709],[-121.29081,38.56697],[-121.29074,38.56625],[-121.29456,38.56542],[-121.29462,38.56603],[-121.30031,38.56571],[-121.30038,38.56648],[-121.30116,38.56648],[-121.30157,38.56649]],[[-121.29838,38.57127],[-121.29844,38.57132],[-121.29838,38.57127]],[[-121.3007,38.57285],[-121.3007,38.57285],[-121.3007,38.57285]]]}},{"type":"Feature","properties":{"county_fips":67,"srprec":"0053903","precinct_id":"067-0053903","county_name":"Sacramento","area_sq_mi":0.427,"place_primary":"Rancho Cordova","place_primary_share":100.0,"place_also":[],"places":[{"name":"Rancho Cordova","geoid":"0659444","kind":"city","pct":100.0}],"bbox":[-121.29519,38.57145,-121.27489,38.58333],"g22_asm":null,"g24_asm":{"dem_pct":46.7,"margin_dem":-6.5,"votes_two_party":1153,"winner":"Rep"}},"geometry":{"type":"Polygon","coordinates":[[[-121.29023,38.57385],[-121.29162,38.57384],[-121.29519,38.57412],[-121.29342,38.57464],[-121.29145,38.57593],[-121.29008,38.57798],[-121.28922,38.57927],[-121.28716,38.58064],[-121.28324,38.58222],[-121.28098,38.58286],[-121.27936,38.58307],[-121.278,38.58311],[-121.27595,38.58326],[-121.27531,38.58252],[-121.27501,38.58191],[-121.27489,38.58171],[-121.27576,38.58163],[-121.27683,38.58143],[-121.27795,38.58121],[-121.27862,38.58104],[-121.27847,38.58051],[-121.27785,38.57925],[-121.27773,38.57909],[-121.27942,38.5774],[-121.27805,38.57521],[-121.27849,38.57484],[-121.27887,38.57443],[-121.27912,38.57415],[-121.28001,38.57479],[-121.28306,38.57279],[-121.28446,38.57239],[-121.28603,38.57166],[-121.2887,38.57148],[-121.28898,38.57382],[-121.29023,38.57385]],[[-121.2854,38.57927],[-121.2854,38.57927],[-121.2854,38.57927]],[[-121.28575,38.57974],[-121.28575,38.57974],[-121.28575,38.57974],[-121.28575,38.57974]],[[-121.28937,38.57905],[-121.28937,38.57905],[-121.28937,38.57905]]]}},{"type":"Feature","properties":{"county_fips":67,"srprec":"0053958","precinct_id":"067-0053958","county_name":"Sacramento","area_sq_mi":1.729,"place_primary":"Rancho Cordova","place_primary_share":99.5,"place_also":[],"places":[{"name":"Rancho Cordova","geoid":"0659444","kind":"city","pct":99.5},{"name":"Mather","geoid":"0646226","kind":"cdp","pct":0.5}],"bbox":[-121.28874,38.55943,-121.24342,38.58999],"g22_asm":{"dem_pct":46.6,"margin_dem":-6.9,"votes_two_party":842,"winner":"Rep"},"g24_asm":{"dem_pct":41.5,"margin_dem":-17.0,"votes_two_party":1407,"winner":"Rep"}},"geometry":{"type":"Polygon","coordinates":[[[-121.27229,38.57712],[-121.27397,38.5765],[-121.27409,38.57649],[-121.27642,38.57657],[-121.27737,38.57569],[-121.28057,38.57836],[-121.2806,38.57838],[-121.28159,38.57921],[-121.28292,38.58013],[-121.28266,38.58026],[-121.28251,38.58036],[-121.282,38.58043],[-121.28142,38.58055],[-121.28102,38.58059],[-121.28078,38.58063],[-121.28051,38.58072],[-121.28018,38.58078],[-121.27986,38.58081],[-121.27952,38.58089],[-121.27922,38.58097],[-121.27906,38.581],[-121.27865,38.58103],[-121.2785,38.58107],[-121.27795,38.58121],[-121.2775,38.58125],[-121.27706,38.58136],[-121.27668,38.58145],[-121.27618,38.5815],[-121.27576,38.58163],[-121.27526,38.58167],[-121.27489,38.58171],[-121.27496,38.58183],[-121.27496,38.58183],[-121.27031,38.58265],[-121.27033,38.58433],[-121.26942,38.58436],[-121.26736,38.5845],[-121.26647,38.58456],[-121.26605,38.58456],[-121.26575,38.58456],[-121.26571,38.58421],[-121.26559,38.5832],[-121.26528,38.58093],[-121.26485,38.57744],[-121.26799,38.57613],[-121.26796,38.57621],[-121.26906,38.57506],[-121.27229,38.57712]]]},"geometry_g24":{"type":"Polygon","coordinates":[[[-121.25113,38.56759],[-121.24353,38.55965],[-121.25381,38.55964],[-121.25546,38.56245],[-121.25954,38.56806],[-121.27356,38.568],[-121.28587,38.56679],[-121.28715,38.56664],[-121.28873,38.57127],[-121.28704,38.57149],[-121.28412,38.57261],[-121.28001,38.57479],[-121.27887,38.57443],[-121.27822,38.57507],[-121.27942,38.5774],[-121.27781,38.5792],[-121.27847,38.58051],[-121.27849,38.58107],[-121.27668,38.58145],[-121.27489,38.58171],[-121.27508,38.58203],[-121.27537,38.58341],[-121.27451,38.58369],[-121.27343,38.58406],[-121.27227,38.58429],[-121.27132,38.58437],[-121.27041,38.58434],[-121.27039,38.58503],[-121.27052,38.58606],[-121.27042,38.58999],[-121.26513,38.58485],[-121.26436,38.58198],[-121.26278,38.5793],[-121.25189,38.5683],[-121.25113,38.56759]],[[-121.25589,38.56546],[-121.25589,38.56546],[-121.25589,38.56546],[-121.25581,38.56492],[-121.25589,38.56546]],[[-121.25639,38.56814],[-121.25631,38.56814],[-121.25631,38.56814],[-121.25639,38.56814]],[[-121.25639,38.56814],[-121.25647,38.56814],[-121.2564,38.56814],[-121.25639,38.56814]],[[-121.25895,38.56808],[-121.25895,38.56808],[-121.25884,38.56808],[-121.25895,38.56808]],[[-121.25895,38.56808],[-121.25912,38.56808],[-121.25895,38.56808]],[[-121.26732,38.57595],[-121.26732,38.57595],[-121.26732,38.57595],[-121.26732,38.57595]],[[-121.26792,38.57621],[-121.26792,38.57621],[-121.26792,38.57621],[-121.26792,38.57621],[-121.26792,38.57621],[-121.26792,38.57621],[-121.26792,38.57621],[-121.26792,38.57621],[-121.26792,38.57621]],[[-121.26987,38.57442],[-121.26987,38.57442],[-121.26987,38.57442],[-121.26987,38.57442]],[[-121.27032,38.57484],[-121.27032,38.57484],[-121.27032,38.57484]]]}},{"type":"Feature","properties":{"county_fips":67,"srprec":"0055203","precinct_id":"067-0055203","county_name":"Sacramento","area_sq_mi":0.19,"place_primary":"Rosemont","place_primary_share":100.0,"place_also":[],"places":[{"name":"Rosemont","geoid":"0662910","kind":"cdp","pct":100.0}],"bbox":[-121.36276,38.53999,-121.35343,38.54735],"g22_asm":{"dem_pct":68.2,"margin_dem":36.4,"votes_two_party":654,"winner":"Dem"},"g24_asm":{"dem_pct":65.9,"margin_dem":31.7,"votes_two_party":867,"winner":"Dem"}},"geometry":{"type":"Polygon","coordinates":[[[-121.36236,38.54723],[-121.35819,38.54729],[-121.35802,38.54729],[-121.35674,38.54731],[-121.35529,38.54733],[-121.35469,38.54733],[-121.35403,38.54734],[-121.35352,38.54735],[-121.35352,38.54735],[-121.35352,38.54722],[-121.35346,38.54341],[-121.35343,38.54108],[-121.3535,38.5404],[-121.3535,38.54003],[-121.3556,38.53999],[-121.3556,38.54003],[-121.3556,38.54119],[-121.35579,38.5412],[-121.35588,38.5412],[-121.35596,38.54122],[-121.35604,38.54125],[-121.35611,38.54127],[-121.35617,38.54131],[-121.35624,38.54135],[-121.3563,38.54139],[-121.35684,38.54186],[-121.35703,38.54205],[-121.35709,38.54211],[-121.35727,38.54231],[-121.35743,38.54253],[-121.35755,38.54272],[-121.35808,38.54252],[-121.35818,38.54249],[-121.35833,38.54245],[-121.3585,38.54243],[-121.3604,38.54242],[-121.36069,38.54242],[-121.36118,38.54241],[-121.3613,38.54243],[-121.36145,38.54245],[-121.36162,38.54249],[-121.3617,38.54252],[-121.36207,38.54269],[-121.36236,38.54283],[-121.36244,38.54286],[-121.36256,38.5429],[-121.36264,38.54291],[-121.36272,38.54291],[-121.36276,38.54434],[-121.36274,38.54722],[-121.36236,38.54723]]]},"geometry_g24":{"type":"Polygon","coordinates":[[[-121.3535,38.54003],[-121.3556,38.53999],[-121.3556,38.54003],[-121.3556,38.54119],[-121.35579,38.54119],[-121.35588,38.54121],[-121.35604,38.54125],[-121.35611,38.54128],[-121.35624,38.54135],[-121.3563,38.54139],[-121.35703,38.54205],[-121.35709,38.54211],[-121.35741,38.5425],[-121.35745,38.54256],[-121.35755,38.54272],[-121.35755,38.54272],[-121.35808,38.54252],[-121.35818,38.54249],[-121.3585,38.54243],[-121.3604,38.54242],[-121.36112,38.54241],[-121.3613,38.54243],[-121.36145,38.54245],[-121.3617,38.54252],[-121.36236,38.54283],[-121.36244,38.54286],[-121.36264,38.54291],[-121.36272,38.54291],[-121.36276,38.54434],[-121.36275,38.54492],[-121.36274,38.54722],[-121.35802,38.54729],[-121.35802,38.54729],[-121.35674,38.54731],[-121.35403,38.54734],[-121.35352,38.54735],[-121.35352,38.54722],[-121.35343,38.54108],[-121.3535,38.5404],[-121.3535,38.54003]]]}},{"type":"Feature","properties":{"county_fips":67,"srprec":"0055299","precinct_id":"067-0055299","county_name":"Sacramento","area_sq_mi":0.379,"place_primary":"Rosemont","place_primary_share":100.0,"place_also":[],"places":[{"name":"Rosemont","geoid":"0662910","kind":"cdp","pct":100.0}],"bbox":[-121.36281,38.53555,-121.33495,38.54567],"g22_asm":{"dem_pct":55.5,"margin_dem":11.0,"votes_two_party":834,"winner":"Dem"},"g24_asm":{"dem_pct":50.3,"margin_dem":0.6,"votes_two_party":1086,"winner":"Dem"}},"geometry":{"type":"Polygon","coordinates":[[[-121.35933,38.53555],[-121.36279,38.53663],[-121.36263,38.53708],[-121.3628,38.53716],[-121.36291,38.53726],[-121.36296,38.53739],[-121.36296,38.53769],[-121.36293,38.53923],[-121.36277,38.54026],[-121.36272,38.54291],[-121.36256,38.5429],[-121.36236,38.54283],[-121.3617,38.54252],[-121.36145,38.54245],[-121.36118,38.54241],[-121.3604,38.54242],[-121.35833,38.54245],[-121.35808,38.54252],[-121.35743,38.54253],[-121.35709,38.54211],[-121.35684,38.54186],[-121.35624,38.54135],[-121.35611,38.54127],[-121.35596,38.54122],[-121.35579,38.5412],[-121.3556,38.54003],[-121.3535,38.54003],[-121.34974,38.54086],[-121.34964,38.54157],[-121.35009,38.54195],[-121.3469,38.54372],[-121.3457,38.54438],[-121.34533,38.54503],[-121.34582,38.54543],[-121.34407,38.54537],[-121.34168,38.54497],[-121.33821,38.54441],[-121.33518,38.54389],[-121.33496,38.54386],[-121.35933,38.53555]]]},"geometry_g24":{"type":"Polygon","coordinates":[[[-121.35933,38.53555],[-121.36263,38.53708],[-121.36276,38.53727],[-121.36276,38.53892],[-121.36276,38.53997],[-121.36276,38.54064],[-121.36273,38.54291],[-121.36236,38.54283],[-121.36144,38.54245],[-121.35942,38.54243],[-121.35769,38.54267],[-121.35741,38.5425],[-121.3563,38.54139],[-121.35604,38.54125],[-121.3556,38.54119],[-121.3556,38.54002],[-121.3535,38.54005],[-121.35259,38.54005],[-121.35079,38.54006],[-121.34974,38.54086],[-121.34964,38.54157],[-121.34974,38.5421],[-121.34924,38.54236],[-121.3484,38.54282],[-121.34756,38.54329],[-121.34675,38.54372],[-121.34648,38.54388],[-121.34551,38.54441],[-121.34533,38.54458],[-121.34533,38.5451],[-121.34575,38.54566],[-121.33883,38.54454],[-121.33496,38.54386],[-121.35933,38.53555]],[[-121.3558,38.54001],[-121.3558,38.54001],[-121.3558,38.54001],[-121.3558,38.54001]]]}},{"type":"Feature","properties":{"county_fips":67,"srprec":"0056122","precinct_id":"067-0056122","county_name":"Sacramento","area_sq_mi":3.514,"place_primary":"Mather","place_primary_share":99.9,"place_also":[],"places":[{"name":"Mather","geoid":"0646226","kind":"cdp","pct":99.9},{"name":"Rancho Cordova","geoid":"0659444","kind":"city","pct":0.1}],"bbox":[-121.30675,38.53971,-121.25381,38.568],"g22_asm":{"dem_pct":48.8,"margin_dem":-2.5,"votes_two_party":728,"winner":"Rep"},"g24_asm":null},"geometry":{"type":"Polygon","coordinates":[[[-121.2853,38.54243],[-121.28716,38.53996],[-121.30523,38.53976],[-121.30535,38.54895],[-121.30604,38.55416],[-121.30607,38.55455],[-121.30628,38.5582],[-121.30646,38.56611],[-121.30625,38.567],[-121.30518,38.56747],[-121.30528,38.56643],[-121.30116,38.56647],[-121.30031,38.56571],[-121.29462,38.56603],[-121.29076,38.5664],[-121.28849,38.56709],[-121.28725,38.56666],[-121.28655,38.56663],[-121.2773,38.56779],[-121.27008,38.56786],[-121.25742,38.56514],[-121.25396,38.5603],[-121.25381,38.55951],[-121.26223,38.55957],[-121.26674,38.5591],[-121.26719,38.55841],[-121.26853,38.55759],[-121.27538,38.55362],[-121.28017,38.55115],[-121.2807,38.55041],[-121.27881,38.54906],[-121.27697,38.54866],[-121.27751,38.54737],[-121.27845,38.54515],[-121.27993,38.54346],[-121.28138,38.54177],[-121.28523,38.54252],[-121.2853,38.54243]]]}},{"type":"Feature","properties":{"county_fips":67,"srprec":"0056165","precinct_id":"067-0056165","county_name":"Sacramento","area_sq_mi":3.546,"place_primary":"Mather","place_primary_share":99.9,"place_also":[],"places":[{"name":"Mather","geoid":"0646226","kind":"cdp","pct":99.9},{"name":"Rancho Cordova","geoid":"0659444","kind":"city","pct":0.1}],"bbox":[-121.30668,38.53971,-121.25381,38.568],"g22_asm":null,"g24_asm":{"dem_pct":43.0,"margin_dem":-13.9,"votes_two_party":1048,"winner":"Rep"}},"geometry":{"type":"Polygon","coordinates":[[[-121.28161,38.54142],[-121.28423,38.54208],[-121.28519,38.54256],[-121.2857,38.54195],[-121.28742,38.53971],[-121.30533,38.54498],[-121.30605,38.55424],[-121.30628,38.5582],[-121.30656,38.56612],[-121.30501,38.56763],[-121.30529,38.56728],[-121.30489,38.56647],[-121.30037,38.56639],[-121.29456,38.56542],[-121.29077,38.56655],[-121.28836,38.56708],[-121.287,38.56662],[-121.28595,38.56724],[-121.27009,38.56787],[-121.25587,38.56299],[-121.25384,38.55991],[-121.26357,38.55958],[-121.26683,38.55884],[-121.26745,38.55823],[-121.27465,38.55405],[-121.27788,38.55044],[-121.27643,38.54859],[-121.27764,38.54618],[-121.27837,38.54574],[-121.27879,38.5446],[-121.28001,38.54366],[-121.2798,38.54331],[-121.28161,38.54142]],[[-121.27869,38.55195],[-121.27978,38.55142],[-121.27871,38.55194],[-121.27869,38.55195]]]}},{"type":"Feature","properties":{"county_fips":67,"srprec":"0056250","precinct_id":"067-0056250","county_name":"Sacramento","area_sq_mi":1.966,"place_primary":"Mather","place_primary_share":100.0,"place_also":[],"places":[{"name":"Mather","geoid":"0646226","kind":"cdp","pct":100.0}],"bbox":[-121.29245,38.52834,-121.26115,38.55959],"g22_asm":{"dem_pct":48.7,"margin_dem":-2.6,"votes_two_party":758,"winner":"Rep"},"g24_asm":{"dem_pct":42.3,"margin_dem":-15.4,"votes_two_party":917,"winner":"Rep"}},"geometry":{"type":"Polygon","coordinates":[[[-121.26529,38.52902],[-121.26917,38.53001],[-121.27039,38.5326],[-121.29245,38.53583],[-121.2881,38.53918],[-121.28716,38.53996],[-121.2857,38.54195],[-121.28523,38.54252],[-121.28214,38.54153],[-121.2807,38.5421],[-121.27989,38.5434],[-121.28002,38.54366],[-121.27845,38.54515],[-121.27855,38.54609],[-121.27743,38.54786],[-121.27712,38.54855],[-121.27747,38.54882],[-121.27881,38.54906],[-121.28088,38.54968],[-121.28065,38.55055],[-121.28032,38.55102],[-121.27987,38.55136],[-121.27538,38.55362],[-121.27181,38.5557],[-121.26774,38.55805],[-121.26732,38.55831],[-121.267,38.5586],[-121.26674,38.5591],[-121.26357,38.55958],[-121.26223,38.55957],[-121.26129,38.55763],[-121.26128,38.55454],[-121.26123,38.54729],[-121.26119,38.53771],[-121.26115,38.52861],[-121.26529,38.52902]]]},"geometry_g24":{"type":"MultiPolygon","coordinates":[[[[-121.29226,38.53598],[-121.29229,38.53599],[-121.2906,38.53728],[-121.28911,38.53841],[-121.28852,38.53886],[-121.28923,38.53831],[-121.29226,38.53598]]],[[[-121.28923,38.53831],[-121.2874,38.53972],[-121.28704,38.5401],[-121.28551,38.54218],[-121.28518,38.54257],[-121.28477,38.54236],[-121.28378,38.54185],[-121.28214,38.54153],[-121.2807,38.5421],[-121.2798,38.54331],[-121.27998,38.54356],[-121.28001,38.54367],[-121.27959,38.54375],[-121.27825,38.54515],[-121.27836,38.54569],[-121.27841,38.54582],[-121.27755,38.5462],[-121.27646,38.54843],[-121.27644,38.54868],[-121.27689,38.54928],[-121.27769,38.5502],[-121.27799,38.55062],[-121.27465,38.55405],[-121.26774,38.55805],[-121.2672,38.55841],[-121.267,38.5586],[-121.2667,38.55939],[-121.26223,38.55957],[-121.26131,38.55953],[-121.26124,38.54947],[-121.26122,38.54467],[-121.26115,38.52861],[-121.26546,38.52907],[-121.27041,38.5304],[-121.27925,38.53259],[-121.29226,38.53598],[-121.28923,38.53831]],[[-121.27341,38.53305],[-121.27341,38.53305],[-121.27341,38.53305]],[[-121.27343,38.53293],[-121.27343,38.53293],[-121.27343,38.53293]],[[-121.27348,38.53321],[-121.27348,38.53321],[-121.27348,38.53321]],[[-121.27354,38.53333],[-121.27354,38.53333],[-121.27354,38.53333]],[[-121.27365,38.53345],[-121.27365,38.53345],[-121.27365,38.53345]],[[-121.27404,38.53481],[-121.27404,38.5348],[-121.27404,38.5348],[-121.27404,38.53481]],[[-121.27404,38.54938],[-121.27404,38.54938],[-121.27404,38.54938],[-121.27404,38.54938]],[[-121.27408,38.53406],[-121.27408,38.53405],[-121.27408,38.53405],[-121.27408,38.53406]],[[-121.27408,38.53496],[-121.27408,38.53496],[-121.27408,38.53496]],[[-121.27408,38.53422],[-121.27408,38.53422],[-121.27408,38.53422]],[[-121.27415,38.53512],[-121.27415,38.53512],[-121.27415,38.53512]],[[-121.27438,38.53537],[-121.27437,38.53537],[-121.27438,38.53537]],[[-121.27451,38.53542],[-121.2745,38.53542],[-121.27451,38.53542]],[[-121.27487,38.53545],[-121.27487,38.53545],[-121.27487,38.53545]],[[-121.2752,38.54997],[-121.2752,38.54997],[-121.2752,38.54997],[-121.2752,38.54997]],[[-121.27619,38.53523],[-121.27619,38.53523],[-121.27619,38.53523]],[[-121.27649,38.53525],[-121.27649,38.53525],[-121.27649,38.53525]],[[-121.2767,38.53529],[-121.2767,38.53529],[-121.2767,38.53529]],[[-121.27689,38.53537],[-121.27689,38.53537],[-121.27689,38.53537]],[[-121.27702,38.53545],[-121.27702,38.53545],[-121.27702,38.53545]],[[-121.27707,38.54097],[-121.27707,38.54097],[-121.27708,38.54097],[-121.27707,38.54097]],[[-121.27719,38.5356],[-121.27719,38.5356],[-121.27719,38.5356]],[[-121.2782,38.53876],[-121.2782,38.53876],[-121.2782,38.53876],[-121.2782,38.53876]],[[-121.27826,38.53707],[-121.27826,38.53707],[-121.27826,38.53707],[-121.27826,38.53707]],[[-121.27901,38.53907],[-121.27901,38.53907],[-121.27902,38.53907],[-121.27901,38.53907],[-121.27901,38.53907]],[[-121.27915,38.53264],[-121.27915,38.53264],[-121.27915,38.53264]]],[[[-121.27041,38.5304],[-121.27041,38.53032],[-121.27041,38.53032],[-121.27041,38.53032],[-121.27169,38.53065],[-121.27204,38.53073],[-121.27204,38.53074],[-121.27364,38.53117],[-121.27476,38.53147],[-121.27041,38.5304]]]]}},{"type":"Feature","properties":{"county_fips":67,"srprec":"0056653","precinct_id":"067-0056653","county_name":"Sacramento","area_sq_mi":0.068,"place_primary":"Unincorporated Sacramento County","place_primary_share":2.9,"place_also":[],"places":[{"name":"Mather","geoid":"0646226","kind":"cdp","pct":2.9}],"bbox":[-121.33496,38.52902,-121.26529,38.54386],"g22_asm":{"dem_pct":35.1,"margin_dem":-29.7,"votes_two_party":37,"winner":"Rep"},"g24_asm":{"dem_pct":0.0,"margin_dem":-100.0,"votes_two_party":20,"winner":"Rep"}},"geometry":{"type":"MultiPolygon","coordinates":[[[[-121.26531,38.52902],[-121.3018,38.53812],[-121.30031,38.53776],[-121.29727,38.53701],[-121.29245,38.53583],[-121.27926,38.53259],[-121.27845,38.53239],[-121.27687,38.532],[-121.27536,38.53164],[-121.27204,38.53073],[-121.27041,38.53032],[-121.26917,38.53001],[-121.26572,38.52915],[-121.2653,38.52902],[-121.26529,38.52902],[-121.26531,38.52902]]],[[[-121.30851,38.53938],[-121.30811,38.53934],[-121.3075,38.53927],[-121.30737,38.53927],[-121.30729,38.53926],[-121.30721,38.53924],[-121.3071,38.5392],[-121.30609,38.53899],[-121.30441,38.53866],[-121.30261,38.5383],[-121.30851,38.53938]]],[[[-121.31615,38.53892],[-121.31601,38.53902],[-121.3146,38.53983],[-121.31432,38.53999],[-121.31414,38.54007],[-121.31402,38.54012],[-121.31389,38.54016],[-121.31369,38.5402],[-121.31355,38.54022],[-121.31335,38.54023],[-121.31321,38.54022],[-121.31307,38.54021],[-121.31296,38.54019],[-121.31615,38.53892]]],[[[-121.31796,38.53868],[-121.33474,38.54384],[-121.32415,38.54204],[-121.32391,38.54199],[-121.32103,38.5416],[-121.3209,38.54144],[-121.31943,38.53985],[-121.31893,38.53932],[-121.31872,38.53909],[-121.31862,38.53901],[-121.31851,38.53893],[-121.31834,38.53883],[-121.31815,38.53874],[-121.31796,38.53868]]],[[[-121.33495,38.54379],[-121.33496,38.54386],[-121.33479,38.54384],[-121.33495,38.54379]]]]},"geometry_g24":{"type":"MultiPolygon","coordinates":[[[[-121.26531,38.52902],[-121.3018,38.53812],[-121.30031,38.53776],[-121.30031,38.53776],[-121.29782,38.53715],[-121.29727,38.53701],[-121.29245,38.53583],[-121.27926,38.53259],[-121.27845,38.53239],[-121.27687,38.532],[-121.27687,38.532],[-121.27687,38.532],[-121.27536,38.53164],[-121.27536,38.53164],[-121.27536,38.53163],[-121.27503,38.53155],[-121.27476,38.53147],[-121.27204,38.53074],[-121.27204,38.53073],[-121.27204,38.53073],[-121.27041,38.53032],[-121.26917,38.53001],[-121.26917,38.53001],[-121.26917,38.53],[-121.26572,38.52915],[-121.26572,38.52915],[-121.26571,38.52915],[-121.2653,38.52902],[-121.2653,38.52902],[-121.2653,38.52902],[-121.26529,38.52902],[-121.26531,38.52902]]],[[[-121.30851,38.53938],[-121.30822,38.53935],[-121.30811,38.53934],[-121.30811,38.53934],[-121.30811,38.53934],[-121.30772,38.53929],[-121.3075,38.53927],[-121.3075,38.53927],[-121.30749,38.53927],[-121.30737,38.53927],[-121.30737,38.53927],[-121.30737,38.53927],[-121.30729,38.53926],[-121.30729,38.53926],[-121.30721,38.53924],[-121.30721,38.53924],[-121.30713,38.53921],[-121.3071,38.5392],[-121.3071,38.5392],[-121.3071,38.5392],[-121.30708,38.53919],[-121.3061,38.53899],[-121.30609,38.53899],[-121.30609,38.53899],[-121.30609,38.53899],[-121.30441,38.53866],[-121.30261,38.5383],[-121.30851,38.53938]]],[[[-121.31615,38.53892],[-121.31614,38.53893],[-121.31601,38.53902],[-121.31601,38.53902],[-121.31601,38.53902],[-121.3146,38.53983],[-121.3145,38.53989],[-121.31432,38.53999],[-121.31432,38.53999],[-121.31432,38.53999],[-121.31414,38.54007],[-121.31414,38.54007],[-121.31414,38.54007],[-121.31414,38.54007],[-121.31414,38.54007],[-121.31414,38.54007],[-121.31414,38.54007],[-121.31402,38.54012],[-121.31402,38.54012],[-121.31402,38.54012],[-121.31389,38.54016],[-121.31389,38.54016],[-121.31389,38.54016],[-121.31369,38.5402],[-121.31369,38.5402],[-121.31369,38.5402],[-121.31369,38.5402],[-121.31369,38.5402],[-121.31369,38.5402],[-121.31355,38.54022],[-121.31355,38.54022],[-121.31355,38.54022],[-121.31335,38.54023],[-121.31335,38.54023],[-121.31335,38.54023],[-121.31327,38.54023],[-121.31321,38.54023],[-121.31321,38.54022],[-121.31321,38.54022],[-121.31312,38.54022],[-121.31312,38.54022],[-121.31307,38.54021],[-121.31307,38.54021],[-121.31307,38.54021],[-121.31299,38.5402],[-121.31296,38.54019],[-121.31615,38.53892]]],[[[-121.31796,38.53868],[-121.33474,38.54384],[-121.32737,38.54259],[-121.32415,38.54204],[-121.32415,38.54204],[-121.32414,38.54204],[-121.32408,38.54203],[-121.32391,38.54199],[-121.32391,38.54199],[-121.32391,38.54199],[-121.32347,38.54193],[-121.32279,38.54184],[-121.32184,38.54168],[-121.32279,38.54184],[-121.32161,38.54168],[-121.32106,38.5416],[-121.32105,38.5416],[-121.32103,38.5416],[-121.32103,38.5416],[-121.3209,38.54144],[-121.3209,38.54144],[-121.3209,38.54144],[-121.31943,38.53985],[-121.31893,38.53932],[-121.31893,38.53932],[-121.31872,38.53909],[-121.31872,38.53909],[-121.31862,38.53901],[-121.31862,38.53901],[-121.31862,38.539],[-121.31854,38.53895],[-121.31851,38.53893],[-121.31851,38.53893],[-121.31842,38.53888],[-121.31834,38.53883],[-121.31834,38.53883],[-121.31834,38.53883],[-121.31829,38.53881],[-121.31815,38.53874],[-121.31815,38.53874],[-121.31796,38.53868]]],[[[-121.33495,38.54379],[-121.33496,38.54386],[-121.33496,38.54386],[-121.33496,38.54386],[-121.33495,38.54386],[-121.33486,38.54385],[-121.33479,38.54384],[-121.33495,38.54379]]]]}},{"type":"Feature","properties":{"county_fips":67,"srprec":"0061020","precinct_id":"067-0061020","county_name":"Sacramento","area_sq_mi":0.124,"place_primary":"Rancho Cordova","place_primary_share":100.0,"place_also":[],"places":[{"name":"Rancho Cordova","geoid":"0659444","kind":"city","pct":100.0}],"bbox":[-121.2705,38.60914,-121.26456,38.61859],"g22_asm":{"dem_pct":52.2,"margin_dem":4.3,"votes_two_party":368,"winner":"Dem"},"g24_asm":{"dem_pct":45.4,"margin_dem":-9.1,"votes_two_party":416,"winner":"Rep"}},"geometry":{"type":"Polygon","coordinates":[[[-121.26815,38.61837],[-121.26639,38.61859],[-121.26583,38.61636],[-121.26525,38.61406],[-121.26459,38.61145],[-121.26456,38.61135],[-121.26491,38.61122],[-121.26788,38.61012],[-121.27049,38.60914],[-121.27045,38.60929],[-121.27049,38.60927],[-121.2705,38.60986],[-121.27049,38.61013],[-121.27044,38.61081],[-121.27042,38.61104],[-121.27039,38.61125],[-121.27032,38.61156],[-121.27027,38.61172],[-121.26989,38.61292],[-121.26907,38.61549],[-121.26815,38.61837]]]},"geometry_g24":{"type":"MultiPolygon","coordinates":[[[[-121.27045,38.60929],[-121.27045,38.60929],[-121.27045,38.60929],[-121.27045,38.60929],[-121.27049,38.60927],[-121.27049,38.60927],[-121.27049,38.60927],[-121.27049,38.60927],[-121.27049,38.60961],[-121.2705,38.60979],[-121.2705,38.60985],[-121.2705,38.60986],[-121.2705,38.60989],[-121.27049,38.61003],[-121.27049,38.61013],[-121.27049,38.61013],[-121.27048,38.61023],[-121.27044,38.61081],[-121.27043,38.61097],[-121.27042,38.61104],[-121.27042,38.61104],[-121.2704,38.61117],[-121.27039,38.61122],[-121.27039,38.61125],[-121.27039,38.61125],[-121.27037,38.61132],[-121.27032,38.61156],[-121.27032,38.61156],[-121.27028,38.61168],[-121.27027,38.61172],[-121.27027,38.61173],[-121.27025,38.61178],[-121.26989,38.61292],[-121.26907,38.61549],[-121.26815,38.61835],[-121.26815,38.61837],[-121.26815,38.61837],[-121.26815,38.61837],[-121.26639,38.61859],[-121.26639,38.61859],[-121.26639,38.61859],[-121.26639,38.61859],[-121.26583,38.61636],[-121.26525,38.61406],[-121.26459,38.61145],[-121.26459,38.61145],[-121.26458,38.61143],[-121.26456,38.61135],[-121.26491,38.61123],[-121.26788,38.61012],[-121.27048,38.60914],[-121.27049,38.60914],[-121.27049,38.60914],[-121.27049,38.60914],[-121.27048,38.60915],[-121.27045,38.60929]]],[[[-121.26456,38.61135],[-121.26458,38.61143],[-121.26456,38.61135],[-121.26456,38.61135],[-121.26456,38.61135]]]]}},{"type":"Feature","properties":{"county_fips":67,"srprec":"0061124","precinct_id":"067-0061124","county_name":"Sacramento","area_sq_mi":0.863,"place_primary":"Gold River","place_primary_share":99.8,"place_also":[],"places":[{"name":"Gold River","geoid":"0630345","kind":"cdp","pct":99.8},{"name":"Fair Oaks","geoid":"0623294","kind":"cdp","pct":0.2}],"bbox":[-121.26909,38.62286,-121.23887,38.63849],"g22_asm":{"dem_pct":51.9,"margin_dem":3.8,"votes_two_party":1071,"winner":"Dem"},"g24_asm":{"dem_pct":47.9,"margin_dem":-4.1,"votes_two_party":1462,"winner":"Rep"}},"geometry":{"type":"Polygon","coordinates":[[[-121.25333,38.63038],[-121.25424,38.62866],[-121.255,38.62824],[-121.25714,38.62833],[-121.25813,38.62782],[-121.26079,38.62665],[-121.2607,38.62626],[-121.26182,38.62566],[-121.26234,38.62529],[-121.2631,38.62461],[-121.26363,38.62395],[-121.26384,38.62363],[-121.26411,38.62333],[-121.26451,38.62309],[-121.26498,38.62295],[-121.26548,38.62292],[-121.2665,38.62309],[-121.26596,38.62547],[-121.26584,38.62629],[-121.26586,38.62694],[-121.26602,38.62775],[-121.26653,38.62901],[-121.26701,38.62998],[-121.26847,38.63252],[-121.26887,38.63319],[-121.26909,38.63358],[-121.2682,38.63418],[-121.2669,38.63537],[-121.26524,38.63633],[-121.2621,38.63768],[-121.25841,38.63825],[-121.25674,38.63847],[-121.25584,38.6384],[-121.24742,38.63428],[-121.24757,38.63259],[-121.24778,38.63267],[-121.24742,38.62877],[-121.25098,38.62713],[-121.25238,38.63014],[-121.25267,38.63062],[-121.25333,38.63038]]]},"geometry_g24":{"type":"Polygon","coordinates":[[[-121.24415,38.62307],[-121.24793,38.62406],[-121.2494,38.62487],[-121.25035,38.62587],[-121.25098,38.62713],[-121.25267,38.63062],[-121.25392,38.63174],[-121.2551,38.63227],[-121.2565,38.63253],[-121.25827,38.63239],[-121.25987,38.63176],[-121.26101,38.6308],[-121.26203,38.62955],[-121.26334,38.62871],[-121.2655,38.62808],[-121.26684,38.62966],[-121.26898,38.63339],[-121.26789,38.6345],[-121.26376,38.63695],[-121.25752,38.63833],[-121.25484,38.63798],[-121.24148,38.63291],[-121.23919,38.63192],[-121.23948,38.62914],[-121.24131,38.62816],[-121.24082,38.6274],[-121.24069,38.6269],[-121.24062,38.62614],[-121.24033,38.62545],[-121.24006,38.62506],[-121.23905,38.62375],[-121.24041,38.62315],[-121.24212,38.62286],[-121.24379,38.62299],[-121.24415,38.62307]]]}},{"type":"Feature","properties":{"county_fips":67,"srprec":"0061137","precinct_id":"067-0061137","county_name":"Sacramento","area_sq_mi":0.671,"place_primary":"Gold River","place_primary_share":100.0,"place_also":[],"places":[{"name":"Gold River","geoid":"0630345","kind":"cdp","pct":100.0}],"bbox":[-121.26815,38.61837,-121.23881,38.63483],"g22_asm":{"dem_pct":52.9,"margin_dem":5.9,"votes_two_party":1264,"winner":"Dem"},"g24_asm":null},"geometry":{"type":"Polygon","coordinates":[[[-121.25741,38.6282],[-121.25457,38.62821],[-121.25255,38.63045],[-121.24845,38.6283],[-121.24802,38.63276],[-121.24735,38.63483],[-121.2392,38.63213],[-121.23882,38.62928],[-121.24132,38.62817],[-121.24076,38.62723],[-121.24056,38.62594],[-121.24006,38.62506],[-121.23929,38.62362],[-121.24069,38.62308],[-121.24241,38.62286],[-121.24416,38.62307],[-121.24793,38.62406],[-121.2494,38.62487],[-121.25131,38.62461],[-121.25237,38.62388],[-121.25348,38.62291],[-121.25465,38.62245],[-121.25622,38.62232],[-121.2582,38.62224],[-121.25943,38.62172],[-121.26325,38.61933],[-121.26508,38.61878],[-121.26675,38.6229],[-121.2653,38.62292],[-121.26438,38.62315],[-121.26379,38.62372],[-121.26287,38.62484],[-121.26152,38.62583],[-121.25916,38.62761],[-121.25741,38.6282]]]}},{"type":"Feature","properties":{"county_fips":67,"srprec":"0061198","precinct_id":"067-0061198","county_name":"Sacramento","area_sq_mi":0.775,"place_primary":"Gold River","place_primary_share":96.1,"place_also":[],"places":[{"name":"Gold River","geoid":"0630345","kind":"cdp","pct":96.1},{"name":"Rancho Cordova","geoid":"0659444","kind":"city","pct":3.7}],"bbox":[-121.24652,38.61796,-121.21699,38.63606],"g22_asm":{"dem_pct":53.6,"margin_dem":7.1,"votes_two_party":1068,"winner":"Dem"},"g24_asm":{"dem_pct":49.4,"margin_dem":-1.3,"votes_two_party":1238,"winner":"Rep"}},"geometry":{"type":"Polygon","coordinates":[[[-121.23419,38.62256],[-121.24652,38.61816],[-121.24491,38.62031],[-121.24495,38.62085],[-121.24488,38.62128],[-121.24386,38.623],[-121.243,38.62288],[-121.24212,38.62286],[-121.24125,38.62296],[-121.24041,38.62315],[-121.2397,38.62342],[-121.23905,38.62375],[-121.2396,38.62459],[-121.24011,38.62513],[-121.24036,38.6255],[-121.24062,38.62614],[-121.24069,38.62686],[-121.24082,38.62739],[-121.24116,38.62796],[-121.24091,38.62829],[-121.2393,38.62919],[-121.23881,38.62929],[-121.23919,38.63192],[-121.23925,38.63254],[-121.23455,38.63242],[-121.22964,38.63428],[-121.22488,38.63592],[-121.22465,38.63559],[-121.22424,38.63513],[-121.22354,38.63455],[-121.22284,38.63415],[-121.22191,38.63378],[-121.22075,38.63344],[-121.2202,38.63331],[-121.21964,38.63311],[-121.2192,38.63288],[-121.21845,38.6324],[-121.21798,38.63199],[-121.21713,38.63094],[-121.22252,38.62781],[-121.22808,38.62489],[-121.23151,38.62357],[-121.23419,38.62256]]]},"geometry_g24":{"type":"Polygon","coordinates":[[[-121.24638,38.61796],[-121.24421,38.62023],[-121.24495,38.62099],[-121.2439,38.62301],[-121.24271,38.62286],[-121.24125,38.62296],[-121.2397,38.62342],[-121.23886,38.62387],[-121.24011,38.62513],[-121.24036,38.6255],[-121.24065,38.62629],[-121.24069,38.6269],[-121.24082,38.62739],[-121.24131,38.62816],[-121.23948,38.62914],[-121.23919,38.63192],[-121.2386,38.63243],[-121.23229,38.63338],[-121.22497,38.63606],[-121.22474,38.63572],[-121.22424,38.63513],[-121.22354,38.63455],[-121.22284,38.63415],[-121.22194,38.63379],[-121.22126,38.63357],[-121.22037,38.63335],[-121.21978,38.63317],[-121.21953,38.63306],[-121.21866,38.63254],[-121.21816,38.63216],[-121.21717,38.63098],[-121.217,38.63077],[-121.22743,38.62521],[-121.23437,38.6225],[-121.24638,38.61796]],[[-121.22491,38.63076],[-121.22491,38.63075],[-121.22491,38.63076]]]}},{"type":"Feature","properties":{"county_fips":67,"srprec":"0061207","precinct_id":"067-0061207","county_name":"Sacramento","area_sq_mi":0.539,"place_primary":"Gold River","place_primary_share":100.0,"place_also":[],"places":[{"name":"Gold River","geoid":"0630345","kind":"cdp","pct":100.0}],"bbox":[-121.26815,38.61837,-121.24991,38.63254],"g22_asm":null,"g24_asm":{"dem_pct":49.4,"margin_dem":-1.2,"votes_two_party":1164,"winner":"Rep"}},"geometry":{"type":"Polygon","coordinates":[[[-121.25943,38.62172],[-121.26263,38.61964],[-121.26403,38.61904],[-121.26544,38.61872],[-121.26675,38.6229],[-121.26596,38.62547],[-121.26583,38.62648],[-121.26602,38.62775],[-121.2643,38.62837],[-121.26355,38.62862],[-121.26253,38.62915],[-121.26181,38.62976],[-121.26083,38.631],[-121.26006,38.63165],[-121.25884,38.63223],[-121.25769,38.6325],[-121.25617,38.6325],[-121.25518,38.6323],[-121.25456,38.63207],[-121.25341,38.63139],[-121.25267,38.63062],[-121.25238,38.63014],[-121.25058,38.62626],[-121.25001,38.62544],[-121.25109,38.6247],[-121.25191,38.62428],[-121.25252,38.62369],[-121.25301,38.62322],[-121.25383,38.62273],[-121.25485,38.62241],[-121.2556,38.62232],[-121.25731,38.62236],[-121.25797,38.62229],[-121.25872,38.62208],[-121.25913,38.6219],[-121.25943,38.62172]],[[-121.25319,38.63025],[-121.25319,38.63025],[-121.25319,38.63025]],[[-121.25351,38.63],[-121.25351,38.63],[-121.25351,38.63]],[[-121.25405,38.62923],[-121.25405,38.62923],[-121.25405,38.62923],[-121.25405,38.62923]],[[-121.25427,38.62894],[-121.25427,38.62894],[-121.25427,38.62894]],[[-121.25432,38.6289],[-121.25432,38.6289],[-121.25432,38.6289]],[[-121.25434,38.62881],[-121.25434,38.62881],[-121.25434,38.62881]],[[-121.25434,38.62887],[-121.25434,38.62887],[-121.25434,38.62887]],[[-121.25434,38.62883],[-121.25434,38.62883],[-121.25434,38.62883]],[[-121.25434,38.62885],[-121.25434,38.62885],[-121.25434,38.62885]],[[-121.25439,38.62858],[-121.25439,38.62858],[-121.25439,38.62858]],[[-121.25495,38.62828],[-121.25495,38.62828],[-121.25495,38.62828]],[[-121.25497,38.62829],[-121.25497,38.62829],[-121.25497,38.62829]],[[-121.25503,38.62829],[-121.25503,38.62829],[-121.25503,38.62829]],[[-121.25506,38.62829],[-121.25506,38.62829],[-121.25506,38.62829]],[[-121.25508,38.62828],[-121.25508,38.62828],[-121.25508,38.62828]],[[-121.2551,38.62828],[-121.2551,38.62828],[-121.2551,38.62828]],[[-121.25512,38.62826],[-121.25512,38.62826],[-121.25512,38.62826],[-121.25512,38.62826]],[[-121.2563,38.62844],[-121.2563,38.62844],[-121.2563,38.62844]],[[-121.26345,38.6242],[-121.26345,38.6242],[-121.26345,38.6242],[-121.26344,38.62421],[-121.26345,38.6242]]]}},{"type":"Feature","properties":{"county_fips":67,"srprec":"0061263","precinct_id":"067-0061263","county_name":"Sacramento","area_sq_mi":0.593,"place_primary":"Gold River","place_primary_share":97.2,"place_also":[],"places":[{"name":"Gold River","geoid":"0630345","kind":"cdp","pct":97.2},{"name":"Rancho Cordova","geoid":"0659444","kind":"city","pct":2.8}],"bbox":[-121.26639,38.61114,-121.24416,38.62533],"g22_asm":{"dem_pct":55.9,"margin_dem":11.8,"votes_two_party":1086,"winner":"Dem"},"g24_asm":{"dem_pct":50.6,"margin_dem":1.3,"votes_two_party":1315,"winner":"Dem"}},"geometry":{"type":"Polygon","coordinates":[[[-121.24488,38.62128],[-121.24495,38.62099],[-121.24494,38.62077],[-121.24491,38.62031],[-121.24424,38.61902],[-121.24638,38.61796],[-121.26312,38.61166],[-121.26451,38.61114],[-121.26459,38.61145],[-121.26583,38.61636],[-121.2659,38.61866],[-121.26508,38.61878],[-121.26437,38.61894],[-121.26381,38.61911],[-121.26325,38.61933],[-121.26263,38.61964],[-121.26219,38.61991],[-121.25943,38.62172],[-121.25913,38.6219],[-121.25872,38.62208],[-121.2582,38.62224],[-121.25779,38.62232],[-121.25731,38.62236],[-121.25622,38.62232],[-121.2556,38.62232],[-121.25505,38.62237],[-121.25465,38.62245],[-121.25426,38.62256],[-121.25383,38.62273],[-121.25348,38.62291],[-121.25301,38.62322],[-121.25269,38.62351],[-121.25237,38.62388],[-121.2521,38.62413],[-121.25175,38.62438],[-121.25131,38.62461],[-121.25088,38.6248],[-121.24977,38.62519],[-121.2494,38.62487],[-121.24899,38.62458],[-121.2485,38.6243],[-121.24793,38.62406],[-121.24743,38.6239],[-121.2457,38.62346],[-121.24416,38.62307],[-121.24488,38.62128]]]},"geometry_g24":{"type":"Polygon","coordinates":[[[-121.26454,38.61126],[-121.26525,38.61406],[-121.26632,38.6186],[-121.26472,38.61885],[-121.26381,38.61911],[-121.26294,38.61948],[-121.26219,38.61991],[-121.25943,38.62172],[-121.25913,38.6219],[-121.25874,38.62207],[-121.2585,38.62216],[-121.2578,38.62232],[-121.25706,38.62236],[-121.25587,38.62231],[-121.25505,38.62237],[-121.25465,38.62245],[-121.25408,38.62263],[-121.25348,38.62291],[-121.25287,38.62334],[-121.25268,38.62353],[-121.25224,38.62401],[-121.25191,38.62428],[-121.25131,38.62461],[-121.24992,38.62533],[-121.24959,38.62502],[-121.24899,38.62458],[-121.24818,38.62416],[-121.24743,38.6239],[-121.24417,38.62307],[-121.24488,38.62128],[-121.24495,38.62085],[-121.24491,38.62033],[-121.24421,38.62023],[-121.24652,38.61816],[-121.24638,38.61796],[-121.26451,38.61114],[-121.26454,38.61126]],[[-121.24861,38.61913],[-121.24862,38.61913],[-121.24861,38.61913]]]}},{"type":"Feature","properties":{"county_fips":67,"srprec":"0061312","precinct_id":"067-0061312","county_name":"Sacramento","area_sq_mi":3.356,"place_primary":"Rancho Cordova","place_primary_share":99.8,"place_also":[],"places":[{"name":"Rancho Cordova","geoid":"0659444","kind":"city","pct":99.8}],"bbox":[-121.27049,38.58992,-121.20987,38.63076],"g22_asm":{"dem_pct":38.5,"margin_dem":-23.1,"votes_two_party":13,"winner":"Rep"},"g24_asm":{"dem_pct":48.5,"margin_dem":-3.0,"votes_two_party":33,"winner":"Rep"}},"geometry":{"type":"Polygon","coordinates":[[[-121.23853,38.6206],[-121.24437,38.61838],[-121.24558,38.61788],[-121.24677,38.61734],[-121.24736,38.61706],[-121.24851,38.61648],[-121.24963,38.61587],[-121.25284,38.61397],[-121.25361,38.61352],[-121.25461,38.61297],[-121.25512,38.6127],[-121.25914,38.61074],[-121.26221,38.60923],[-121.26436,38.60816],[-121.26567,38.60751],[-121.26757,38.60655],[-121.26886,38.60593],[-121.26969,38.60611],[-121.27009,38.60669],[-121.27025,38.60702],[-121.27036,38.60738],[-121.27045,38.6082],[-121.27048,38.60875],[-121.27049,38.60914],[-121.26491,38.61122],[-121.26451,38.61114],[-121.26312,38.61166],[-121.24638,38.61796],[-121.23419,38.62256],[-121.23014,38.62408],[-121.22808,38.62489],[-121.22302,38.62754],[-121.21751,38.63048],[-121.2169,38.63065],[-121.21628,38.62986],[-121.21579,38.62921],[-121.21657,38.62892],[-121.22546,38.62555],[-121.22625,38.62525],[-121.22997,38.62384],[-121.23853,38.6206]]]},"geometry_g24":{"type":"Polygon","coordinates":[[[-121.25656,38.59061],[-121.26554,38.59419],[-121.26593,38.60051],[-121.26677,38.60237],[-121.26937,38.60568],[-121.27025,38.60702],[-121.27048,38.60887],[-121.26454,38.61126],[-121.24608,38.61808],[-121.22931,38.62439],[-121.21699,38.63076],[-121.21579,38.62921],[-121.21275,38.62492],[-121.21214,38.62406],[-121.21086,38.62224],[-121.21005,38.62095],[-121.21183,38.61991],[-121.21292,38.62085],[-121.21429,38.62265],[-121.21678,38.62217],[-121.21738,38.62069],[-121.22175,38.62118],[-121.22899,38.62079],[-121.23338,38.62093],[-121.23372,38.61959],[-121.23433,38.61048],[-121.23599,38.60441],[-121.23415,38.60295],[-121.2342,38.60017],[-121.24248,38.59686],[-121.24368,38.59241],[-121.24487,38.59218],[-121.24712,38.59186],[-121.25656,38.59061]],[[-121.21756,38.62418],[-121.21756,38.62418],[-121.21756,38.62418],[-121.21756,38.62418]],[[-121.2236,38.62343],[-121.2236,38.62343],[-121.2236,38.62343]],[[-121.22437,38.62323],[-121.22437,38.62323],[-121.22437,38.62323]],[[-121.22873,38.62202],[-121.22873,38.62202],[-121.22873,38.62202],[-121.22873,38.62202]],[[-121.22993,38.62386],[-121.22993,38.62386],[-121.22993,38.62386],[-121.22993,38.62386],[-121.22993,38.62386],[-121.22993,38.62386],[-121.22993,38.62386]],[[-121.23135,38.62332],[-121.23135,38.62332],[-121.23135,38.62332],[-121.23135,38.62332],[-121.23135,38.62332],[-121.23135,38.62332],[-121.23135,38.62332]],[[-121.2645,38.61108],[-121.2645,38.61109],[-121.2645,38.61108]],[[-121.26495,38.60787],[-121.26495,38.60787],[-121.26495,38.60787],[-121.26495,38.60787],[-121.26495,38.60787],[-121.26495,38.60787]]]}},{"type":"Feature","properties":{"county_fips":67,"srprec":"0061597","precinct_id":"067-0061597","county_name":"Sacramento","area_sq_mi":8.377,"place_primary":"Unincorporated Sacramento County","place_primary_share":null,"place_also":[],"places":[],"bbox":[-121.21713,38.59288,-121.15033,38.64283],"g22_asm":{"dem_pct":58.1,"margin_dem":16.1,"votes_two_party":124,"winner":"Dem"},"g24_asm":{"dem_pct":60.8,"margin_dem":21.5,"votes_two_party":181,"winner":"Dem"}},"geometry":{"type":"MultiPolygon","coordinates":[[[[-121.1515,38.61447],[-121.16708,38.60849],[-121.17577,38.60431],[-121.17789,38.59445],[-121.18719,38.58271],[-121.20082,38.57845],[-121.20873,38.59306],[-121.21354,38.59288],[-121.21268,38.59557],[-121.21005,38.59648],[-121.20521,38.59745],[-121.20439,38.59942],[-121.20509,38.60177],[-121.20289,38.60373],[-121.20139,38.60529],[-121.19601,38.60939],[-121.19577,38.61023],[-121.20173,38.61015],[-121.20515,38.61374],[-121.20579,38.61402],[-121.20921,38.616],[-121.21137,38.61765],[-121.21027,38.61767],[-121.21002,38.6209],[-121.21184,38.62364],[-121.21377,38.62973],[-121.20259,38.63398],[-121.20057,38.63524],[-121.19804,38.63807],[-121.19688,38.63993],[-121.17509,38.6427],[-121.15646,38.64215],[-121.15461,38.63701],[-121.15248,38.63544],[-121.15039,38.63293],[-121.1515,38.61447]]],[[[-121.21591,38.62939],[-121.21642,38.63003],[-121.21699,38.63076],[-121.21717,38.63098],[-121.21798,38.63199],[-121.21825,38.63224],[-121.21866,38.63254],[-121.2192,38.63288],[-121.21953,38.63306],[-121.21976,38.63316],[-121.2202,38.63331],[-121.2205,38.63338],[-121.22126,38.63357],[-121.22191,38.63378],[-121.22251,38.634],[-121.22308,38.63428],[-121.22354,38.63455],[-121.22402,38.63492],[-121.22443,38.63532],[-121.22465,38.63559],[-121.22485,38.63587],[-121.22497,38.63606],[-121.22473,38.63611],[-121.22032,38.63688],[-121.21919,38.63703],[-121.21833,38.63716],[-121.21564,38.63792],[-121.20779,38.64013],[-121.20736,38.63995],[-121.20755,38.6399],[-121.20783,38.63848],[-121.20804,38.63757],[-121.20839,38.63709],[-121.20857,38.63676],[-121.20835,38.6364],[-121.20842,38.63553],[-121.21004,38.63438],[-121.2097,38.63335],[-121.20945,38.63307],[-121.21286,38.63031],[-121.21579,38.62921],[-121.21591,38.62939]]]]},"geometry_g24":{"type":"Polygon","coordinates":[[[-121.1515,38.61447],[-121.16742,38.60824],[-121.17435,38.60007],[-121.18182,38.59559],[-121.19072,38.59413],[-121.20873,38.59306],[-121.21239,38.59293],[-121.21318,38.59427],[-121.21202,38.59622],[-121.20655,38.59719],[-121.20439,38.59942],[-121.20491,38.60173],[-121.20327,38.6037],[-121.20252,38.60386],[-121.20131,38.60539],[-121.19794,38.60769],[-121.19533,38.60974],[-121.19583,38.61025],[-121.20173,38.61015],[-121.20451,38.61377],[-121.20557,38.61386],[-121.20679,38.61517],[-121.21181,38.61756],[-121.21088,38.6176],[-121.20993,38.61748],[-121.21032,38.62138],[-121.21571,38.6291],[-121.21357,38.6328],[-121.20233,38.63437],[-121.19675,38.64004],[-121.15614,38.64094],[-121.15194,38.63511],[-121.15149,38.61446],[-121.1515,38.61447]],[[-121.17537,38.59805],[-121.17537,38.59805],[-121.17537,38.59805],[-121.17537,38.59805]],[[-121.17873,38.60304],[-121.17873,38.60304],[-121.17873,38.60304],[-121.17873,38.60304]],[[-121.20828,38.61807],[-121.20828,38.61807],[-121.20882,38.61896],[-121.20828,38.61807]]]}},{"type":"Feature","properties":{"county_fips":67,"srprec":"0061782","precinct_id":"067-0061782","county_name":"Sacramento","area_sq_mi":5.688,"place_primary":"Rancho Cordova","place_primary_share":100.0,"place_also":[],"places":[{"name":"Rancho Cordova","geoid":"0659444","kind":"city","pct":100.0}],"bbox":[-121.26537,38.55928,-121.20723,38.59288],"g22_asm":{"dem_pct":50.0,"margin_dem":0.0,"votes_two_party":4,"winner":"Tie"},"g24_asm":{"dem_pct":59.8,"margin_dem":19.5,"votes_two_party":87,"winner":"Dem"}},"geometry":{"type":"MultiPolygon","coordinates":[[[[-121.2452,38.59193],[-121.24412,38.59188],[-121.24294,38.59192],[-121.23765,38.59228],[-121.23227,38.59234],[-121.22697,38.59244],[-121.22263,38.59258],[-121.22128,38.59256],[-121.21772,38.59272],[-121.21564,38.5928],[-121.21447,38.59285],[-121.21399,38.59023],[-121.21387,38.58977],[-121.21307,38.58892],[-121.21276,38.58849],[-121.21275,38.58509],[-121.21278,38.57821],[-121.21264,38.57763],[-121.20747,38.57131],[-121.20724,38.57076],[-121.20723,38.56897],[-121.20732,38.5593],[-121.21485,38.55928],[-121.21966,38.55928],[-121.23008,38.55932],[-121.23718,38.55938],[-121.24367,38.55991],[-121.24437,38.56081],[-121.25174,38.5682],[-121.26009,38.57649],[-121.26247,38.57892],[-121.26321,38.57989],[-121.26407,38.58134],[-121.26469,38.58285],[-121.26508,38.58449],[-121.2652,38.58566],[-121.26226,38.58993],[-121.25959,38.59022],[-121.24712,38.59186],[-121.2452,38.59193]]],[[[-121.21231,38.6243],[-121.21172,38.62347],[-121.21086,38.62224],[-121.21002,38.6209],[-121.21183,38.61991],[-121.21291,38.62085],[-121.21429,38.62265],[-121.21588,38.62234],[-121.21678,38.62217],[-121.21738,38.62069],[-121.22175,38.62118],[-121.22475,38.62059],[-121.22976,38.62083],[-121.23142,38.6209],[-121.23338,38.62093],[-121.23424,38.62061],[-121.23543,38.62002],[-121.2392,38.61823],[-121.24317,38.61728],[-121.24444,38.61689],[-121.24536,38.6166],[-121.24495,38.61721],[-121.24185,38.61808],[-121.23859,38.619],[-121.23441,38.62108],[-121.23265,38.62167],[-121.23168,38.62173],[-121.23094,38.62256],[-121.22997,38.62384],[-121.22856,38.62418],[-121.22718,38.62249],[-121.227,38.6224],[-121.22329,38.62287],[-121.22189,38.62335],[-121.21707,38.62479],[-121.21231,38.6243]]]]},"geometry_g24":{"type":"Polygon","coordinates":[[[-121.25191,38.5684],[-121.26204,38.57844],[-121.26321,38.57989],[-121.26421,38.58164],[-121.26493,38.58373],[-121.26518,38.5853],[-121.26466,38.58995],[-121.25656,38.59061],[-121.24712,38.59186],[-121.24487,38.59191],[-121.24375,38.59188],[-121.23867,38.59222],[-121.23523,38.59232],[-121.23245,38.59234],[-121.22783,38.59242],[-121.22403,38.59255],[-121.22176,38.59256],[-121.21926,38.59265],[-121.21686,38.59275],[-121.216,38.59279],[-121.21472,38.59283],[-121.21398,38.59032],[-121.21387,38.58977],[-121.21299,38.58885],[-121.21271,38.58825],[-121.21284,38.57869],[-121.21271,38.57779],[-121.20747,38.57131],[-121.20723,38.57065],[-121.20732,38.5623],[-121.21485,38.55928],[-121.22423,38.55928],[-121.24342,38.55943],[-121.24402,38.56042],[-121.25174,38.5682],[-121.25191,38.5684]],[[-121.25191,38.5684],[-121.25191,38.56839],[-121.25191,38.5684],[-121.25191,38.5684],[-121.25191,38.56842],[-121.25191,38.5684]],[[-121.25191,38.56839],[-121.25191,38.56839],[-121.25191,38.56839]],[[-121.25197,38.56867],[-121.25197,38.56867],[-121.25197,38.56867],[-121.25239,38.57079],[-121.25197,38.56867]],[[-121.25197,38.56867],[-121.25197,38.56867],[-121.25197,38.56867]],[[-121.25398,38.5791],[-121.25399,38.57918],[-121.25398,38.5791]],[[-121.25401,38.57926],[-121.25414,38.58004],[-121.25401,38.57926]],[[-121.25435,38.58126],[-121.25426,38.58071],[-121.25435,38.58126],[-121.25435,38.58126]],[[-121.25575,38.59063],[-121.25575,38.59063],[-121.25575,38.59063]]]}},{"type":"Feature","properties":{"county_fips":67,"srprec":"0061908","precinct_id":"067-0061908","county_name":"Sacramento","area_sq_mi":0.946,"place_primary":"Rancho Cordova","place_primary_share":99.9,"place_also":[],"places":[{"name":"Rancho Cordova","geoid":"0659444","kind":"city","pct":99.9}],"bbox":[-121.21399,38.56999,-121.18728,38.59328],"g22_asm":{"dem_pct":56.4,"margin_dem":12.8,"votes_two_party":716,"winner":"Dem"},"g24_asm":null},"geometry":{"type":"Polygon","coordinates":[[[-121.18728,38.56934],[-121.19568,38.56929],[-121.19605,38.5689],[-121.19749,38.56688],[-121.19988,38.5635],[-121.20209,38.56038],[-121.20306,38.55927],[-121.20568,38.55929],[-121.20732,38.5593],[-121.20733,38.56315],[-121.20724,38.56999],[-121.20727,38.57092],[-121.20747,38.57131],[-121.21255,38.57749],[-121.21276,38.57794],[-121.21284,38.57869],[-121.21275,38.58509],[-121.21273,38.5884],[-121.21292,38.58877],[-121.21316,38.58899],[-121.21387,38.58977],[-121.21398,38.59009],[-121.21354,38.59288],[-121.21196,38.59296],[-121.21003,38.59305],[-121.20873,38.59306],[-121.20491,38.59324],[-121.2041,38.58257],[-121.20082,38.57845],[-121.19571,38.58265],[-121.18761,38.5827],[-121.18719,38.58271],[-121.18693,38.58273],[-121.18625,38.58273],[-121.18731,38.57367],[-121.18728,38.56934]]]},"geometry_g24":{"type":"Polygon","coordinates":[[[-121.20676,38.57045],[-121.20759,38.57145],[-121.21273,38.5884],[-121.21398,38.59032],[-121.21136,38.59299],[-121.20853,38.59308],[-121.20249,38.58257],[-121.19327,38.58268],[-121.18741,38.58271],[-121.18871,38.58221],[-121.18914,38.58123],[-121.1899,38.5806],[-121.19038,38.58006],[-121.1909,38.5793],[-121.19003,38.57845],[-121.19026,38.57784],[-121.19168,38.57767],[-121.19389,38.57673],[-121.19499,38.57685],[-121.19592,38.57724],[-121.19666,38.57716],[-121.19745,38.57711],[-121.19768,38.57654],[-121.19881,38.57663],[-121.19937,38.5761],[-121.2002,38.57611],[-121.20226,38.57545],[-121.2024,38.57458],[-121.20276,38.57386],[-121.20342,38.57316],[-121.20478,38.5721],[-121.20545,38.57119],[-121.20648,38.57065],[-121.20676,38.57045]]]}},{"type":"Feature","properties":{"county_fips":67,"srprec":"0061950","precinct_id":"067-0061950","county_name":"Sacramento","area_sq_mi":0.821,"place_primary":"Rancho Cordova","place_primary_share":100.0,"place_also":[],"places":[{"name":"Rancho Cordova","geoid":"0659444","kind":"city","pct":100.0}],"bbox":[-121.20734,38.55927,-121.18625,38.58274],"g22_asm":null,"g24_asm":{"dem_pct":46.7,"margin_dem":-6.5,"votes_two_party":978,"winner":"Rep"}},"geometry":{"type":"Polygon","coordinates":[[[-121.18728,38.56934],[-121.19988,38.5635],[-121.20613,38.55929],[-121.20693,38.57029],[-121.20584,38.57091],[-121.20531,38.57128],[-121.20454,38.57229],[-121.20342,38.57316],[-121.20276,38.57386],[-121.20246,38.57446],[-121.20217,38.57523],[-121.20188,38.57559],[-121.19984,38.57617],[-121.1993,38.57628],[-121.19837,38.57675],[-121.19766,38.57655],[-121.19754,38.57704],[-121.19672,38.57715],[-121.19599,38.57728],[-121.19543,38.57676],[-121.1947,38.57674],[-121.19346,38.57676],[-121.19168,38.57767],[-121.19041,38.57784],[-121.18988,38.57822],[-121.19069,38.57887],[-121.19078,38.57972],[-121.19034,38.5803],[-121.18978,38.58075],[-121.18917,38.5812],[-121.18883,38.58205],[-121.18778,38.58266],[-121.18702,38.58271],[-121.18732,38.57367],[-121.18728,38.56934]]]}},{"type":"Feature","properties":{"county_fips":67,"srprec":"0061983","precinct_id":"067-0061983","county_name":"Sacramento","area_sq_mi":2.087,"place_primary":"Rancho Cordova","place_primary_share":100.0,"place_also":[],"places":[{"name":"Rancho Cordova","geoid":"0659444","kind":"city","pct":100.0}],"bbox":[-121.24274,38.50462,-121.18728,38.56933],"g22_asm":{"dem_pct":58.2,"margin_dem":16.4,"votes_two_party":775,"winner":"Dem"},"g24_asm":null},"geometry":{"type":"Polygon","coordinates":[[[-121.18731,38.5362],[-121.20456,38.52345],[-121.20569,38.52442],[-121.20648,38.52486],[-121.2241,38.52547],[-121.22411,38.52932],[-121.22411,38.52944],[-121.22418,38.53288],[-121.22425,38.53699],[-121.22439,38.54456],[-121.22441,38.54525],[-121.2244,38.54717],[-121.22438,38.55027],[-121.22437,38.55112],[-121.22437,38.55158],[-121.22437,38.55202],[-121.22436,38.55343],[-121.22404,38.55928],[-121.2196,38.55928],[-121.21958,38.55198],[-121.21963,38.55179],[-121.20681,38.55183],[-121.20567,38.55233],[-121.20562,38.5557],[-121.20306,38.55927],[-121.20223,38.56042],[-121.20209,38.56038],[-121.20086,38.56212],[-121.19863,38.56526],[-121.19749,38.56688],[-121.19627,38.5686],[-121.19578,38.56927],[-121.19568,38.56929],[-121.18728,38.56933],[-121.18731,38.5362]]]},"geometry_g24":{"type":"MultiPolygon","coordinates":[[[[-121.18729,38.55914],[-121.19275,38.55918],[-121.19719,38.55922],[-121.19975,38.55924],[-121.20222,38.55926],[-121.20248,38.55926],[-121.20248,38.55926],[-121.20288,38.55927],[-121.20306,38.55927],[-121.20306,38.55927],[-121.20306,38.55927],[-121.20306,38.55927],[-121.20306,38.55927],[-121.20223,38.56042],[-121.20223,38.56042],[-121.20223,38.56042],[-121.20223,38.56025],[-121.20223,38.56025],[-121.20223,38.56025],[-121.20223,38.56025],[-121.20223,38.56025],[-121.20209,38.56038],[-121.20209,38.56038],[-121.20177,38.56084],[-121.20177,38.56084],[-121.20087,38.56212],[-121.19988,38.5635],[-121.19988,38.5635],[-121.19863,38.56526],[-121.19791,38.56628],[-121.19791,38.56628],[-121.19749,38.56688],[-121.19749,38.56688],[-121.19681,38.56783],[-121.19681,38.56784],[-121.19681,38.56784],[-121.19627,38.5686],[-121.19627,38.5686],[-121.19605,38.5689],[-121.19605,38.5689],[-121.19578,38.56927],[-121.19577,38.56928],[-121.19577,38.56928],[-121.19577,38.56928],[-121.19568,38.56928],[-121.1903,38.56931],[-121.18728,38.56933],[-121.18729,38.55914]]],[[[-121.23592,38.50462],[-121.24266,38.52161],[-121.2427,38.5246],[-121.2427,38.5246],[-121.2427,38.5246],[-121.2427,38.52464],[-121.24271,38.52491],[-121.24271,38.52491],[-121.24271,38.52491],[-121.24271,38.52503],[-121.24272,38.52523],[-121.24272,38.52523],[-121.24272,38.52523],[-121.24274,38.52553],[-121.24274,38.52556],[-121.24274,38.52556],[-121.24274,38.52556],[-121.24265,38.52556],[-121.23962,38.52555],[-121.23565,38.52553],[-121.23203,38.52551],[-121.2307,38.5255],[-121.22848,38.52549],[-121.2241,38.52547],[-121.20763,38.52537],[-121.20741,38.52537],[-121.20741,38.52537],[-121.20648,38.52486],[-121.20582,38.52449],[-121.20569,38.52442],[-121.20569,38.52442],[-121.20548,38.52423],[-121.20547,38.52423],[-121.20544,38.52421],[-121.20456,38.52345],[-121.23592,38.50462]]]]}},{"type":"Feature","properties":{"county_fips":67,"srprec":"0062755","precinct_id":"067-0062755","county_name":"Sacramento","area_sq_mi":0.384,"place_primary":"Unincorporated Sacramento County","place_primary_share":1.8,"place_also":[],"places":[{"name":"Folsom","geoid":"0624638","kind":"city","pct":1.8}],"bbox":[-121.18739,38.56936,-121.08908,38.62787],"g22_asm":{"dem_pct":0.0,"margin_dem":-100.0,"votes_two_party":6,"winner":"Rep"},"g24_asm":null},"geometry":{"type":"MultiPolygon","coordinates":[[[[-121.09042,38.62756],[-121.08924,38.62785],[-121.08908,38.62787],[-121.09042,38.62756]]],[[[-121.11616,38.62162],[-121.11601,38.62166],[-121.11574,38.62171],[-121.11616,38.62162]]],[[[-121.14167,38.61728],[-121.1416,38.6173],[-121.14135,38.61736],[-121.13971,38.61766],[-121.13935,38.61772],[-121.13897,38.61777],[-121.13859,38.6178],[-121.13551,38.61798],[-121.13503,38.61801],[-121.13467,38.61802],[-121.13131,38.61807],[-121.14167,38.61728]]],[[[-121.14167,38.6102],[-121.14224,38.6111],[-121.14223,38.61109],[-121.14215,38.61103],[-121.14209,38.61097],[-121.14202,38.6109],[-121.14196,38.61083],[-121.1419,38.61075],[-121.14187,38.61071],[-121.14185,38.61068],[-121.14181,38.61061],[-121.14178,38.61056],[-121.14175,38.61048],[-121.14172,38.61041],[-121.14168,38.6103],[-121.14167,38.61026],[-121.14167,38.6102]]],[[[-121.14168,38.61173],[-121.14295,38.61175],[-121.14333,38.61175],[-121.14431,38.61176],[-121.14433,38.61296],[-121.14369,38.61572],[-121.1436,38.61612],[-121.14302,38.61626],[-121.14271,38.61621],[-121.14271,38.61621],[-121.14217,38.61613],[-121.14217,38.61715],[-121.14173,38.61727],[-121.14168,38.61173]]],[[[-121.14296,38.61147],[-121.1429,38.61145],[-121.14284,38.61143],[-121.14275,38.61139],[-121.14272,38.61138],[-121.14263,38.61134],[-121.1426,38.61133],[-121.14254,38.6113],[-121.14249,38.61127],[-121.14245,38.61124],[-121.14238,38.6112],[-121.14231,38.61115],[-121.14225,38.61111],[-121.14296,38.61147]]],[[[-121.14386,38.61159],[-121.14363,38.61158],[-121.14349,38.61158],[-121.14336,38.61156],[-121.14322,38.61154],[-121.14309,38.61151],[-121.143,38.61148],[-121.143,38.61148],[-121.14386,38.61159]]],[[[-121.14555,38.61179],[-121.14819,38.61192],[-121.14808,38.61196],[-121.14802,38.61198],[-121.14791,38.61203],[-121.14763,38.61208],[-121.14747,38.6121],[-121.14724,38.6121],[-121.14716,38.61211],[-121.14684,38.61207],[-121.14649,38.612],[-121.14591,38.61187],[-121.14567,38.61182],[-121.14553,38.61179],[-121.14552,38.61179],[-121.14555,38.61179]]],[[[-121.15149,38.61446],[-121.15148,38.61447],[-121.15048,38.61486],[-121.15048,38.61461],[-121.15048,38.61406],[-121.15048,38.61389],[-121.15025,38.61389],[-121.15012,38.6139],[-121.14975,38.61394],[-121.14969,38.61384],[-121.14947,38.61391],[-121.14922,38.61338],[-121.14873,38.61232],[-121.15149,38.61446]]],[[[-121.16364,38.61008],[-121.16215,38.61064],[-121.16136,38.61093],[-121.16109,38.611],[-121.16364,38.61008]]],[[[-121.17433,38.60009],[-121.17396,38.60149],[-121.17342,38.60264],[-121.17257,38.60403],[-121.17062,38.60588],[-121.17038,38.60597],[-121.16954,38.60662],[-121.16845,38.60745],[-121.16742,38.60824],[-121.16708,38.60849],[-121.1664,38.60891],[-121.1656,38.60931],[-121.16456,38.60973],[-121.17433,38.60009]]],[[[-121.18727,38.56936],[-121.18727,38.56981],[-121.18731,38.57367],[-121.18734,38.57594],[-121.18739,38.58113],[-121.18625,38.58273],[-121.18494,38.58457],[-121.18084,38.59031],[-121.17789,38.59445],[-121.17685,38.5959],[-121.17534,38.59801],[-121.1753,38.59809],[-121.17493,38.5987],[-121.18727,38.56936]]]]},"geometry_g24":{"type":"MultiPolygon","coordinates":[[[[-121.09042,38.62756],[-121.08924,38.62785],[-121.08924,38.62785],[-121.08924,38.62785],[-121.08924,38.62785],[-121.08908,38.62787],[-121.09042,38.62756]]],[[[-121.11616,38.62162],[-121.11601,38.62166],[-121.11601,38.62166],[-121.11601,38.62166],[-121.11574,38.62171],[-121.11616,38.62162]]],[[[-121.14167,38.61728],[-121.1416,38.6173],[-121.1416,38.6173],[-121.14135,38.61735],[-121.14135,38.61736],[-121.13971,38.61766],[-121.13936,38.61772],[-121.13935,38.61772],[-121.13897,38.61777],[-121.13897,38.61777],[-121.13859,38.6178],[-121.13551,38.61798],[-121.13503,38.61801],[-121.13467,38.61802],[-121.13131,38.61807],[-121.14167,38.61728]]],[[[-121.14167,38.6102],[-121.14224,38.6111],[-121.14223,38.61109],[-121.14223,38.61109],[-121.14223,38.61109],[-121.14215,38.61103],[-121.14215,38.61103],[-121.14209,38.61097],[-121.14209,38.61097],[-121.14209,38.61097],[-121.14208,38.61096],[-121.14208,38.61096],[-121.14202,38.6109],[-121.14202,38.6109],[-121.14202,38.6109],[-121.14202,38.6109],[-121.14196,38.61083],[-121.14196,38.61083],[-121.1419,38.61075],[-121.14187,38.61071],[-121.14187,38.61071],[-121.14187,38.61071],[-121.14185,38.61068],[-121.14185,38.61067],[-121.14181,38.61061],[-121.14181,38.61061],[-121.14181,38.61061],[-121.14179,38.61056],[-121.14175,38.61048],[-121.14175,38.61048],[-121.14175,38.61048],[-121.14172,38.61041],[-121.14172,38.61041],[-121.14172,38.6104],[-121.14171,38.61037],[-121.14168,38.6103],[-121.14168,38.6103],[-121.14168,38.6103],[-121.14167,38.61026],[-121.14167,38.61026],[-121.14167,38.6102]]],[[[-121.14168,38.61173],[-121.14295,38.61175],[-121.14333,38.61175],[-121.1443,38.61176],[-121.1443,38.61176],[-121.14431,38.61176],[-121.14433,38.61296],[-121.14433,38.61296],[-121.14433,38.61296],[-121.14369,38.61572],[-121.14363,38.61597],[-121.1436,38.61612],[-121.1436,38.61612],[-121.1436,38.61612],[-121.14348,38.61615],[-121.14302,38.61626],[-121.14302,38.61626],[-121.14271,38.61621],[-121.14271,38.61621],[-121.14271,38.61621],[-121.14271,38.61621],[-121.1427,38.61621],[-121.14217,38.61613],[-121.14217,38.61613],[-121.14217,38.61613],[-121.14217,38.61613],[-121.14217,38.61615],[-121.14217,38.61715],[-121.14217,38.61715],[-121.14217,38.61715],[-121.14215,38.61715],[-121.14173,38.61727],[-121.14168,38.61173]]],[[[-121.14296,38.61147],[-121.1429,38.61145],[-121.1429,38.61145],[-121.14284,38.61143],[-121.14284,38.61143],[-121.14275,38.61139],[-121.14272,38.61138],[-121.14272,38.61138],[-121.14263,38.61134],[-121.1426,38.61133],[-121.1426,38.61133],[-121.1426,38.61133],[-121.14254,38.6113],[-121.14249,38.61127],[-121.14249,38.61127],[-121.14249,38.61127],[-121.14245,38.61125],[-121.14238,38.6112],[-121.14238,38.6112],[-121.14238,38.6112],[-121.14238,38.6112],[-121.14231,38.61115],[-121.14231,38.61115],[-121.14225,38.61111],[-121.14296,38.61147]]],[[[-121.14386,38.61159],[-121.14363,38.61158],[-121.14363,38.61158],[-121.14363,38.61158],[-121.14349,38.61158],[-121.14349,38.61158],[-121.14349,38.61157],[-121.14336,38.61156],[-121.14336,38.61156],[-121.14322,38.61154],[-121.14322,38.61154],[-121.14322,38.61154],[-121.14322,38.61154],[-121.14316,38.61152],[-121.14309,38.61151],[-121.14309,38.61151],[-121.14309,38.61151],[-121.143,38.61148],[-121.143,38.61148],[-121.143,38.61148],[-121.14386,38.61159]]],[[[-121.14555,38.61179],[-121.14819,38.61192],[-121.14808,38.61196],[-121.14802,38.61198],[-121.14802,38.61198],[-121.14791,38.61203],[-121.14791,38.61203],[-121.14791,38.61203],[-121.14791,38.61203],[-121.1478,38.61205],[-121.14764,38.61208],[-121.14763,38.61208],[-121.14763,38.61208],[-121.14747,38.6121],[-121.14747,38.6121],[-121.14747,38.6121],[-121.14724,38.6121],[-121.14716,38.61211],[-121.14716,38.61211],[-121.14716,38.61211],[-121.1471,38.6121],[-121.14684,38.61207],[-121.14684,38.61207],[-121.14684,38.61207],[-121.14649,38.612],[-121.14591,38.61187],[-121.14567,38.61182],[-121.14553,38.61179],[-121.14552,38.61179],[-121.14555,38.61179]]],[[[-121.15048,38.61368],[-121.15048,38.61373],[-121.15048,38.61368],[-121.15149,38.61446],[-121.15148,38.61446],[-121.15148,38.61447],[-121.15067,38.61478],[-121.15048,38.61486],[-121.15048,38.61486],[-121.15048,38.61486],[-121.15048,38.61483],[-121.15048,38.61461],[-121.15048,38.61461],[-121.15048,38.61461],[-121.15048,38.61406],[-121.15048,38.61389],[-121.15048,38.61389],[-121.15047,38.61389],[-121.15025,38.61389],[-121.15012,38.6139],[-121.15012,38.6139],[-121.15012,38.6139],[-121.14981,38.61393],[-121.14975,38.61394],[-121.14975,38.61394],[-121.14975,38.61394],[-121.14974,38.61391],[-121.14969,38.61384],[-121.14969,38.61384],[-121.14969,38.61384],[-121.14947,38.61391],[-121.14947,38.61391],[-121.14947,38.61391],[-121.14922,38.61338],[-121.14873,38.61232],[-121.15048,38.61368]]],[[[-121.16364,38.61008],[-121.16215,38.61064],[-121.16215,38.61064],[-121.16215,38.61064],[-121.16177,38.61078],[-121.16151,38.61087],[-121.16136,38.61093],[-121.16136,38.61093],[-121.16135,38.61093],[-121.16131,38.61094],[-121.16129,38.61094],[-121.16109,38.611],[-121.16364,38.61008]]],[[[-121.17433,38.60009],[-121.17406,38.60113],[-121.17396,38.60149],[-121.17396,38.60149],[-121.17387,38.60169],[-121.17378,38.60188],[-121.17349,38.60249],[-121.17342,38.60264],[-121.17342,38.60264],[-121.17342,38.60264],[-121.17342,38.60264],[-121.17342,38.60264],[-121.17276,38.60371],[-121.17257,38.60402],[-121.17256,38.60403],[-121.17234,38.60424],[-121.17231,38.60427],[-121.17108,38.60544],[-121.17085,38.60566],[-121.17064,38.60586],[-121.17062,38.60588],[-121.17062,38.60588],[-121.17042,38.60595],[-121.17042,38.60596],[-121.17038,38.60597],[-121.17038,38.60597],[-121.17038,38.60597],[-121.16954,38.60662],[-121.16954,38.60662],[-121.16954,38.60662],[-121.16845,38.60745],[-121.16845,38.60745],[-121.16845,38.60745],[-121.16742,38.60824],[-121.16742,38.60824],[-121.16742,38.60824],[-121.16727,38.60835],[-121.16708,38.60849],[-121.16708,38.60849],[-121.16708,38.60849],[-121.16679,38.60866],[-121.16651,38.60884],[-121.16643,38.60889],[-121.1664,38.60891],[-121.1664,38.60891],[-121.1664,38.60891],[-121.16624,38.60899],[-121.16598,38.60912],[-121.16569,38.60926],[-121.16564,38.60929],[-121.1656,38.60931],[-121.1656,38.60931],[-121.1656,38.60931],[-121.16556,38.60933],[-121.16456,38.60973],[-121.17433,38.60009]]],[[[-121.18727,38.56936],[-121.18727,38.56941],[-121.18727,38.56972],[-121.18727,38.56981],[-121.18727,38.56981],[-121.18727,38.56981],[-121.18731,38.57367],[-121.18733,38.57528],[-121.18734,38.57594],[-121.18739,38.58113],[-121.18739,38.58113],[-121.18636,38.58257],[-121.18626,38.58272],[-121.18625,38.58273],[-121.18601,38.58307],[-121.18601,38.58307],[-121.18536,38.58398],[-121.18352,38.58658],[-121.18345,38.58668],[-121.17839,38.59381],[-121.17793,38.59446],[-121.17793,38.59446],[-121.17793,38.59446],[-121.17789,38.59445],[-121.17789,38.59445],[-121.17789,38.59445],[-121.17789,38.59445],[-121.17685,38.5959],[-121.17534,38.59801],[-121.17534,38.59802],[-121.1753,38.59809],[-121.1753,38.59809],[-121.1753,38.59809],[-121.1753,38.59809],[-121.1753,38.59809],[-121.17522,38.59822],[-121.17493,38.5987],[-121.18727,38.56936]]]]}},{"type":"Feature","properties":{"county_fips":67,"srprec":"0063106","precinct_id":"067-0063106","county_name":"Sacramento","area_sq_mi":3.355,"place_primary":"Folsom","place_primary_share":100.0,"place_also":[],"places":[{"name":"Folsom","geoid":"0624638","kind":"city","pct":100.0}],"bbox":[-121.15637,38.61461,-121.1141,38.64338],"g22_asm":{"dem_pct":56.8,"margin_dem":13.6,"votes_two_party":514,"winner":"Dem"},"g24_asm":{"dem_pct":50.8,"margin_dem":1.6,"votes_two_party":622,"winner":"Dem"}},"geometry":{"type":"Polygon","coordinates":[[[-121.11574,38.62171],[-121.13897,38.61777],[-121.14271,38.61621],[-121.14167,38.61026],[-121.14202,38.6109],[-121.14249,38.61127],[-121.143,38.61148],[-121.14567,38.61182],[-121.14808,38.61196],[-121.15048,38.61389],[-121.15044,38.63306],[-121.15358,38.63608],[-121.15561,38.63848],[-121.1461,38.6417],[-121.11642,38.64331],[-121.11414,38.63871],[-121.11386,38.63085],[-121.11313,38.63135],[-121.11216,38.6317],[-121.11175,38.63157],[-121.11138,38.63147],[-121.11062,38.6316],[-121.11004,38.63177],[-121.10903,38.63181],[-121.10866,38.63148],[-121.10832,38.63123],[-121.10788,38.63107],[-121.10729,38.63124],[-121.10676,38.6313],[-121.10617,38.6317],[-121.09893,38.63307],[-121.10707,38.63977],[-121.10944,38.6426],[-121.10741,38.64054],[-121.09925,38.63367],[-121.11574,38.62171]]]},"geometry_g24":{"type":"Polygon","coordinates":[[[-121.11574,38.62171],[-121.13075,38.61811],[-121.13503,38.61801],[-121.13551,38.61798],[-121.13897,38.61777],[-121.13971,38.61766],[-121.1416,38.6173],[-121.14215,38.61715],[-121.14925,38.6152],[-121.14976,38.615],[-121.15048,38.61486],[-121.15033,38.63264],[-121.15039,38.63293],[-121.15146,38.63464],[-121.1517,38.63491],[-121.15207,38.6352],[-121.15358,38.63608],[-121.15393,38.63633],[-121.15444,38.6368],[-121.15555,38.63834],[-121.15576,38.6391],[-121.15625,38.64147],[-121.15217,38.64169],[-121.1461,38.6417],[-121.14231,38.64187],[-121.14227,38.64215],[-121.1299,38.6427],[-121.11489,38.64338],[-121.11488,38.64307],[-121.1148,38.64176],[-121.11431,38.63993],[-121.11414,38.63877],[-121.11416,38.63596],[-121.11414,38.6316],[-121.11415,38.62936],[-121.11574,38.62171]],[[-121.12191,38.62136],[-121.12191,38.62136],[-121.12191,38.62136],[-121.12191,38.62136]],[[-121.12208,38.62755],[-121.12208,38.62755],[-121.12208,38.62755],[-121.12208,38.62755]],[[-121.12229,38.62264],[-121.12229,38.62264],[-121.12229,38.62264]],[[-121.1237,38.63231],[-121.1237,38.63231],[-121.1237,38.63231],[-121.1237,38.63231]],[[-121.12519,38.62512],[-121.12519,38.62512],[-121.12519,38.62512],[-121.12519,38.62512]]]}},{"type":"Feature","properties":{"county_fips":67,"srprec":"0063208","precinct_id":"067-0063208","county_name":"Sacramento","area_sq_mi":1.068,"place_primary":"Folsom","place_primary_share":99.7,"place_also":[],"places":[{"name":"Folsom","geoid":"0624638","kind":"city","pct":99.7}],"bbox":[-121.15048,38.61026,-121.09219,38.64333],"g22_asm":{"dem_pct":58.2,"margin_dem":16.4,"votes_two_party":481,"winner":"Dem"},"g24_asm":{"dem_pct":45.9,"margin_dem":-8.3,"votes_two_party":1520,"winner":"Rep"}},"geometry":{"type":"MultiPolygon","coordinates":[[[[-121.08422,38.64495],[-121.08297,38.62875],[-121.08896,38.6279],[-121.08908,38.62787],[-121.08924,38.62785],[-121.09042,38.62756],[-121.09215,38.62716],[-121.09307,38.62778],[-121.09404,38.6285],[-121.09485,38.62928],[-121.09564,38.6301],[-121.09644,38.63091],[-121.09728,38.63172],[-121.09809,38.63253],[-121.09925,38.63367],[-121.10142,38.63581],[-121.10234,38.63663],[-121.10266,38.63689],[-121.10335,38.63744],[-121.10395,38.63784],[-121.10547,38.63877],[-121.10573,38.63897],[-121.10656,38.63959],[-121.10678,38.6398],[-121.10741,38.64054],[-121.10786,38.64106],[-121.10812,38.64136],[-121.10849,38.6418],[-121.1088,38.64219],[-121.10979,38.64326],[-121.10986,38.64334],[-121.10776,38.64343],[-121.10776,38.64369],[-121.105,38.64383],[-121.10045,38.64402],[-121.10044,38.64402],[-121.09982,38.64404],[-121.0991,38.64408],[-121.09838,38.64413],[-121.09772,38.64421],[-121.09707,38.64433],[-121.09643,38.64449],[-121.09581,38.64468],[-121.09563,38.64474],[-121.09556,38.64476],[-121.09312,38.64557],[-121.09159,38.64608],[-121.09153,38.6461],[-121.09104,38.64626],[-121.09081,38.64634],[-121.09078,38.64634],[-121.09074,38.64636],[-121.08872,38.64703],[-121.08772,38.64737],[-121.08719,38.64755],[-121.0865,38.6478],[-121.08575,38.64803],[-121.0857,38.64805],[-121.08422,38.64495]]],[[[-121.1099,38.64325],[-121.10862,38.64167],[-121.10748,38.64015],[-121.10291,38.63672],[-121.09945,38.63357],[-121.10207,38.63141],[-121.1061,38.63182],[-121.1063,38.63148],[-121.1066,38.63134],[-121.10704,38.6312],[-121.10726,38.63119],[-121.10747,38.63136],[-121.10787,38.63113],[-121.10801,38.63103],[-121.10827,38.63114],[-121.10835,38.63132],[-121.10858,38.63139],[-121.10877,38.63164],[-121.10899,38.63173],[-121.10923,38.63187],[-121.1099,38.63182],[-121.11033,38.63168],[-121.1105,38.63167],[-121.11079,38.63152],[-121.11116,38.63148],[-121.11154,38.63143],[-121.11174,38.63151],[-121.11178,38.63167],[-121.11209,38.63168],[-121.11244,38.6316],[-121.11296,38.63142],[-121.11343,38.63115],[-121.11376,38.63093],[-121.11401,38.63076],[-121.11417,38.63675],[-121.11425,38.63971],[-121.11488,38.64312],[-121.1099,38.64325]]],[[[-121.20957,38.63132],[-121.21186,38.63045],[-121.2137,38.62977],[-121.21377,38.62973],[-121.21488,38.62933],[-121.21566,38.62903],[-121.21579,38.62921],[-121.21352,38.63006],[-121.21286,38.63031],[-121.20873,38.63187],[-121.20867,38.63189],[-121.2063,38.63278],[-121.20335,38.6339],[-121.2029,38.63409],[-121.20261,38.63423],[-121.20233,38.63437],[-121.20199,38.63456],[-121.20171,38.63473],[-121.20164,38.63477],[-121.20138,38.63494],[-121.20113,38.63512],[-121.20076,38.6354],[-121.20051,38.63562],[-121.20028,38.63584],[-121.20003,38.6361],[-121.19879,38.63762],[-121.19834,38.63818],[-121.19826,38.63827],[-121.19703,38.63977],[-121.197,38.63981],[-121.1965,38.63986],[-121.19674,38.63961],[-121.19694,38.6394],[-121.19717,38.63914],[-121.19756,38.63867],[-121.19762,38.63858],[-121.19793,38.63819],[-121.19804,38.63807],[-121.19831,38.63773],[-121.19835,38.63768],[-121.19852,38.63746],[-121.19894,38.63694],[-121.19951,38.63625],[-121.19983,38.63592],[-121.20005,38.63569],[-121.20035,38.63542],[-121.20057,38.63524],[-121.20094,38.63496],[-121.20109,38.63484],[-121.20144,38.63462],[-121.20154,38.63456],[-121.20164,38.63449],[-121.20172,38.63444],[-121.20193,38.63432],[-121.20219,38.63418],[-121.20259,38.63398],[-121.20312,38.63375],[-121.20403,38.6334],[-121.20594,38.63269],[-121.20712,38.63224],[-121.20855,38.6317],[-121.20957,38.63132]]]]},"geometry_g24":{"type":"MultiPolygon","coordinates":[[[[-121.11412,38.62209],[-121.11415,38.62936],[-121.11414,38.63076],[-121.11414,38.6316],[-121.11416,38.63537],[-121.11416,38.63596],[-121.11414,38.63802],[-121.11414,38.63877],[-121.11425,38.63971],[-121.1148,38.64175],[-121.11486,38.64273],[-121.11488,38.64312],[-121.10999,38.64333],[-121.1099,38.64325],[-121.10961,38.64291],[-121.10945,38.64262],[-121.10934,38.64247],[-121.10898,38.64205],[-121.1079,38.64086],[-121.10772,38.64064],[-121.10731,38.64018],[-121.10713,38.64],[-121.10695,38.63982],[-121.10657,38.63946],[-121.10638,38.63929],[-121.10617,38.63913],[-121.10596,38.63897],[-121.10575,38.63881],[-121.10552,38.63866],[-121.10534,38.63855],[-121.10373,38.63769],[-121.10266,38.63689],[-121.10142,38.63581],[-121.09919,38.63361],[-121.09936,38.63348],[-121.09893,38.63307],[-121.09893,38.63307],[-121.09416,38.62846],[-121.09219,38.62716],[-121.11412,38.62209]],[[-121.09894,38.63306],[-121.09894,38.63306],[-121.09894,38.63306],[-121.09894,38.63306],[-121.09894,38.63306],[-121.09894,38.63306],[-121.09894,38.63306]],[[-121.09947,38.63337],[-121.09947,38.63337],[-121.09947,38.63337],[-121.09947,38.63337]],[[-121.09993,38.63368],[-121.09993,38.63368],[-121.09993,38.63368]],[[-121.10514,38.6342],[-121.10514,38.6342],[-121.10514,38.6342],[-121.10514,38.6342],[-121.10514,38.6342],[-121.10514,38.6342],[-121.10514,38.6342]],[[-121.10555,38.6323],[-121.10555,38.6323],[-121.10555,38.6323]],[[-121.10594,38.63202],[-121.10594,38.63202],[-121.10594,38.63202]],[[-121.10609,38.6286],[-121.10609,38.6286],[-121.10609,38.6286],[-121.10609,38.6286],[-121.10609,38.6286],[-121.10609,38.6286]],[[-121.10656,38.63136],[-121.10656,38.63136],[-121.10656,38.63136],[-121.10656,38.63136],[-121.10656,38.63136],[-121.10656,38.63136],[-121.10656,38.63136]],[[-121.10665,38.63145],[-121.10665,38.63145],[-121.10665,38.63145],[-121.10665,38.63145]],[[-121.10674,38.62807],[-121.10674,38.62807],[-121.10674,38.62807]],[[-121.10694,38.62788],[-121.10694,38.62788],[-121.10694,38.62788]],[[-121.1093,38.63163],[-121.1093,38.63163],[-121.1093,38.63163]],[[-121.10939,38.62858],[-121.10939,38.62858],[-121.10939,38.62858],[-121.10939,38.62858]],[[-121.10955,38.63416],[-121.10955,38.63416],[-121.10955,38.63416],[-121.10955,38.63416]],[[-121.11396,38.62857],[-121.11396,38.62857],[-121.11396,38.62857],[-121.11396,38.62857]]],[[[-121.14167,38.61026],[-121.14172,38.61041],[-121.14179,38.61056],[-121.14185,38.61068],[-121.1419,38.61075],[-121.14202,38.6109],[-121.14215,38.61103],[-121.14223,38.61109],[-121.14231,38.61115],[-121.14245,38.61124],[-121.14254,38.61129],[-121.14263,38.61134],[-121.14274,38.61139],[-121.14284,38.61143],[-121.14296,38.61147],[-121.143,38.61148],[-121.14322,38.61154],[-121.14349,38.61158],[-121.14386,38.61159],[-121.14591,38.61187],[-121.14684,38.61207],[-121.14724,38.6121],[-121.14764,38.61208],[-121.14802,38.61198],[-121.14819,38.61192],[-121.14947,38.61391],[-121.14975,38.61394],[-121.15025,38.61389],[-121.15048,38.61406],[-121.15048,38.61461],[-121.14943,38.61514],[-121.14217,38.61715],[-121.1427,38.61621],[-121.14302,38.61626],[-121.14369,38.61573],[-121.1443,38.61176],[-121.14167,38.61026]]]]}},{"type":"Feature","properties":{"county_fips":67,"srprec":"0063309","precinct_id":"067-0063309","county_name":"Sacramento","area_sq_mi":1.2,"place_primary":"Folsom","place_primary_share":100.0,"place_also":[],"places":[{"name":"Folsom","geoid":"0624638","kind":"city","pct":100.0}],"bbox":[-121.10998,38.62716,-121.08297,38.64792],"g22_asm":null,"g24_asm":{"dem_pct":50.3,"margin_dem":0.6,"votes_two_party":1239,"winner":"Dem"}},"geometry":{"type":"Polygon","coordinates":[[[-121.08422,38.64495],[-121.08924,38.62785],[-121.09399,38.62833],[-121.09893,38.63307],[-121.09932,38.63352],[-121.09925,38.63367],[-121.10266,38.63689],[-121.10373,38.63769],[-121.10488,38.63826],[-121.10552,38.63866],[-121.10575,38.63881],[-121.10617,38.63913],[-121.10657,38.63946],[-121.10677,38.63964],[-121.10695,38.63982],[-121.10731,38.64018],[-121.10772,38.64064],[-121.10862,38.64167],[-121.10928,38.64238],[-121.10945,38.64262],[-121.10964,38.64294],[-121.10998,38.64333],[-121.10776,38.64343],[-121.10776,38.64356],[-121.10764,38.6437],[-121.10045,38.64402],[-121.0991,38.64408],[-121.09772,38.64421],[-121.09581,38.64468],[-121.09548,38.64465],[-121.09148,38.64598],[-121.08741,38.64733],[-121.08645,38.64766],[-121.08422,38.64495]],[[-121.09111,38.64077],[-121.09111,38.64068],[-121.09112,38.64055],[-121.09111,38.64077],[-121.09111,38.64077],[-121.09111,38.64077],[-121.09111,38.64077],[-121.09111,38.64077]],[[-121.09127,38.63789],[-121.09127,38.63789],[-121.09127,38.63789],[-121.09127,38.63789],[-121.09127,38.63789],[-121.09127,38.63789],[-121.09127,38.63789]],[[-121.09128,38.63773],[-121.09128,38.63773],[-121.09128,38.63773],[-121.09128,38.63773]],[[-121.09186,38.64067],[-121.09186,38.64067],[-121.09186,38.64067]],[[-121.09215,38.6354],[-121.09215,38.6354],[-121.09215,38.6354]],[[-121.09251,38.641],[-121.09251,38.641],[-121.09251,38.641]],[[-121.09883,38.6408],[-121.09883,38.6408],[-121.09883,38.6408],[-121.09883,38.6408]],[[-121.09884,38.64081],[-121.09884,38.64081],[-121.09884,38.64081],[-121.09884,38.64081]]]}},{"type":"Feature","properties":{"county_fips":67,"srprec":"0064012","precinct_id":"067-0064012","county_name":"Sacramento","area_sq_mi":0.124,"place_primary":"Rancho Cordova","place_primary_share":99.1,"place_also":[],"places":[{"name":"Rancho Cordova","geoid":"0659444","kind":"city","pct":99.1},{"name":"Mather","geoid":"0646226","kind":"cdp","pct":0.9}],"bbox":[-121.25383,38.55254,-121.24298,38.55951],"g22_asm":null,"g24_asm":{"dem_pct":67.7,"margin_dem":35.5,"votes_two_party":31,"winner":"Dem"}},"geometry":{"type":"Polygon","coordinates":[[[-121.24342,38.55943],[-121.24332,38.5592],[-121.24322,38.55893],[-121.24313,38.55865],[-121.24308,38.55842],[-121.24307,38.55836],[-121.24303,38.55808],[-121.243,38.55779],[-121.24299,38.55751],[-121.243,38.55669],[-121.243,38.55621],[-121.243,38.5547],[-121.24299,38.55281],[-121.24298,38.55256],[-121.24381,38.55254],[-121.24383,38.55266],[-121.24387,38.55282],[-121.24393,38.55293],[-121.24411,38.5534],[-121.24434,38.55369],[-121.24459,38.55394],[-121.24487,38.5542],[-121.24523,38.55448],[-121.24534,38.55456],[-121.24605,38.55509],[-121.24692,38.55571],[-121.24717,38.55597],[-121.24746,38.55617],[-121.24882,38.55713],[-121.24953,38.55758],[-121.25011,38.55785],[-121.25086,38.55808],[-121.25293,38.55844],[-121.25313,38.55849],[-121.25327,38.55854],[-121.25351,38.55868],[-121.2536,38.55876],[-121.2537,38.55887],[-121.25377,38.55899],[-121.25381,38.55907],[-121.25382,38.5591],[-121.25383,38.55918],[-121.25383,38.55936],[-121.25381,38.55951],[-121.25149,38.55949],[-121.25066,38.55948],[-121.24469,38.55944],[-121.24342,38.55943]]]},"geometry_g24":{"type":"Polygon","coordinates":[[[-121.24298,38.55256],[-121.24298,38.55256],[-121.24381,38.55254],[-121.24383,38.55266],[-121.24387,38.55282],[-121.24392,38.55293],[-121.24411,38.5534],[-121.24434,38.55369],[-121.24434,38.55369],[-121.24459,38.55394],[-121.24487,38.5542],[-121.24534,38.55456],[-121.24605,38.55509],[-121.24692,38.55571],[-121.24717,38.55597],[-121.24882,38.55713],[-121.24953,38.55758],[-121.25011,38.55784],[-121.25086,38.55808],[-121.25293,38.55844],[-121.25313,38.55849],[-121.25327,38.55854],[-121.25351,38.55867],[-121.2536,38.55876],[-121.2537,38.55887],[-121.25377,38.55899],[-121.25381,38.55907],[-121.25382,38.5591],[-121.25383,38.55918],[-121.25383,38.55936],[-121.25382,38.55943],[-121.25381,38.55951],[-121.25149,38.55949],[-121.25013,38.55948],[-121.24342,38.55943],[-121.24342,38.55943],[-121.24332,38.5592],[-121.24322,38.55893],[-121.24314,38.55865],[-121.24308,38.55842],[-121.24307,38.55836],[-121.24303,38.55808],[-121.243,38.55779],[-121.243,38.55751],[-121.243,38.55669],[-121.243,38.55621],[-121.24299,38.55369],[-121.24298,38.55281],[-121.24298,38.55256]]]}},{"type":"Feature","properties":{"county_fips":67,"srprec":"0064204","precinct_id":"067-0064204","county_name":"Sacramento","area_sq_mi":0.279,"place_primary":"Rancho Cordova","place_primary_share":100.0,"place_also":[],"places":[{"name":"Rancho Cordova","geoid":"0659444","kind":"city","pct":100.0}],"bbox":[-121.24342,38.54835,-121.23383,38.55943],"g22_asm":{"dem_pct":55.6,"margin_dem":11.2,"votes_two_party":818,"winner":"Dem"},"g24_asm":{"dem_pct":48.2,"margin_dem":-3.7,"votes_two_party":1173,"winner":"Rep"}},"geometry":{"type":"Polygon","coordinates":[[[-121.2425,38.55942],[-121.23718,38.55738],[-121.2393,38.55741],[-121.23966,38.55696],[-121.23952,38.55656],[-121.23901,38.5557],[-121.23882,38.55527],[-121.23873,38.5549],[-121.23872,38.55441],[-121.23766,38.55441],[-121.23668,38.55436],[-121.23592,38.55423],[-121.23522,38.55376],[-121.23385,38.55331],[-121.23383,38.54957],[-121.23443,38.54929],[-121.23491,38.54906],[-121.23556,38.54882],[-121.23627,38.54863],[-121.23631,38.54862],[-121.23652,38.54857],[-121.23728,38.54843],[-121.23806,38.54836],[-121.23875,38.54835],[-121.24018,38.54836],[-121.24085,38.54836],[-121.24297,38.55063],[-121.24298,38.55256],[-121.243,38.5547],[-121.243,38.55669],[-121.243,38.55779],[-121.24307,38.55836],[-121.24313,38.55865],[-121.24332,38.5592],[-121.2425,38.55942]]]},"geometry_g24":{"type":"Polygon","coordinates":[[[-121.24085,38.54836],[-121.24297,38.55063],[-121.24297,38.55063],[-121.24299,38.55369],[-121.243,38.55751],[-121.24303,38.55808],[-121.24313,38.55865],[-121.24332,38.5592],[-121.24327,38.55943],[-121.23718,38.55936],[-121.23759,38.55739],[-121.23973,38.55739],[-121.23966,38.55696],[-121.23943,38.55636],[-121.2389,38.55549],[-121.23873,38.55491],[-121.23872,38.55441],[-121.2386,38.55441],[-121.23678,38.55437],[-121.23645,38.55436],[-121.23579,38.55414],[-121.23427,38.55333],[-121.23385,38.55331],[-121.23383,38.54957],[-121.23443,38.54929],[-121.23491,38.54906],[-121.23534,38.54889],[-121.23627,38.54864],[-121.23652,38.54857],[-121.2369,38.54849],[-121.23806,38.54836],[-121.23875,38.54835],[-121.24018,38.54836],[-121.24085,38.54836]],[[-121.23875,38.55302],[-121.23875,38.55283],[-121.23875,38.55302]],[[-121.23875,38.55265],[-121.23877,38.55185],[-121.23877,38.55185],[-121.23875,38.55265]],[[-121.23879,38.55111],[-121.23879,38.55072],[-121.23879,38.55111]]]}},{"type":"Feature","properties":{"county_fips":67,"srprec":"0064230","precinct_id":"067-0064230","county_name":"Sacramento","area_sq_mi":0.571,"place_primary":"Rancho Cordova","place_primary_share":100.0,"place_also":[],"places":[{"name":"Rancho Cordova","geoid":"0659444","kind":"city","pct":100.0}],"bbox":[-121.23973,38.54957,-121.21958,38.55938],"g22_asm":{"dem_pct":57.7,"margin_dem":15.5,"votes_two_party":691,"winner":"Dem"},"g24_asm":{"dem_pct":55.2,"margin_dem":10.5,"votes_two_party":1003,"winner":"Dem"}},"geometry":{"type":"Polygon","coordinates":[[[-121.23211,38.54265],[-121.23228,38.54429],[-121.23239,38.54572],[-121.23239,38.5466],[-121.23236,38.54674],[-121.23228,38.54697],[-121.23221,38.54718],[-121.22767,38.5472],[-121.23044,38.55023],[-121.23169,38.55015],[-121.23243,38.55001],[-121.2337,38.54961],[-121.23384,38.5517],[-121.23423,38.55331],[-121.23579,38.55414],[-121.23645,38.55436],[-121.23678,38.55437],[-121.23856,38.55441],[-121.23872,38.55476],[-121.23878,38.55513],[-121.2389,38.55549],[-121.23943,38.55636],[-121.2396,38.55676],[-121.23973,38.55739],[-121.23759,38.55739],[-121.23718,38.55938],[-121.23388,38.55935],[-121.23008,38.55932],[-121.22423,38.55928],[-121.22436,38.55231],[-121.22437,38.55174],[-121.22437,38.55119],[-121.22437,38.55085],[-121.22438,38.55018],[-121.22441,38.54559],[-121.2244,38.54469],[-121.2244,38.54456],[-121.22514,38.54453],[-121.2263,38.54403],[-121.22679,38.54367],[-121.22702,38.54339],[-121.22739,38.54284],[-121.22815,38.54269],[-121.22988,38.54273],[-121.23117,38.54266],[-121.23173,38.54259],[-121.23206,38.54264],[-121.23211,38.54265]]]},"geometry_g24":{"type":"Polygon","coordinates":[[[-121.23008,38.55932],[-121.22404,38.55928],[-121.21958,38.55198],[-121.21964,38.55193],[-121.22009,38.55159],[-121.22008,38.55123],[-121.22001,38.55107],[-121.21988,38.55093],[-121.21973,38.55078],[-121.21971,38.55076],[-121.21968,38.55071],[-121.21996,38.55058],[-121.2201,38.55048],[-121.22025,38.55036],[-121.22044,38.55014],[-121.22062,38.54982],[-121.22097,38.54992],[-121.22144,38.55004],[-121.22214,38.55016],[-121.22279,38.55022],[-121.22429,38.55024],[-121.22438,38.55027],[-121.23084,38.55022],[-121.23314,38.54982],[-121.23385,38.55331],[-121.23522,38.55375],[-121.23668,38.55436],[-121.2386,38.55441],[-121.23878,38.55513],[-121.23952,38.55656],[-121.2393,38.55741],[-121.23718,38.55936],[-121.23008,38.55932]],[[-121.23142,38.55705],[-121.23142,38.55705],[-121.23142,38.55705]],[[-121.23173,38.55676],[-121.23173,38.55676],[-121.23173,38.55676]],[[-121.23216,38.55587],[-121.23216,38.55587],[-121.23216,38.55587]],[[-121.23219,38.55582],[-121.23219,38.55582],[-121.23219,38.55582]],[[-121.23231,38.55568],[-121.23231,38.55568],[-121.23231,38.55568]],[[-121.23252,38.55551],[-121.23252,38.55551],[-121.23252,38.55551],[-121.23252,38.55551]]]}},{"type":"Feature","properties":{"county_fips":67,"srprec":"0064286","precinct_id":"067-0064286","county_name":"Sacramento","area_sq_mi":0.386,"place_primary":"Rancho Cordova","place_primary_share":100.0,"place_also":[],"places":[{"name":"Rancho Cordova","geoid":"0659444","kind":"city","pct":100.0}],"bbox":[-121.21964,38.55179,-121.20559,38.5593],"g22_asm":{"dem_pct":49.6,"margin_dem":-0.9,"votes_two_party":934,"winner":"Rep"},"g24_asm":{"dem_pct":45.0,"margin_dem":-9.9,"votes_two_party":1257,"winner":"Rep"}},"geometry":{"type":"Polygon","coordinates":[[[-121.21963,38.55179],[-121.21964,38.55198],[-121.21958,38.55198],[-121.21958,38.55928],[-121.21727,38.55928],[-121.21485,38.55928],[-121.2139,38.55929],[-121.21042,38.55929],[-121.20983,38.55929],[-121.20732,38.5593],[-121.20625,38.55929],[-121.20614,38.55929],[-121.20568,38.55929],[-121.20559,38.55929],[-121.20562,38.5557],[-121.20563,38.55472],[-121.20567,38.55233],[-121.20569,38.55183],[-121.20681,38.55183],[-121.21233,38.55188],[-121.21963,38.55179]]]},"geometry_g24":{"type":"Polygon","coordinates":[[[-121.21233,38.55188],[-121.21963,38.55179],[-121.21963,38.55179],[-121.21964,38.55179],[-121.21964,38.55193],[-121.21964,38.55198],[-121.21964,38.55198],[-121.21964,38.55198],[-121.2196,38.55198],[-121.21959,38.55198],[-121.21959,38.55198],[-121.21959,38.55198],[-121.21958,38.55198],[-121.21958,38.55927],[-121.21958,38.55928],[-121.21958,38.55928],[-121.21958,38.55928],[-121.21727,38.55928],[-121.21485,38.55928],[-121.2139,38.55928],[-121.2139,38.55928],[-121.2139,38.55928],[-121.2139,38.55928],[-121.2139,38.55929],[-121.21042,38.55929],[-121.20983,38.55929],[-121.20983,38.55929],[-121.20735,38.5593],[-121.20732,38.5593],[-121.20625,38.55929],[-121.20614,38.55929],[-121.20613,38.55929],[-121.20568,38.55929],[-121.20568,38.55929],[-121.20559,38.55929],[-121.20559,38.55929],[-121.20559,38.55929],[-121.20559,38.55928],[-121.20562,38.5557],[-121.20563,38.55472],[-121.20563,38.55472],[-121.20567,38.55233],[-121.20567,38.55233],[-121.20569,38.55183],[-121.20569,38.55183],[-121.20569,38.55183],[-121.20575,38.55183],[-121.20681,38.55183],[-121.21233,38.55188],[-121.21233,38.55188],[-121.21233,38.55188],[-121.21233,38.55188]],[[-121.21398,38.55928],[-121.21398,38.55928],[-121.21398,38.55928],[-121.21398,38.55928]],[[-121.21508,38.55691],[-121.21508,38.55691],[-121.21508,38.55691],[-121.21508,38.55691]]]}},{"type":"Feature","properties":{"county_fips":67,"srprec":"0064302","precinct_id":"067-0064302","county_name":"Sacramento","area_sq_mi":3.103,"place_primary":"Rancho Cordova","place_primary_share":100.0,"place_also":[],"places":[{"name":"Rancho Cordova","geoid":"0659444","kind":"city","pct":100.0}],"bbox":[-121.22431,38.52345,-121.18729,38.55929],"g22_asm":null,"g24_asm":{"dem_pct":53.8,"margin_dem":7.7,"votes_two_party":1371,"winner":"Dem"}},"geometry":{"type":"Polygon","coordinates":[[[-121.18731,38.5362],[-121.20456,38.52345],[-121.20547,38.52423],[-121.20569,38.52442],[-121.20648,38.52486],[-121.20741,38.52537],[-121.20763,38.52537],[-121.2241,38.52547],[-121.2241,38.52554],[-121.22411,38.52932],[-121.22411,38.52933],[-121.22411,38.52944],[-121.22418,38.53288],[-121.22425,38.53663],[-121.22425,38.53699],[-121.22431,38.53987],[-121.22411,38.53987],[-121.22411,38.53987],[-121.22411,38.53998],[-121.22411,38.53998],[-121.22404,38.53997],[-121.21482,38.53996],[-121.21015,38.53995],[-121.20587,38.53995],[-121.20562,38.53995],[-121.20562,38.53995],[-121.20568,38.54496],[-121.20568,38.54496],[-121.20568,38.54496],[-121.20569,38.54638],[-121.20571,38.54748],[-121.20569,38.55183],[-121.20567,38.55233],[-121.20563,38.55472],[-121.20562,38.5557],[-121.20559,38.55929],[-121.20559,38.55929],[-121.20306,38.55927],[-121.20248,38.55926],[-121.20222,38.55926],[-121.20222,38.55926],[-121.19975,38.55924],[-121.19275,38.55918],[-121.18731,38.5362]],[[-121.18953,38.55393],[-121.18953,38.55393],[-121.18953,38.55393]],[[-121.1899,38.55377],[-121.1899,38.55377],[-121.1899,38.55377],[-121.1899,38.55377]],[[-121.18996,38.55383],[-121.18996,38.55383],[-121.18996,38.55383]],[[-121.19042,38.55413],[-121.19042,38.55413],[-121.19042,38.55413]],[[-121.19211,38.55917],[-121.19211,38.55917],[-121.19209,38.55917],[-121.19214,38.55917],[-121.19211,38.55917],[-121.19211,38.55917]],[[-121.19211,38.55867],[-121.19211,38.55867],[-121.19211,38.55867],[-121.19211,38.55867]],[[-121.19295,38.55868],[-121.19295,38.55868],[-121.19295,38.55868],[-121.19295,38.55868]],[[-121.19553,38.5575],[-121.19553,38.5575],[-121.19553,38.5575],[-121.19553,38.5575]],[[-121.19558,38.55443],[-121.19558,38.55443],[-121.19558,38.55443],[-121.19558,38.55443],[-121.19558,38.55443],[-121.19558,38.55443]],[[-121.19652,38.55389],[-121.19652,38.55389],[-121.19652,38.55389]],[[-121.1966,38.55352],[-121.1966,38.55352],[-121.1966,38.55352]],[[-121.19675,38.55326],[-121.19675,38.55326],[-121.19675,38.55326]]]}},{"type":"Feature","properties":{"county_fips":67,"srprec":"0064427","precinct_id":"067-0064427","county_name":"Sacramento","area_sq_mi":0.443,"place_primary":"Rancho Cordova","place_primary_share":100.0,"place_also":[],"places":[{"name":"Rancho Cordova","geoid":"0659444","kind":"city","pct":100.0}],"bbox":[-121.24296,38.53565,-121.22767,38.55025],"g22_asm":{"dem_pct":60.1,"margin_dem":20.2,"votes_two_party":862,"winner":"Dem"},"g24_asm":{"dem_pct":52.3,"margin_dem":4.5,"votes_two_party":1232,"winner":"Dem"}},"geometry":{"type":"Polygon","coordinates":[[[-121.23548,38.53661],[-121.24121,38.53573],[-121.2429,38.53666],[-121.24293,38.53992],[-121.24293,38.5427],[-121.24296,38.54838],[-121.24018,38.54836],[-121.23878,38.54835],[-121.23832,38.54835],[-121.23767,38.54838],[-121.2369,38.54849],[-121.23652,38.54857],[-121.23627,38.54863],[-121.23626,38.54864],[-121.23534,38.54889],[-121.2345,38.54926],[-121.23406,38.54946],[-121.2337,38.54961],[-121.23243,38.55001],[-121.23169,38.55015],[-121.23044,38.55023],[-121.22767,38.5472],[-121.23221,38.54718],[-121.23228,38.54697],[-121.23236,38.54674],[-121.23239,38.5466],[-121.23239,38.54572],[-121.23228,38.54429],[-121.23252,38.54282],[-121.23372,38.54346],[-121.23443,38.54351],[-121.23454,38.54347],[-121.23511,38.54295],[-121.23526,38.54203],[-121.23548,38.54112],[-121.23603,38.54002],[-121.23585,38.53924],[-121.23513,38.5382],[-121.23395,38.53749],[-121.23548,38.53661]]]},"geometry_g24":{"type":"Polygon","coordinates":[[[-121.2429,38.53565],[-121.24293,38.54327],[-121.24086,38.54837],[-121.23878,38.54835],[-121.23832,38.54835],[-121.23728,38.54843],[-121.23652,38.54857],[-121.23626,38.54864],[-121.23534,38.54889],[-121.23449,38.54926],[-121.2337,38.54961],[-121.23179,38.55013],[-121.23044,38.55023],[-121.22767,38.5472],[-121.23222,38.54724],[-121.23228,38.54697],[-121.23238,38.54667],[-121.23239,38.54504],[-121.23235,38.54275],[-121.2333,38.54327],[-121.23411,38.54354],[-121.23449,38.5435],[-121.23449,38.5435],[-121.23486,38.5433],[-121.23522,38.54252],[-121.23548,38.54112],[-121.23611,38.53983],[-121.23559,38.53888],[-121.23483,38.53776],[-121.2387,38.53701],[-121.24077,38.53675],[-121.24279,38.53666],[-121.24279,38.53631],[-121.24282,38.5357],[-121.2429,38.53565]]]}},{"type":"Feature","properties":{"county_fips":67,"srprec":"0064491","precinct_id":"067-0064491","county_name":"Sacramento","area_sq_mi":0.954,"place_primary":"Rancho Cordova","place_primary_share":100.0,"place_also":[],"places":[{"name":"Rancho Cordova","geoid":"0659444","kind":"city","pct":100.0}],"bbox":[-121.23239,38.53987,-121.20562,38.55193],"g22_asm":null,"g24_asm":{"dem_pct":54.4,"margin_dem":8.8,"votes_two_party":963,"winner":"Dem"}},"geometry":{"type":"Polygon","coordinates":[[[-121.22411,38.53987],[-121.22439,38.54456],[-121.22466,38.54458],[-121.22576,38.54433],[-121.22669,38.54374],[-121.22714,38.5431],[-121.22756,38.54277],[-121.23043,38.54273],[-121.2319,38.54262],[-121.23235,38.54275],[-121.23239,38.5466],[-121.23228,38.54697],[-121.22767,38.5472],[-121.22641,38.55025],[-121.2243,38.55024],[-121.22302,38.55023],[-121.22251,38.5502],[-121.2219,38.55013],[-121.22132,38.55001],[-121.22077,38.54986],[-121.22055,38.54995],[-121.22044,38.55014],[-121.22026,38.55035],[-121.22015,38.55044],[-121.21996,38.55058],[-121.21968,38.55071],[-121.21971,38.55076],[-121.21973,38.55078],[-121.21994,38.55098],[-121.22005,38.55114],[-121.22009,38.55135],[-121.22009,38.55193],[-121.21233,38.55188],[-121.20571,38.54748],[-121.21015,38.53995],[-121.22411,38.53998],[-121.22411,38.53987]],[[-121.22416,38.54454],[-121.22416,38.54454],[-121.22416,38.54454],[-121.22416,38.54454]],[[-121.22422,38.54518],[-121.22422,38.54518],[-121.22423,38.54522],[-121.22422,38.54518]],[[-121.22425,38.54568],[-121.22425,38.54562],[-121.22425,38.54562],[-121.22425,38.54562],[-121.22425,38.54568]],[[-121.22425,38.54568],[-121.22425,38.54568],[-121.22427,38.54831],[-121.22425,38.54568]]]}},{"type":"Feature","properties":{"county_fips":67,"srprec":"0064541","precinct_id":"067-0064541","county_name":"Sacramento","area_sq_mi":1.056,"place_primary":"Rancho Cordova","place_primary_share":99.8,"place_also":[],"places":[{"name":"Rancho Cordova","geoid":"0659444","kind":"city","pct":99.8},{"name":"Mather","geoid":"0646226","kind":"cdp","pct":0.2}],"bbox":[-121.2429,38.52547,-121.2241,38.54458],"g22_asm":{"dem_pct":51.4,"margin_dem":2.8,"votes_two_party":992,"winner":"Dem"},"g24_asm":{"dem_pct":47.5,"margin_dem":-5.0,"votes_two_party":1288,"winner":"Rep"}},"geometry":{"type":"Polygon","coordinates":[[[-121.22848,38.52549],[-121.23203,38.52551],[-121.24265,38.52556],[-121.24282,38.52637],[-121.24287,38.527],[-121.24288,38.52764],[-121.24121,38.53573],[-121.23548,38.53661],[-121.23395,38.53749],[-121.23513,38.5382],[-121.23585,38.53924],[-121.23603,38.54002],[-121.23548,38.54112],[-121.23526,38.54203],[-121.23511,38.54295],[-121.23454,38.54347],[-121.23443,38.54351],[-121.23372,38.54346],[-121.23252,38.54282],[-121.23211,38.54265],[-121.2319,38.54262],[-121.23122,38.54265],[-121.23043,38.54273],[-121.22942,38.54273],[-121.22769,38.54272],[-121.22714,38.5431],[-121.22683,38.54362],[-121.22669,38.54374],[-121.22576,38.54433],[-121.22466,38.54458],[-121.22439,38.54456],[-121.22425,38.53699],[-121.22418,38.53288],[-121.22411,38.52944],[-121.22411,38.52932],[-121.2241,38.52547],[-121.22848,38.52549]]]},"geometry_g24":{"type":"Polygon","coordinates":[[[-121.2241,38.52547],[-121.24265,38.52556],[-121.24282,38.52637],[-121.24288,38.52731],[-121.2429,38.53565],[-121.24282,38.5357],[-121.24279,38.53619],[-121.24279,38.53644],[-121.24133,38.5367],[-121.2387,38.53701],[-121.23469,38.53755],[-121.23513,38.5382],[-121.23515,38.53822],[-121.23611,38.53983],[-121.23563,38.54076],[-121.23526,38.54203],[-121.2349,38.54324],[-121.23454,38.54347],[-121.23443,38.54351],[-121.23372,38.54346],[-121.23252,38.54282],[-121.23206,38.54264],[-121.23173,38.54259],[-121.23043,38.54273],[-121.22769,38.54272],[-121.22725,38.54299],[-121.22702,38.54339],[-121.22679,38.54367],[-121.22588,38.54426],[-121.22514,38.54453],[-121.22439,38.54456],[-121.22425,38.53663],[-121.22411,38.52933],[-121.22411,38.52672],[-121.2241,38.52547]],[[-121.22768,38.52877],[-121.22768,38.52877],[-121.22768,38.52877],[-121.22768,38.52877]],[[-121.2291,38.52994],[-121.2291,38.52994],[-121.2291,38.52994],[-121.2291,38.52994]],[[-121.23047,38.53114],[-121.23047,38.53114],[-121.23047,38.53114],[-121.23047,38.53114]],[[-121.23107,38.53071],[-121.23107,38.53071],[-121.23107,38.53071],[-121.23107,38.53071]],[[-121.23154,38.53202],[-121.23154,38.53202],[-121.23154,38.53202],[-121.23154,38.53202]],[[-121.23164,38.53164],[-121.23164,38.53164],[-121.23164,38.53164]],[[-121.23165,38.53184],[-121.23165,38.53184],[-121.23165,38.53184]],[[-121.23171,38.53157],[-121.23171,38.53157],[-121.23171,38.53157]],[[-121.23178,38.53133],[-121.23178,38.53133],[-121.23178,38.53133]],[[-121.23224,38.5334],[-121.23224,38.5334],[-121.23224,38.5334]],[[-121.23227,38.53266],[-121.23227,38.53266],[-121.23227,38.53266]],[[-121.2323,38.53283],[-121.2323,38.53283],[-121.2323,38.53283]],[[-121.2323,38.53376],[-121.2323,38.53376],[-121.2323,38.53376]],[[-121.23234,38.53585],[-121.23234,38.53585],[-121.23234,38.53585]],[[-121.23236,38.53569],[-121.23236,38.53569],[-121.23236,38.53569]],[[-121.23238,38.53601],[-121.23238,38.53601],[-121.23238,38.53601]],[[-121.23246,38.53557],[-121.23246,38.53557],[-121.23246,38.53557]],[[-121.2325,38.53617],[-121.2325,38.53617],[-121.2325,38.53617]],[[-121.23259,38.53437],[-121.23259,38.53437],[-121.23259,38.53437]],[[-121.23272,38.53489],[-121.23272,38.53489],[-121.23272,38.53489]],[[-121.2328,38.53641],[-121.2328,38.53642],[-121.2328,38.53641]],[[-121.23281,38.53538],[-121.23281,38.53538],[-121.23281,38.53538]],[[-121.23315,38.5369],[-121.23315,38.5369],[-121.23315,38.5369]],[[-121.23327,38.53717],[-121.23327,38.53717],[-121.23327,38.53717]],[[-121.23411,38.53752],[-121.23411,38.53752],[-121.23411,38.53752]],[[-121.23491,38.53832],[-121.23491,38.53832],[-121.23491,38.53832],[-121.23491,38.53832]]]}}],"outline":{"type":"Polygon","coordinates":[[[-121.10987,38.69878],[-121.09891,38.67577],[-121.08422,38.64495],[-121.08297,38.62875],[-121.08896,38.6279],[-121.11632,38.62158],[-121.13075,38.61811],[-121.14173,38.61728],[-121.14167,38.6102],[-121.14224,38.6111],[-121.14298,38.61148],[-121.14555,38.61179],[-121.14822,38.61192],[-121.1515,38.61447],[-121.16454,38.60975],[-121.17435,38.60007],[-121.18728,38.56934],[-121.18731,38.5362],[-121.18877,38.53293],[-121.23592,38.50462],[-121.24424,38.52558],[-121.26531,38.52902],[-121.30228,38.53824],[-121.31295,38.5402],[-121.31618,38.53891],[-121.31796,38.53868],[-121.33478,38.54385],[-121.35933,38.53555],[-121.38486,38.54269],[-121.37673,38.55233],[-121.37553,38.55927],[-121.34898,38.56209],[-121.33639,38.56787],[-121.32754,38.57724],[-121.32744,38.57893],[-121.33098,38.57865],[-121.33982,38.57971],[-121.34641,38.57933],[-121.34837,38.58159],[-121.34887,38.58515],[-121.35387,38.58737],[-121.35485,38.59542],[-121.35522,38.60021],[-121.35529,38.60547],[-121.35423,38.61012],[-121.34605,38.61119],[-121.33951,38.61366],[-121.32858,38.61826],[-121.3282,38.63169],[-121.3279,38.64251],[-121.33109,38.64799],[-121.33991,38.6481],[-121.34314,38.64742],[-121.34485,38.64634],[-121.34763,38.64507],[-121.3487,38.64487],[-121.35215,38.6431],[-121.35365,38.64328],[-121.35736,38.64391],[-121.36161,38.64457],[-121.36648,38.64422],[-121.37575,38.64312],[-121.37936,38.64065],[-121.38327,38.6404],[-121.38613,38.6431],[-121.39716,38.64169],[-121.40548,38.63902],[-121.41059,38.6399],[-121.41766,38.64997],[-121.42348,38.65104],[-121.42223,38.65191],[-121.42212,38.65804],[-121.41949,38.66012],[-121.4157,38.65827],[-121.41521,38.65922],[-121.41527,38.66897],[-121.41264,38.67313],[-121.40867,38.67041],[-121.40359,38.67228],[-121.40601,38.68336],[-121.39397,38.70437],[-121.37664,38.70404],[-121.36048,38.70381],[-121.3423,38.70358],[-121.33536,38.70315],[-121.33026,38.70269],[-121.3261,38.707],[-121.31369,38.71821],[-121.30584,38.72263],[-121.2989,38.72205],[-121.29385,38.7218],[-121.28965,38.72147],[-121.28146,38.72091],[-121.27828,38.72061],[-121.27547,38.72042],[-121.27245,38.72025],[-121.26722,38.71989],[-121.26177,38.71951],[-121.25426,38.71895],[-121.24094,38.71807],[-121.23481,38.71761],[-121.22738,38.71701],[-121.21699,38.71622],[-121.20854,38.71567],[-121.19272,38.71461],[-121.18202,38.71389],[-121.17002,38.71308],[-121.14102,38.71176],[-121.13886,38.70898],[-121.13497,38.70675],[-121.13207,38.70583],[-121.12835,38.70888],[-121.12498,38.71006],[-121.12206,38.71323],[-121.11983,38.71451],[-121.1191,38.71708],[-121.10987,38.69878]]]}}